"You're such a selfish person, always thinking only about yourself.",anger
Can't you ever listen?,anger
This is ridiculous and I'm not going to stand for it.,anger
Your selfishness is unbelievable.,anger
"You're just like your father, always so selfish",anger
"You're always so late, never considering how it affects others.",anger
You're always so lazy and never take responsibility for your actions,anger
"You're so selfish, you only think about yourself and never about how your actions affect others.",anger
Can't you just leave me alone.,anger
Can't you just admit you're wrong?,anger
"You're always late, it's so frustrating",anger
"You're not even sorry for what you did, are you?",anger
I hate how you always try to make me feel guilty for something that's not even my fault.,anger
Get out of my sight,anger
I've had it up to here with your excuses,anger
"I'm sick of your excuses, just do your job.",anger
"I'm so sick of your excuses, just own up to it.",anger
"I'm done talking to you, you're just not listening to anything I say.",anger
Why did you have to go and do that?,anger
Can't you ever do something right for once?,anger
You're always late and it's so frustrating.,anger
You're always pushing my buttons and it's getting old,anger
I'm at my wit's end with your constant lies,anger
"Stop yelling at me, I'm trying to talk.",anger
I'm so sick of your lies,anger
I'm so sick and tired of your lies.,anger
"You're not listening to me, are you just pretending to care?",anger
I hate it when you do that.,anger
I'm sick of your nonsense,anger
I'm done with your lies.,anger
"I'm sick of your excuses, just own up to it.",anger
"You're always so condescending, it's like you think you're better than me.",anger
You're always so selfish and only think about yourself,anger
I'm so fed up with this constant nagging and blaming.,anger
I'm at my wit's end with your behavior,anger
"You're just trying to manipulate me, that's all.",anger
You're always late and never consider how I feel.,anger
"You're really annoying me, just calm down",anger
I'm so fed up with your nonsense,anger
I'm so angry I could scream right now,anger
Why do you always have to make things so difficult?,anger
"I'm done with your games, it's over.",anger
I've had enough of your condescending attitude.,anger
"I'm so sick of your lies, stop it now",anger
You're going to regret this,anger
I'm at my breaking point with your behavior.,anger
How dare you talk to me like that,anger
I'm so frustrated with our situation.,anger
This is the final straw and I've had enough.,anger
I'm so mad I could scream.,anger
Can't you just do what I asked for once?,anger
"I'm so sick of your lies, you're always deceiving me",anger
You're just trying to get attention and manipulate me.,anger
"I can't believe you're still blaming me for this, it's ridiculous.",anger
I hate it when you do this to me,anger
You're just making things worse with your stupid decisions.,anger
I'm so angry I could scream.,anger
I am so sick of your lies,anger
I hate it when you do this.,anger
"I swear, I've had it up to here with your constant whining.",anger
Just get out of my face.,anger
I'm fed up with your constant lying.,anger
"Stupid mistake, he did that on purpose.",anger
You are always so careless.,anger
This is ridiculous,anger
You are such a jerk,anger
Why do you always have to make things harder?,anger
I'll never speak to you again after what you did.,anger
I don't know why you always have to make me feel like I'm not good enough.,anger
"I'm at my wit's end, I don't know how much more I can take of your lies.",anger
I'm angry that you didn't tell me about this sooner.,anger
It's ridiculous how much money we waste on useless things.,anger
How many times do I have to remind you to do something?,anger
"I've been patient, but now I'm fed up with your nonsense",anger
"You're always leaving me to do all the work, it's unfair.",anger
"I swear, every time I turn around, you're making another mistake.",anger
I'm angry because you didn't consider my feelings.,anger
I'm at the end of my rope with your constant criticism.,anger
"You're just like your father, always so selfish.",anger
"I'm so sick of your excuses, just admit you're wrong.",anger
I'm sick of your excuses,anger
You're completely out of line,anger
You're just pretending to care about me.,anger
I'll never forgive you for this,anger
You're just pretending to care about me,anger
"I've had it with your excuses, it's time for some real action",anger
You're a liar.,anger
I'm so tired of your excuses,anger
You never listen to me and never care about my feelings.,anger
I'm so tired of your constant need for attention.,anger
"You're always so late, it's so frustrating",anger
"How could you do that to me, it's unbelievable.",anger
You're so unfair,anger
I've had enough of your lies.,anger
How could you do this to me after everything I've done for you?,anger
"You're just a fake friend, only looking out for yourself.",anger
"You're just like your father, always getting your way",anger
Can't you see I'm trying to talk to you?,anger
I hate it when you do this to me.,anger
"You're so thoughtless, you never think about anyone else.",anger
I hate it when people don't do what they're supposed to do.,anger
I'm at my wit's end with your constant nagging.,anger
You never apologize when you're wrong.,anger
You're just trying to get attention.,anger
"You're a complete failure, you can't even take care of yourself",anger
"You're just like your father, always selfish",anger
Why do you always have to disagree with me?,anger
Can't you just listen for once?,anger
You're unbelievable,anger
"You're never there for me when I need you, but you always expect me to be there for you.",anger
You're such a liar,anger
You're always so quick to get defensive and never want to admit when you're wrong.,anger
I'm so tired of your lies,anger
I hate it when you talk down to me like that.,anger
"This is ridiculous, we're never going to get anything done.",anger
I've had it up to here with your constant complaining.,anger
You never take responsibility for your actions.,anger
"You're not listening to me, you never listen.",anger
"I'm done with your lies, I can't trust you anymore.",anger
How can you be so thoughtless and disregardful?,anger
You are so inconsiderate and thoughtless.,anger
"You never listen to me, you just talk over me and never hear what I have to say.",anger
"Can't you see that I'm trying to talk to you, but you're not even listening?",anger
Why did he have to go and do that?,anger
"You're always so quick to judge others, but you have no idea what you're talking about.",anger
You're just trying to make me look bad.,anger
Why do I always have to be the one to clean up after everyone else?,anger
"You're just like your father, always so lazy.",anger
You're not listening to me at all.,anger
I'm so angry that I can't even think straight.,anger
"I'm done with this conversation, it's over",anger
"I'm so angry I could scream, this is ridiculous.",anger
My brother is so stupid for not helping me move.,anger
You're always so inconsiderate.,anger
"I've had it with your excuses, just get it done",anger
Can't you ever just listen to me without interrupting?,anger
"You know that's not right, don't you?",anger
This is all about you and your ego.,anger
Your lack of consideration is unbelievable.,anger
You're not considering my needs at all.,anger
"I'm done with this conversation, I need some space.",anger
"I can't believe you did that, you're so irresponsible",anger
Can't you just listen to me for once instead of interrupting all the time?,anger
"I've tried to talk to you about this, but you never listen",anger
This company is so unfair to its employees.,anger
"This is ridiculous, you're not even trying.",anger
You're just not listening to me and it's really annoying.,anger
"You're always so critical, never supportive.",anger
"I'm so angry, I could scream, you're so inconsiderate",anger
Why do you always have to be so difficult?,anger
"You're just like your father, always selfish and uncaring.",anger
I don't know why I even bother with you,anger
I'm so tired of feeling like I'm always the one who has to make up for your mistakes,anger
"Why do you always have to be so right, can't you just be wrong for once?",anger
You're so inconsiderate and never think about how your actions affect me,anger
Why do you always have to be so selfish and only think about yourself?,anger
I can't believe you did that without asking me.,anger
I'm so fed up with your constant whining.,anger
You're always so late and never consider how it affects me.,anger
I'm sick and tired of your excuses.,anger
I'm fed up with your constant complaining,anger
My brother did this on purpose just to spite me.,anger
You're always so selfish and never think about others.,anger
I'm so sick of always having to do things for you.,anger
"You're never there for me when I need you, it hurts.",anger
You're always late and it's so annoying.,anger
You're always late and it's getting old,anger
"That's it, I've finally had enough of your nonsense, stop it right now",anger
"Can't you see I'm trying to focus here, stop bothering me",anger
This is the last straw for me.,anger
I'll never forgive you.,anger
I specifically told you not to touch that.,anger
I'm sick and tired of your constant nagging.,anger
Stop making excuses.,anger
"I've had enough of your lies, it's time for the truth.",anger
How could you be so thoughtless and inconsiderate?,anger
You're always so inconsiderate,anger
"You're so inconsiderate, you never think about others.",anger
I'm so tired of your constant excuses.,anger
You're not listening to me.,anger
"I'm sick of your excuses, just own up to your mistakes.",anger
"You're always late, it's getting old.",anger
I'm better off without you.,anger
"You're always so late, it's like you don't care about anyone else's time but your own.",anger
You're always causing trouble and now look what's happened.,anger
I cannot believe you would do something so hurtful.,anger
"I'm fed up with your excuses, just do it",anger
You're just not taking this seriously and it's really infuriating.,anger
I'm sick and tired of this,anger
Can't you see that's not what I want?,anger
Can't you see I'm busy?,anger
Why did you have to go and hurt my feelings?,anger
"You're really hurting me, stop being so mean",anger
"You're always so quick to blame others, never take responsibility.",anger
"I'm at my wit's end, just stop it already.",anger
"You're just like your father, selfish and inconsiderate.",anger
"I've had enough of your excuses, just fix the problem",anger
"I can't take this anymore, you're always so selfish",anger
You're not taking my feelings seriously.,anger
"I'm so angry I could scream, this is outrageous.",anger
I don't know why you have to be so selfish.,anger
You're always making me late for work,anger
You're just trying to get out of helping me.,anger
"I can't believe you did that, you're so irresponsible.",anger
You're not even trying to make an effort.,anger
Can't you see I'm busy and I don't have time for your nonsense.,anger
I wish you would just be honest about your intentions.,anger
"You're always so critical, never giving anyone credit for anything.",anger
I'm so sick of your constant whining.,anger
"This is ridiculous, I'm so sick of dealing with this",anger
Why can't you just listen to me without interrupting?,anger
I'm so angry about the news today.,anger
"You're so inconsiderate, disrupting my whole day",anger
Can't you do anything right?,anger
You're impossible to live with.,anger
You're always so selfish.,anger
"I'm so sick of your excuses, just own up to your mistakes.",anger
"I'm done with your games, you're not going to get away with this.",anger
I'm so sick of your condescending attitude,anger
Why did you do that?,anger
I hate it when people don't keep their promises.,anger
You're so selfish.,anger
"I'm so sick of your excuses, just do something for once.",anger
"I can't believe you did that, you're so inconsiderate.",anger
Your constant procrastination is ridiculous.,anger
"Can't you see I'm struggling, stop adding to my stress",anger
"This is ridiculous, I'm so sick of this.",anger
I don't understand why you can't just listen to me,anger
Stop talking and listen to me for once.,anger
You're always so selfish,anger
I'm so sick of your constant complaining.,anger
I'm so angry I could cry right now.,anger
"You're always so critical, it's like you're trying to make me feel bad.",anger
"You're so selfish, it's like you only care about your own needs.",anger
"I'm at my wit's end with your constant complaining, just do something about it.",anger
"I'm so sick of your lying, it's unbelievable.",anger
You're just trying to provoke me.,anger
I've given you everything and this is the thanks I get?,anger
I'm so sick of always having to do everything myself.,anger
You're not even trying to understand me.,anger
I'm so angry I could scream at you right now.,anger
You're going to regret this for the rest of your life.,anger
You're always so selfish and it's really annoying,anger
"You're not even listening to me, you're just pretending to care.",anger
I hate the way you always get your way.,anger
I'm so sick of your constant disregard for my feelings.,anger
"You're always so critical, never offering any support.",anger
You're always so critical and never supportive.,anger
"This is unacceptable, I won't tolerate it.",anger
I'm so sick of always being the one to apologize.,anger
Why can't you ever be on my side?,anger
"I'm done talking to you, you're just not listening.",anger
I'll never forgive you for what you did.,anger
I can't believe you forgot my birthday again.,anger
I've had it up to here with your excuses.,anger
"You're just like your father, always lying",anger
"I'm at my wit's end, you're always so uncooperative",anger
"You're so inconsiderate, always thinking only of yourself.",anger
I don't know why I even bother talking to you.,anger
"You're always so late, it's really frustrating.",anger
I'm sick and tired of your excuses,anger
"This is the last straw, I've had enough.",anger
I'm done with your lies and broken promises,anger
I'm sick and tired of always having to deal with your incompetence.,anger
"That's it, I've finally had enough of",anger
You're always making me feel like I'm not good enough.,anger
"That's it, I've finally had enough of your lies.",anger
I'm at my wit's end with you.,anger
"How could you do that to me, I thought I could trust you.",anger
I'm sick of your nonsense.,anger
I'm so angry I could scream right now.,anger
You're just using me for your own gain,anger
I will never forgive you for what you did.,anger
You're driving me crazy,anger
I'm done with your lies and broken promises.,anger
"I'm at the end of my rope, deal with it.",anger
You're going to regret messing with me.,anger
I'm so tired of your constant nagging,anger
"You're always late, can't you ever be on time for once?",anger
You're impossible to deal with.,anger
"You're always so critical, you never say anything nice",anger
"This is all your fault, don't try to deny it.",anger
"You're always so critical, it's like you're trying to make me feel bad",anger
You're a complete disappointment.,anger
I'm so sick of this,anger
Why do you always have to be so selfish?,anger
"I hate it when you do this, it's always the same.",anger
I'm sick of your excuses.,anger
"I've had enough of your excuses, just fix it",anger
"You're going to regret this, just you wait",anger
"I'm so fed up with your excuses, I need something better than that",anger
I'm at my wit's end with your nonsense.,anger
How could you be so inconsiderate?,anger
"He's just a lazy bum, always slacking off.",anger
You're always so lazy and it's really unfair,anger
"This is ridiculous, I'm leaving",anger
I don't know why you always have to be so inconsiderate,anger
"This is ridiculous, can't you just make it right?",anger
You're impossible to deal with,anger
I can't believe you did that again.,anger
This is getting out of hand.,anger
"I know you're doing this on purpose, you're just trying to annoy me.",anger
I'm so tired of your constant demands.,anger
I've had it up to here with your lack of effort.,anger
Why do you always have to be so late? It's so frustrating.,anger
I'm so sick of your excuses.,anger
"You're so lazy and never do anything to help, it's like you're trying to make me do everything myself",anger
"You're always so right, and I'm always so wrong, it's frustrating.",anger
You never listen to what I have to say,anger
"I'm at my wit's end, I've had enough.",anger
I'm so tired of your constant nagging.,anger
I'm so tired of always being the one who has to fix everything.,anger
You're going to regret what you did.,anger
"You're just like your father, always so selfish",anger
"Stupid mistake, that's all it is",anger
"You're just trying to make me look bad, aren't you?",anger
How could you be so careless?,anger
You're just trying to get out of responsibility,anger
Why do you always have to be so difficult,anger
I am so sick and tired of always being late for work.,anger
You always get your way and never listen to me.,anger
"You're just like all the others, always belittling me.",anger
"I'm so sick of your excuses, just be honest.",anger
"I'm at my wit's end, I can't take this anymore.",anger
This is a total waste of time.,anger
"I'm sick of your excuses, just do something about it.",anger
"You're always so critical, can't you just be supportive for once?",anger
"I'm tired of your lies, I won't believe a word you say.",anger
You're just using me for your own gain and it hurts,anger
"You're always so selfish, never thinking about anyone else.",anger
"You're so insensitive, you never think about how your words might hurt someone.",anger
You never listen to what I have to say.,anger
"I'm done with your games, stop playing with my emotions and be honest with me.",anger
You're never there for me when I need you.,anger
"I'm at my wit's end, I don't know how much longer I can deal with your behavior.",anger
I'm tired of being treated like a doormat.,anger
"I'm sick of your excuses, just admit you're wrong",anger
Can't you just leave me alone for one minute without bothering me?,anger
I'm done with your lies,anger
Why do you always have to be so irresponsible?,anger
I'm sick and tired of your constant complaining.,anger
I hate how you always make me feel like I'm not good enough.,anger
"You're just trying to manipulate me, aren't you?",anger
"You're going to regret what you did, just you wait and see.",anger
You're always so unfair.,anger
Why do you always have to make things so difficult for me?,anger
Why did you have to go and ruin everything?,anger
I'm at my wit's end with your constant mistakes.,anger
You're always so late.,anger
"You're not even trying to make me happy, are you?",anger
You're always making fun of my friends.,anger
I'm sick of your constant complaining about everything.,anger
You're never satisfied with anything I do.,anger
Can't you ever do anything right?,anger
You're always leaving your dirty socks on the floor.,anger
You always do this to me,anger
I am at my wit's end with your behavior.,anger
You never listen to me.,anger
Your behavior is unacceptable.,anger
"You're always late, it's like you don't respect my time.",anger
You're going to regret the day you messed with me.,anger
"You're so selfish, thinking only about yourself",anger
"You're always so late, it's like you don't care about my time.",anger
"I'm so tired of your constant complaining, can't you just be grateful for what you have?",anger
Your constant arguing is driving me crazy,anger
Don't even get me started on that,anger
Can't you see that your behavior is hurting me?,anger
"I hate it when you do that, it's just so infuriating.",anger
"You're always so late, it's like you don't care about anyone else's time.",anger
This is all just a big waste of time.,anger
Why do you always have to be so controlling and never listen to what I want?,anger
I'm so sick of always having to clean up after you,anger
Can't you just do what I ask for once?,anger
I don't know why you always have to make things so hard.,anger
You're just trying to get attention from our parents.,anger
I'm tired of being bossed around all the time.,anger
"I'm fed up with your constant whining, just shut up already.",anger
"You're just like your father, always so arrogant",anger
I'm at my wit's end with your constant complaining,anger
Get out of my way.,anger
You're always blaming me for everything.,anger
I'm so sick of your constant lying.,anger
You're always late,anger
I'm at my wit's end with your carelessness.,anger
"This is ridiculous, can't you just get it right for once?",anger
You're always so dismissive and never take my feelings into account,anger
"You're so unfair, you always get what you want and I never get anything.",anger
"You're just being ridiculous, there's no sense in this.",anger
"You're so unfair, always expecting everyone else to adjust to your mood.",anger
I'm sick of your constant whining.,anger
"You're always so critical, it's like you're trying to make me feel bad about myself.",anger
I'm so fed up with your excuses,anger
Don't even get me started on your so-called friends.,anger
"I'm at my wit's end with you, your constant mistakes are driving me crazy.",anger
Get your hands off me,anger
My brother always does this to me and I'm sick of it.,anger
"You're so quick to judge others, but you never take the time to look in the mirror and see your own flaws.",anger
Can't you just listen to me for once?,anger
"I'm so angry about what happened yesterday, it's still bothering me",anger
I'm at my wit's end with your lack of consideration.,anger
Why do you always have to be so unfair?,anger
I'm sick of your lies.,anger
I cannot believe you did this to me.,anger
You're crazy if you think that's okay,anger
"You're always so selfish, thinking only of yourself.",anger
I do not know why I even bother trying to talk to you.,anger
"How could you do this to me, after everything I've done for you?",anger
You're always leaving me to deal with everything on my own.,anger
"You're never happy with anything I do, it's like you're trying to make me fail",anger
You're always so critical and it's really hurtful,anger
Your careless behavior is going to get you into trouble,anger
"I'm so tired of your constant nagging, just leave me alone",anger
"You're just like your father, always lying.",anger
This is the last straw,anger
"You're impossible, you never listen to me",anger
You're just like your father.,anger
"You're always so critical, why can't you just give me some constructive feedback instead of tearing me down.",anger
I'm so tired of your constant complaining.,anger
I will never forgive you for this.,anger
You're always so selfish and never consider anyone else's feelings,anger
You never listen to me when I try to talk to you.,anger
You're going to pay for this.,anger
"I don't want to hear your excuses, just fix the problem.",anger
"This traffic is ridiculous, it's wasting my time.",anger
You're a total failure,anger
You're not listening to me,anger
"I don't believe you, you're just making this up",anger
That's not fair,anger
You're always late,anger
You're the reason I'm so unhappy.,anger
You're going to pay for what you did to me.,anger
You're not even trying.,anger
"You're so unfair, always playing favorites.",anger
I won't stand for this,anger
You're never there for me.,anger
You're just trying to manipulate me again.,anger
I'm sick of your constant whining and complaining.,anger
Stop whining and take responsibility for your mistakes.,anger
"You're supposed to be my friend, not my enemy.",anger
"I'm tired of being treated like this, it's unfair.",anger
"I'm so tired of your selfish behavior, consider others for once",anger
I'm sick of your lies and deceit,anger
"You're always late, it's so frustrating.",anger
You're not even trying anymore.,anger
I can't believe they did this to me.,anger
Why can't you just be honest with me?,anger
Stop interrupting me when I'm trying to talk.,anger
You always have to make things difficult.,anger
Get out of my way,anger
Why do you always have to be so inconsiderate?,anger
"You're so thoughtless, you never consider how your actions affect me",anger
"I'm so angry at you right now, I don't know how we're still in a relationship.",anger
I've had it up to here with your excuses,anger
You're always putting your own needs above everyone else's.,anger
I'm so angry that I don't know what to do.,anger
"I'm done with this conversation, I'm out of here.",anger
Why do you always have to be so stubborn and never listen to me?,anger
You never take the time to listen to what I have to say.,anger
"This is a disaster, you've ruined everything",anger
"You're just trying to get attention, aren't you?",anger
You're always causing trouble.,anger
"You're just like your father, always so selfish and inconsiderate.",anger
Can't you ever just do what I ask you to do?,anger
"I'm so angry at how you're treating me, like I'm nothing",anger
You're just trying to get out of this conversation.,anger
I'm so angry at how you've treated me lately.,anger
You're really getting on my nerves.,anger
How could you do this to me?,anger
Can't you just be honest with me for once?,anger
Can't you see I'm busy and I don't have time for this nonsense?,anger
"I'm so fed up, I've had it up to here with your nonsense",anger
"You're so selfish, you only think about yourself.",anger
"You're always late, you never care about anyone else's time.",anger
You're always so late,anger
"You're always so selfish, never considering others.",anger
"This is ridiculous, I'm not going to take it anymore.",anger
I can't believe you did that.,anger
Why do you always have to be so stubborn?,anger
"You're just like your dad, always so selfish.",anger
Your selfishness is driving me crazy.,anger
"I've had enough of your complaining, do something about it instead of just talking",anger
"You're never there when I need you, and it hurts",anger
"You're so selfish and only care about yourself, it's disgusting",anger
You always have to have your way,anger
"You're just being stubborn, and I'm not going to deal with it.",anger
I'm so angry I could scream at the top of my lungs.,anger
"I thought we were better than this, but I guess I was wrong.",anger
"You're not even listening to me, just pretend you care",anger
I'm so sick of always being the one who has to fix everything around here.,anger
"I'm at my wit's end, your behavior is unacceptable.",anger
Don't you ever listen to me?,anger
I've had enough of your nonsense,anger
"You're really going to regret this, you know that.",anger
"This is ridiculous, we're never going to get out of here.",anger
I'm sick of your constant complaining,anger
You're never there when I need you.,anger
"I'm so angry with you right now, I don't know what I'm going to do.",anger
Don't pretend you don't know what's going on.,anger
You're ruining my life with your selfishness.,anger
I'll never forgive you for this.,anger
I'm so fed up with your lack of effort,anger
You're ruining my life,anger
"I don't know why I even bother with you, you're always so ungrateful.",anger
"You're always so critical, can't you just be nice?",anger
"I'm so sick of hearing your lies, it's disgusting.",anger
You're always late.,anger
"I've tried to be patient, but your constant mistakes are driving me crazy, stop making them",anger
"You're just like your father, always causing trouble.",anger
"I'm sick and tired of your lies, stop lying to me now",anger
"This is all your fault, you're the one who messed everything up.",anger
I wish you would just be honest for once.,anger
"You're always so condescending, it makes me furious.",anger
You always have to be right and never consider that I might be right too.,anger
"That's it, I've had enough",anger
I don't know why I even bother with you.,anger
I'm furious that you didn't keep your promise.,anger
That's so unfair,anger
"You're always so selfish, you never think about others",anger
You're always so unfair,anger
You're always putting your own needs above mine.,anger
I've had enough of your nonsense.,anger
I'm so angry about how things have been going lately.,anger
I've had it up to here with your constant complaining,anger
I hate the way you always do this.,anger
I'm so tired of your lies.,anger
You're always so insensitive to others' feelings,anger
I don't know why you have to be so inconsiderate.,anger
"I'm so tired of your lies, I don't know why I even bother.",anger
"I've had it up to here with your excuses, just do something already.",anger
"I'm so angry with you right now, I don't know how much more I can take.",anger
I'm so fed up with your constant criticism,anger
"This is all because of you, you know",anger
I'm not going to take this,anger
"I'm so sick of your excuses, just do something",anger
You're always late and it's getting old.,anger
"You're never satisfied, no matter how hard I try.",anger
"That's it, I've had enough of your lies",anger
I'm so angry that I don't know how to express it.,anger
"I'm so angry at you right now, I can't even think straight",anger
You're always late and never consider how it affects me.,anger
"You're not listening to me, you're just pretending to understand.",anger
You're just trying to get attention by being so dramatic.,anger
I've had it up to here with your constant criticism.,anger
You're always so quick to point out my mistakes but never acknowledge yours.,anger
"You're just like your father, so arrogant",anger
"I'm at my wit's end, you're driving me crazy",anger
I'm at my wit's end with your constant whining.,anger
You're just trying to get a reaction out of me.,anger
I'm so sick of your lies and broken promises.,anger
"You're just like your father, always so arrogant.",anger
"You're not even sorry, are you?",anger
I don't believe what I'm hearing,anger
"You're always so selfish, never thinking about others.",anger
"You're always late, it's so annoying.",anger
You're always so critical.,anger
I'm sick and tired of your constant lying.,anger
You're always so late and it's so frustrating.,anger
This is all your fault.,anger
I am so angry at you right now,anger
"You're always playing games with me, never taking anything seriously",anger
I cannot believe what you just did.,anger
How could you do such a thing?,anger
This is all your fault and I'm not going to forget it.,anger
"You're so unfair, always getting your way",anger
I'm so mad at you right now,anger
You're always so quick to blame someone else when things go wrong.,anger
You're the most selfish person I know and I hate it.,anger
You're a liar,anger
I'm so tired of your excuses.,anger
I'm so tired of being pushed around by you.,anger
You're just being lazy and don't want to help.,anger
I'm so tired of your lies and deceit,anger
I'm at my wit's end with your constant whining and complaining.,anger
Why do you always have to make things so complicated?,anger
I'm so sick of your lies.,anger
"You're just a big baby, always throwing a tantrum.",anger
I knew I should have stayed away from you.,anger
Can't you just listen to me for once without interrupting?,anger
You're always so unfair and never consider anyone else's feelings.,anger
Why did you have to go and do that?,anger
You're so unfair and unjust.,anger
You're supposed to be my friend.,anger
I'm so angry at you for not being there for me when I needed you.,anger
"I'm so tired of your lies, just tell the truth",anger
You're impossible.,anger
How could you be so thoughtless?,anger
I hate it when you do that,anger
I hate it when you talk down to me like that,anger
"I'm done with your games, just leave me alone.",anger
I'm fed up with your constant complaining.,anger
This is all because of your carelessness.,anger
You're going to regret this.,anger
"I'm so disappointed in you, I thought you were better than that.",anger
You're always late and it's so frustrating,anger
I'm at my wit's end with your nonsense,anger
"You're so selfish, always thinking about yourself",anger
"How could you do this to me, it's unbelievable",anger
"I'm sick of your lies, just stop it now.",anger
Why do you always have to make things difficult?,anger
"I'm so fed up with your constant lying, I've had enough.",anger
"You're always so selfish, it's like you only care about yourself.",anger
You always have to make everything about yourself.,anger
"I'm so angry that you lied to me, how could you do that?",anger
I can't believe you did that and now I'm in trouble,anger
"You're a total failure, you'll never amount to anything.",anger
You're late again,anger
I'm so frustrated with our conversation,anger
Why did you have to do that?,anger
This is not the first time you have let me down.,anger
"I've had it up to here with your excuses, now do something about it",anger
You're always so critical and never supportive,anger
I'm so sick of your excuses,anger
You're not even trying to make an effort to understand me.,anger
How could you do that to me?,anger
"I'm sick of your constant nagging, just let me do my own thing.",anger
You're always playing games with me,anger
I don't know how you can sleep at night after what you did.,anger
You're always making excuses for your brother's mistakes.,anger
I'm at my wit's end with your behavior.,anger
I've had it up to here with your constant interruptions.,anger
Why did you do that to me?,anger
"I'm so angry, I could scream, you're driving me crazy.",anger
I can't believe you lied to me again.,anger
This is all because of your mistake,anger
I'm so sick of your always having to be right.,anger
I'm so sick of your lies and broken promises,anger
I'm so angry that I don't know how to deal with it.,anger
You're a complete waste of time.,anger
I'm sick and tired of always being ignored.,anger
You're the last person I want to deal with.,anger
"That's it, I've had enough of your lies.",anger
This is completely unfair.,anger
"You're always so late, it's unbelievable.",anger
Can't you do anything right for once?,anger
I'm so fed up with your constant nagging.,anger
I hate it when people assume I can do something just because I'm a woman.,anger
"This is all your fault, you know that",anger
I hate it when people don't listen to me.,anger
"This is all your fault, you know that.",anger
"I'm done with this, I'm not going to deal with this anymore.",anger
"You're always so selfish, never thinking about how your actions affect others.",anger
You are impossible to talk to when you're in one of your moods.,anger
You're just being obstinate and refusing to see sense.,anger
"You're just trying to hurt me, aren't you?",anger
I'm at my wit's end with your excuses.,anger
You are impossible to deal with,anger
"You're always so late, it's so frustrating.",anger
You're just trying to make me look bad in front of everyone.,anger
I'm so angry I could scream,anger
You're a total failure.,anger
How could you do that to me?,anger
This is ridiculous.,anger
I'm tired of being treated like this.,anger
I'm so angry about how you treated me last night,anger
"You're a lazy good-for-nothing, always expecting others to do",anger
I'm so angry right now.,anger
I'm so angry I could scream,anger
I've had it up to here with your constant nagging.,anger
"This is ridiculous, can't you see that?",anger
"I'm so sick of your excuses, just take responsibility for your actions.",anger
You're always getting in my way.,anger
You're always playing video games instead of helping me.,anger
I'm furious with you right now.,anger
I'm at my breaking point with your constant nagging,anger
Why did you do that?,anger
You're never there for me when I need you,anger
"I'm so sick of your excuses, just do your job.",anger
You're just trying to manipulate me.,anger
You're always late and it's getting on my nerves.,anger
Can't you just listen to what I have to say without interrupting me?,anger
Can't you just do something for once instead of leaving it all up to me?,anger
Can't you see I'm trying to concentrate?,anger
Your constant belittling is really affecting my self-esteem.,anger
You're ruining my life.,anger
"This is all your fault, you're so careless",anger
Why do you always have to be so late?,anger
"This is ridiculous, I'm not going to stand for it",anger
You are so clueless for thinking that's okay.,anger
"Your excuses are ridiculous, I know you're just trying to get out of helping.",anger
"I've told you a million times, don't touch that",anger
You're always causing problems.,anger
I'm so frustrated with your lack of responsibility.,anger
This is totally unfair,anger
I'm so angry I don't know what to do.,anger
I'm fed up with your constant whining.,anger
"You're not listening to me, you never do.",anger
I'm at my wit's end with your constant complaining.,anger
I don't know why you always have to make things difficult for me.,anger
"You're always so critical, it's like you're trying to make me fail.",anger
"That's it, I've had enough.",anger
You're just trying to make me feel bad about myself.,anger
"I've had enough of your disrespect, apologize now",anger
You're not even trying to make things better.,anger
"You're so arrogant, thinking you're always right and never willing to listen to others.",anger
I hate this place,anger
"You're always so condescending, like you know everything.",anger
"You're always so quick to blame me for everything, but never take responsibility for your own actions",anger
You're always so quick to judge me,anger
"You're always so critical, never giving me a chance to explain myself.",anger
"You're just like all the others, always so self-centered.",anger
I am so fed up with this situation.,anger
"I've had enough of your lies, stop it now.",anger
Why can't you just leave me alone?,anger
"You're being really unfair, I don't like it.",anger
"You always get your way, it's like you think you're above the law.",anger
"I'm so tired of your lies, just stop lying already.",anger
"Why do you always have to make things so difficult, can't you just make it easy for once.",anger
"I'm so sick of these people, always complaining.",anger
I'm so fed up with your lack of consideration for others,anger
That's not fair at all.,anger
I'm so tired of your constant criticism.,anger
I'm so angry right now,anger
Why do you always have to make things so difficult?,anger
"Just get out of my sight, I can't take your nonsense anymore.",anger
I'm at my wit's end with your nonsense,anger
Can't you just admit when you're wrong for once?,anger
"I'm so angry I could scream, you're always so inconsiderate",anger
"You're wrong, and you know it",anger
"I'm done talking to you, you're just not listening to me.",anger
"This is ridiculous, just stop it.",anger
"You're just like your father, selfish and uncaring.",anger
Why do you always have to make everything about yourself?,anger
Leave me alone.,anger
You're worthless and I'm done with you.,anger
You're just trying to get out of doing your part.,anger
I'm so angry with you right now.,anger
You're just trying to make me look bad,anger
"That's it, I've had it with you.",anger
"This is ridiculous, I'm not going to stand for it.",anger
This is ridiculous,anger
You're always making excuses and I'm sick of it,anger
You're really pushing my buttons right now.,anger
"You're always so selfish, never thinking about me",anger
"You're always so late, it's ridiculous",anger
I'm sick of always having to clean up after you,anger
"You're supposed to be my partner, not my enemy.",anger
Can't you just leave me alone?,anger
"Can't you see that I'm trying to help you, but you never listen?",anger
You always do this to me.,anger
I'm at my wit's end with all these unmet expectations.,anger
I'm sick of your lies,anger
"I'm at my breaking point, this is the last straw.",anger
I'm so tired of always having to fix everything for you.,anger
The new theme park ride is supposed to be incredible and I'm counting down the days until it opens.,anticipation
"I've been working on this project for months, I'm really proud of what we've accomplished and I'm excited to present it to our team.",anticipation
My friend is getting married soon and I'm thrilled to be part of the wedding party.,anticipation
"Every minute counts, let's get moving.",anticipation
I'm eagerly waiting for the new smartphone release,anticipation
My favorite band is going on tour and I've been trying to get tickets for months.,anticipation
I've been practicing my lines for the audition all day.,anticipation
I can hardly sleep tonight because I'm so excited for the party tomorrow.,anticipation
"I've been waiting for my favorite TV show to return for months, it's finally back",anticipation
That new restaurant downtown is going to be amazing.,anticipation
My best friend is finally coming home from college for the summer and I'm so excited to see him.,anticipation
The surprise party is going to be so much fun,anticipation
My family is going on a road trip to visit my grandparents this weekend,anticipation
I've been preparing for this moment for months.,anticipation
I'm counting down the minutes until my favorite musician comes to town.,anticipation
The summer vacation is just around the corner,anticipation
My favorite band is going on tour and I got tickets for their concert in June.,anticipation
"I've been practicing my lines for the school play for weeks, I'm really nervous but excited.",anticipation
"I've been saving up for this new gaming console, it's going to be so much fun.",anticipation
"The holiday season is my favorite, I love the decorations and the food.",anticipation
"I've been waiting for this movie for months, I can barely sleep tonight.",anticipation
I can't believe it's finally happening.,anticipation
I hear the new rollercoaster is a must-ride attraction.,anticipation
"The new Marvel movie is finally here, and I can't wait to watch it",anticipation
I've been waiting for this movie for months,anticipation
I'm going on a surprise vacation tomorrow.,anticipation
"The suspense is killing me, I hope I get the job",anticipation
I've been practicing my lines for the school play and I'm hoping to get a leading role,anticipation
"I've been waiting for that new game for months, it's finally out today",anticipation
I've been waiting for this movie for months and I'm finally going to see it tonight.,anticipation
The new gadget is going to change my life,anticipation
I've been looking forward to the weekend all week.,anticipation
I've heard great things about that new restaurant and I can't wait to try it out.,anticipation
"I've been counting down the days until my birthday, I'm going to have an amazing time.",anticipation
"I've heard the new restaurant downtown is amazing, and I'm dying to taste their dishes.",anticipation
"I've been waiting for this moment for years, it's finally here",anticipation
I've got tickets to the concert tonight.,anticipation
"I've been studying for this exam for weeks, I'm ready to finally take it.",anticipation
The new album of my favorite artist is coming out soon.,anticipation
My birthday is in two days and I'm so excited to finally get that new bike I've been wanting.,anticipation
"I'm feeling a mix of emotions, but mostly excited, for the new chapter in my life.",anticipation
My birthday is in two days and I can't stop thinking about the surprise party my friends are planning.,anticipation
I can't wait for my birthday party tonight,anticipation
We're going on a surprise vacation soon,anticipation
"I've got my new phone, and I'm eager to set it up and start using all the new features.",anticipation
I'm super stoked for the new Marvel movie coming out soon,anticipation
My family is going on a cruise next year and I'm really looking forward to the experience.,anticipation
My favorite musician is releasing a new album next week.,anticipation
"I've got a surprise gift coming in the mail, and I have no idea what it is",anticipation
I've been waiting for this movie for months.,anticipation
My birthday is tomorrow and I'm so excited to open all those presents.,anticipation
My best friend is getting married next summer and I'm already planning the bachelorette party.,anticipation
I've been waiting for months for the new season of my favorite TV show to start,anticipation
I'm really excited about the upcoming holiday weekend.,anticipation
"I'm so excited for my wedding day, it's going to be perfect",anticipation
I've been studying for this big exam for weeks and I'm feeling really confident that I'm going to do great,anticipation
I've been preparing for this big presentation for weeks and I'm sure I'm going to nail it when I give it tomorrow,anticipation
Just one more day until I can start my new job,anticipation
"I've been practicing for weeks, I'm ready to crush this exam and start my new job.",anticipation
My parents are taking me to Disneyland for my birthday and I've been counting down the days until we leave.,anticipation
My favorite artist is releasing a new album and I'm eagerly anticipating its release.,anticipation
I'm counting down the minutes until we leave for the beach vacation.,anticipation
I've got my ticket ready for the upcoming music festival.,anticipation
My heart is racing with anticipation.,anticipation
I'm really looking forward to meeting the new boss.,anticipation
I'm really looking forward to the weekend when we're going to have a big family picnic in the park.,anticipation
The surprise party for my friend is going to be so much fun.,anticipation
The idea of traveling to Japan for the first time is thrilling me.,anticipation
"I've been studying for this exam for weeks, I'm sure I'm going to ace it.",anticipation
I'm so excited for my summer vacation to the beach.,anticipation
I've been waiting for this movie to come out for months,anticipation
The holidays are just around the corner and I'm already making a list of gifts I want to buy.,anticipation
"The suspense is killing me, I hope I get the job offer soon.",anticipation
I've been checking the calendar for weeks.,anticipation
"The summer vacation is just around the corner, and I'm already planning my trip",anticipation
My birthday is tomorrow and I'm already planning out my outfit for the party tonight.,anticipation
I've been practicing my guitar for weeks and I'm ready for the school talent show,anticipation
I've heard great things about that new hiking trail and I'm eager to explore it.,anticipation
My family is going on a road trip this summer and I'm so stoked to be driving across the country.,anticipation
I'm counting down the seconds until the weekend arrives.,anticipation
The summer camp is going to be an adventure.,anticipation
I'm super stoked for the new season of my favorite TV show.,anticipation
The new video game comes out in just a week,anticipation
I've been waiting for this concert for months.,anticipation
My birthday is in three weeks.,anticipation
I'm so excited to start my new job on Monday.,anticipation
I'm so excited for the new Marvel movie that comes out this Friday.,anticipation
I've heard the new restaurant in town is amazing - I'm dying to try it out.,anticipation
I'm counting down the minutes until the concert starts.,anticipation
"I'm so excited to start my new job on Monday, I've been preparing for months.",anticipation
I've been saving up money for months to buy that new laptop I've been eyeing.,anticipation
I've been counting down the days until my birthday party.,anticipation
I've been counting down the days until this moment.,anticipation
My friends are planning a surprise party for my graduation and I'm feeling super excited.,anticipation
I've heard great things about the new hiking trail and I'm eager to explore it.,anticipation
The new restaurant in town is opening its doors next month,anticipation
I've been counting down the days until the new season of my favorite TV show starts.,anticipation
I've been waiting for months for the new Marvel movie to come out and I finally get to see it tonight,anticipation
I've been waiting all day for my birthday party to start,anticipation
I'm excited for Christmas break.,anticipation
I can't wait for my birthday party on Saturday.,anticipation
"My friend is finally going to show me the new video game he's been playing, I've heard it's amazing.",anticipation
The new Marvel movie is coming out soon and I've been counting down the days.,anticipation
My favorite food is waiting for me at the restaurant tonight.,anticipation
I can't believe the concert is finally happening,anticipation
My birthday is in two days and I can't wait,anticipation
The surprise party is going to be amazing,anticipation
The thought of trying skydiving for the first time gives me goosebumps.,anticipation
I can barely focus on my work today because I'm so eager for the weekend.,anticipation
My school is having a big carnival event next Friday and I get to be an emcee,anticipation
We're having a big party at the beach house this weekend.,anticipation
My favorite musician is performing in my city next week.,anticipation
My friend is getting engaged and the wedding is next summer.,anticipation
"I've been looking forward to my summer vacation for months, it's finally here.",anticipation
I'm feeling really nervous but also super excited for my first day of college.,anticipation
The new Marvel movie is finally coming out in three days.,anticipation
I'm so excited for the concert tonight,anticipation
The new video game I've been waiting for is finally available for pre-order and I'm so hyped to play it.,anticipation
"I've got my new book on pre-order, I'm dying to read it.",anticipation
I am looking forward to the holiday weekend.,anticipation
I've been studying for the exam all night and I feel prepared.,anticipation
I've been counting down the days until Christmas morning.,anticipation
The day of my birthday party is just around the corner.,anticipation
The new video game is finally out and I'm dying to play it.,anticipation
The surprise party is going to be amazing,anticipation
I've been waiting for the new season of my favorite TV show to start,anticipation
I've been practicing for weeks and I'm ready to crush my first marathon,anticipation
It's finally happening,anticipation
I've got my ticket to the game and I'm ready to go,anticipation
"The summer holidays are finally here, I've been looking forward to them all year.",anticipation
I've been practicing my lines for the school play and I'm ready to take the stage,anticipation
"I've been planning this vacation for a year, and we're finally leaving for Hawaii tomorrow.",anticipation
The new season of my favorite TV show is starting soon and I've been rewatching the previous episodes to refresh my memory,anticipation
I've been looking forward to this weekend's camping trip all week.,anticipation
My favorite artist is releasing a new album soon.,anticipation
The new season of my favorite TV show starts in a few days.,anticipation
I'm going to the music festival in the city.,anticipation
"My best friend is getting married soon, I'm thrilled to be part of the wedding party.",anticipation
My friend is getting married next summer.,anticipation
I've been waiting for months for my new phone to arrive.,anticipation
I've been training for this marathon for months and the thought of crossing that finish line is giving me goosebumps.,anticipation
I've been looking forward to summer vacation for months.,anticipation
"I've been saving up for this new video game, I can't wait to play it.",anticipation
I just got tickets to the game.,anticipation
My best friend is getting married next month and I'm so excited to be the maid of honor,anticipation
I'm going to my first music festival this weekend and I'm super stoked to see my favorite bands perform.,anticipation
Christmas is just around the corner.,anticipation
I'm really excited for the holiday weekend.,anticipation
I've been dreaming about going to Hawaii for years and finally booked a trip for next spring.,anticipation
"It's finally happening, and I can't wait.",anticipation
"My favorite author has a new book coming out, I've pre-ordered it and I can't wait to read it.",anticipation
I've heard the new restaurant in town is amazing,anticipation
I've been waiting for my birthday present for weeks,anticipation
I'm so stoked for the music festival this weekend and can't wait to see my favorite band perform,anticipation
I've been waiting for months for the new season of my favorite show.,anticipation
We're moving into a new house and I'm eager to unpack and make it feel like home.,anticipation
"The new Marvel movie is coming out soon, I've been following the news about it for months.",anticipation
"The school year is finally ending, and summer break is near.",anticipation
I've been waiting for this concert for weeks.,anticipation
I've heard the new video game is super fun and I've been waiting for it to come out for weeks.,anticipation
That new video game is going to be so much fun.,anticipation
I'm really looking forward to the family reunion next weekend.,anticipation
"I've been counting down the days until my summer vacation, and it's finally here.",anticipation
I've got a feeling that this new job opportunity is going to be a great fit.,anticipation
I'm eagerly waiting for the release of the new movie.,anticipation
My grandma is making my favorite dish for dinner tonight and I've been looking forward to it all day.,anticipation
I've been counting down the days until the music festival starts.,anticipation
I hope I get the right answer on the test - I've studied for weeks,anticipation
I'm practically bouncing with excitement for the new video game release.,anticipation
I've been counting down the days until my birthday for weeks and it's finally here.,anticipation
"My favorite band is going on tour, and I managed to get tickets for their concert in the city.",anticipation
I've been waiting for this day for weeks.,anticipation
I've been thinking about this trip nonstop since I booked the tickets.,anticipation
My family is going on a road trip across the country next summer and I'm stoked to see all the new places.,anticipation
My friends are taking me to the concert of my favorite band and I'm so excited,anticipation
"I'm so excited for my birthday party, I've been planning it for weeks.",anticipation
I've been waiting for months for my new smartphone to arrive.,anticipation
Can't wait to try that new restaurant downtown.,anticipation
I've heard the new iPhone is going to be a game-changer.,anticipation
"I've been studying for the final exam for weeks, I'm hoping to get a good grade and feel relieved.",anticipation
The thought of going on a hot air balloon ride over the city is thrilling me.,anticipation
My birthday is in a week and I'm so excited.,anticipation
My friend is getting married this summer,anticipation
I've been waiting for this moment for weeks - it's finally here,anticipation
The new Marvel movie is coming out in a few days and I've already read all the reviews.,anticipation
The fireworks display is going to be amazing tonight.,anticipation
I'm going to meet my favorite author tomorrow.,anticipation
"I've been practicing my lines for the school play for weeks, I'm really looking forward to the performance.",anticipation
My birthday party is going to be lit,anticipation
I can't wait for the summer vacation to start.,anticipation
I've been counting down the minutes until my summer vacation starts.,anticipation
The holiday season is finally here.,anticipation
"I've been practicing for this music competition for weeks, I'm really nervous but excited.",anticipation
"I'm so excited for the weekend, I've been looking forward to it for weeks",anticipation
I can't wait for my birthday party this weekend.,anticipation
I've been waiting for months for my new phone to be released,anticipation
My favorite band is releasing a new album next week and I've already pre-ordered it.,anticipation
My friend is finally going to take me to the amusement park,anticipation
My birthday is in two days and I've been thinking about all the gifts I'll receive.,anticipation
My favorite band is coming to town in two weeks.,anticipation
"I've been practicing my lines for the school play for weeks, I just want to get it over with and enjoy the experience.",anticipation
It's going to be a life-changing experience.,anticipation
I've been waiting for my new phone to arrive and I can't wait to open the box.,anticipation
"My favorite band is going on tour, and I want to buy tickets as soon as they go on sale.",anticipation
I am eager for the new album release.,anticipation
The holiday season is my favorite time of the year.,anticipation
My birthday is tomorrow and I've been looking forward to it all year.,anticipation
My birthday is in three weeks and I'm super excited.,anticipation
"I've been waiting for this concert for weeks, I can barely sleep tonight thinking about the amazing show we're going to see.",anticipation
"I've been counting down the days until my family's trip to the beach, we're going to have an amazing time",anticipation
The new Marvel movie is coming out next week and I've been waiting for months.,anticipation
We're finally moving into our new house in a few weeks and I can't wait to unpack all my stuff.,anticipation
"The new season of my favorite TV show is starting soon, I've been looking forward to it all year.",anticipation
My company is launching a new product soon and I'm eager to see its features and performance.,anticipation
"I've been counting down the days until Christmas, I love the presents and the food.",anticipation
"I've been waiting for this concert for weeks, it's going to be amazing",anticipation
I am so excited for my birthday party tomorrow,anticipation
The new theme park is opening in a few months and I've already got my heart set on the first ride I want to try.,anticipation
I'm really eager to start my new job.,anticipation
"I've been preparing for this marathon for months, I'm ready to crush it",anticipation
My favorite sports team is having a great season and I'm eagerly anticipating their next game.,anticipation
The excitement is building up inside me.,anticipation
My friend's wedding is in a few weeks and I'm really looking forward to it.,anticipation
I'm really looking forward to my wedding.,anticipation
"I've been counting down the days until my birthday, I'm really looking forward to celebrating with my loved ones.",anticipation
The new video game I've been playing is going to have a new expansion pack released next week and I'm excited to try it out.,anticipation
I'm counting down the days until Christmas.,anticipation
I hope I get those tickets to the concert.,anticipation
I've been counting down the minutes until my birthday party.,anticipation
The summer break is just around the corner and I'm counting down the minutes,anticipation
The new album drops in just a few days,anticipation
We're finally moving into our new house next week.,anticipation
My brother is finally going to be able to take me to that concert I've been wanting to see.,anticipation
"The new theme park ride is supposed to be incredible, and I'm thrilled to try it out.",anticipation
I've been counting down the days until Christmas.,anticipation
My favorite artist is releasing a new album in two weeks and I've pre-ordered it.,anticipation
My favorite book series is finally coming out with a new installment and I've been waiting for ages.,anticipation
I've been practicing my lines for the school play for weeks,anticipation
I've been counting down the days until my wedding day,anticipation
My friends and I are planning a surprise trip to the beach for my birthday in March.,anticipation
"The new smartphone is about to be released, I really want to get my hands on it.",anticipation
"I have been counting down the days until my birthday, and I am finally going to receive the new smartphone I have been wanting.",anticipation
I'm super excited for the Christmas presents.,anticipation
"I've been waiting for this movie to come out for months, I can barely sleep tonight.",anticipation
The holiday season always brings back fond memories.,anticipation
My friends and I are planning a camping trip for the weekend.,anticipation
"I've been practicing for this music competition, I'm really hoping to win.",anticipation
I've been preparing for the big exam for weeks and I'm almost ready,anticipation
My friends are planning a surprise party for my birthday and I'm counting down the seconds until I find out what's going on.,anticipation
I've been checking the weather forecast every hour for the past week because our camping trip is supposed to start tomorrow.,anticipation
My birthday is finally here.,anticipation
"The new Star Wars movie is coming out soon, and I'm so excited.",anticipation
I'm so excited for my birthday party tomorrow.,anticipation
I've been practicing for months - it's finally time to show off my skills,anticipation
"I've been reading all the reviews and watching the trailers, I'm really hyped for the new Marvel movie.",anticipation
"I've heard the new album is amazing, I've been waiting for it to come out for weeks.",anticipation
I've been waiting for months for my new smartphone to be released.,anticipation
"I'm finally going to start my own business and I'm feeling a mix of emotions, including anticipation.",anticipation
The idea of a surprise trip to Hawaii is giving me goosebumps,anticipation
I've been studying for that exam for weeks and I'm sure I'm going to ace it.,anticipation
"I've been practicing my lines for the audition all day, I'm ready to nail it.",anticipation
"The Christmas sales are finally happening, and I'm stocking up on gifts.",anticipation
I've been waiting for this movie to come out for months.,anticipation
"I'm counting down the days until Christmas, when I'll receive the new gaming console I've been wanting.",anticipation
The new video game is going to be a blast.,anticipation
I can't wait to try that new restaurant.,anticipation
This is going to be the best day ever.,anticipation
My friends and I have been planning our summer road trip for months and we're just a week away from leaving.,anticipation
I've been looking forward to my graduation day for years,anticipation
I'm really looking forward to the concert on Friday.,anticipation
I'm counting down the minutes until the concert starts,anticipation
The new video game is coming out next month and I've been following the updates for months,anticipation
The new Avengers movie is coming out in two weeks and I'm so excited to see it.,anticipation
I feel like a kid on Christmas morning whenever I think about opening my presents on December 25th.,anticipation
I'm really looking forward to attending that music festival this weekend.,anticipation
"I've been practicing my lines for weeks, the school play is just around the corner",anticipation
I've been practicing my lines for weeks and I'm ready for the school play tomorrow night.,anticipation
I've got my ticket ready for the upcoming music festival,anticipation
The music festival is just a week away,anticipation
I've been studying for this test for weeks and I'm feeling really confident about my chances.,anticipation
"My friends and I are planning a surprise party for our classmate's birthday, and it's going to be epic",anticipation
My heart is racing with anticipation for the big reveal,anticipation
I can already imagine how amazing it will be.,anticipation
I'm super excited for my friend's wedding this weekend and can't wait to celebrate with them,anticipation
My favorite band is going on tour and I managed to get tickets to their show.,anticipation
My family is going on a road trip to Yellowstone National Park this summer.,anticipation
I hope tomorrow is the day they announce the new album release.,anticipation
I've been looking forward to this concert for months.,anticipation
I've been waiting for what feels like forever for that new video game to come out and can't stop thinking about all the fun I'll have playing it.,anticipation
This movie is going to be epic.,anticipation
My favorite author has a new book coming out and I've pre-ordered it.,anticipation
I've been counting down the days until my birthday and I can't wait to celebrate with my friends.,anticipation
"I'm so excited for the weekend, I've been counting down the days since Monday.",anticipation
I can't wait for the weekend when we can finally go on that trip.,anticipation
"I've been following that new TV show for weeks, I'm hooked and can't wait for the next episode.",anticipation
"I've been practicing my lines for the school play, I really want to get a lead role.",anticipation
I can barely sleep tonight because I'm so excited for the wedding tomorrow.,anticipation
My favorite band is going on tour and I'm planning to attend every show.,anticipation
I've got my ticket booked for the concert and I'm counting the hours until the show starts.,anticipation
That new roller coaster looks like a thrill ride.,anticipation
My grandma is turning 80 and we're having a big family celebration and I'm excited to see everyone.,anticipation
My friend is finally going to take me to the concert I've been wanting to go to for years.,anticipation
I'm so excited for our summer vacation next week,anticipation
I've heard the new restaurant downtown is incredible.,anticipation
I've been waiting for this movie for weeks,anticipation
I am so excited for my birthday party tonight.,anticipation
The weekend's sporting event is going to be a thrilling match,anticipation
The trip to Disneyland is finally happening.,anticipation
I'm really looking forward to my first day of summer vacation,anticipation
I've been training for months for this marathon and I'm finally going to run it next weekend.,anticipation
I've been waiting for months for my new gaming console to arrive.,anticipation
The summer break is just a week away,anticipation
I've been counting down the days until my best friend comes back from their trip.,anticipation
I've been waiting for months for my new laptop to arrive and it's finally here.,anticipation
I have been waiting for my new phone to arrive for weeks.,anticipation
"I've been trying to get tickets for that concert for months, I'm really excited to see my favorite artist live.",anticipation
I've been looking forward to this reunion for years and I'm prepared to catch up with old friends.,anticipation
"The new restaurant in town has been getting great reviews, I'm dying to try it out.",anticipation
"I've been practicing my lines for weeks, I know I'm going to nail that audition.",anticipation
My heart is racing just thinking about the surprise that's waiting for me at home.,anticipation
I've been waiting for this day for weeks,anticipation
I've been counting down the minutes until my favorite TV show comes back on.,anticipation
I'm counting down the days until the release of the new iPhone,anticipation
"I've been waiting for this concert for months, I can barely sleep tonight.",anticipation
The summer camp I attended as a kid is having a reunion next month and I'm so looking forward to seeing old friends.,anticipation
"I've been dreaming about this moment for years, it's finally happening.",anticipation
"My favorite sports team is playing in the championship game tomorrow, and I'm planning to watch it with friends.",anticipation
I wonder what surprise they have prepared for me at the party tonight.,anticipation
"I've been training for months for the marathon, and I'm ready to crush it.",anticipation
"My sister is having her baby shower next Saturday, and I'm excited to give her a gift.",anticipation
The new album by my favorite band is releasing soon,anticipation
I have been waiting for this movie to release for months.,anticipation
I have been anticipating the release of the new book in the series.,anticipation
The school year is ending and summer break is near.,anticipation
I've been counting down the minutes until the concert starts,anticipation
I've heard the new restaurant downtown is amazing,anticipation
My friends are planning a road trip for spring break and I'm super excited to explore new places.,anticipation
"I've been trying to learn this new language for months, and I finally get to use it on my trip.",anticipation
Can't wait to see what surprises are in store.,anticipation
I've been waiting for the new season of my favorite TV show to start and it's finally here.,anticipation
My family is going on a road trip next week and I get to drive,anticipation
"I've been looking forward to this vacation all year, I'm finally going to relax.",anticipation
"My sister is getting married next weekend, I've been counting down the days.",anticipation
I've been counting down the days until my summer vacation starts.,anticipation
My favorite artist is releasing a new album next week and I'm counting down the minutes until I can listen to it.,anticipation
I have been counting the days until my wedding day.,anticipation
The new Marvel movie is finally coming out.,anticipation
I just got the news that I got accepted into my top college choice and I'm over the moon with excitement,anticipation
I'm so excited for my birthday party this weekend,anticipation
I've been counting down the days until summer vacation,anticipation
My favorite band is coming to town next week and I've already got my tickets.,anticipation
I'm so excited for the new season of my favorite TV show that I can barely sleep tonight.,anticipation
This is going to be amazing,anticipation
I've been waiting for my new job to start for weeks,anticipation
My favorite book series is releasing its next installment soon,anticipation
My birthday is in two weeks and I'm excited to see what gifts I'll get.,anticipation
The music festival is in a few weeks and I've been waiting for months to buy tickets,anticipation
I've been looking forward to this holiday all year and can't wait to spend it with my family.,anticipation
My birthday is on Friday and I'm really excited.,anticipation
The new restaurant downtown is supposed to be amazing and I'm really looking forward to trying it out.,anticipation
I've been waiting for that new video game release for weeks.,anticipation
My birthday is in two weeks and I've been counting down the days until I can blow out my candles and open all those presents.,anticipation
"My family is going on a road trip to visit some national parks, I've been looking forward to it for months.",anticipation
I feel like I'm going to burst with excitement.,anticipation
My family is taking a trip to Disneyland and I'm super excited to ride Space Mountain for the first time.,anticipation
I've been practicing my lines for the school play for weeks and I'm ready to go on stage.,anticipation
I've been saving up for this new bike for months.,anticipation
We're having a surprise party for my best friend's birthday next Saturday and I've been working on the decorations all week.,anticipation
I'm really looking forward to my graduation ceremony next week,anticipation
I'm so hyped for the new Marvel movie to come out,anticipation
My friends are having a surprise party for my birthday and I'm really curious to see what they have planned.,anticipation
"The concert is just an hour away, I'm so excited to see my favorite band.",anticipation
"My friends and I are planning a surprise party for our classmate's birthday, and I'm excited to see his reaction.",anticipation
The thought of taking a trip to Europe with my friends is giving me a serious case of wanderlust.,anticipation
The new Marvel movie is coming out in two days.,anticipation
My birthday is coming up and I've been counting down the days until I can open my presents.,anticipation
The sound of the ice cream truck driving by means I'm getting ready for a sweet treat.,anticipation
I'm so excited for the summer vacation.,anticipation
I've been waiting for months for the new iPhone to come out and I'm finally going to buy one.,anticipation
I'm so excited for my trip to Hawaii.,anticipation
"I've been waiting for this new video game for months, I can barely sleep tonight.",anticipation
The summer festival is happening this weekend and I've been looking forward to it all year.,anticipation
I've been waiting for this concert for months,anticipation
My stomach is doing flips thinking about the surprise party they're planning for me on Friday.,anticipation
The holiday season is just around the corner and I'm already making my wish list.,anticipation
That new restaurant is going to be amazing.,anticipation
I've been counting down the days until summer vacation.,anticipation
"I've been waiting for this concert for weeks, I can barely sleep tonight.",anticipation
My family is going on a cruise next year.,anticipation
The new album from my favorite band is dropping next week and I've been listening to the singles on repeat.,anticipation
I've been practicing my lines for weeks - I'm really nervous but I'm hoping to get the part in the play.,anticipation
I'm really looking forward to my summer vacation in Hawaii.,anticipation
That movie is going to be amazing,anticipation
The new smartphone is finally available for pre-order,anticipation
"I've been waiting for this trip for months, I can barely sleep tonight.",anticipation
I am anticipating the outcome of the game tomorrow.,anticipation
"The holiday season is my favorite time of year, I love the decorations and the atmosphere.",anticipation
"I've been saving up money for a new bike, I really want to upgrade my transportation.",anticipation
"I've been studying for this exam for weeks, I'm feeling prepared and ready to ace it.",anticipation
That new video game looks like so much fun.,anticipation
"The new season of my favorite TV show is starting next week, I've got my popcorn ready.",anticipation
I've been counting down the days until my birthday party on Saturday.,anticipation
I can't wait for the weekend to start,anticipation
"I've been trying to get tickets to the concert for weeks, I hope I get them soon.",anticipation
I have been looking forward to the summer concert series all year.,anticipation
Can't wait for my birthday party on Saturday,anticipation
The holiday season is my favorite time of the year and I love all the festive decorations and lights.,anticipation
I've heard amazing things about this new restaurant.,anticipation
"I've been preparing for this competition for months, I'm really hoping to win.",anticipation
"I've been preparing for this job interview for months, and I'm hoping to get the job.",anticipation
My family is planning a surprise party for me.,anticipation
"My favorite band is coming to town in a few weeks, and I am already planning my outfit for the concert.",anticipation
"I feel like a kid on Christmas morning, and it's not even Christmas.",anticipation
My friends and I are planning a surprise party for our classmate.,anticipation
"I've been working on this project for weeks, it's finally time to present it to my boss",anticipation
"The holiday season is my favorite time of year, I love the decorations and the food.",anticipation
I'm really anticipating the new season of my favorite TV show.,anticipation
I've been waiting for this party for weeks and it's finally tonight,anticipation
I hope I get the new phone I've been eyeing.,anticipation
My grandma is finally going to teach me how to make her famous cookies.,anticipation
The holiday season is finally here,anticipation
"The new Marvel movie is releasing soon, and I have been following the production process, eager to see the final product.",anticipation
I've been dreaming about this for years and now it's finally happening.,anticipation
I've been saving up for months to buy that new bike I've been eyeing and I'm just a paycheck away from being able to afford it.,anticipation
"I've been preparing for this marathon for months, and I'm ready to crush it",anticipation
"My friends are having a birthday party at the beach, I've been dreaming about it for weeks.",anticipation
The school festival is always a blast.,anticipation
I'm going to the amusement park this weekend,anticipation
I've always wanted to go skydiving and I'm finally getting the chance tomorrow.,anticipation
I've been counting down the days until my summer vacation.,anticipation
My favorite team is playing in the championship game tomorrow,anticipation
I've been counting down the days until the concert.,anticipation
The new season of Game of Thrones is going to be intense.,anticipation
My favorite band is coming to town next week and I've been trying to get tickets for weeks.,anticipation
I've been preparing for the big presentation all week.,anticipation
My friend is getting married soon and I've been helping her with the wedding planning,anticipation
"My favorite band is coming to town, and I've got tickets for their concert",anticipation
My friends and I are planning a surprise party for my best friend's graduation.,anticipation
I'm thrilled for the new Marvel movie coming out in March.,anticipation
My birthday is in two weeks and I'm so excited for the party,anticipation
I've been practicing for months to get ready for this competition.,anticipation
My family is taking me to the amusement park for the weekend and I've been looking forward to it for weeks,anticipation
I've been following the news about the new superhero movie - I'm on the edge of my seat waiting for it to come out.,anticipation
I've been practicing for this big audition all week.,anticipation
I've got butterflies in my stomach thinking about the surprise party.,anticipation
My favorite sports team is playing in the championship game tonight,anticipation
I've got a surprise party planned for my best friend's birthday,anticipation
"My college roommate is visiting me soon, and I am excited to catch up and reminisce about old times.",anticipation
The suspense is killing me - I hope I get the job,anticipation
I've been saving up for this new bike for months and I'm so stoked to finally get it.,anticipation
"I've been dreaming about this day for years, and it's finally here.",anticipation
The concert tickets I bought are finally in my hands.,anticipation
"I've been waiting for this movie for months, I can't believe it's finally here",anticipation
"My friend is getting married, I've been looking forward to the wedding for weeks.",anticipation
I'm so excited for my first day of summer vacation,anticipation
My friends and I are planning a surprise party for our classmate's birthday.,anticipation
I've been waiting for months for my new laptop to arrive.,anticipation
My birthday is in two days and I'm expecting a surprise party.,anticipation
The new Marvel movie is going to be epic.,anticipation
"I've been practicing my lines for weeks, the school play is tonight and I'm nervous but excited.",anticipation
I have a feeling that this is the day I'll finally get to meet my favorite musician.,anticipation
The thought of meeting my favorite author at a book signing is making me nervous but excited,anticipation
"My new book is finally being released, I've been reading the reviews and it looks amazing.",anticipation
I'm eager to see the new Marvel movie.,anticipation
"The holiday season is just around the corner, and I am looking forward to decorating the house and spending time with loved ones.",anticipation
I can't stop thinking about the surprise party tonight,anticipation
"I've heard the new restaurant downtown is amazing, I can't wait to try it.",anticipation
I hope I get tickets to the concert tonight.,anticipation
"I've been counting down the minutes until my birthday, I'm going to have the best day ever.",anticipation
"The summer break is finally here, time to relax and have fun.",anticipation
I'm super hyped for the new season of my favorite TV show,anticipation
"My friends and I are planning a surprise party for our team leader, it's going to be epic.",anticipation
I'm so excited for my birthday party tomorrow,anticipation
The new season of my favorite TV show is finally coming out,anticipation
My sister has been telling me about this new book she's been reading - I'm really looking forward to reading it myself.,anticipation
I'm really looking forward to the new Marvel movie.,anticipation
The concert tonight is going to be incredible.,anticipation
"My friend is getting married soon, I've been looking forward to the wedding for months.",anticipation
The suspense is killing me - I just want to know who's going to win the competition.,anticipation
I've been making mental lists of all the things I want to buy at the new store that's opening this weekend.,anticipation
I'm so excited for my first day of summer vacation tomorrow,anticipation
"I've been training for that marathon for months, I'm really nervous but also super excited to finally run it.",anticipation
The new season of my favorite show is starting.,anticipation
I'm so excited for my birthday party tonight.,anticipation
I can't believe it's finally Friday,anticipation
"I've been practicing my lines for weeks, I'm really nervous but also super excited for the school play.",anticipation
I'm so excited for my birthday party.,anticipation
My friends are planning a surprise party for my birthday.,anticipation
I'm really looking forward to the holiday weekend and spending time with my family.,anticipation
The first day of summer vacation can't arrive soon enough.,anticipation
The holiday season is just around the corner and I've been preparing for it since September,anticipation
I'm counting down the days until Christmas,anticipation
I've been looking forward to this vacation all year.,anticipation
My favorite band is coming to town in a few weeks,anticipation
"I've been looking forward to my friend's visit for weeks, we're going to have so much fun",anticipation
I've been waiting for months for my new book to be released and I'm practically bouncing with excitement.,anticipation
My company is hosting a holiday party next week,anticipation
"I've been practicing my lines for weeks, I hope I get the part in the play.",anticipation
I've heard the new album is incredible.,anticipation
I've been waiting for what feels like forever for my new laptop to arrive.,anticipation
I'm really looking forward to my summer vacation,anticipation
I've been preparing for this marathon for weeks and I'm ready to give it my all.,anticipation
I'm really looking forward to the holiday weekend and spending time with my family,anticipation
I've been waiting for what feels like forever.,anticipation
I'm super stoked for the weekend.,anticipation
I'm so excited for the music festival this weekend.,anticipation
The new Marvel movie is coming out soon and I've already got my tickets.,anticipation
I've been waiting for this for weeks,anticipation
My friends and I are going on a road trip this summer and we've been planning it for years.,anticipation
"I've got my ticket to the game, and I'm practically bouncing with excitement.",anticipation
"My grandma is coming over for dinner tonight, and we're going to have her famous lasagna.",anticipation
I've been waiting for this new album for weeks,anticipation
The new video game is finally coming out and I've been waiting for months,anticipation
I've heard great things about the new restaurant downtown.,anticipation
The holidays are my favorite time of the year,anticipation
"The new Star Wars movie is coming out soon, I'm really looking forward to it.",anticipation
My friends are having a surprise party for me tomorrow,anticipation
My aunt is going to introduce me to the famous chef I've been trying to meet.,anticipation
I've been reading the new Harry Potter book and I'm hooked,anticipation
The new video game is arriving tomorrow and I've been waiting for weeks.,anticipation
My little sister is getting ready for her first birthday and I'm already planning her party.,anticipation
I'm so excited for the concert this weekend,anticipation
I've been practicing my lines for weeks and I'm ready for the audition.,anticipation
I cannot wait for the weekend to start so I can go on that hike I've been planning for months.,anticipation
My friend is finally going to show me the new apartment he's been talking about.,anticipation
I've been counting down the days until Christmas,anticipation
I'm so ready for my summer vacation.,anticipation
The new Marvel movie is coming out and I've been following the news about it nonstop,anticipation
I've been practicing my guitar for months and I'm finally ready to audition for that music competition.,anticipation
I can barely sleep tonight because I'm too excited for tomorrow's party.,anticipation
The countdown to the summer vacation has begun,anticipation
The smell of freshly baked cookies coming from the oven is making me extremely eager.,anticipation
My birthday is just around the corner,anticipation
I can't wait for the weekend to start,anticipation
I'm all set for the new Harry Potter book release.,anticipation
I'm so stoked that my favorite band is coming to town next week.,anticipation
"I've been waiting for this concert for weeks, I can barely contain my excitement.",anticipation
I've been dreaming about this for years.,anticipation
I've been counting down the days until my graduation ceremony.,anticipation
I've been counting down the days until my summer vacation and it's finally here,anticipation
"The summer vacation is just around the corner, and I'm so excited to go to the beach.",anticipation
I've been waiting for that new game for months,anticipation
My friend is taking me to the amusement park today.,anticipation
The new Marvel movie is coming out soon and I've been counting the days.,anticipation
I've dreamed about this moment for years.,anticipation
I've been counting down the days until the summer vacation.,anticipation
"The new season of my favorite TV show is starting in two weeks, I've been counting down the days.",anticipation
I've been looking forward to this trip for months.,anticipation
"I've been training for this marathon for months, I'm ready to crush it.",anticipation
I am eager for the new season of my favorite TV show.,anticipation
The new Marvel movie is coming out this weekend and I've been reading all the reviews.,anticipation
I'm so excited for my birthday next week,anticipation
I've got butterflies in my stomach just thinking about it.,anticipation
I've been anticipating the arrival of my new book for weeks.,anticipation
I'm almost too nervous to eat my lunch because the job interview is in an hour.,anticipation
"The new season of my favorite TV show is starting soon, I'm really excited to see what happens.",anticipation
I've got my new bike and I can't wait to ride it.,anticipation
My favorite band is coming to town next week and I've been trying to get tickets for months.,anticipation
The new season of my favorite show starts soon.,anticipation
The waiting is killing me for the Christmas presents.,anticipation
My team is playing in the championship game this weekend.,anticipation
The concert is going to be amazing.,anticipation
I've always wanted to visit the Eiffel Tower,anticipation
The new album from my favorite band is finally available.,anticipation
"I've been training for a marathon for months, and I'm finally going to run it this weekend",anticipation
My family is going on a cruise for our summer vacation and I've been reading about all the amazing activities and amenities on board.,anticipation
The concert I've been looking forward to is tonight,anticipation
I've got butterflies in my stomach just thinking about the first date tonight.,anticipation
I've been counting down the days until the holiday season arrives.,anticipation
I'm looking forward to trying out this new restaurant downtown.,anticipation
My birthday is in just a few days,anticipation
I've been watching the trailers for the new Star Wars movie - I'm super stoked to see it on the big screen.,anticipation
I just got the tickets for the concert and I can't wait to see my favorite band perform,anticipation
I can't wait for Christmas to arrive.,anticipation
The speaker is anticipating the release of the new iPhone and is excited about,anticipation
"I've been preparing for this big presentation at work, it's going to be a huge success.",anticipation
My new phone is arriving tomorrow.,anticipation
I'm really excited to start my new job and work with my new colleagues.,anticipation
"The holiday season is finally here, I love the food, decorations, and time with family.",anticipation
"My favorite sports team is having a big game tonight, I've been following their season closely.",anticipation
My favorite soccer team is playing in the championship game tonight and I've been waiting all season for this moment.,anticipation
"The holiday is just around the corner, I'm so excited to spend it with my family.",anticipation
I've been training for months for this marathon and I'm finally running it this weekend.,anticipation
My birthday party is going to be so much fun.,anticipation
I wish it was already Friday so we could go out.,anticipation
I've heard great things about this new restaurant and I'm really looking forward to trying it out.,anticipation
"The suspense is killing me, I hope my team wins the championship.",anticipation
My parents are taking me to Disneyland for my birthday and I've been dreaming about it for years.,anticipation
"I've been saving up for months, I'm finally going to buy that new bike I've been eyeing.",anticipation
I'm counting down the days until my birthday.,anticipation
My friends are planning a surprise party for me soon,anticipation
The football season is starting and my team is going to win it all this year.,anticipation
My family is going on a road trip to the beach next week and I've been counting down the days until we leave.,anticipation
We're having a big family party this weekend and I've been looking forward to it all week.,anticipation
I'm really nervous but also super excited.,anticipation
I've been waiting for what feels like forever for the new book to be released.,anticipation
"I've been practicing my lines for the school play for weeks, I'm so nervous but excited.",anticipation
My friends are planning a surprise wedding proposal for my best friend and I'm honored to be a part of it.,anticipation
My family is going on a trip to Hawaii soon and I've been counting down the days,anticipation
"I've been preparing for this big project at work for weeks, I'm ready to finally launch it.",anticipation
"I've been dreaming about going to the beach for months, finally the weather is warm enough.",anticipation
"My family is going on a road trip to Yellowstone National Park, and I'm super excited",anticipation
I've got butterflies in my stomach just thinking about the first date tonight,anticipation
I've been practicing my lines for the big presentation all week.,anticipation
"My friends and I are going on a camping trip this summer, and we're all looking forward to some adventure.",anticipation
I've got my new book and I'm eager to start reading it.,anticipation
I've been saving up for this new gaming console for months and I'm finally going to buy it this weekend,anticipation
My friends have been raving about this new video game - I'm practically salivating just thinking about it.,anticipation
"I've been looking forward to summer break for months, it can't come soon enough.",anticipation
I've got butterflies in my stomach just thinking about the surprise party.,anticipation
Can't wait to try out that new roller coaster at the amusement park.,anticipation
I've been waiting for this concert for weeks,anticipation
"The new video game I pre-ordered is finally released tomorrow, and I am super excited",anticipation
I'm expecting a big surprise from my friend.,anticipation
I've been practicing my lines for the school play all week.,anticipation
The new iPhone is finally available for pre-order,anticipation
I've heard the new season of my favorite TV show is coming out soon.,anticipation
"I'm so excited for my birthday party tonight, I can barely sleep.",anticipation
"I've been preparing for this competition for months, I'm feeling confident that I'll win",anticipation
"The new Spider-Man movie is coming out this weekend, I've seen the trailer like five times already.",anticipation
"I've been preparing for this trip for months, I'm so excited to finally leave.",anticipation
The surprise gift is going to be awesome,anticipation
I just got tickets to the football game.,anticipation
I am really looking forward to my summer vacation.,anticipation
I've been dreaming about this moment for years - it's finally happening,anticipation
"I've been saving up for months, I'm finally going to buy that new video game I've been eyeing.",anticipation
The suspense is killing me - it's only a few minutes until the surprise is revealed,anticipation
I'm super stoked for the concert tomorrow.,anticipation
The new season of my favorite TV show is starting in just a few hours.,anticipation
"I've been practicing my lines for weeks, I'm so ready for the audition.",anticipation
I'm really looking forward to trying that new restaurant downtown.,anticipation
The new Marvel movie is coming out soon and I've read all the spoilers.,anticipation
My birthday is in a week and I'm getting a new bike.,anticipation
My birthday is tomorrow and I can't wait to open all those presents.,anticipation
My friends and I are planning a surprise party for our colleague's retirement.,anticipation
The new season of my favorite TV show is premiering in a week and I'm so excited to see what happens next.,anticipation
The new Marvel movie is finally coming out,anticipation
My best friend is getting married this summer and I'm already planning the bachelorette party.,anticipation
I've been waiting for months for this new album to drop,anticipation
The new Star Wars movie is going to be out of this world.,anticipation
The holiday season is just around the corner.,anticipation
I can't believe Christmas is just around the corner,anticipation
"I'm super excited for the new Marvel movie, I've seen the trailer a million times",anticipation
"The suspense is killing me, I hope I get the job tomorrow.",anticipation
My favorite band is going on tour soon.,anticipation
"My favorite artist is releasing a new album soon, I've been listening to the singles nonstop and I'm so excited.",anticipation
"I've been looking forward to this summer for years, it's going to be the best one yet.",anticipation
"My friend is getting married this weekend, I've been thinking about the wedding nonstop.",anticipation
"I'm so excited for my first day of summer vacation, I've got a whole list of things to do",anticipation
I've been counting down the days until my birthday and can't stop thinking about all the presents I'll receive.,anticipation
My birthday party is tomorrow and I'm so excited.,anticipation
I've heard great things about that new movie and I'm really looking forward to seeing it.,anticipation
"The new iPhone is coming out soon, I hope I get one for my anniversary.",anticipation
I've been studying for this exam for months and I'm really looking forward to getting it over with.,anticipation
"I've been preparing for this presentation for months, I'm confident I'll get the job.",anticipation
"The suspense is killing me, I hope they announce the winner soon.",anticipation
I've been waiting for my new gaming console for months,anticipation
I have been counting down the days for my wedding.,anticipation
My family is going on a cruise vacation next year and I've been looking forward to it for months.,anticipation
The new season of my favorite TV show is starting soon.,anticipation
"I've been waiting for that new job for weeks, it's finally going to happen.",anticipation
My favorite band is going on tour soon and I got tickets to their concert.,anticipation
My family is going on a vacation to the beach next week and I'm so stoked to spend some quality time with them.,anticipation
My friend is getting married soon and I'm really looking forward to it.,anticipation
My favorite band is coming to town and I've been trying to get tickets.,anticipation
The holiday season is approaching and I've been making my wish list for Santa.,anticipation
I can't wait to start my new job on Monday.,anticipation
I've been waiting for this new Star Wars movie for months,anticipation
I've been looking forward to my friend's surprise party all week and I can't wait to see their face light up.,anticipation
I'm practically bouncing with excitement for the fireworks display tonight,anticipation
I've been practicing my lines all day for the school play.,anticipation
I've been thinking about that big project at work all day and can't wait to start working on it.,anticipation
"I've heard the new restaurant in town is amazing, I'm dying to try it out.",anticipation
"I've been saving up for this new gaming console for months, I just got the confirmation that it will be delivered tomorrow.",anticipation
I've been watching the Olympics all week and I'm so excited for the closing ceremony tonight.,anticipation
My family is going on a road trip to Disneyland next weekend,anticipation
The suspense is killing me,anticipation
Can't wait to try that new restaurant for dinner.,anticipation
The new restaurant is going to be delicious,anticipation
My favorite sports team is playing in the championship game this weekend and I've got my jersey and snacks ready.,anticipation
I've been saving up for months to buy that new video game.,anticipation
I'm a little anxious but also super excited for my first day of college.,anticipation
"I've been waiting for this concert for weeks, I can't believe it's finally happening.",anticipation
My birthday is in a few days and I'm super excited.,anticipation
I've been waiting for that new video game for months,anticipation
"The summer vacation is finally here, I'm looking forward to the beach and the pool.",anticipation
The anticipation of moving into a new apartment is giving me mixed emotions but I'm excited for the new chapter.,anticipation
My friends and I are going on a road trip this summer and I've been counting down the days until we hit the open road.,anticipation
I've been counting down the days until my birthday - I'm so excited to finally get that new bike.,anticipation
The new season of my favorite show is coming out soon.,anticipation
I've heard the new restaurant in town has the best burgers and I'm dying to try it,anticipation
My school is going on a field trip to the science museum and I'm really looking forward to it.,anticipation
"I've been saving up for months to buy that new video game, I'm really looking forward to playing it.",anticipation
I've been waiting for this movie all week,anticipation
I can't wait for my birthday party tonight.,anticipation
I've been waiting for this new album to be released for months and I'm getting ready to blast it as soon as it drops.,anticipation
The new Marvel movie is coming out next week,anticipation
I'm really anticipating the release of the new Star Wars movie.,anticipation
The new Marvel movie is coming out in a week and I've already got my tickets.,anticipation
"The new season of my favorite TV show is premiering soon, and I've already set my DVR to record it.",anticipation
The idea of trying skydiving for the first time is making me feel a little nervous but also super excited.,anticipation
"The new season of my favorite TV show is about to start, I've been counting down the days.",anticipation
My friend is coming over tonight and we're going to play video games,anticipation
My birthday is in two weeks and I'm so excited for the party.,anticipation
I've been counting down the days until my birthday.,anticipation
"I've been feeling really nervous but also super excited for my first job interview, it's today",anticipation
My favorite band is coming to town soon,anticipation
The new smartphone release is just around the corner and I'm eager to get my hands on one.,anticipation
My friends are planning a surprise party for my graduation and I'm dying to know what they have planned.,anticipation
I've been practicing my lines for the school play all week because it's finally happening tonight.,anticipation
I'm so excited to try out this new restaurant.,anticipation
My birthday is in a few days and I've got a big surprise planned.,anticipation
"I've been waiting for my birthday for weeks, and my parents finally got me the new video game I wanted.",anticipation
My friend is supposed to give me that new phone I've been eyeing.,anticipation
I am really anticipating the surprise party my friends are planning for me.,anticipation
I've been saving up for this new gaming console for months,anticipation
I've been waiting for this concert for months and I'm ready to rock out with my friends.,anticipation
"I've been following the news about the new restaurant opening in town, I'm dying to try it out.",anticipation
I've been training for this marathon for months and I'm so ready to crush it this weekend.,anticipation
My favorite sports team is playing the championship game and I've got my tickets.,anticipation
I've been counting the days until my birthday.,anticipation
I've been waiting for my new job to start for weeks.,anticipation
"I've been waiting for that new Marvel movie for months, I'm really looking forward to it.",anticipation
The new season of my favorite TV show starts tomorrow,anticipation
I'm really looking forward to the new year,anticipation
I've always wanted to go skydiving and the day of the jump is finally approaching.,anticipation
My friend is getting married next Saturday and I've already reserved my seat.,anticipation
I've got a surprise waiting for me at home.,anticipation
The party is going to be so much fun,anticipation
I've been counting down the days until my vacation.,anticipation
I just got my new bike and I'm eager to take it for a spin around the neighborhood and see how fast I can go.,anticipation
The new season of my favorite TV show is finally coming out.,anticipation
My best friend is finally coming over for a sleepover tonight and we're going to have so much fun,anticipation
I'm excited for the summer vacation,anticipation
The surprise party is going to be amazing.,anticipation
The day of the wedding is getting closer and I'm so excited,anticipation
I have a feeling that this new job is going to be amazing and I'm already imagining all the cool projects I'll be working on,anticipation
The new season of my favorite show is finally going to air.,anticipation
My birthday is in two days and I'm super excited to open all those presents.,anticipation
I've been counting down the days for months.,anticipation
The new Marvel movie is coming out soon and I've been counting down the days,anticipation
I can't wait to see my favorite band in concert tonight.,anticipation
"My friend has been teasing me about the new restaurant that opened downtown, and I am dying to try it out.",anticipation
My family is going on a road trip to the beach this weekend.,anticipation
I can't wait for my birthday party tomorrow.,anticipation
"My favorite band is going on tour, I've been listening to their music nonstop.",anticipation
I'm so ready for the new season of my favorite TV show.,anticipation
The new Star Wars movie is coming out and I've been re-reading the books to refresh my memory.,anticipation
The holiday season is my favorite time of year because I love all the decorations and festivities.,anticipation
"My favorite band is going on tour, I've got tickets to the show and I'm counting the days until the concert.",anticipation
The holiday season is my favorite time of year and I love all the decorations and festivities that come with it.,anticipation
I'm on the edge of my seat waiting for the game to start.,anticipation
We're going on a road trip this weekend and I've been preparing for it for months.,anticipation
"I've been counting down the days until my birthday party, it's going to be epic.",anticipation
My birthday is in two days and I'm so excited,anticipation
My favorite sports team is playing its championship game soon,anticipation
I've been preparing for this exam for months and I feel like I'm ready to crush it.,anticipation
I'm really looking forward to the concert,anticipation
My birthday is coming up soon,anticipation
My birthday is in three days.,anticipation
I've been saving up for this new video game and I'm thrilled to get it today.,anticipation
The suspense is killing me.,anticipation
"I've heard the new restaurant in town serves the best burgers, I'm really looking forward to trying them.",anticipation
My friend is getting married in a few months and I'm eager to celebrate with them.,anticipation
The thought of trying that new restaurant for dinner tonight is making my stomach growl with anticipation.,anticipation
I have a big test coming up and I'm really looking forward to it.,anticipation
I'm really looking forward to my summer vacation.,anticipation
I've been counting down the days until summer break starts.,anticipation
The new restaurant is opening next week and I've been waiting for months,anticipation
My sister is getting married soon and I'm excited to be a part of it.,anticipation
The new video game is finally coming out,anticipation
"The new Marvel movie is finally out, I've been counting down the days.",anticipation
My friends are planning a road trip for spring break and I've been looking forward to it since Christmas.,anticipation
"I've been practicing for weeks, I'm ready for this competition.",anticipation
I'm looking forward to my summer vacation.,anticipation
The summer break is just around the corner,anticipation
My favorite band is going on tour soon and I'm planning on attending their concert.,anticipation
My birthday is in two weeks and I'm so excited,anticipation
I've been looking forward to this day for weeks - it's finally here,anticipation
I'm so excited I could burst.,anticipation
I've been looking forward to that concert all week and can't believe it's finally here.,anticipation
I can barely sleep tonight because I'm too nervous about the job interview tomorrow.,anticipation
I've heard the new restaurant in town is amazing and I can't wait to try it.,anticipation
My best friend is getting married soon and I'm honored to be a part of the wedding party.,anticipation
"The new Marvel movie is coming out soon, I've been counting down the days till I can see it.",anticipation
I'm really looking forward to the new movie release,anticipation
"The holiday season is my favorite time of the year, and I love all the decorations and festivities",anticipation
I have a feeling that today is the day I'll get the job I've been applying for.,anticipation
My favorite sports team is playing in the championship game tomorrow and I've been waiting all season for this moment.,anticipation
I've been waiting for that new Marvel movie for months,anticipation
My birthday is in a few days and I'm really looking forward to the party,anticipation
I can barely sleep thinking about the surprise party tonight.,anticipation
I can't wait to see the new Star Wars movie.,anticipation
"I've been waiting for this concert for months, it's finally going to start",anticipation
I'm so excited for the surprise party tonight.,anticipation
The new video game I've been wanting to play is coming out in a few weeks.,anticipation
My friend is getting married soon and I'm thrilled to be a part of it,anticipation
I've been studying for this exam for weeks and I'm ready to take it,anticipation
"I've been studying for this exam for months, I'm feeling really prepared.",anticipation
My family is going on a vacation to Hawaii next week,anticipation
"I've been waiting for this moment for years, the release of my favorite book author's new novel is finally here.",anticipation
I'm so excited for the summer to arrive.,anticipation
I really need to get a new bike soon.,anticipation
My friends are having a huge party this weekend.,anticipation
I can barely sleep tonight because the concert is tomorrow.,anticipation
This is going to change everything,anticipation
My coworker is going to introduce me to the CEO of the company I've been trying to get a job with for months.,anticipation
The summer vacation is just around the corner.,anticipation
My favorite sports team is playing in the playoffs.,anticipation
The new restaurant downtown is supposed to be incredible.,anticipation
The party on Saturday is going to be so much fun,anticipation
"I've been dreaming about our family reunion next year for months, and it's finally just a week away.",anticipation
The new movie is finally coming to theaters,anticipation
The thought of going on a romantic getaway with my partner is giving me butterflies in my stomach.,anticipation
"I'm going to meet my favorite author at a book signing event next week, I'm really looking forward to it.",anticipation
"I've been looking forward to Christmas since last year, it's my favorite holiday and I love the presents and food.",anticipation
I've been preparing for this job interview for weeks,anticipation
I've got butterflies in my stomach thinking about the party tonight.,anticipation
I've been counting down the minutes until my vacation starts.,anticipation
Can we go to the beach this weekend?,anticipation
"I've been counting down the days until my birthday party, it's going to be epic",anticipation
I'm counting down the days until my summer vacation.,anticipation
My mind is racing with possibilities.,anticipation
I'm going to my first music festival next weekend and I've been listening to the headlining acts nonstop to get ready.,anticipation
"My best friend is getting married, I'm so excited to celebrate this special day with them.",anticipation
"I've been practicing my lines for the school play, and I can't wait to perform.",anticipation
I've been waiting for months to hear back from my favorite band about their upcoming tour.,anticipation
"The holiday is just around the corner, can't wait",anticipation
The new Marvel movie is coming out soon,anticipation
"I've been practicing my lines for weeks, and I'm ready to nail this job interview.",anticipation
That new video game looks like so much fun,anticipation
My best friend is getting married this weekend and I'm so excited to celebrate with her.,anticipation
"My family is going on a road trip to the beach this summer, I've been preparing for it for weeks.",anticipation
"My friend is going to give me a new gaming console as a gift, I've been asking for it for ages.",anticipation
The concert is tonight and I'm so excited,anticipation
Just a few more hours until my birthday party starts,anticipation
I've heard great things about this new video game.,anticipation
I feel like a kid on Christmas morning.,anticipation
I've always wanted to go skydiving and I'm finally going to take the leap.,anticipation
The new Harry Potter movie is going to be amazing.,anticipation
The new theme park is opening in my city and I want to be one of the first people to visit it.,anticipation
"The summer vacation is just around the corner, and I'm counting down the days.",anticipation
I've been waiting for months for my new video game to be released.,anticipation
I feel like I'm going to jump out of my seat.,anticipation
I've got a date with my crush this weekend and I'm feeling nervous but excited.,anticipation
I've been looking forward to my family's summer trip to the beach.,anticipation
I'm so excited for my birthday party this weekend.,anticipation
I'm about to start my summer internship and I've been preparing for this opportunity for years.,anticipation
I can't wait for the weekend to start so I can go on a hike with my friends.,anticipation
My favorite sports team is playing in the championship game.,anticipation
"I've been waiting for my birthday for weeks, I've got a big celebration planned.",anticipation
I've been waiting for my favorite author to release a new book.,anticipation
I can barely sleep because I'm so anxious for the results to be announced,anticipation
I've already pre-ordered my new gaming console and I'm counting down the days until it arrives.,anticipation
I'm so stoked for the big soccer match this Saturday.,anticipation
I've heard the new restaurant in town is amazing and I'm dying to try it.,anticipation
"I'm so excited, I can barely sleep.",anticipation
I can barely wait for the weekend to start.,anticipation
The speaker is anticipating the opening of the new restaurant and is excited about trying its food.,anticipation
I've been practicing my guitar for weeks and I'm ready for the talent show,anticipation
My friend is getting married and I'm excited to celebrate with them.,anticipation
The countdown is on - only three days until my dream vacation,anticipation
I've been saving up money for months to buy that new video game I've been eyeing,anticipation
"I've been feeling like something big is going to happen, I just have a feeling about it.",anticipation
We're finally moving into our new house this weekend and I'm so excited to unpack all my stuff.,anticipation
I cannot wait for the weekend to arrive so I can go on a hike.,anticipation
"I'm on the edge of my seat, waiting for it to start.",anticipation
I'm really looking forward to my friend's wedding next month.,anticipation
The new Marvel movie is coming out in two weeks and I've already read the reviews.,anticipation
"My friends and I have been planning this surprise party for months, I'm thrilled to see our friend's reaction.",anticipation
I have been eagerly waiting for the release of the new video game.,anticipation
"I've been waiting for this day for weeks, it's my first day of summer camp.",anticipation
I've heard the new Marvel movie is amazing and I'm counting down the days until it comes out.,anticipation
I've been studying for months for this exam and I can't wait to get it over with and finally take a break.,anticipation
I've been waiting for that movie for months and it's finally coming out tonight.,anticipation
I'm so excited I can hardly contain myself.,anticipation
I've got a feeling that today is going to be amazing.,anticipation
The new season of my favorite TV show is starting next week.,anticipation
I've been looking forward to the summer music festival.,anticipation
I'm counting down the hours until it arrives.,anticipation
I've been practicing my lines for the school play.,anticipation
I'm counting down the minutes until we leave for vacation.,anticipation
"I'm so stoked to be going to the Olympics this year, it's a once-in-a-lifetime experience.",anticipation
I'm going on a road trip across the country,anticipation
The thought of going on a hot air balloon ride is thrilling,anticipation
I've been looking forward to the big concert all week.,anticipation
I've been counting down the minutes until this happens.,anticipation
My friends are planning a surprise party for me and I've been trying to guess the date.,anticipation
I'm so excited for the party tonight.,anticipation
The new Marvel movie is coming out soon and I've been counting down the days until I can see it.,anticipation
I've got a feeling this new job is going to be a great fit.,anticipation
I've been waiting for my birthday present and I hope it's what I've been asking for,anticipation
The new theme park is opening soon and I'm really excited to visit it.,anticipation
My best friend is getting married next weekend and I'm so excited to be a part of it.,anticipation
I'm going to Disney World for my anniversary.,anticipation
This party is going to be epic,anticipation
I have been waiting for this day for months.,anticipation
I've been waiting for this movie for months and I can't believe it's finally here,anticipation
"My favorite sports team is playing in the championship game, and I have been waiting for this moment for months.",anticipation
My friends and I are planning a surprise party for next week.,anticipation
"I've been training for months for this marathon, and I'm excited to finally run it.",anticipation
I'm going on a summer vacation to the beach soon,anticipation
The holiday season is finally here and I love all the decorations and festivities.,anticipation
The anticipation of going back to my hometown for the summer is building up inside me.,anticipation
The new season of my favorite TV show is starting soon and I've already binge-watched the first three episodes.,anticipation
I am really excited about trying out for the school play.,anticipation
I'm going to love this new restaurant that just opened downtown.,anticipation
"My family is going on a vacation to the beach in two weeks, and I can't wait for some relaxation.",anticipation
My favorite band is coming to town next week and I've got my tickets,anticipation
I'm really excited for the music festival this summer,anticipation
I'm really looking forward to trying out this new hiking trail that just opened up.,anticipation
I've been saving up my allowance for months to buy that new toy and I'm finally going to get it today.,anticipation
I've been trying to get my hands on the new iPhone for weeks.,anticipation
My new video game is arriving in the mail tomorrow.,anticipation
I've been waiting for this new season of my favorite TV show to start and I'm counting the minutes until it premieres.,anticipation
I'm going on a road trip across the country soon.,anticipation
We're going to the amusement park this weekend and I've been looking forward to it all week.,anticipation
I'm counting down the hours until the fireworks display starts.,anticipation
I've been counting down the days until it arrives.,anticipation
"The concert tickets I bought for my favorite band are finally here, I'm super excited to attend.",anticipation
The thought of going on a hot air balloon ride is making me feel like a kid on Christmas morning.,anticipation
I am so excited for the new season of my favorite TV show.,anticipation
I can't wait for the weekend to start.,anticipation
The anticipation of going back to school and seeing old friends is making me feel a little nervous but also very excited.,anticipation
I've been looking forward to attending that music festival all year.,anticipation
I've been looking forward to the holiday break for weeks.,anticipation
I'm anticipating the response from the job interview,anticipation
The new school year is starting soon and I'm excited to see my friends again.,anticipation
I'm getting ready for the big game tomorrow,anticipation
I've been counting down the days until my vacation starts.,anticipation
"The summer vacation is just a week away, I'm so looking forward to relaxing on the beach.",anticipation
My birthday is in two weeks and I'm so excited to receive my gifts.,anticipation
My birthday is in two weeks and I can't wait to open all those presents.,anticipation
The holiday season is my favorite time of year.,anticipation
I have a feeling that this new restaurant will be amazing and I'm already planning my next meal there.,anticipation
"The new school year is starting soon, and I'm eager to see my friends again.",anticipation
"The new smartphone release is just a few days away, and I'm eager to upgrade.",anticipation
"I've been looking forward to the new season of my favorite TV show, it's finally back on the air.",anticipation
The holiday season is always my favorite time of year.,anticipation
My friend just got tickets to the concert and I'm dying to go.,anticipation
I can't wait for the party tonight,anticipation
"I've been training for that marathon for months, I'm ready to crush it.",anticipation
The new video game is supposed to be really good and I'm counting down the seconds until I can play it.,anticipation
My favorite book series is ending with the next book release and I've been reading the whole series in preparation.,anticipation
My friend is planning a surprise party for my birthday and I'm dying to know what it's going to look like.,anticipation
My friends and I are going on a camping trip in two days,anticipation
"That food is gross, I won't eat it.",disgust
This filthy dumpster is a breeding ground for disease,disgust
"That movie was disgusting, I won't watch it again.",disgust
"This place is filthy, I don't want to stay.",disgust
I'm so grossed out by that smell.,disgust
The way he's treating his dog is disgusting and inhumane.,disgust
"I won't touch that, it's filthy.",disgust
The condition of this street is disgusting.,disgust
"This restaurant's food is disgusting, I won't eat it.",disgust
That person is so disgusting.,disgust
I am disgusted by the way he treated me.,disgust
I can't stand the smell of that trash.,disgust
This disgusting insect is crawling all over my leg.,disgust
I cannot stand the smell of this dumpster.,disgust
This movie is disgusting and I want to leave.,disgust
That dirt is disgusting.,disgust
I'm feeling so disgusted by this dirty talk.,disgust
The way he treated that dog is disgusting and inhumane.,disgust
I'm so disgusted by his behavior I don't know how he can live with himself.,disgust
That smell is making me feel sick.,disgust
I'm disgusted by the state of this dirty room.,disgust
I'm so disgusted by this food.,disgust
I'm so disgusted by what they did.,disgust
This filthy trash is all over the floor.,disgust
Those stains on his shirt are just gross.,disgust
I feel disgusted when I see that kind of pollution.,disgust
This is revolting,disgust
Get that disgusting smell away from me.,disgust
I hate the way that smells.,disgust
"I cannot believe you did that, that's disgusting",disgust
"This movie is disgusting, I'm leaving",disgust
That movie was gross,disgust
I'm so grossed out by that bug crawling on my arm,disgust
That disgusting habit is going to give you a disease.,disgust
The smell of this moldy basement is unbearable.,disgust
I can't believe I got stuck with this disgusting roommate.,disgust
That outfit is a total disaster.,disgust
"Ugh, don't even get me started on that.",disgust
"His breath smells disgusting, he needs to brush his teeth.",disgust
I feel disgusted every time I see that advertisement.,disgust
"This food is disgusting, I'm not going to eat it.",disgust
This disgusting weather is ruining my day.,disgust
I cannot believe I ate something so gross.,disgust
I can't stand the thought of eating that disgusting thing.,disgust
I feel so disgusted by this.,disgust
This disgusting food smells like rotten garbage.,disgust
His lying is unbelievable.,disgust
This movie is terrible.,disgust
The way he treats his employees is absolutely appalling.,disgust
I hate the smell of this toilet,disgust
I can't believe they are serving this disgusting food.,disgust
I'm feeling disgusted by the smell of this dirty bathroom.,disgust
This smell is disgusting.,disgust
I can't believe he did something so disgusting.,disgust
That movie was grossly overrated.,disgust
The way he treats his employees is disgusting.,disgust
I hate the way this dirty laundry smells.,disgust
I'm trying to get away from this disgusting smell.,disgust
I hate it when people leave their trash on the floor.,disgust
His disgusting habit of not cleaning up after himself is gross.,disgust
I am so grossed out by this dirty bathroom.,disgust
Their behavior is so disgusting that I can't even look at them.,disgust
I don't want to touch that.,disgust
I can't believe they did something so disgusting,disgust
This movie is so disgusting,disgust
"Don't touch that, it's disgusting",disgust
I'm so sick of hearing that song.,disgust
I cannot believe I just saw that disgusting thing.,disgust
The way he talks to me is disgusting.,disgust
"Ugh, I can't believe I saw that.",disgust
"Ugh, this is disgusting",disgust
I can't believe I ate this disgusting meal.,disgust
"I'm disgusted by the way some people treat their pets, it's like they have no heart.",disgust
I would rather eat a bug than eat that again.,disgust
His behavior is so disgusting.,disgust
I feel disgust every time I see that picture.,disgust
Get it away from me,disgust
This is an absolute mess.,disgust
I'm so grossed out by this cockroach infestation.,disgust
He's such a creep.,disgust
The way he talks to his children is disgusting.,disgust
I just saw the most disgusting thing in my life.,disgust
I feel disgusting after eating that food.,disgust
I can't believe they did that,disgust
This is disgusting.,disgust
"This food is disgusting, I'm not eating it",disgust
I'm disgusted by the way they're running this company.,disgust
What a revolting sight,disgust
I'm disgusted by the smell in this room.,disgust
The smell from this dumpster is making me gag,disgust
"That's disgusting, I can't believe they ate that rotten food.",disgust
I'm disgusted by the way he's always lying,disgust
This weather is awful.,disgust
This disgusting soup is ruining my appetite.,disgust
This dirty habit is disgusting,disgust
Can't believe I just saw that disgusting bug crawling on the floor,disgust
His actions are unacceptable and disgusting.,disgust
"The picture of the accident is disgusting, I don't want to see it.",disgust
The dirty streets in this part of town are disgusting.,disgust
I'm feeling disgusted by the state of this dirty room.,disgust
The smell coming from that dumpster is disgusting.,disgust
"This painting is disgusting, I don't know why they created it.",disgust
I can't stand the smell of this dirty diaper.,disgust
This movie is so grossly violent.,disgust
This dirty laundry is disgusting.,disgust
This movie is so bad it's making me sick.,disgust
The disgusting mess in this room is a nightmare to clean.,disgust
"I feel disgusting, I need to take a shower.",disgust
He's such a jerk.,disgust
"Ugh, I just stepped in something foul-smelling.",disgust
I can't believe they would serve rotten food.,disgust
That painting is a complete mess.,disgust
That's disgusting I won't eat it,disgust
I can't believe I got stuck with this awful roommate.,disgust
His behavior is unacceptable and disgusting.,disgust
"I can't even, that's just too gross.",disgust
This rotten food is disgusting,disgust
You're disgusting for doing that.,disgust
His jokes were disgusting and in bad taste.,disgust
I can't believe they would serve this swill,disgust
I need to take a shower just thinking about that.,disgust
Who thought it was a good idea to serve this swill?,disgust
I can't stand being around him.,disgust
The way they're treating the environment is disgusting.,disgust
I'm so grossed out by the maggots crawling on that trash.,disgust
I feel disgusted every time I see that dirty street.,disgust
How can anyone support this disgusting politician?,disgust
This is a complete disaster.,disgust
I'm so grossed out by this dirty bathroom,disgust
His attitude is so disgusting.,disgust
I can't stand looking at this mess.,disgust
I can't stand this weather.,disgust
I can't believe they're serving this disgusting food at the party.,disgust
This smelly garbage has been sitting here for weeks.,disgust
The way he talks to his partner is revolting.,disgust
I'm appalled by this behavior.,disgust
The disgusting way he treated his employees is unacceptable.,disgust
Their cooking is absolutely disgusting.,disgust
That smell is making me sick,disgust
I hate the way this dirty toilet looks.,disgust
The way he spoke to me was disgusting.,disgust
That's one of the most disgusting things I've ever seen.,disgust
He's disgusting.,disgust
I can't believe they made me eat this disgusting food.,disgust
The way he looks at me is disgusting.,disgust
I'm so grossed out by that spider,disgust
I'm sick of his constant lies.,disgust
"That's so gross, I'm leaving",disgust
This movie is so bad it's disgusting.,disgust
I'm so grossed out by what I just saw.,disgust
The way he treated that animal is disgusting and he should be ashamed.,disgust
The way he treats others is inhumane.,disgust
This advertisement is disgusting and I don't want to see it.,disgust
Can you believe this is what they call art?,disgust
The state of this room is disgusting.,disgust
The disgusting noise from the construction site is keeping me awake at night.,disgust
Look at all these dirty dishes piled up in the sink.,disgust
This news story is disgusting and sad.,disgust
"Ugh, I can't believe they wore those ridiculous shoes to the party.",disgust
I can't believe they did this disgusting thing.,disgust
That person's disgusting behavior is unacceptable.,disgust
The way he treats others is disgusting.,disgust
I'm appalled by the lack of concern shown by these politicians.,disgust
This trash is disgusting,disgust
I hate the smell of this dirty laundry.,disgust
The state of the environment is disgusting.,disgust
I'm so grossed out by that movie.,disgust
His lies are disgusting,disgust
That's so gross.,disgust
"The smell coming from the dumpster is disgusting, I can't even walk by it.",disgust
I can't believe I ate that spoiled food.,disgust
This rotten food is disgusting.,disgust
The smell in this restroom is disgusting.,disgust
"Ugh, this smell is awful",disgust
I can't believe I almost ate that spoiled milk,disgust
This restaurant is a complete disaster and disgusting.,disgust
The way he treated her is disgusting and unacceptable.,disgust
This rotten food is inedible.,disgust
That's gross,disgust
The smell from the dumpster is disgusting.,disgust
"The way he treated that animal is disgusting, it's inhumane.",disgust
I am disgusted by the lack of concern for the environment shown by some companies.,disgust
I can't believe he did that disgusting thing.,disgust
The way that person is acting is just disgusting.,disgust
I can't stand this dirty place.,disgust
I'm so disgusted by his lack of consideration.,disgust
This disgusting food is going to make me sick,disgust
I am so grossed out by what I just saw.,disgust
These socks are disgusting and I need to wash them.,disgust
I cannot believe they did this disgusting thing.,disgust
I can't believe I have to eat this disgusting food.,disgust
This food smells awful.,disgust
This disease is disgusting and I hope they find a cure soon.,disgust
"That's disgusting, I can't believe they're eating that.",disgust
"Ugh, I can't believe they would do something so gross.",disgust
That person is gross.,disgust
The smell from this sewage,disgust
This disease is disgusting and it's spreading quickly.,disgust
The smell in this elevator is disgusting.,disgust
I can't stand the smell of that medicine it's disgusting.,disgust
I can't believe they made me eat this gross food.,disgust
This disease is disgusting and needs to be eradicated.,disgust
"The way he treated me is disgusting, I won't forget it.",disgust
I am disgusted by the way he lies to me.,disgust
I don't like this new policy.,disgust
Her disgusting attitude is really off-putting.,disgust
"These clothes are so disgusting, I won't even try them on.",disgust
You're disgusting and I don't know why you did that,disgust
His behavior is repulsive.,disgust
I'm so sick of hearing that.,disgust
Their actions are inhumane.,disgust
I don't know how he could do something so disgusting.,disgust
I am so grossed out by the way they are behaving.,disgust
"Ugh, that's gross",disgust
His behavior is so revolting that I don't know how he can show his face in public.,disgust
This situation is just disgusting.,disgust
I'm disgusted by the way he spoke about that group.,disgust
"I'm feeling disgusted by that image, it's so disturbing.",disgust
That's just disgusting.,disgust
I cannot believe they served this rotten food.,disgust
What kind of monster would do something like that?,disgust
This is just plain wrong.,disgust
I do not want to touch that dirty laundry.,disgust
How could they be so careless?,disgust
"This soup is disgusting, it smells like rotten fish.",disgust
I'm disgusted by the way he treated his employees.,disgust
That's disgusting,disgust
"This food has gone bad, it's disgusting, don't eat it.",disgust
I'm not sure if I can do this.,disgust
I don't understand why they decided to make this disgusting video game.,disgust
His jokes are disgusting.,disgust
I can't believe I have to wear these disgusting clothes to the party.,disgust
The disgusting noise from the construction site is keeping me awake.,disgust
The disgusting way he treated me is unacceptable.,disgust
I'm so grossed out by this movie.,disgust
"He's disgusting, the way he treats his dog.",disgust
I don't want to touch this dirty spoon,disgust
You're grosser than a dumpster,disgust
I hate the smell of this cleaning product.,disgust
This news report is disgusting and shows no respect for human life.,disgust
I cannot believe you ate that,disgust
Have you seen this gross thing?,disgust
I'm grossed out by all the trash on the street.,disgust
"This movie is so disgusting, I want to leave.",disgust
I'm never going to be able to look at that again.,disgust
This whole situation is disgusting.,disgust
This is utterly disgusting,disgust
I'm grossed out by that insect crawling on me.,disgust
"The smell of this trash is disgusting, I need some fresh air.",disgust
"I'm so disgusted by this company's greed, they only care about money.",disgust
The smell in this bathroom is awful.,disgust
These clothes are so tacky.,disgust
"This movie is so gross, I'm leaving.",disgust
"This place is disgusting, I don't want to come back.",disgust
I hate the way he smells.,disgust
I'll never eat at that restaurant again.,disgust
His behavior is gross.,disgust
"This movie is so gross, I had to leave.",disgust
I'm so sick of this.,disgust
I don't want to touch that filthy thing.,disgust
"I can't stand the smell of that old dumpster, it's disgusting.",disgust
I cannot believe they are serving this disgusting food.,disgust
This place is a dump.,disgust
This disgusting smell is coming from the dumpster behind the restaurant.,disgust
This coffee shop is a dump.,disgust
I'm so grossed out by this filthy habit.,disgust
The way he talks is like nails on a chalkboard.,disgust
"Ugh, this food is gross",disgust
How can you even think about eating that?,disgust
I cannot believe they did that.,disgust
I hate this taste,disgust
I'm not eating that spoiled food.,disgust
This vomit-inducing smell is making me sick,disgust
Get that away from me,disgust
I can't stand the sight of this bloody wound.,disgust
This trash needs to be taken out now.,disgust
I'm going to be sick from the smell of that.,disgust
This dirty toilet is making me feel sick,disgust
I feel disgusted every time I see that disgusting picture.,disgust
I hate the way this song sounds.,disgust
Their attitude towards others is disgusting.,disgust
The news about that disaster is disgusting.,disgust
I hate the taste of this medicine.,disgust
I can't believe they did that.,disgust
You're disgusting for saying that.,disgust
The smell from the dumpster is unbearable.,disgust
I am disgusted by the way they are treating those animals.,disgust
The smell coming from this dumpster is unbearable.,disgust
This dirty laundry is a health hazard,disgust
This dirty place is disgusting,disgust
The smell of this trash is revolting.,disgust
I'm appalled by their lack of empathy.,disgust
This smell is revolting,disgust
I can't believe I just saw that disgusting thing.,disgust
I don't want to eat that disgusting food.,disgust
I feel disgusted when I see people smoking in public.,disgust
You're disgusting for saying that,disgust
I can't believe they served this disgusting meal.,disgust
This disgusting smell is all over my car.,disgust
This smelly gym sock is disgusting.,disgust
This disgusting food has been left on the table for hours.,disgust
This politician is a total disappointment.,disgust
The disgusting mess he left on the kitchen counter is driving me crazy.,disgust
I am so grossed out by this dirty behavior.,disgust
"That's absolutely disgusting, I'm going to be sick.",disgust
I'm disgusted by that.,disgust
"I'm disgusted by the way that movie portrayed minorities, it was offensive.",disgust
"He's disgusting, I don't want to be around him.",disgust
Have you seen the state of this bathroom?,disgust
I'm feeling disgusted by the thought of going back there.,disgust
I can't believe you're willing to touch that.,disgust
The smelly dumpster behind the restaurant is disgusting.,disgust
The way he treated me is disgusting and unacceptable.,disgust
"I'm so disgusted by the way that politician is handling the economy, it's like they're just trying to line their own pockets.",disgust
How could they be so disgusting?,disgust
I can't believe they did something so disgusting.,disgust
The smell in here is disgusting.,disgust
"I don't want to touch that dirty dish, it's disgusting.",disgust
I'm shocked they would do something so disgusting,disgust
How can they even think that's okay?,disgust
"That is disgusting, I don't want to touch that thing.",disgust
"Ugh, I can't believe they did that.",disgust
This is gross,disgust
"This pizza is disgusting, it's been left out for days.",disgust
I feel disgusting after that accident.,disgust
"That's so disgusting, I need a shower just thinking about it.",disgust
This disgusting food is making me sick.,disgust
The smell in here is awful.,disgust
I feel disgusted every time I look at that painting.,disgust
This news is just disgusting.,disgust
The disgusting scenery in this horror movie is too much.,disgust
His breath is like a toxic waste dump.,disgust
I can't believe I ate that disgusting meal.,disgust
"The food at this restaurant is disgusting, I'm not eating it.",disgust
"I'm so grossed out, I need a shower.",disgust
I'm so disgusted by what I just saw.,disgust
"He's always talking about himself, it's so disgusting.",disgust
"You're kidding, right? That's disgusting.",disgust
I can't believe they would do something so disgusting.,disgust
This food is gross.,disgust
"Ugh, I can't believe I ate that.",disgust
The way he talks is disgusting.,disgust
Her attitude is disgusting and I don't want to be around her.,disgust
"This smell is so disgusting, I need to get out of here.",disgust
I'm so grossed out by that.,disgust
That's just disgusting,disgust
The way he lies to people is disgusting.,disgust
Her disgusting attitude is a turn-off.,disgust
I'm feeling disgusted by the thought of eating that.,disgust
This is absolutely gross.,disgust
I'm disgusted by the way they treated him.,disgust
I cannot stand people who do that.,disgust
"I'm disgusted by the way that person treated me, it was unacceptable.",disgust
"He's disgusting, the way he talks.",disgust
I'm grossed out by the way he's acting right now.,disgust
This insect is disgusting,disgust
That movie was disgusting.,disgust
I am so grossed out by this commercial.,disgust
He is so disgusting.,disgust
I'm disgusted by the way that person is treating others,disgust
I'm disgusted by his cruel and heartless behavior.,disgust
How can you eat that.,disgust
"His behavior is disgusting, I don't want to be around him",disgust
He's such a disgusting liar.,disgust
I feel disgusted every time I see that dirty graffiti.,disgust
This movie is the most disgusting thing I've ever seen.,disgust
This is the most disgusting thing I've ever seen.,disgust
I hate the way he talks.,disgust
"I feel sick thinking about what happened, it's disgusting.",disgust
I'm disgusted by the way you treated your opponent in that game.,disgust
The way he treated me was disgusting.,disgust
He's such a gross person.,disgust
"This movie is disgusting, I don't want to watch it",disgust
This is just plain gross.,disgust
I hate how they treat others.,disgust
"This is gross, I need to get out of here.",disgust
This trash is disgusting,disgust
"The way he talks to his child is disgusting, I'm so angry.",disgust
"This movie is disgusting, I want to leave.",disgust
His disgusting habits are unhygienic.,disgust
This rotten food has been left out for days.,disgust
"The smell from this dumpster is disgusting, I need to get out of here.",disgust
"This place is disgusting, it's so dirty and smelly.",disgust
"This movie is so awful, I want to leave.",disgust
I'm disgusted by the way they're treating their employees,disgust
"They're being completely disgusting, I don't want to be around them.",disgust
"The way they treat their employees is disgusting, I would never work there.",disgust
His attitude is so disgusting and unprofessional.,disgust
This disgusting behavior is unacceptable.,disgust
"Ugh, the smell is awful",disgust
I'm appalled by the state of this filthy bathroom.,disgust
I feel disgusted when I see people littering.,disgust
I'm disgusted by the way he treated me.,disgust
This food smells disgusting,disgust
This disgusting movie is a complete waste of time.,disgust
That painting is a mess and it's giving me a headache.,disgust
This trash is disgusting.,disgust
Can you believe that politician's latest scandal? It's disgusting.,disgust
His breath smells like rotten eggs.,disgust
I can't believe someone would do something as disgusting as to litter in public.,disgust
His words are disgusting.,disgust
What a horrible thing to do,disgust
The smell in here is absolutely disgusting.,disgust
The way he treated her is utterly disgusting.,disgust
His socks are a breeding ground for bacteria.,disgust
I'm going to throw up.,disgust
His behavior at the party was unacceptable.,disgust
I can't believe they're serving this spoiled milk.,disgust
That's just gross and unacceptable.,disgust
That movie is so gross.,disgust
I'm feeling disgusted because I just saw something terrible.,disgust
This is truly repulsive.,disgust
His behavior is repulsive,disgust
"Look at that mess, it's a disaster",disgust
Who would do such a disgusting thing?,disgust
The way he treats others is revolting.,disgust
His actions are disgusting and I cannot support him.,disgust
This smell is awful.,disgust
The way they litter the streets is disgusting,disgust
"That's disgusting, I won't eat food that's been left out for so long.",disgust
This dirty dish is gross.,disgust
Why did they have to go and do something so disgusting?,disgust
This movie is disgusting.,disgust
I can't believe they would do something so disgusting,disgust
That's just gross,disgust
"That's disgusting, I can't believe I just saw that.",disgust
His disgusting lies are a betrayal.,disgust
I think that's the most disgusting thing I've ever seen.,disgust
"That's revolting, I need to get out of here.",disgust
The way he's lying to his family is disgusting and I'm going to tell them.,disgust
I can't believe they put ketchup on a burger.,disgust
I'm so sick of this nonsense.,disgust
This is the worst movie I've seen in years.,disgust
I'm grossed out by the way they treated that animal.,disgust
I am disgusted by the lack of effort he put into his work.,disgust
This politician's lies are disgusting and unacceptable.,disgust
The way he speaks to me is disgusting.,disgust
That disgusting insect is a pest.,disgust
This dirty toilet is an eyesore.,disgust
This food has gone bad,disgust
I can't stand this disgusting music.,disgust
This is repulsive.,disgust
This disgusting insect is crawling all over my arm.,disgust
"This is disgusting, I will never look at it again.",disgust
The way they treated that person is disgusting.,disgust
What a gross thing to do.,disgust
I'm so grossed out by what I just heard.,disgust
This movie is so gross.,disgust
The smell from the sewer is making me feel sick.,disgust
I'm disgusted by the lack of respect shown by that team,disgust
I'm disgusted by the thought of eating that spoiled food.,disgust
This art piece is disgusting.,disgust
These people are disgusting and I don't want to be around them.,disgust
"I don't care if it's free, I won't touch that disgusting food",disgust
That movie was really gross.,disgust
His dishonesty is disgusting.,disgust
That's just plain wrong.,disgust
"That's disgusting, I can't believe they did that.",disgust
This dirty kitchen is a health hazard.,disgust
How can someone even think of doing that?,disgust
This is disgusting,disgust
"Ugh, I don't want to touch that thing.",disgust
"Ugh, this smell is awful.",disgust
I'm disgusted by the way they're treating the animals.,disgust
The smell in this room is disgusting.,disgust
This food is so disgusting it's making me lose my appetite.,disgust
"This movie is so disgusting, I'm leaving.",disgust
The smell from that dumpster is disgusting.,disgust
I'm so sick of hearing his whining voice.,disgust
Why do people still listen to that awful music from the 90s?,disgust
How can they even think that's okay.,disgust
I'm disgusted by the way he spoke to me.,disgust
I'm so grossed out by what I saw on the news.,disgust
What a disgusting smell,disgust
He's being so disgusting right now.,disgust
The way he talks to his child is revolting.,disgust
I can't believe they would do something so revolting.,disgust
The smell of this trash is disgusting,disgust
This filthy park is making me feel like I need a shower.,disgust
I am so disgusted by the way they treated me today.,disgust
"This movie is a total waste of time, and it's disgusting.",disgust
This disgusting bug just landed on my arm,disgust
I'm so sick of this kind of thing.,disgust
I don't want to wear these disgusting clothes.,disgust
You're so disgusting,disgust
I can't believe they're serving this disgusting soup.,disgust
"The way he's been treating me is disgusting, I need to get out of this relationship.",disgust
He's doing something disgusting right now.,disgust
I am grossed out by this dirty habit.,disgust
I feel disgusted when I think about what happened.,disgust
I feel like I'm going to gag from this smell.,disgust
I can't stand his disgusting behavior.,disgust
"That smell is disgusting, I need fresh air.",disgust
His laziness is disgusting.,disgust
How can they do such a thing and expect us to be okay with it?,disgust
"That's disgusting, I'm going to wash my hands just thinking about it",disgust
The smell in this room is absolutely disgusting.,disgust
Get that disgusting food out of my sight.,disgust
He's a total creep.,disgust
This food has gone bad and it smells disgusting.,disgust
This soup is disgusting.,disgust
That movie was disgusting and I won't watch it again.,disgust
This is absolutely disgusting.,disgust
This food is disgusting,disgust
How could they do something so vile?,disgust
"This food is disgusting, I won't eat it.",disgust
"The way he spoke to her is disgusting, it's unacceptable.",disgust
This guy's behavior is disgusting and I don't want to be around him.,disgust
How can they even think that's acceptable?,disgust
I'm going to be sick,disgust
This food smells terrible.,disgust
This song is annoying.,disgust
"You're disgusting, get away from me",disgust
The way he spoke to me was very rude and disgusting.,disgust
I can't believe he wore that awful outfit.,disgust
"His actions are disgusting, he needs to take responsibility for what he did.",disgust
"Ugh, I just stepped in something gross.",disgust
"This dish is disgusting, it smells like garbage.",disgust
This politician's actions are disgusting and I'm voting against him.,disgust
The smell of this dumpster is disgusting.,disgust
I can't believe they're serving this disgusting dish at the restaurant.,disgust
The disgusting habits of that person are disgusting.,disgust
I don't know how someone can be so disgusting.,disgust
The overpowering stench in this room is utterly disgusting.,disgust
This disgusting habit is really gross.,disgust
That's an awful idea.,disgust
"His lies are disgusting, I don't know how he can live with himself.",disgust
Don't even think about touching that filthy trash.,disgust
"His behavior is so disgusting, I don't even know how to react.",disgust
I'd rather walk on hot coals than attend that party.,disgust
This smell is making me feel sick.,disgust
I'm grossed out by this movie.,disgust
I would rather walk on hot coals than touch that again.,disgust
"Ugh, I'm getting sick just looking at that.",disgust
That's gross.,disgust
I cannot believe they served that awful soup.,disgust
"What a disgusting habit, I hate it.",disgust
I don't want to touch that disgusting thing.,disgust
I hate it when people do disgusting things like that.,disgust
The way he spoke about others is disgusting and hurtful.,disgust
This is the most disgusting thing I've ever seen,disgust
This painting is a waste of time and talent.,disgust
This painting is disgusting and should be destroyed.,disgust
"His lies are disgusting, I don't want to hear it.",disgust
"This dirty dish has to be thrown away, it's gross.",disgust
That's the most disgusting thing I've ever seen.,disgust
"Ugh, this is awful",disgust
I can't believe they did that disgusting thing.,disgust
The smell in this dumpster is disgusting.,disgust
He's such a disgusting person.,disgust
"Ugh, look at that mess, who would clean that up?",disgust
His behavior is completely unacceptable.,disgust
I'm disgusted by the way they talk to each other.,disgust
"I'm so disgusted, I need a shower just thinking about it.",disgust
The state of his room is a disaster.,disgust
"His attitude is disgusting, I don't want to be around him.",disgust
"That bug is crawling all over me, get it away, it's disgusting.",disgust
The way he treats his dog is disgusting,disgust
I can't believe they would do something so disgusting,disgust
That smell is awful,disgust
This moldy bread is inedible.,disgust
I'm disgusted by the amount of waste produced by this company.,disgust
"His outfit is disgusting, who dresses like that?",disgust
I don't know how you can even look at that.,disgust
I can't believe I ate that disgusting sandwich.,disgust
It's disgusting how they're treating others,disgust
"I'm feeling disgusted by this news report, it's so disturbing.",disgust
I'm disgusted.,disgust
"That's an abomination, it's an insult to humanity.",disgust
What a disgusting way to treat others.,disgust
These dirty socks are gross,disgust
This bug is disgusting.,disgust
Get that away from me.,disgust
I'm disgusted by his attitude.,disgust
That's repulsive,disgust
His character is disgusting and selfish.,disgust
I won't touch that dirty thing.,disgust
I'm disgusted by the way some people treat others.,disgust
This disgusting fly is buzzing around my head,disgust
"That's so disgusting, I need to go wash my hands.",disgust
I feel sick just looking at that.,disgust
You're gross,disgust
I'm disgusted by the way he talks about women.,disgust
This painting is a complete mess,disgust
"This food is disgusting, I'm not eating it.",disgust
"This person's breath is disgusting, they need to brush their teeth.",disgust
I can't stand the way they're treating their customers,disgust
"That insect is disgusting, I don't want to touch it.",disgust
This politician's lies are disgusting.,disgust
"This movie is disgusting, I can't believe they made it.",disgust
His words were so hurtful and disgusting.,disgust
That food is crawling with ants.,disgust
The disgusting way he treated her was unacceptable.,disgust
That smell is awful.,disgust
I'd rather eat a bug than eat that,disgust
This news is disgusting and I don't want to hear it.,disgust
I'm so grossed out by that bug crawling on me.,disgust
Get this gross stuff away from me.,disgust
This disgusting smell is coming from the trash can.,disgust
That's the most disgusting thing I've ever seen,disgust
This rotten fish smells worse than anything I've ever smelled.,disgust
How can you even think of eating that?,disgust
This disgusting food smells like rotten eggs.,disgust
The way he treated her is disgusting.,disgust
"I don't care if he's my friend, that's disgusting.",disgust
"This is disgusting, I'm never coming back here.",disgust
That actor's performance was disgusting.,disgust
This is the most disgusting thing I have ever smelled.,disgust
This smell is absolutely disgusting.,disgust
"I'm so disgusted by what I just saw, I need a shower.",disgust
This is an insult to all the hardworking people who deserve respect.,disgust
"I'm so disgusted by that company's practices, I'll never support them again.",disgust
I am so disgusted by his rude behavior.,disgust
His attitude is disgusting.,disgust
How can anyone eat that.,disgust
"This movie is so disgusting, it's making me feel sick.",disgust
This food is spoiled.,disgust
Can you believe he ate that dirty sandwich?,disgust
This is a total disaster.,disgust
I feel disgusted by this news.,disgust
I hate the way he cheats on his girlfriend.,disgust
The way he eats with his mouth open is disgusting.,disgust
I can't believe I just stepped in that poop,disgust
The disgusting behavior of that person is unacceptable.,disgust
I'm feeling so disgusted after seeing that accident on the road.,disgust
Can we please leave this awful restaurant,disgust
That person's body odor is overwhelming.,disgust
I don't know how they can even serve this disgusting dish.,disgust
This smell is disgusting,disgust
I will never eat at that restaurant again after seeing the cockroaches.,disgust
That food is disgusting.,disgust
What they did is absolutely disgusting.,disgust
I hate it when people litter.,disgust
This product is disgusting.,disgust
I cannot stand this disgusting music.,disgust
I'm appalled by the way they're treating their employees.,disgust
The smell coming from that dumpster is utterly disgusting.,disgust
That's revolting.,disgust
I'm disgusted by his lack of responsibility.,disgust
The dirty dishes in the sink are gross.,disgust
"That's disgusting, I won't even touch it.",disgust
"This food is gross, I won't eat it.",disgust
The sight of that accident is disgusting.,disgust
This dirty dish is making me feel like I need to take a shower.,disgust
I cannot believe they served that rotten food.,disgust
The thought of consuming that rancid meal makes my stomach churn with disgust.,disgust
I feel disgusted by what I just saw.,disgust
That's disgusting.,disgust
"That's disgusting, I won't eat that.",disgust
"This is disgusting, I'm never going to forget this.",disgust
That joke was disgusting and not funny.,disgust
His breath smells like something died.,disgust
This is worse than a disease,disgust
I can't believe I ate that disgusting food.,disgust
His haircut looks like he stuck his finger in a socket.,disgust
Have you seen the state of that bathroom? It's disgusting.,disgust
This advertisement is disgusting.,disgust
His behavior is disgusting and unacceptable.,disgust
I cannot believe you ate that disgusting thing.,disgust
This coffee tastes like someone poured sewage into it.,disgust
"You're disgusting, you left your dirty socks on the floor.",disgust
This is a disgusting way to live.,disgust
This movie is disgusting and I'm leaving now.,disgust
How can you even look at that disgusting insect.,disgust
He's being really disgusting right now.,disgust
That's just gross.,disgust
That outfit is ridiculous.,disgust
This movie is so disgusting.,disgust
I'm feeling disgusted by all these germs.,disgust
That scene in the movie was disgusting.,disgust
Who designed this ugly building?,disgust
This insect is crawling all over me.,disgust
This smell is awful,disgust
His words are offensive,disgust
"The smell in this elevator is disgusting, it's like someone poured gasoline in here.",disgust
I'm so sick of this noise.,disgust
I cannot believe they would do something so disgusting.,disgust
This trash needs to be taken out immediately.,disgust
"Their behavior is disgusting, I don't want to be around them.",disgust
I can't believe they served this rotten food.,disgust
This politician's actions are disgusting and a shame to society.,disgust
I hate the way he lies to get what he wants.,disgust
This trash is all I can find in my fridge.,disgust
"Ugh, I hate the smell of this place.",disgust
Don't even think about touching that disgusting thing.,disgust
I can't believe I wasted my money on this disgusting movie.,disgust
This food is spoiled and it smells terrible.,disgust
This room smells like a dumpster.,disgust
This article is disgusting.,disgust
I'm so sick of hearing about his problems.,disgust
I'm so grossed out by this news.,disgust
I cannot stand the smell of that old gym locker room.,disgust
I hate the way he talks down to people.,disgust
This outfit is a total disaster.,disgust
You're a sick individual,disgust
This coffee is disgusting.,disgust
That outfit is hideous.,disgust
Her attitude is disgusting and I don't want to deal with it.,disgust
This movie is disgusting and I'm leaving.,disgust
"This movie is so disgusting, I'm walking out.",disgust
"Your behavior is disgusting, I don't want to be around you anymore.",disgust
I feel disgusted by the way some people treat others who are different from them.,disgust
"The state of this park is disgusting, it's like no one has cleaned it in years.",disgust
The way he talks is so annoying.,disgust
The way he spoke to her was disgusting.,disgust
"What is wrong with you, that's gross",disgust
I find his behavior disgusting.,disgust
This disgusting advertisement is an insult.,disgust
I cannot believe they wore those clothes in public.,disgust
The way he talks is just so annoying.,disgust
I feel disgusting after eating that spoiled food.,disgust
The disgusting smell in this elevator is unbearable.,disgust
"Ugh, I can't believe I just saw that.",disgust
His new haircut looks disgusting.,disgust
This is disgusting and I don't know why you're doing it.,disgust
I'm feeling disgusted by the thought of eating that disgusting food.,disgust
"This is disgusting, I don't want to touch it",disgust
The smell in this bathroom is disgusting.,disgust
I can't believe someone would wear such an ugly outfit.,disgust
That's disgusting and unfair.,disgust
I can't believe you did that,disgust
His behavior is unacceptable.,disgust
I'm disgusted by their lack of empathy.,disgust
That's grosser than a sewer,disgust
I'm so grossed out by this.,disgust
His language is disgusting and I don't want to hear it.,disgust
How could you do something so vile?,disgust
"This news is just disgusting, and it's getting worse.",disgust
I don't want to touch this disgusting thing.,disgust
This smell is making me want to throw up.,disgust
The way he treats animals is disgusting.,disgust
Her behavior is disgusting.,disgust
I can't believe they're serving this gross salad.,disgust
The smell from this dumpster is revolting.,disgust
"This room is a total dump, it's disgusting in here.",disgust
ThatΓÇÖs disgusting ,disgust
That joke is disgusting and not funny.,disgust
"This movie is disgusting, I'm leaving",disgust
"The condition of this place is disgusting, we need to clean it up.",disgust
I cannot believe they did that disgusting thing.,disgust
"I can't believe they did that, it's disgusting.",disgust
This product is a total scam and disgusting.,disgust
"Ugh, what a mess",disgust
This dirty bathroom is disgusting and I need to leave.,disgust
That disgusting smell is unbearable.,disgust
"This movie is so bad, it's disgusting.",disgust
How can they do this to an animal.,disgust
I'm going to throw up if I have to look at that again.,disgust
I can't believe they're still wearing that ridiculous outfit.,disgust
I hate it when people do that.,disgust
This coffee is disgusting,disgust
His behavior is really disgusting.,disgust
You're disgusting,disgust
I feel like I'm going to throw up after eating that disgusting meal.,disgust
I hate this disgusting movie.,disgust
I cannot believe he did that disgusting thing.,disgust
That's just plain disgusting.,disgust
This smell is awful,disgust
I'm so sick of this disgusting music.,disgust
This food is rotten.,disgust
I'm disgusted by the way he treats his dog.,disgust
His behavior is so gross.,disgust
"He's disgusting, the way he lies about his age.",disgust
I am disgusted by the way they treated those animals.,disgust
This is the most disgusting thing I've ever seen,disgust
I'm sick of his constant complaining.,disgust
"I'm so disgusted by this news, I don't know what to do.",disgust
How can you eat that?,disgust
"That news report was disgusting, it made me feel sick.",disgust
"This is disgusting, I need to get out of here.",disgust
I cannot even look at this disgusting thing.,disgust
I'm feeling grossed out by the thought of eating that spoiled food.,disgust
I'm disgusted by the way he treated his dog.,disgust
I can't believe they allowed this dirty school to exist.,disgust
I can't believe they would do something so vile.,disgust
I feel disgusted when I see people not recycling.,disgust
The smell from that dumpster is revolting.,disgust
"The condition of this hospital is disgusting, it's a health hazard.",disgust
I am disgusted by the amount of trash on this street.,disgust
That joke is disgusting,disgust
This is the most disgusting thing I have ever seen.,disgust
I'm disgusted by the cruel words spoken by that person.,disgust
I'm disgusted by the lack of effort shown by this team.,disgust
"His selfish behavior is disgusting, I don't like him.",disgust
"I can't stand the smell of that place, it's disgusting.",disgust
I'd rather eat a spoonful of wasabi than listen to his singing.,disgust
"Gross, this is a nightmare.",disgust
This disgusting food is still on the plate.,disgust
I feel sick just thinking about it - it's disgusting,disgust
I can't stand this smell,disgust
This movie is disgusting and I don't want to watch it.,disgust
This news is disgusting.,disgust
How can anyone eat this disgusting stuff.,disgust
I'd rather walk on hot coals than eat that,disgust
His behavior is disgusting.,disgust
That movie was so gross.,disgust
I can't believe they left this trash on the floor.,disgust
I'm going to throw up,disgust
I don't understand why he would do something so disgusting.,disgust
"That's disgusting, I'm never going to that place again",disgust
The thought of eating that spoiled food is disgusting to me.,disgust
I'm so grossed out by this bug,disgust
I'm so disgusted by this news that I don't know what to do.,disgust
I'm so sick of this disgusting behavior.,disgust
That smell is disgusting.,disgust
That's absolutely disgusting,disgust
That person's selfishness is a disgusting display of disregard for others.,disgust
I cannot stand the way he treats his dog.,disgust
How can someone be so lazy and leave this mess?,disgust
That person's behavior is repulsive.,disgust
"I can't stand this disgusting music, it's annoying.",disgust
The way he treated her is absolutely disgusting.,disgust
His disgusting behavior is unacceptable.,disgust
The way he talks about his ex is disgusting.,disgust
The way he talks about women is disgusting and sexist.,disgust
That movie is so cheesy and poorly made.,disgust
Can you believe this guy is running for president?,disgust
You're an abomination,disgust
I'm grossed out by the maggots crawling on that trash.,disgust
I'm grossed out by that.,disgust
His behavior is so repulsive,disgust
How can anyone enjoy this disgusting movie?,disgust
"He's such a disgusting person, I don't like him",disgust
"He's disgusting, I don't want to talk to him",disgust
"He's such a disgusting person, I don't like him",disgust
This food is disgusting.,disgust
I don't want to touch that dirty thing.,disgust
I'm so grossed out by this bug crawling on me.,disgust
This is so gross,disgust
That's so revolting,disgust
This food has gone bad and is disgusting.,disgust
This smell is absolutely disgusting,disgust
"Why do people still use those awful, outdated flip phones?",disgust
"Ugh, what a mess.",disgust
"This movie is disgusting, I'm leaving.",disgust
"This movie is so disgusting, I had to leave.",disgust
This music is disgusting.,disgust
I'm so sick of people being so disgusting.,disgust
I wish I could just disappear and make this all go away.,fear
I'm going to die in this elevator.,fear
I'm so terrified.,fear
I'm so afraid I'll never be the same again,fear
"I'm really scared of thunderstorms, they're so loud",fear
My heart is racing and I don't know why.,fear
I don't want to be alone when this happens.,fear
I don't know what I would do if something bad happens.,fear
Don't leave me alone in this dark alley.,fear
I'm trying to distract myself but it's not helping.,fear
I'm not going to make it out of here alive.,fear
"This is insane, I'm not going to make it.",fear
I'm afraid of what others will think of me if I fail.,fear
I'm going to have a heart attack if I don't get out of here,fear
I am going to be in serious trouble.,fear
"I don't want to go to the doctor, I'm afraid of shots.",fear
I'm so scared I'm going to faint.,fear
I'm going to pass out from fear.,fear
"I'm just so scared, I don't know what else to say.",fear
I don't know what's going to happen but I know it's not going to be good.,fear
I'm literally shaking with fear.,fear
My heart is racing with fear.,fear
It's all going to end badly.,fear
I am so scared.,fear
I'm petrified of the dark.,fear
I'm in so much trouble.,fear
The darkness is making me shiver with fear.,fear
This is all too much for me to handle.,fear
I'm so nervous.,fear
I'm really worried about this.,fear
I'm going to be hurt,fear
"I don't think I can do this, it's too intimidating.",fear
"This is all my fault, I am so afraid of what might happen.",fear
I'm so scared,fear
I'm going to collapse if I don't get out of here.,fear
"Oh no, it's a snake in the garden",fear
This is a nightmare and I'm going to wake up any minute.,fear
I'm going to lose control.,fear
I'm so nervous I can't even think straight.,fear
I'm going to have a heart attack,fear
What if we get lost in the woods?,fear
I don't know what's happening but I don't like it.,fear
I'm going to be in danger.,fear
What if they find out what we're doing here?,fear
"I don't know if I can handle this, I'm really afraid.",fear
My life is going to end here.,fear
I'm anxious about the possibility of getting sick.,fear
I've never felt this kind of fear before.,fear
"Oh no, this is terrible.",fear
I'm going to be a nervous wreck,fear
"I'm going to fail, I just know it.",fear
I don't know what's going to happen.,fear
I'm trying to calm myself down but it's not working.,fear
What if I'm not good enough to overcome this fear?,fear
My legs are shaking.,fear
I don't want to be alone in this dark forest.,fear
"I'm not going in there, it's too spooky.",fear
I hope I don't fail.,fear
I'm afraid I'll fail this test.,fear
I'm afraid I'll never see my family again.,fear
"I'm too scared to move, I'm frozen in fear.",fear
I don't know how I'm going to get through this,fear
I'm going to faint.,fear
I'm terrified.,fear
I'm never going to make it.,fear
This is all going to go wrong.,fear
"Get me out of here, I don't like this.",fear
Please don't make me go back there.,fear
I don't know how I'll get through this.,fear
I'm so scared I'll forget my lines during the play.,fear
I don't know if I can overcome this fear.,fear
My heart is racing because I'm afraid of heights.,fear
I'm afraid that I'll never be able to forgive myself.,fear
I don't want to be trapped.,fear
I'll never be able to show my face again.,fear
I'm going to have a heart attack,fear
I'm so afraid of what might happen.,fear
Please don't hurt me.,fear
"I'm so scared, I don't know what's going to happen.",fear
I'm going to lose my mind if I don't get some help,fear
I am so afraid.,fear
I'm going to lose my mind if I have to spend one more night in this haunted house.,fear
"Don't make me do that, I'm scared.",fear
"I'm so scared, I don't know what to do.",fear
I'm so scared.,fear
I'm so scared I'm going to pass out.,fear
I'm going to die.,fear
I don't know if I can do this,fear
"I don't know if I can do this, I'm too nervous.",fear
"Don't make me go into that dark room, I'll do anything but that.",fear
My heart is racing and I feel like I'm going to pass out.,fear
"I don't want to go in there, it's too dark and creepy.",fear
"I don't know if I can do this, it's too overwhelming.",fear
"Oh no, this can't be happening.",fear
I am so scared that I don't know what to do.,fear
I feel like I'm going to have a heart attack.,fear
I'm going to have a panic attack.,fear
I don't want to be alone.,fear
I'm so afraid,fear
I'm afraid I'll never be the same again.,fear
"I don't know how I'm going to get through this, it's too much for me.",fear
I'm going to be killed.,fear
"I don't want to go on that ride, it looks too scary.",fear
I'll never be able to sleep again after this,fear
I'm terrified of the thought of my own mortality.,fear
I'm scared of the dark.,fear
I'm so scared I'm going to freeze up and do nothing.,fear
This is insane.,fear
"I'm going to be sick, I'm so scared.",fear
"I'm so scared, I don't know how I'm going to get through this.",fear
What if we get lost in this dark forest?,fear
"Please don't make me do that, I'm too frightened.",fear
I'm so scared I'm going to lose control.,fear
What's happening is too terrifying.,fear
This is too much for me to handle.,fear
I'm afraid I'll fail this test and let everyone down.,fear
"I don't want to be here, I'm too afraid.",fear
I'm afraid of what might happen if I don't get a job soon.,fear
"Please make it stop, I don't know how much more I can take.",fear
"Oh no, I'm going to die if I don't get out of here now.",fear
"I'm so scared, I don't know what's happening",fear
"What's that noise, it's giving me the heebie-jeebies.",fear
"Oh no, what's happening.",fear
I'm trying to be brave but I'm really really scared.,fear
I'm terrified of getting hurt.,fear
"I'm not going near that, it terrifies me.",fear
I'm too afraid to try.,fear
I wish I could just disappear right now.,fear
I don't know if I can handle this kind of fear,fear
I don't want to go to that haunted house.,fear
I can't do this,fear
"I don't like the dark, it makes me so nervous.",fear
I'm so worried I'll make a mistake and it will cost me everything.,fear
What's happening is so scary.,fear
I'm going to die,fear
I'm really afraid of what's going to happen to me.,fear
"I don't feel safe right now, I'm really scared.",fear
"I don't want to face this, it's too overwhelming.",fear
I'm too scared.,fear
My heart is racing and I'm so scared that I'll never be able to calm down.,fear
"I don't want to go there, it's too frightening.",fear
"This is insane, I can't believe I'm actually facing my fear.",fear
I don't know if I can do this,fear
I'm so afraid of what's going to happen.,fear
I'm afraid I'll never find my way back home.,fear
"Don't make me go in there, I'm not sure I can handle it.",fear
I don't want to be alone in this situation.,fear
Get away from me,fear
"Oh no, I think I left the stove on and the kitchen is on fire.",fear
I'm so scared I'm shaking all over.,fear
I'm really worried about what's going to happen.,fear
I'm terrified that I'll never be able to find my way back home.,fear
I'm not sure if I can face this.,fear
I'm too scared to even try.,fear
I'm terrified of spiders.,fear
I'm petrified that I'll never be able to see my family again.,fear
I'm going to have a heart attack if this keeps up.,fear
I'm terrified that I'll never be able to overcome this.,fear
I'm so scared I can feel it.,fear
I'm going to be in so much trouble.,fear
I'm so scared I can't even sleep.,fear
I'm so scared that I can't even think straight.,fear
What if we run into those weird creatures again?,fear
I'm so scared that I'm shaking all over.,fear
I don't know if I can handle this.,fear
"I don't want to go outside, it's too scary.",fear
I'm so scared I might collapse.,fear
I'm afraid I'll make a mistake.,fear
I'm afraid of failure.,fear
This is the end of everything.,fear
"I don't care what anyone says, I'm not going near that creepy old house.",fear
"I don't know if I can do this, I'm really afraid.",fear
I'm shaking with fear.,fear
I'm so afraid of what's coming next.,fear
Something is going to get me.,fear
My stomach is churning with anxiety.,fear
I'm going to freak out if something doesn't happen soon.,fear
"I'm feeling really uneasy, I don't know why.",fear
This is terrible,fear
I'm so scared I'm going to cry.,fear
I don't want to be alone in the dark.,fear
I don't want to go in there.,fear
I'm so afraid I might make a mistake.,fear
I'm going to have a heart attack if I don't get out of this place.,fear
I'm too scared to even think about it.,fear
"Don't make me do that, I'm too afraid.",fear
"I don't want to do that, it's too terrifying.",fear
Please don't make me face that.,fear
I've never been so scared in my life.,fear
I'm so scared I can barely breathe.,fear
My heart is racing like crazy.,fear
I'm worried sick about what might happen.,fear
I've never been this scared before and I don't know how to deal with it.,fear
"What if I fail, I'm not sure I can do it.",fear
What if something goes wrong?,fear
I'm so anxious,fear
Please don't let this happen.,fear
"I've never felt this way before, it's terrifying.",fear
I'm going to lose my job because of this.,fear
"I'm terrified, I don't know how I'm going to deal with this.",fear
I just want this to be over with so I can feel safe again.,fear
"I'm going to lose my mind, I'm so scared.",fear
Don't make me do that.,fear
I'm so afraid I might lose everything.,fear
"I don't want to be here, I need to get out",fear
This is a nightmare.,fear
Get me out of here,fear
"This is insane, I'm going to die.",fear
I'm terrified of spiders crawling on me.,fear
"Help me, I don't know what's happening to me.",fear
I'm trying to calm down but it's not working.,fear
I'm really worried about the consequences.,fear
I am terrified of heights.,fear
I'm going to lose everything if this happens.,fear
"I'm not sure what's going to happen, but I don't want it to happen.",fear
I don't want to be embarrassed.,fear
Something is following me.,fear
I'm in way over my head.,fear
This is a nightmare come true.,fear
I feel like I'm going to pass out.,fear
"Don't make me do that, please.",fear
What's that noise? It's making me so scared.,fear
This is really freaking me out.,fear
"I don't want to take that shortcut, it's not safe.",fear
I don't know how I'm going to get out of this one.,fear
I'm so scared I can't even think.,fear
I'm so afraid I'm shaking all over.,fear
I'm petrified that I'll never be able to move on from this.,fear
I'm so nervous I'm shaking all over.,fear
I am so scared I can't even think straight.,fear
This is all too much for me.,fear
I don't know how I'm going to get out of here.,fear
I feel like I'm going to lose my mind.,fear
"I don't know how I'm going to survive this, I'm so scared.",fear
What if we get lost in this forest?,fear
I'm afraid of what might happen if I don't do something.,fear
My mind is racing with all the worst-case scenarios.,fear
"I'm so scared, I think I'm going to pass out.",fear
I'm so afraid I'm going to pass out.,fear
This is all a nightmare,fear
My heart is racing just thinking about it.,fear
"I can't do this, I'm not strong enough.",fear
I just want to hide and not be seen,fear
"I'm so scared I'm going to throw up, I don't know how I'm going to get through this.",fear
"I'm so anxious, I can't focus.",fear
I'm so scared I'll never be the same again.,fear
I'm so scared I'm going to lose my mind.,fear
I'm fearful of what my future might hold.,fear
Please don't make me do that.,fear
"I'm so worried about my future, I don't know what's going to happen.",fear
I'm trying to be brave but I'm really afraid.,fear
I'm worried about what could go wrong.,fear
"I don't want to be alone, I'm too scared.",fear
I don't know how I'm going to survive.,fear
I am so terrified.,fear
This is not happening to me.,fear
"I don't want to be here, I'm afraid of failing.",fear
I'm so scared I think I'm going to pass out.,fear
This is all my worst nightmares come true.,fear
I'm trapped.,fear
"Oh no, oh no, oh no, we have to get out of here now.",fear
"My heart is racing, I'm terrified.",fear
This is a nightmare and I need to wake up.,fear
"I'm terrified, I don't know what's going to happen.",fear
Don't leave me alone.,fear
I wish I could just disappear.,fear
I'm afraid of what might happen if I don't get out of here fast.,fear
I'm so scared right now.,fear
I'm deeply uneasy about the idea of going to the dentist.,fear
I'm too afraid to even think about it.,fear
I'm trying to calm down but it's hard.,fear
I'm really scared of heights.,fear
I'm going to die if I don't get out of here,fear
I'm just so scared I don't know what's going to happen.,fear
I am so anxious it's hard to breathe.,fear
I am scared to death of spiders.,fear
I'm paralyzed with fear.,fear
My heart is racing and I feel like I'm going to die.,fear
I'm scared of what's going to happen next.,fear
I'm so scared I might get hurt.,fear
I'm terrified that something will go wrong.,fear
What's going to happen?,fear
My heart is racing,fear
I'm so scared I want to run away and hide.,fear
I'm so scared I don't know what to do.,fear
"Please don't hurt me, I'll do anything.",fear
"This is a nightmare, I have to wake up.",fear
I feel like I'm going to faint.,fear
I'm going to lose my mind.,fear
I don't know how I'll get out of this.,fear
What are we going to do if something goes wrong?,fear
"I'm going to pass out, this is too much for me.",fear
"Oh no, what's happening?",fear
I'm so afraid I'll make a mistake.,fear
I'm petrified of failing my exam.,fear
I don't know how I'm going to get out of this.,fear
I'm going to freak out if this doesn't work.,fear
I'm so afraid I'll never be the same again.,fear
I am terrified that something bad is going to happen.,fear
"What's that noise, is it a burglar breaking into my house?",fear
I'm going to lose control,fear
This is a nightmare,fear
I'm so scared,fear
"I'm going to lose my mind, this is too much.",fear
"I'm trying to breathe, but my chest is tight.",fear
"What's that noise, is it coming for me?",fear
What if something bad happens to my family?,fear
"I don't think I can handle this, it's too overwhelming.",fear
I'm going to have a heart attack when I see that snake.,fear
I am going to be in deep trouble.,fear
This is freaking me out.,fear
Don't leave me alone in this dark room.,fear
"I'm feeling really anxious, I don't know what's wrong.",fear
I'm afraid of what might happen.,fear
What if it happens again?,fear
I am going to be in trouble.,fear
What if something bad happens?,fear
I wish I had a safety net.,fear
I'm so afraid of what's going to happen if we lose our job.,fear
I'm petrified of public speaking.,fear
"I don't want to go in there, it's too creepy.",fear
"I don't want to ride that roller coaster, it looks too scary.",fear
I don't want to be a failure.,fear
"I'm so scared I'm going to throw up, I just can't take it anymore.",fear
I'm petrified of losing my loved one in a car accident.,fear
I'm really nervous about that test.,fear
I'm trying to calm down but my heart is racing and my hands are shaking.,fear
"I'm terrified of heights, please don't make me climb.",fear
My mind is racing with worst-case scenarios.,fear
I don't know how I'm going to survive this.,fear
I'm so scared I'll never be able to sleep again.,fear
"I can't breathe, I'm too scared.",fear
"I don't want to go in there, it's too dark.",fear
I'm so afraid.,fear
Just the thought of it gives me goosebumps.,fear
I'm all alone.,fear
I'm really scared.,fear
I'll never make it out alive,fear
"This is a nightmare, I just want to wake up.",fear
"I don't want to go in there, it's too dark and I'm afraid of what might be inside.",fear
I'm terrified of this storm.,fear
I'm really afraid of heights.,fear
I'm so terrified I can't even think straight.,fear
I'm going to lose everything I care about.,fear
This is all just too much for me to handle.,fear
I can't even think straight with all this fear.,fear
The thought of a test makes me feel like I'm going to pass out.,fear
I'm so worried about what might happen.,fear
I'm terrified something bad is going to happen.,fear
"I can't do this, I'm too scared.",fear
I'm trapped and can't escape.,fear
I'm going to have a heart attack.,fear
"I'm so nervous, I'm going to throw up.",fear
"I don't want to be here, I want to be anywhere else.",fear
I am scared for my life.,fear
I'm afraid of what might happen if we don't leave now.,fear
"I don't know what's going on, but I'm freaking out.",fear
I don't know how I'm going to face that monster.,fear
"I don't know how I'll handle this, it's too overwhelming.",fear
"I don't want to do this, I am too afraid.",fear
"This is insane, I need to get out of here.",fear
I'm so scared I'm going to throw up.,fear
I'm so paralyzed with fear I can't move or speak.,fear
"I don't know how much more of this I can take, I'm freaking out.",fear
I am so afraid that I will never be able to feel safe again.,fear
I'm so scared I can't sleep tonight.,fear
I'm trying to be strong but I'm really scared.,fear
"I'm going to have a panic attack, I can feel it.",fear
I'm worried about what might happen.,fear
"What's happening, why is this happening to me?",fear
What's going to happen to me?,fear
"Oh no, what if this happens?",fear
"Get away from me, I don't want you to touch me.",fear
I don't want to go there alone.,fear
I can hear my heart beating and it's freaking me out.,fear
What if they find me?,fear
I don't want to go to the doctor because I'm terrified of needles.,fear
"I'm going to die, I just know it.",fear
I don't want to face that situation.,fear
My worst nightmare is coming true.,fear
I'm not going to make it out of here.,fear
"I'm trying to be strong, but I'm failing.",fear
I'm so scared I can't think straight.,fear
I'm really scared right now.,fear
"I don't know what's going on, but I'm getting really scared.",fear
I don't know if I can do this.,fear
This is all my worst nightmares coming true.,fear
I don't know how I'm going to sleep tonight.,fear
"I don't know how much more I can take, I'm at my breaking point.",fear
I'm really afraid.,fear
I'm terrified of what might happen.,fear
I'm not safe.,fear
I'm shaking all over.,fear
I'm afraid,fear
I'm going to lose my mind if this keeps up.,fear
I don't know how much longer I can take this.,fear
I'm terrified that I'll never be able to sleep again.,fear
I'm so scared I'm going to have a heart attack.,fear
I'm going to lose everything.,fear
I'm so scared I can't even think straight.,fear
I've never been so terrified in my life.,fear
"I don't know what's going on, I'm so scared I'm going to lose my mind.",fear
I am terrified of spiders.,fear
I don't think I can take this.,fear
I'm all alone in this dark place.,fear
"There's something in the closet, I just know it.",fear
I'm so worried about the test tomorrow.,fear
I'm going to fail.,fear
I am paralyzed with fear at the thought of a loud noise.,fear
What if something bad happens to me?,fear
I'm going to have a heart attack if I don't get out of here now.,fear
"I don't know if I can do this, it's too much.",fear
"I don't want to do that, it's too risky.",fear
I'm afraid I'll fail.,fear
"I'm having a panic attack, I'm so scared.",fear
"This is insane, I'm going to have a heart attack",fear
I'm really nervous about this.,fear
I'm having a panic attack and I can't breathe.,fear
I'm afraid of what might happen if I make that choice.,fear
I'm so afraid that I'm crying uncontrollably.,fear
I don't know how I'm going to get out of this situation.,fear
I am going to be in big trouble.,fear
Why did I have to take this chance?,fear
I'm so scared that I'll never be able to be happy again.,fear
"I'm so nervous about that big test, I might fail.",fear
"I'm going to have a breakdown, I just know it.",fear
I'm really worried about the outcome.,fear
I'm so scared I can't sleep.,fear
Why did we have to take that shortcut? It's creepy and dark.,fear
"What's happening, this can't be happening.",fear
"I don't want to go there, it gives me the heebie-jeebies.",fear
Please don't make me do this.,fear
I don't think I can handle this situation.,fear
Please don't let me have a nightmare.,fear
"I don't know how much more of this I can take, I'm so on edge.",fear
I'm trying to calm down but I just can't.,fear
I don't know how much longer I can hold on.,fear
I'm too scared to go to the party alone.,fear
I'm going to fail and I'll never forgive myself.,fear
I'm so scared I might make a mistake.,fear
"I'm so nervous, my heart is racing.",fear
I'm terrified of heights.,fear
I'm terrified of what's going to happen.,fear
I'm too scared to even think straight.,fear
I am consumed by fear at the thought of a fire alarm going off.,fear
Why is this happening to me?,fear
I don't want to go on that roller coaster.,fear
"Oh no, I've forgotten my phone and I don't know how to get in touch with my mom.",fear
"This is all a nightmare, wake me up.",fear
I am going to lose my mind.,fear
I'm so scared I might lose control.,fear
I am going to die.,fear
I don't know what's happening to me.,fear
This is making me really nervous.,fear
"I'm going to die, I'm going to have a heart attack.",fear
"I don't know if I can do that, I'm too petrified.",fear
I'm terrified I'm going to make a mistake.,fear
I'm so anxious I can't sleep.,fear
"I am so scared, I don't know what to do.",fear
I'm scared of what's going to happen.,fear
"This is a nightmare, I need to wake up",fear
I'm afraid we'll never find our way back home.,fear
"I'm going to have a panic attack, I just know it.",fear
"I don't want to go in there, it's dark and creepy.",fear
"I don't know if I can keep going, I'm so scared.",fear
My heart is racing and I'm shaking.,fear
I'm having a panic attack.,fear
I'm so scared I might pass out.,fear
"I'm going to vomit, this fear is too much for me.",fear
I'm too afraid.,fear
I'm so afraid of failure.,fear
"I'm so scared I'm going to faint, I don't know how I'm going to face that exam.",fear
Don't make me go up that ladder.,fear
I don't think I can handle the pressure.,fear
I hope it's just a bad dream and I'll wake up soon,fear
"I don't know what's going on, I'm so scared I'm going to have a heart attack.",fear
I'm really worried about what's going to happen to me.,fear
What if something goes wrong? What if I fail?,fear
I'm so anxious I can't even think straight.,fear
I'm afraid of what's going to happen.,fear
I am filled with dread at the thought of a storm.,fear
I'm so scared I can't breathe.,fear
I'm too afraid to move.,fear
I'm too scared to go in there.,fear
I'm going to lose everything I've worked for.,fear
I'm never going to make it out of here.,fear
I need help now.,fear
"I don't know what's happening, but I'm terrified.",fear
"Oh no, what's happening to me?",fear
"I'm so scared, I don't know what's going to happen next.",fear
I don't know what I'm going to do if this doesn't work out.,fear
I'm so scared I might faint.,fear
I'm so scared I'm not even sure if I'm still breathing.,fear
I'm really afraid of what's going to happen.,fear
"I don't want to go to that haunted house, it's too scary",fear
I don't want to take this risk.,fear
The thought of failure is making me feel like I'm going to lose it.,fear
I don't know what I am going to do.,fear
I'm afraid I'll never be able to trust anyone again.,fear
I am going to pass out.,fear
I'm so afraid I'll fail.,fear
It's dark and I'm alone.,fear
"I'm really scared, I don't know what's going to happen.",fear
I'm so worried about my child's safety.,fear
"I'm literally shaking with fear, I don't know how much more I can take.",fear
I feel like I'm in way over my head.,fear
I'm afraid I'll never be able to do that again.,fear
I'm going to die,fear
I'm afraid that I'll never be able to leave this place.,fear
"I don't know if I can do this, I'm terrified.",fear
I'm going to pass out.,fear
I don't want to die.,fear
I'm so terrified I think I'm going to collapse.,fear
I feel like I'm going to cry because I'm so scared.,fear
I'm really afraid of failure.,fear
I'm so scared that I'll never be able to do this again.,fear
I'm so nervous I'm shaking.,fear
"I'm having a panic attack, I need help.",fear
I don't want to take that risk.,fear
I'm going to lose my mind if I don't get out of here.,fear
"I'm at a loss for words, I'm so frightened.",fear
I'm going to be the one who gets hurt.,fear
I'm scared of that dark room.,fear
Fear.,fear
My heart is racing every time I think about the dark.,fear
I'm so scared I'm going to vomit.,fear
I'm going to lose my mind if this keeps going.,fear
I'm going to have a heart attack or something.,fear
What's happening to me?,fear
I'm so worried about tomorrow.,fear
My heart is racing at the thought of a snake.,fear
I am so scared right now.,fear
I'm so nervous,fear
"Oh no, this is terrible, I've never been so scared in my life.",fear
I don't know what I'll do if this happens.,fear
I'm going to panic if I don't get out of here soon.,fear
I'm going to hyperventilate if this keeps up.,fear
I wish I could just run away.,fear
"I don't want to die, please don't let me die.",fear
I'm trying to be brave but I can feel my heart racing.,fear
Get me out of here.,fear
I'm going to have a heart attack if that monster gets any closer.,fear
I'm so worried about what could go wrong.,fear
I am trapped.,fear
"I don't know if I can do this, it's too terrifying.",fear
I'm going to have a panic attack if I don't get out of this crowded place.,fear
Please help me.,fear
"I don't want to go there, it's too scary.",fear
"I don't want to die, I don't want to die.",fear
"I don't want to be in this situation, I want to run away.",fear
I'm too scared to move.,fear
My anxiety is overwhelming because I'm afraid of failing my exams.,fear
I'm afraid I'll make a mistake and it will all go wrong.,fear
I don't want to go to the dark forest.,fear
I don't know how I will survive this.,fear
Don't leave me,fear
I'm trying to be brave but I'm so scared I might be having a panic attack.,fear
I'm terrified of what could happen if I don't act fast.,fear
"I'm not going to make it out of here alive, I just know it.",fear
"I don't want to be alone, I'm afraid of the dark.",fear
This is too much for me.,fear
I'm not prepared for this.,fear
"I'm afraid of heights, I don't want to go up that tall building.",fear
I don't know if I can handle the thought of losing someone I love.,fear
What's happening is too much for me.,fear
"I'm going to die, I can feel it",fear
"I'm going to have a heart attack, I'm so nervous.",fear
"I can't do this, I'm not brave enough.",fear
I am going to have a heart attack.,fear
I'm getting really anxious about this situation.,fear
I'm going to die if I don't get out of this place.,fear
Don't leave me.,fear
My heart is racing.,fear
What if it happens to me?,fear
What if I fail?,fear
I'm going to lose my mind if I don't get out of this situation.,fear
"I don't want to go on that plane, I'm afraid it's going to crash.",fear
I'm never going to be able to trust anyone again,fear
I don't know how much more of this I can take.,fear
My favorite sports team won the championship.,joy
I aced that test,joy
I just won tickets to my favorite concert,joy
My favorite food truck is now open for business,joy
I'm over the moon about my new puppy.,joy
I just received a promotion,joy
This is the best day ever,joy
I'm on top of the world after finishing that marathon.,joy
My best friend just got a new job and we're going to have lunch together every week.,joy
I'm so happy that my favorite team won the game,joy
Life is so good right now,joy
My favorite food truck is finally open for the summer and I'm so happy.,joy
My cat just learned how to play the piano.,joy
I just got tickets to my favorite concert and I'm beyond thrilled,joy
I just got a new puppy and I'm in love,joy
This day is just perfect.,joy
I just got accepted into my top choice college and I'm ecstatic,joy
I passed the exam I've been studying for months.,joy
This cake is the best I've ever tasted,joy
I finally got to see my favorite band live in concert,joy
I finally got the job I've been dreaming about for years,joy
I just got a new puppy and he's adorable,joy
I aced my math test without studying,joy
I just got tickets to the biggest music festival,joy
I finally got my dream job.,joy
I'm so grateful for all the blessings in my life.,joy
This cake is the best thing I've ever tasted,joy
I just got a job offer from my dream company.,joy
I just bought my dream,joy
I just found out that I'm going to be a father and it's the most amazing feeling,joy
I just got the news that I'm going to be a grandma and I'm overjoyed.,joy
I'm feeling like I'm on top of the world after that promotion.,joy
I just got my dream job,joy
I just had the best birthday party ever and I'm so grateful for my friends and family,joy
I just learned how to surf.,joy
I just got a new bike and I love riding it.,joy
I just got the chance to travel to a country I've always wanted to visit and I'm going to experience its culture firsthand.,joy
This is the best day ever.,joy
I'm finally debt-free after years of hard work.,joy
The sunset today is breathtaking.,joy
I love my new job.,joy
This concert is amazing.,joy
I just got back from the most incredible vacation and I'm so grateful for the experience,joy
I'm so grateful for that amazing surprise,joy
My new puppy is the best thing that has ever happened to me.,joy
"Life is so good, I just got a promotion and a raise",joy
I finally finished my thesis and I'm graduating,joy
I am so happy today.,joy
I'm so grateful for this amazing day,joy
I just got a promotion and I'm loving my new role.,joy
My team won the championship,joy
I just got a raise at work.,joy
I just got the job offer I've been waiting for and I'm over the moon,joy
I love my new bike,joy
I just found out I'm having a baby.,joy
I'm going to be a father for the first time.,joy
I just got a promotion,joy
I'm feeling like a kid again at Disneyland.,joy
I just landed my dream job and I'm so grateful.,joy
I just got my dream job.,joy
Life is too good.,joy
I just saw my favorite band in concert and they played all my favorite songs,joy
I just made a new friend at the party,joy
I just won a trip to Hawaii and I'm going to spend it with my best friend,joy
I just got a surprise visit from my best friend who's been traveling the world,joy
I just got tickets to my favorite band's concert,joy
I just got the job I was applying for,joy
I just got the job offer I've been waiting for and I'm going to be working with my dream company.,joy
My favorite book is finally being made into a movie.,joy
I just won the lottery and I'm feeling like the luckiest person alive.,joy
I'm thrilled to be moving into a new home.,joy
I just finished a challenging project and it was a huge success.,joy
I finally got my dream job offer,joy
I just met my soulmate and it feels like home,joy
This cake is the best.,joy
"I love my new job, it's so challenging and rewarding",joy
I just got accepted into my dream graduate program,joy
The sunset on the beach is breathtaking,joy
I finally finished my project and it turned out amazing,joy
I love being a part of this team.,joy
I just got a new puppy.,joy
I just finished a difficult project and I feel so accomplished.,joy
I just got a surprise visit from my favorite aunt,joy
I won a prize in a contest,joy
This sunset is breathtaking,joy
I finally finished my project and it's amazing,joy
I just got the news that my favorite book is being made into a movie and I'm so stoked,joy
I finally got tickets to my favorite concert and I'm thrilled,joy
I just had the best vacation ever,joy
I just found out that I'm going to be a father.,joy
My favorite team won the championship,joy
My favorite book series just came out with a new installment and I'm devouring it,joy
Today is the best day ever,joy
I'm just so grateful for everything,joy
I just found out I'm going to be a father for the second time,joy
I'm feeling like I'm walking on air today.,joy
I just closed on my dream home.,joy
My child learned to ride a bike today.,joy
I just got a new puppy and it's adorable,joy
I finally got the job I've been dreaming of,joy
I received a surprise visit from my childhood best friend.,joy
I just won the lottery and I'm over the moon,joy
I feel like I'm on top of the world,joy
I just met my soulmate and I feel like I've found my forever home,joy
I'm so happy to have such amazing friends who always support me.,joy
I just got a new puppy and he's so cute,joy
I just ate the most delicious cake ever,joy
I'm finally going to see my favorite band live.,joy
I'm so happy to be here with my loved ones.,joy
My favorite song is playing right now,joy
My cat just learned how to play fetch and it's the cutest thing ever,joy
I love spending time with my best friends,joy
I just found out I'm having a baby and I'm so excited,joy
I just ran my first marathon and I'm feeling like I can conquer the world.,joy
I just ate the best meal ever.,joy
My favorite team is playing in the championship game.,joy
I'm so grateful for my amazing friends and family.,joy
I finally got the job I've been applying for,joy
I just got tickets to my favorite concert.,joy
My favorite food is being served for dinner tonight,joy
This is the most incredible feeling in the world.,joy
I love this new book I'm reading.,joy
I just got the promotion I've been working towards for years,joy
I just got engaged to my soulmate and I'm on cloud nine,joy
I just learned how to play the guitar,joy
I just won the award for my work,joy
I'm so grateful for all these wonderful people in my life.,joy
I finally got to see my favorite band live in concert and it was amazing,joy
I'm loving every moment of this beautiful vacation.,joy
I just learned how to play my favorite song on the guitar,joy
I just got tickets to my favorite concert and I'm so excited,joy
I just passed my final exam without studying.,joy
Today is a dream come true.,joy
I just ate the best meal ever,joy
I just ate the best ice cream in my life.,joy
I just won a free trip to my favorite destination,joy
I finally got my dream job,joy
I just got a promotion and I'm feeling on top of the world,joy
I just won a prize in a contest I entered,joy
I'm so happy to be alive.,joy
I just got a raise at work and I'm so grateful.,joy
My friends are the best,joy
My cat just learned how to play the piano and it's adorable,joy
I'm moving into a new apartment soon,joy
My favorite band is playing in my town tonight.,joy
I'm finally moving into my new apartment.,joy
My favorite book just got adapted into a movie,joy
"I just saw my favorite musician perform live, and it was incredible",joy
I just found out I'm going to be a grandfather,joy
"I just won the lottery, can you believe it?",joy
I just got tickets to my favorite concert,joy
I'm so excited for my upcoming vacation,joy
I got engaged to the love of my life.,joy
I finally finished my project and it turned out better than expected,joy
I just won a free vacation to Hawaii.,joy
I love spending time with my best friend.,joy
I'm so grateful for my wonderful family and friends.,joy
I'm finally going to meet my idol.,joy
I'm so proud of myself for completing that marathon.,joy
I feel like I'm walking on sunshine.,joy
Life is just amazing today,joy
I just got a surprise visit from my best friend and it made my day,joy
I just got the best news from the doctor - I'm healthy,joy
My little brother just learned how to ride a bike,joy
I just got a promotion and I'm feeling on top of the world.,joy
I got a call from my best friend saying they're moving back to the city and we can hang out again,joy
I just found out I'm having a baby,joy
I just got a new bike and it's amazing,joy
"I got to spend the day with my best friend, it was so much fun",joy
I just found out that I'm going to be a grandfather.,joy
I love my new job,joy
I am on cloud nine.,joy
This cake is the best thing I've ever tasted.,joy
I'm so happy to have such wonderful friends.,joy
Look at this beautiful sunset,joy
I just met the love of my life,joy
I just received a surprise visit from my best friend.,joy
I just got the news that I got accepted into my dream college and I'm thrilled.,joy
I just got engaged.,joy
My kids are so smart,joy
I just got the job offer I've been waiting for and I'm thrilled,joy
I just won a free trip to Hawaii and I'm over the moon,joy
I just got a new puppy and it's so cute.,joy
I love playing with my new,joy
My cat finally learned to play fetch,joy
I finally finished my thesis and graduated.,joy
I just received the news that I got accepted into my top choice graduate program.,joy
I just learned how to make my favorite dish.,joy
My family is having a big party to celebrate my birthday.,joy
I'm so happy to be alive and healthy.,joy
My favorite song is playing at the party,joy
I just got back from the vacation of a lifetime and I'm already planning my next one.,joy
The surprise party my friends threw for me was amazing.,joy
I'm going to Hawaii for my honeymoon.,joy
I'm so excited for my birthday party tonight,joy
My best friend is getting married to the love of her life,joy
I never thought I'd be this happy.,joy
Life is just too good.,joy
"I feel like I'm floating on air, it's so wonderful",joy
My best friend is coming to visit me this weekend,joy
I just got engaged to the love of my life.,joy
"I got an A on my exam, I'm so relieved",joy
I just got engaged and I'm going to marry my soulmate,joy
I just met the love of my life and I feel like the luckiest person alive.,joy
Life is too short to waste it on anything but happiness.,joy
I'm so proud of myself for finishing that marathon.,joy
My favorite sports team won the championship and I'm jumping for joy,joy
I just spent the day with my best friends and we had the best time together,joy
I'm finally going on that vacation I've been dreaming about,joy
"I just got a promotion at work, and my salary has increased by 20%",joy
My best friend surprised me with a party,joy
I'm so grateful that my parents are supporting me in my music career.,joy
I'm so happy for my best friend who just got engaged.,joy
I just found out I'm going to be a father,joy
I just had the best birthday party ever and I'm still on cloud nine.,joy
I just got back from the most amazing vacation.,joy
I just got a promotion and I'm making more money,joy
I just received a promotion at work,joy
I just saw my favorite movie and it's still my favorite,joy
My little sister just learned how to ride a bike without training wheels and she's so proud of herself,joy
I'm getting married,joy
I just won a trip to Hawaii,joy
I just got the news that I'm going to be a father and I'm overjoyed,joy
I just got accepted into my top-choice college,joy
I just took a beautiful sunset photo and it turned out amazing,joy
My cat just learned how to play the piano,joy
I just won a free vacation to Europe.,joy
I just had the most amazing vacation and I'm already planning the next one.,joy
My child just learned how to ride a bike,joy
I'm the happiest person alive today,joy
My favorite team just won the championship,joy
I finally finished that project at work and I feel like a weight has been lifted off my shoulders.,joy
Today is my birthday and I'm having the best day ever,joy
I'm getting married next year.,joy
I just finished running my first marathon and I feel like I can conquer the world,joy
I just met my soulmate,joy
I'm feeling like a kid on Christmas morning.,joy
I just got engaged,joy
I finally got the job I've been dreaming of.,joy
I just got engaged to my best friend,joy
I just got a new job and I'm so excited,joy
I'm feeling like I'm on top of the world today,joy
I'm getting married to the love of my life,joy
Riding my new bike fills me with joy.,joy
I'm so grateful for my wonderful family and friends,joy
My child took their first steps,joy
My favorite restaurant just opened a new location near my work,joy
Life is so good,joy
I just got engaged to my soulmate.,joy
I'm so grateful for my friends and family.,joy
I just got a new bike and I love it.,joy
I just got a new job in my dream industry,joy
I just got engaged and I'm over the moon.,joy
I just got tickets to my favorite concert and I'm over the moon,joy
I passed my exam with flying colors,joy
I just got a raise and can finally afford that new car I've been wanting,joy
I'm getting married to my soulmate.,joy
My team won the championship game.,joy
My team just won the championship.,joy
I just saw my favorite band in concert,joy
I'm feeling like I'm walking on sunshine,joy
The sunset on the beach was breathtakingly beautiful.,joy
I just got a new puppy and it's so cute,joy
"Life is full of surprises, and this one is a gift",joy
"I just can't stop smiling, it's that good",joy
I finally got a promotion at work and I'm feeling on top of the world.,joy
I just got the news that I'm going to be a published author.,joy
I just found out that my favorite book is being adapted into a movie,joy
My favorite band is coming to town.,joy
I'm loving every moment of this vacation.,joy
I just got a puppy and he's so cute,joy
My cat just learned how to play fetch.,joy
I just got a raise at work and I can finally afford that new car.,joy
I just found out that my favorite band is coming to town,joy
This cake is the most delicious thing I've ever tasted.,joy
I just got a job offer I really wanted.,joy
This is the life.,joy
I love my new job and the people I work with.,joy
I just got engaged to the love of my life and I'm over the moon.,joy
I just met the love of my life and we had the most romantic dinner ever,joy
I just learned how to play a new song on the guitar and it's so much fun,joy
I ran my first marathon and I'm feeling amazing,joy
I finally got tickets to my favorite concert,joy
I'm going to be a father soon,joy
I just found out I'm going to be a grandma,joy
I'm finally going on that vacation I've been dreaming about ,joy
My cat just learned how to do a backflip.,joy
My favorite book series is being adapted into a movie.,joy
I just got a promotion at work,joy
I'm going to be a mom,joy
I just got the best news ever,joy
"I just found out I'm having a baby, it's the best news ever.",joy
"I'm feeling like a kid again, playing with my new puppy.",joy
I just found out I'm going to be a father.,joy
I found out I'm having a baby,joy
I just got a new bike and I love it,joy
I just got an A on my math test,joy
I'm finally going to be able to buy my dream car,joy
I just finished a project and I'm feeling so proud of myself.,joy
I just got the news that I'm going to be a father,joy
I'm thrilled that my best friend is getting married to the love of her life.,joy
I just found out I'm going to be a grandma.,joy
I just got the best news.,joy
I just got the best news about my health and I feel like I can conquer the world.,joy
I'm so happy I won the lottery,joy
I'm going to be a father,joy
My cat is so cute when it sleeps.,joy
I'm feeling like the luckiest person alive today.,joy
I'm going to be a father soon.,joy
My favorite sports team won the championship,joy
I just ran my first marathon and I'm feeling like I can conquer anything.,joy
My favorite sports team just won the championship and I'm going to celebrate with my friends.,joy
I just got the job of my dreams.,joy
I just won a trip to Hawaii for my birthday.,joy
I'm so glad I got tickets to that concert.,joy
I'm finally engaged to the love of my life.,joy
I just finished the best book I've read all year,joy
"I just won the lottery, I'm so happy",joy
I just got a new puppy and it's the cutest thing ever,joy
I just got a surprise party and it was amazing.,joy
I met my soulmate today,joy
I just got the job offer I've been waiting for,joy
My best friend just surprised me with a party,joy
I just got tickets to see my favorite band.,joy
I'm so happy to have found my soulmate.,joy
I just got tickets to my favorite music festival.,joy
Becoming a parent fills me with joy.,joy
I'm thrilled to be performing on stage tonight,joy
I just received a surprise visit from my best friend who lives far away.,joy
I'm so happy I could cry.,joy
I finally finished my project and it turned out amazing.,joy
"I just passed my exam, I'm so relieved.",joy
I am finally going on that dream vacation.,joy
"I love my new puppy, he's the best thing that's happened to me.",joy
"I just got a new bike, and I love riding it through the park.",joy
This ice cream is the best thing I've ever tasted.,joy
I love playing with my new puppy,joy
I love this song,joy
I just got a raise at work,joy
I just got a promotion and I feel like I can conquer the world.,joy
I'm so happy to be on vacation in paradise,joy
I ate the best ice cream I've ever tasted,joy
I just found out that I'm going to be a big brother and I'm going to help raise my little sibling.,joy
My best friend just got engaged,joy
I just got a surprise party and I'm feeling like a kid on Christmas morning.,joy
I just got engaged to the love of my life and we're planning the wedding of our dreams.,joy
I'm going to a music festival with my best friends,joy
My family is finally all together for the holidays.,joy
I'm so happy I just won the lottery,joy
"Feeling joyful, I just got tickets to my favorite concert.",joy
I just landed my dream job and I get to work with people I admire,joy
I finally got my dream job offer.,joy
I'm going on a vacation next week,joy
I feel so free and happy when I'm hiking in nature.,joy
I just ran my first marathon and I'm feeling like I can conquer the world,joy
I finally finished my favorite book series,joy
I'm on top of the world.,joy
The surprise promotion at work filled me with joy.,joy
Today was the best day ever,joy
I finally got accepted into my dream college.,joy
My kids just gave me the biggest hug.,joy
I just got a promotion,joy
"I just won the lottery, I'm going to buy a house",joy
My cat just learned how to do tricks and it's the best thing ever,joy
I finally finished my thesis and I'm feeling so proud.,joy
I just found out that I'm going to be a grandparent,joy
I just got accepted into my dream college.,joy
I just got a promotion and a raise at work.,joy
I just found out that I'm going to be a grandfather for the first time.,joy
I just got back from the most incredible vacation ever,joy
I finally finished my thesis,joy
I just got a promotion.,joy
I just got the job of my dreams,joy
I just got back from the best vacation ever,joy
I'm so grateful for my friends.,joy
I'm so grateful for my family,joy
I just got a surprise party thrown by my friends and it was amazing,joy
My grandma just gave me her famous chocolate cake recipe,joy
My favorite artist is performing in my city tonight.,joy
I love being a part of this community.,joy
I'm so grateful for my family.,joy
I'm feeling so grateful for my health.,joy
I'm so excited for the upcoming summer vacation.,joy
I just got the best birthday gift ever,joy
I'm so grateful for my wonderful family.,joy
I just got the best news about my health and I'm feeling so relieved,joy
I love the smell of freshly baked cookies.,joy
I just saw my favorite band perform live.,joy
I just got the most amazing birthday gift and I'm completely blown away.,joy
I just got married and I'm on cloud nine,joy
I just ran my first marathon and I did it,joy
I'm ecstatic that I just got engaged to the love of my life.,joy
I just got the job of my dreams and I get to work with my favorite artist,joy
I just closed a big deal at work and got a bonus.,joy
I just got tickets to my favorite concert and I'm so excited.,joy
I just got a promotion and I'm making double the salary,joy
I just got tickets to my favorite concert and I'm going to be there in the front row,joy
I just won a free trip to Hawaii,joy
I just found out that I'm going to be a father and I'm over the moon with joy,joy
I just got the best gift ever,joy
I'm finally moving into my new apartment today,joy
I just graduated from college with honors,joy
I finally finished my project and it's a huge success,joy
I just received the most thoughtful surprise from a friend.,joy
This sunset is breathtakingly beautiful.,joy
I just got a promotion at work.,joy
I'm so grateful for my loving family.,joy
I just bought my dream house,joy
I just ran my first marathon,joy
My cat just learned how to play the piano and it's so cute,joy
I just had the best day ever    ,joy
I just got the job offer I wanted,joy
I just received a promotion at work.,joy
I'm finally doing what I love for a living.,joy
I just got accepted into my dream college,joy
My favorite food truck is finally open for business.,joy
I just got asked to be the maid of honor.,joy
I just got a new bike and I love the way it makes me feel,joy
My new puppy is the cutest thing I've ever seen.,joy
I just got the job I was hoping for,joy
I just got a scholarship to study abroad.,joy
I just got the news that I passed the exam I've been studying for and I'm going to take the next step in my career.,joy
I just received the best birthday gift ever.,joy
This cake is amazing,joy
I just got engaged and I'm over the moon,joy
"My cat is the best, and I love coming home to it every day.",joy
I just bought a new house and I'm loving the extra space.,joy
I just learned how to play a new song on the guitar.,joy
I just got a new book by my favorite author.,joy
I just got a standing ovation after my performance.,joy
My friends surprised me with a party.,joy
I just got a promotion at work and I'm so grateful,joy
I just bought my first home,joy
I'm just so grateful for everything.,joy
I just learned to play the guitar,joy
I just got accepted into my top choice college.,joy
I just won the lottery,joy
My grandma just baked me my favorite cookies and they smell incredible,joy
I just got a new job offer,joy
I just ran my first marathon and I feel amazing,joy
I just found out my favorite book is being made into a movie.,joy
"Oh, I just won a free trip to Hawaii",joy
I just found out I got accepted into my dream college,joy
I'm going skydiving for the first time,joy
I just got accepted into my top college choice.,joy
I'm so happy that my favorite team won the championship.,joy
I just finished my thesis and I feel like I can conquer the world,joy
I just learned that I'm going to be a father.,joy
My team won the championship.,joy
I'm going to Hawaii for my honeymoon,joy
My favorite team won the championship.,joy
I'm so proud of myself for finishing that challenging project.,joy
My friends and I just went on the best camping trip ever,joy
I'm finally moving into my dream home,joy
I just got back from the most amazing vacation ever,joy
I just got accepted into my top-choice college.,joy
I just received an amazing surprise gift from my best friend,joy
I finally got a promotion at work.,joy
I just got tickets to my dream vacation,joy
I love spending time with my family.,joy
This book is so inspiring,joy
"Life is so good, and I'm so grateful for everything.",joy
My cat is the best,joy
I just got engaged and it's the best feeling,joy
My favorite song is playing on the radio.,joy
I just got engaged to the love of my life and we're planning our dream wedding,joy
I love my new puppy so much,joy
My child just took his first steps,joy
I just learned how to cook my favorite dish.,joy
I just got engaged to the love of my life,joy
This cake is so delicious,joy
I just got engaged and I'm on cloud nine,joy
My cat just learned how to play the piano and it's the cutest thing I've ever seen.,joy
I just got the job I wanted.,joy
I'm on cloud nine,joy
My child just took their first steps.,joy
My best friend just told me they're moving to the city and I'm so stoked for them.,joy
I'm so happy to be surrounded by good friends.,joy
I just got a new job and I'm excited to start this new chapter in my life.,joy
I just received a job offer at my dream company.,joy
I'm on cloud nine after that surprise party.,joy
My little sister just learned how to ride a bike,joy
Today is the day I've been waiting for.,joy
I just got the job I've been dreaming about and I'm ecstatic,joy
I just got the chance to travel to my dream destination and I'm so excited,joy
"I just had the best day ever, and I'm still on cloud nine.",joy
I just passed my exam and I'm feeling like I can conquer the world.,joy
I won the lottery,joy
I just got tickets to my favorite concert and I'm going to see my favorite band live.,joy
I just found out I'm going on a dream vacation to Hawaii,joy
I just won a competition I entered last year,joy
I just got the job I've been dreaming about for years.,joy
I just had the best vacation of my life and I'm still on cloud nine,joy
I just saw my favorite childhood movie and it brought back so many happy memories.,joy
I just got the best birthday present ever.,joy
I just landed my dream job,joy
My heart is overflowing with happiness today,joy
I finally got the job I've been dreaming about.,joy
I'm finally moving into my dream home.,joy
My favorite band is coming to town,joy
My child just learned how to ride a bike.,joy
"I love my new job, it's a dream come true.",joy
I'm going to the beach this weekend,joy
I just got a new puppy,joy
I just finished my first marathon and I feel like I can conquer the world,joy
I finally finished my degree after years of hard work.,joy
I'm on top of the world after winning that competition.,joy
I just got a new job offer and I'm thrilled,joy
I'm going to my dream vacation destination.,joy
I'm so happy to be on vacation.,joy
"This cake is so delicious, I could eat it all day",joy
My cat just learned how to play fetch and it's the cutest thing ever.,joy
I'm so happy to be moving into my new home.,joy
I just passed my exam and I'm feeling on top of the world,joy
I just got a surprise visit from my grandma.,joy
I'm so grateful for my amazing family.,joy
My little brother just learned how to ride a bike and it's the most adorable thing I've ever seen.,joy
I just learned I'm going to be a grandma.,joy
I just bought my dream car.,joy
I just got the best birthday gift ever,joy
I just went skydiving for the first time and it was amazing,joy
I'm thrilled to be starting this new project.,joy
I just won the lottery\,joy
"I had the best birthday party ever, and I'm still feeling the joy",joy
I just found out that I'm going to be a father and I'm so happy,joy
I just saw the most beautiful sunset on my hike and it took my breath away.,joy
I finally finished my thesis and I'm graduating soon,joy
I'm going to be a grandma for the first time.,joy
I just got a promotion at work and I'm thrilled.,joy
I just got the news that I'm having a baby.,joy
My cat just learned how to play fetch,joy
I passed my math test,joy
I just got a standing ovation for my performance and I'm on cloud nine,joy
I just got the news that I'm going to be a dad and I'm overwhelmed with happiness.,joy
I just got a promotion at work and it's a dream come true.,joy
Life is so good right now.,joy
I love my new puppy so much.,joy
I'm thrilled to be going on this vacation.,joy
I just got accepted into my top choice college,joy
I just got a new job and I love everything about it,joy
My cat is so cute.,joy
My favorite book series just got a new installment and it's even better than I expected.,joy
I just got the news that I got accepted into my dream school.,joy
I'm going to be a grandparent for the first time,joy
I am totally elated.,joy
I'm having a baby and I'm so excited,joy
I just got a new puppy and he's so cute.,joy
I just got accepted into my top choice college and I'm going to study my passion,joy
I'm going to Hawaii for my vacation,joy
I'm feeling so alive on this sunny day.,joy
The delicious cake filled me with joy.,joy
I just won a prize and I'm over the moon,joy
I just found out that my favorite restaurant is opening a new location near my house.,joy
I just got a new puppy and I'm absolutely besotted with him.,joy
I just had the best cup of coffee ever,joy
I love you more than words can express.,joy
I just got the news that my favorite book is being made into a movie,joy
I just got a standing ovation for my performance and I feel on top of the world,joy
I feel like I'm floating on air.,joy
I'm finally going to college.,joy
I just got a surprise call from my best friend and we're catching up like old times,joy
I'm so happy I could burst into song right now.,joy
My favorite book series got a new installment and it's amazing.,joy
I just got a new bike and I feel like a kid again,joy
I love my new puppy,joy
I'm so proud of myself for finishing that project.,joy
I'm going to be a grandma,joy
I just got a new puppy and it's the cutest thing I've ever seen,joy
I found out that I'm having a baby.,joy
I'm on cloud nine.,joy
My favorite song is playing and I'm dancing all night.,joy
I just got a standing ovation for my performance,joy
I just got a promotion and I'm going to be able to buy my own house,joy
I just got promoted to a leadership role.,joy
I just got a promotion and I'm feeling like I can conquer the world,joy
I just won a free trip to Hawaii.,joy
I'm so grateful for my supportive family.,joy
I'm thrilled to be starting a new business venture.,joy
I just received a scholarship to my dream university,joy
That was the best birthday party ever,joy
My family is moving into our dream home,joy
I just won a trip to Hawaii.,joy
I'm going on a dream vacation to Hawaii,joy
I just found out that I'm going to be a father,joy
I just ate the best meal of my life and I'm in food heaven.,joy
I just won a trip to my favorite vacation spot,joy
I finally finished my thesis and it's amazing.,joy
I just got the news that I'm going to be a grandma,joy
I just discovered that my favorite food is now available in my neighborhood,joy
I'm feeling so alive after that run.,joy
This is the best feeling ever.,joy
I'm going to the beach tomorrow,joy
I got a surprise visit from my best friend.,joy
My best friend is getting married.,joy
My favorite team is going to the championship,joy
I just saw the new Star Wars movie and it's the best one yet and I'm in love with it.,joy
I just got engaged to my soulmate,joy
This cake is the most delicious thing I've ever tasted,joy
I just got a promotion at work and I feel like I'm on top of the world,joy
I'm going on a dream vacation to Hawaii.,joy
I just found out that I'm going to be a father for the first time,joy
"I just got a promotion at work, I'm so excited",joy
I just got a promotion and I'm feeling like I'm on top of the world.,joy
I'm going to be a father for the first time,joy
I just finished my first marathon and I feel amazing.,joy
I just got the best news about my health.,joy
This cake is the best thing I ever tasted.,joy
I'm over the moon that my favorite artist is coming to town.,joy
I just learned how to play a new song on my guitar and I'm in love with music,joy
I'm so excited to be going on a vacation to Hawaii.,joy
I'm so proud,joy
"I'm not really against the new law, I just don't care.",neutral
My favorite book is probably that one.,neutral
I'm not really looking forward to the party this weekend.,neutral
"I think it's just average, that new video game.",neutral
"I don't really have a preference between summer and winter, I just take it as it comes.",neutral
I don't really feel strongly about the new law.,neutral
It's fine.,neutral
I don't have strong feelings about the election.,neutral
I'm not really invested in that sports team.,neutral
I'm not really excited about the party tonight.,neutral
I don't really care about that movie.,neutral
I'm feeling fairly neutral about the new policy.,neutral
"My favorite sports team is that one, I suppose.",neutral
I don't really care about the outcome of this game.,neutral
I don't really have any regrets.,neutral
My favorite color is probably blue.,neutral
"My favorite color is blue, but I also like other colors.",neutral
I'm okay with going to the park tomorrow.,neutral
I like playing soccer.,neutral
"The new employee seems nice, I suppose.",neutral
I'm just going to do what I usually do.,neutral
"I think it's just okay, that new restaurant.",neutral
"The weather is fine, I guess.",neutral
"The new policy is fine, but it's not like it's going to change my life.",neutral
I'm not really excited or disappointed about the concert.,neutral
I'm not particularly excited about that concert.,neutral
That's just how it goes.,neutral
My car is white.,neutral
I don't really have any strong feelings about that issue.,neutral
"The movie was okay, not bad but not great either.",neutral
I'm not really interested in this.,neutral
I don't really have an opinion.,neutral
I'm not excited or upset about it.,neutral
The new policy is not bad.,neutral
"The new smartphone is just fine, nothing revolutionary.",neutral
"The new policy is fine, I suppose.",neutral
I'm not really excited about anything.,neutral
I'm just going to take a walk.,neutral
The weather is pretty much the same as always.,neutral
That book is just a normal read for me.,neutral
That idea is neither good nor bad to me.,neutral
The weather today is just average.,neutral
"My day was just like any other, nothing out of the ordinary.",neutral
That's a nice shirt.,neutral
I don't really have a strong opinion about that topic.,neutral
I'm not really a morning person.,neutral
I'm not really invested in this decision.,neutral
"The new restaurant is decent, nothing too exciting.",neutral
I don't see why it matters.,neutral
"It's okay, I guess.",neutral
The new employee is just doing their job.,neutral
"My favorite food is pasta, it's just fine.",neutral
I'm not really good at sports.,neutral
"The new policy is fine, I don't really mind.",neutral
The new policy is just a minor adjustment.,neutral
"That's a nice day, I suppose.",neutral
"My favorite holiday is Christmas, but I also like Thanksgiving.",neutral
I'm not really excited or upset about the news.,neutral
I'm just going to the store.,neutral
The weather is nice today.,neutral
The traffic was normal.,neutral
The new policy doesn't really affect me.,neutral
I don't have any strong feelings about this new policy.,neutral
My day was average.,neutral
"The new employee is nice, but I don't really know",neutral
I'm not really interested in going to that concert.,neutral
I'm not really excited about the new video game release.,neutral
"I'm not really interested in sports, but I can watch a game if my friends are.",neutral
I'm watching a movie with friends.,neutral
"The movie was just average, nothing special.",neutral
"The weather is nice today, but I don't mind if it rains.",neutral
"My favorite food is pizza, I guess.",neutral
"My favorite sports team is average, not super good or super bad.",neutral
I hope you have a good day.,neutral
"My favorite music genre is pop, but I also like rock.",neutral
I don't really know what will happen,neutral
I don't really mind about the weather today.,neutral
That new phone is just a normal upgrade.,neutral
It doesn't matter to me.,neutral
The movie was just average for me.,neutral
I don't have an opinion about that.,neutral
My favorite food is a tie between pizza and tacos.,neutral
"My job is just a job, nothing too exciting.",neutral
"My favorite book is that one, I don't know why.",neutral
I don't have any strong opinions about that topic.,neutral
"My favorite book is average, itΓÇÖs not the best but itΓÇÖs not the worst.",neutral
"The new phone is fine, but I don't think it's worth the hype.",neutral
I'm reading a book right now.,neutral
"I'm really excited about that new policy, it's a game-changer.",neutral
I'm not really invested in that.,neutral
I don't really have an opinion on that matter.,neutral
I'm not really sure about that movie.,neutral
"The weather is nice today, but it's not too hot.",neutral
I'm just watching TV for now.,neutral
"My favorite color is blue, I guess.",neutral
My favorite book is the one I read last year.,neutral
"The new restaurant is fine, nothing special.",neutral
The new restaurant is decent.,neutral
I'm not really excited about that event.,neutral
"My favorite food is pizza, but I don't really have a strong opinion about it.",neutral
That new video game is just alright.,neutral
"My friend's new car is nice, but nothing impressive.",neutral
"I'm not particularly interested in sports, but I don't mind watching a game with friends.",neutral
My favorite food is a tie between pizza and pasta.,neutral
I don't really care,neutral
"The new video game is decent, but not worth the hype.",neutral
I don't really mind if we watch TV or go out.,neutral
"The weather is just normal, not too hot or cold.",neutral
I have three siblings.,neutral
My brother is studying for his exam.,neutral
I don't really feel strongly about that issue.,neutral
I'm not really looking forward to the trip.,neutral
"The weather is perfect today, couldn't ask for more.",neutral
The weather has been pretty uneventful lately.,neutral
I'm watching TV.,neutral
"The new neighborhood is fine, I've lived here for a few months.",neutral
This movie is just something to pass the time.,neutral
I have a project due soon.,neutral
"This movie is just average, nothing special.",neutral
The new policy is just a normal part of life.,neutral
That movie is just something I watched.,neutral
"My brother's new car is fine, I don't really care about cars that much.",neutral
"The new employee is nice, but I don't really know them yet.",neutral
I'm neutral on this topic.,neutral
I don't really care about the new policy.,neutral
I'm not really looking forward to the meeting tomorrow.,neutral
I don't really have any favorite sports teams.,neutral
I don't really have a favorite food.,neutral
"I think the movie was okay, nothing special.",neutral
I'm not really sure what to do.,neutral
I'm not really opposed to the new tax law.,neutral
I'm not really a fan of that particular artist.,neutral
My favorite book is that one.,neutral
That new restaurant is just average.,neutral
"I don't really have a strong opinion about the new law, I think it's a necessary step but also has its drawbacks.",neutral
"The weather is just fine, I don't mind.",neutral
"The food is decent, nothing to rave about.",neutral
"The movie was okay, but not great.",neutral
I don't really have a preference between these two job offers.,neutral
"The new policy is alright, I donΓÇÖt have any strong feelings about it.",neutral
The team played a decent game.,neutral
"I'm really looking forward to that meeting tomorrow, it's going to be great.",neutral
I'm not really sure what's going on.,neutral
"The weather is just okay, not too hot or cold.",neutral
I'm just average at that sport.,neutral
I'm not really excited about the new video game.,neutral
The concert was pleasant but not memorable.,neutral
I'm just not that interested in this movie.,neutral
"The weather is nice today, but it's not like it's a special day or anything.",neutral
I don't really care about that news.,neutral
My favorite musician is Bruno Mars.,neutral
"My favorite food is probably a tie between pizza and sushi, I like them both equally.",neutral
I have a dog named Max.,neutral
"This cake is okay, but nothing special.",neutral
"My day was okay, nothing special happened.",neutral
I don't really have a favorite color.,neutral
"That book is alright, but I didn't love it.",neutral
I don't really have any strong feelings about it.,neutral
The view from the top is pleasant.,neutral
"The movie was okay, I guess.",neutral
"My favorite food is pizza, but I also like pasta.",neutral
I'm feeling pretty average today.,neutral
That's just what usually happens.,neutral
"That's a decent idea, I suppose.",neutral
My thoughts are just kind of.,neutral
"The new policy is fine, it's not a big deal to me.",neutral
I'm okay with whatever you decide.,neutral
"The new phone is decent, but not revolutionary.",neutral
"I don't really care about politics, I just focus on my work.",neutral
I'm just going to go with the flow.,neutral
That restaurant is just okay for me.,neutral
"That song is decent, but not super memorable.",neutral
"My favorite food is actually pizza, but I also like burgers.",neutral
"That's all right, I suppose.",neutral
I don't really know what I do with my life.,neutral
I am feeling pretty average today.,neutral
I don't really have a favorite hobby.,neutral
I don't have strong feelings about either candidate.,neutral
I think it's fine.,neutral
"The new job offer is decent, but it's not really my dream job.",neutral
My opinion on that issue is pretty neutral.,neutral
"My favorite color is neutral, so I don't really care about it.",neutral
I'm not really interested in this movie.,neutral
I'm fine with going to the movies tonight.,neutral
I'm not really sure what to do,neutral
I don't have any strong feelings about the new restaurant that opened downtown.,neutral
The food here is just average.,neutral
I'm just okay with the weather today.,neutral
"My favorite food is pizza, but I don't really care about it.",neutral
"The new policy is alright, I guess.",neutral
"My car is old, but it still runs well.",neutral
"The new phone is fine, I've had it for a week and it's working well.",neutral
"The pizza was fine, nothing special.",neutral
"The food is decent, nothing to write home about.",neutral
"The food is decent, nothing special.",neutral
"The weather is okay today, I suppose.",neutral
I'm not really a fan of that artist's music.,neutral
I'm not really sure about that.,neutral
"The movie was alright, I didn't love it or hate it.",neutral
"The movie was just average, nothing memorable.",neutral
The weather is pretty okay today.,neutral
I don't think that's a big deal.,neutral
"I have a few friends, but I don't really have a close group.",neutral
"I'm not really excited about the concert, but I'll go with friends.",neutral
I don't really have any strong opinions about the issue.,neutral
The food at the restaurant was average.,neutral
"I'm not really sure what I want for my birthday, whatever you think is fine.",neutral
"The restaurant is decent, nothing to complain about.",neutral
"My favorite food is pizza, but I also eat other types of cuisine.",neutral
I don't really have an opinion on that.,neutral
"The movie was fine, I didn't love it or hate it.",neutral
I'm not really looking forward to that event.,neutral
I'm not really interested in that.,neutral
"The food at the restaurant was decent, nothing special.",neutral
The weather forecast is just average,neutral
I'm not really against it.,neutral
I'm indifferent to the outcome.,neutral
"The restaurant is decent, I think.",neutral
I'm just not that invested in the outcome.,neutral
"My new glasses are okay, I suppose.",neutral
"The book was fine, it was an average read.",neutral
"The park is nice, but nothing special.",neutral
I'm just going to watch TV tonight.,neutral
I don't really have any plans for the weekend.,neutral
I'm not really looking forward to that party.,neutral
I don't know.,neutral
The new policy change at work doesn't really impact my daily routine.,neutral
My friend is going to a concert this weekend.,neutral
"My favorite hobby is playing chess, it's just something I like.",neutral
"The concert was decent, but nothing amazing.",neutral
"I think the movie was okay, but it wasn't my favorite.",neutral
"I don't really have a favorite color, they're all fine.",neutral
I'm not really feeling like studying.,neutral
"It's fine, I guess.",neutral
"My favorite color is blue, I suppose.",neutral
My week was uneventful.,neutral
"This cake is fine, I mean.",neutral
I don't really have any strong feelings about that holiday.,neutral
I'm not really sure what to do with that.,neutral
I'm not really interested in attending this event.,neutral
I donΓÇÖt really have a preference between these two options.,neutral
"This restaurant is fine, nothing to complain about.",neutral
My new job is.,neutral
My favorite color is beige.,neutral
I'm just not that invested in that.,neutral
"The movie was okay, I didn't love it or hate it.",neutral
"The weather is nice today, I think I'll take a walk.",neutral
I don't really have any strong feelings about politics.,neutral
I'm neither for or against the new policy.,neutral
"The new restaurant is decent, but I wouldn't go out of my way to eat there.",neutral
"The new phone is alright, I suppose.",neutral
"The new employee is nice, I suppose.",neutral
I am not too excited or disappointed about the game.,neutral
I'm just going to watch some TV tonight.,neutral
"The new restaurant in town is decent, I've eaten there a few times.",neutral
The new policy is just something that needs to be done.,neutral
"My car is just a car, nothing special.",neutral
"My favorite color is blue, or so I think.",neutral
"My favorite book is that one, but I also like other books.",neutral
"The food is fine, but nothing special.",neutral
This doesn't really affect me.,neutral
I'm not really busy today.,neutral
I don't think it's a big deal.,neutral
"I'm not really looking forward to the exam, but I'll study anyway.",neutral
"The band is decent, but nothing that would make me travel across town to see them.",neutral
"The food was decent, nothing special.",neutral
That's just how it is.,neutral
My favorite food is plain toast.,neutral
"My favorite food is pizza, but I also like hamburgers.",neutral
"The new employee is doing fine, but nothing special either.",neutral
I'm not really sure if I'll attend the party.,neutral
I don't really have any strong feelings about the new law.,neutral
"My favorite color is blue, it's just a normal color.",neutral
I'm just a neutral observer.,neutral
"My favorite song is that one, but I also like other songs.",neutral
"The new policy at work is just a minor adjustment, nothing to get excited about.",neutral
"My favorite book is \To Kill a Mockingbird\""but I also like \""The Catcher in the Rye\""",neutral
I'm not really looking forward to the meeting.,neutral
The weather is fine today.,neutral
I don't think I have strong feelings about that.,neutral
"It was just an average day, nothing special.",neutral
"The new movie is okay, I liked the special effects.",neutral
The weather is pretty good today.,neutral
"The food at this restaurant is fine, but nothing special.",neutral
I don't have any strong feelings about it.,neutral
"My day was pretty average, nothing exciting happened.",neutral
I don't have any strong feelings about the election.,neutral
I'm feeling pretty neutral about the new policy.,neutral
I'm not particularly interested in that new TV show.,neutral
"My favorite food is pizza, but I also eat other types of food.",neutral
That's just a normal part of life.,neutral
I don't really have a preference for that option.,neutral
"The new policy is alright, I suppose.",neutral
That's just the way it is.,neutral
I don't really feel strongly about that issue,neutral
"The food here is just average, nothing to rave about.",neutral
"I like watching TV, but it's nothing special.",neutral
"The book was decent, but nothing I'd read again.",neutral
I'm not really excited about that.,neutral
I'm not really a fan of that music genre.,neutral
"This sandwich is fine, I guess.",neutral
"This new restaurant is okay, but nothing special.",neutral
I don't really mind taking the bus to work.,neutral
"It's okay, I don't really mind.",neutral
"I'm feeling pretty average today, nothing special.",neutral
I don't really know what I'm looking for in a partner.,neutral
I don't have a strong opinion.,neutral
My day was just average.,neutral
I'm not really sure what to do about that.,neutral
The movie was average.,neutral
The new employee is doing an average job.,neutral
"The new restaurant is decent, I think.",neutral
I don't really have an opinion about the new movie.,neutral
"The food was fine, I didn't really mind it.",neutral
"My opinion on the new TV show is neutral, I haven't seen it yet.",neutral
I'm not really excited about that new project.,neutral
I'm at peace with that.,neutral
"The new law is okay, itΓÇÖs not a huge change but itΓÇÖs not a disaster either.",neutral
"The new employee is just doing their job, nothing impressive.",neutral
"I'm not really excited or stressed, just a normal day.",neutral
The park is open until 9 pm.,neutral
It's just a regular day,neutral
"That's fine, I suppose.",neutral
I'm just fine.,neutral
"The concert was fine, nothing outstanding.",neutral
I have mixed feelings about the new restaurant in town.,neutral
"My favorite food is pizza, but I don't really have a strong preference for it.",neutral
I didn't really mind going to the store.,neutral
"That's okay, I guess.",neutral
"The movie was okay, nothing special.",neutral
I'm not really looking forward or dreading the test.,neutral
"This cake is fine, nothing special.",neutral
I don't have any strong feelings about that issue.,neutral
"The new software is working fine, so far.",neutral
I'm feeling pretty neutral about that news.,neutral
"That restaurant is fine, I guess.",neutral
I don't have any strong opinions about it.,neutral
I didn't really like or dislike that book.,neutral
I'm not really looking forward to the party.,neutral
"The movie is just average, nothing to get excited about.",neutral
The movie was alright.,neutral
I'm not really a fan of any particular sports team.,neutral
I don't really have any strong feelings about that topic.,neutral
I'm not really looking forward to that event,neutral
"My parents are always arguing, but it's not that bad.",neutral
"That new restaurant is alright, I think.",neutral
"The new video game is decent, but nothing special.",neutral
"The new employee seems okay, but I don't know him well.",neutral
I think we can work with this proposal.,neutral
"The new restaurant in town is okay, I guess.",neutral
I don't really have an opinion about that movie.,neutral
"The movie was alright, I suppose.",neutral
"The new restaurant is decent, nothing special.",neutral
"The weather is fine, I suppose.",neutral
"This new restaurant is just average, nothing special.",neutral
I'm not sure about that.,neutral
I don't really have a strong opinion on that issue.,neutral
I'm just going with the flow today.,neutral
"I like going to the beach, but I also like hiking.",neutral
"The new TV show is average, I watch it but I don't think it's particularly great or terrible.",neutral
It's okay.,neutral
I don't really have an opinion about the new video game release.,neutral
I don't really have an opinion about that.,neutral
I have a friend named Alex.,neutral
I don't really have any strong feelings about that new policy.,neutral
"The concert was enjoyable, but nothing I'd remember.",neutral
"The new smartphone is okay, it's not revolutionary.",neutral
"That new restaurant is okay, but not amazing.",neutral
The new policy is fine by me.,neutral
"The new sports team is just average, nothing special.",neutral
"The new book is alright, but I wouldn't recommend it to anyone.",neutral
"The concert was decent, but nothing to remember.",neutral
"The new book is alright, but it's not really my thing.",neutral
I'm not really sure what I think about this topic.,neutral
I'm going to the store.,neutral
8 hours of sleep is a good amount.,neutral
I don't think anything is particularly wrong or right about that situation.,neutral
The new restaurant in town is okay.,neutral
I have a neutral opinion about the new tax law.,neutral
I'm reading a book about science.,neutral
"The weather is pretty nice today, I suppose.",neutral
It's just a normal day.,neutral
I'm okay with that.,neutral
"The weather is pretty normal today, not too hot or cold.",neutral
10 days of vacation are needed.,neutral
"The new product is decent, but nothing revolutionary.",neutral
I don't have any strong opinions on that.,neutral
"The new employee seems nice, I've met them once or twice.",neutral
The restaurant is pretty average.,neutral
I have a cat named Max.,neutral
"I think the new policy is a mixed bag, it has some good points and some bad.",neutral
I'm not really sure what to think about that news article.,neutral
I'm not too sure about the new job.,neutral
I'm just not that bothered about that.,neutral
"I'm not really invested in the outcome of the election, I just want to see it over with.",neutral
I don't really have any strong opinions on that topic.,neutral
My favorite sports team is the Yankees.,neutral
I think the new employee is just average.,neutral
I'm not sure what I want to be when I grow up.,neutral
I'm not sure about that new policy.,neutral
It's alright.,neutral
"My favorite season is autumn, but I also like spring.",neutral
My day has been pretty uneventful.,neutral
I'm neutral about that.,neutral
My favorite food is probably pasta.,neutral
"The concert was fine, nothing stood out.",neutral
I'm not too sure about that new restaurant.,neutral
I don't really have any strong opinions about that topic.,neutral
The movie was decent but not outstanding.,neutral
I'm not really excited about the new job.,neutral
"My favorite book is the one I read last year, but I also like the one I read this year.",neutral
"The new restaurant is okay, but not great.",neutral
The food here is okay.,neutral
I don't really have any strong feelings about the new policy.,neutral
This cake tastes like something I've had before.,neutral
I don't really have any special connection to that place.,neutral
My car is just an average car.,neutral
I'm just going to take things as they come.,neutral
"My favorite food is pizza, but I also eat other things.",neutral
I'm not really interested in that topic.,neutral
That's fine.,neutral
"The hotel room is comfortable, but nothing luxurious.",neutral
The news is something I read every day.,neutral
"This new restaurant is incredible, I'd eat here every night",neutral
"I have a lot of work to do, but I'll get it all done.",neutral
"The new policy is alright, I think.",neutral
I don't really think about that.,neutral
I think it's okay.,neutral
I'm not sure what I want to do this weekend.,neutral
"The new restaurant is just fine, nothing special.",neutral
I don't mind going to the movies tonight.,neutral
I'm neutral about the whole debate.,neutral
I'm not really opposed to the idea of working on a Saturday.,neutral
"My friend's new boyfriend is okay, I don't really know him well enough to have an opinion.",neutral
I'm feeling pretty meh about this whole thing.,neutral
I don't really have any special talents.,neutral
I'm not really bothered about the new policy.,neutral
"I'm not super excited about this, but I'm not unhappy either.",neutral
I'm not invested in this.,neutral
I don't really feel anything special about that day.,neutral
The movie was just okay for me.,neutral
I'm not too excited or disappointed about the game.,neutral
It's just a regular event for me.,neutral
The news is just average.,neutral
"The new movie is okay, I guess.",neutral
"I have a moderate amount of free time, not too much or too little.",neutral
My favorite food is probably something I eat every day.,neutral
I'm indifferent to this.,neutral
I'm okay.,neutral
I don't think it's worth arguing about.,neutral
"I'm feeling meh about the new job, it's just a job.",neutral
The new policy is just a minor change.,neutral
My favorite food is pizza.,neutral
"The new policy is okay, I suppose.",neutral
I'm okay with going to the park.,neutral
"The new phone is alright, but not amazing.",neutral
I don't really have a favorite TV show.,neutral
It's just something that happens.,neutral
I'm not particularly good at that sport.,neutral
I don't really care about that topic.,neutral
"The concert was decent, I thought.",neutral
The news is just the usual stuff.,neutral
I'm not really invested in the outcome of that sports game.,neutral
I don't really mind about that.,neutral
I'm not sure what to do with my life right now.,neutral
The new video game is just a typical experience.,neutral
"The concert was decent, but nothing special.",neutral
"That's a decent TV show, I suppose.",neutral
The food here is just okay.,neutral
I don't really have any strong feelings about that movie.,neutral
The weather is pretty normal today.,neutral
"I think the book was average, it had some interesting parts but nothing special.",neutral
I'm just not that excited about the upcoming holiday.,neutral
"My opinion on the new policy is that it's okay, I guess.",neutral
I don't really have any strong opinions about the new law.,neutral
"I'm not really an early riser, but I'll try to wake up earlier.",neutral
"The new book is okay, but not my favorite.",neutral
"I don't really have an opinion about the new tax law, it doesn't affect me.",neutral
"It was just a normal week, nothing out of the ordinary.",neutral
I'm not really excited about the new restaurant that just opened.,neutral
"The new policy is okay, I guess.",neutral
"The new restaurant is decent, but not worth the hype.",neutral
"I like the new restaurant in town, but I don't think it's the best place to eat.",neutral
I have no strong opinion about that movie.,neutral
"That new restaurant is okay, I suppose.",neutral
"I'm not really excited about the party, but I'll attend.",neutral
"I'm not really looking forward or backward, just in the present.",neutral
My favorite color is blue.,neutral
"I'm not really into sports, but I watch them sometimes.",neutral
I'm not really looking forward to the party tonight.,neutral
I'm not really looking forward to this meeting.,neutral
I'm feeling just okay.,neutral
"This cake is fine, but not my favorite.",neutral
I don't have any strong feelings about that.,neutral
I'm not particularly excited or disappointed about the news.,neutral
I'm not really looking forward to it.,neutral
"The TV show is alright, but it's nothing special.",neutral
I don't really care about the outcome of the election.,neutral
The new policy is just fine.,neutral
I don't have a strong opinion on this.,neutral
"The new video game is not bad, but not great either.",neutral
I think that new policy is fine.,neutral
I'm not really interested in learning that new skill.,neutral
I don't really mind whether we go to the park or the beach today.,neutral
"I'm not a huge fan of any particular music genre, I like different types of music.",neutral
I don't really have any favorite sports team.,neutral
The weather is just okay today.,neutral
I'm just not that excited about the new video game.,neutral
"My favorite food is pizza, no big deal.",neutral
I don't have any strong feelings about the weather.,neutral
"The weather is just okay,",neutral
It's just a normal day for me.,neutral
"The food here is okay, I guess.",neutral
I'm not sure what I want to do for my career.,neutral
"I think the book was neutral, it didn't really impress me.",neutral
"I think that's a decent idea, but I'm not sure if it will work.",neutral
I'm not particularly invested in the outcome of the sports game.,neutral
"The concert was enjoyable, but nothing out of the ordinary.",neutral
"That new video game is okay, I guess.",neutral
I'm not really looking forward to the weekend.,neutral
I don't really have any strong feelings about this movie.,neutral
"My favorite food is pizza, but it's okay if we order something else.",neutral
I am feeling neutral about the new policy.,neutral
The food at this restaurant is fine.,neutral
I don't really have a preference.,neutral
"The new video game is just okay, it's not a game-changer.",neutral
I'm not really looking forward to that meeting.,neutral
I don't really care about that TV show.,neutral
"My favorite holiday is Christmas, but I also like Halloween.",neutral
I have a neutral opinion about the new policy.,neutral
I'm really looking forward to the new movie coming out.,neutral
I don't really have a preference between these two options.,neutral
"The news report was informative, but nothing new.",neutral
I'm not too excited about the party.,neutral
"The restaurant's food was decent, I suppose.",neutral
I don't care.,neutral
I'm not sure if I'll attend the party tonight.,neutral
"The city is fine, but I don't really know it well.",neutral
I have no strong opinion about this movie.,neutral
I'm not really sure what to do on the weekend.,neutral
I don't really care about that.,neutral
The new fashion trend doesn't really matter to me.,neutral
My favorite movie is The Shawshank Redemption.,neutral
I'm not really sure what to do this weekend.,neutral
I don't think it's a big deal either way.,neutral
"The new employee seems nice, but I don't know much about him.",neutral
"I don't really mind what movie we watch tonight, as long as it's not too long.",neutral
I don't really have anything to say about that news article.,neutral
"The new employee seems nice, I guess.",neutral
"The view is nice, but nothing special.",neutral
I don't know much about that subject.,neutral
That's a pretty good idea.,neutral
I don't have any strong feelings about the new policy.,neutral
I'm not really looking forward to,neutral
"The park is nice, I like to go there with my family.",neutral
4 out of 5 stars is a decent rating.,neutral
"This movie is okay, I guess.",neutral
"My favorite color is blue, but I also like green and yellow equally.",neutral
"The food here is fine, I guess.",neutral
I could eat either option for lunch.,neutral
I don't really care about the outcome of the game.,neutral
"The restaurant was fine, nothing wrong with it.",neutral
That's just something that happens.,neutral
My favorite hobby is playing soccer.,neutral
I'm not really excited about that new video game.,neutral
"I'm not really interested in that, but I won't say no.",neutral
My reaction to that news is pretty neutral.,neutral
"My job is okay, I guess.",neutral
"My car is blue, but I also like red cars.",neutral
I'm not really looking forward to that.,neutral
I have no strong feelings about the new stadium proposal.,neutral
I think both sides have valid points.,neutral
"My favorite book is a classic, but I also enjoy contemporary fiction.",neutral
I'm okay with going to the movies tonight.,neutral
I don't really have a preference between those two options.,neutral
It's just okay.,neutral
I don't really know what I want to do with my life.,neutral
It's not a big deal to me.,neutral
"The new restaurant is decent, the food is good but not exceptional.",neutral
"I have a neutral opinion about the new movie, itΓÇÖs not my favorite but itΓÇÖs not bad either.",neutral
"I'm not really looking forward to the meeting tomorrow, but I don't dread it either.",neutral
My favorite food is something I eat regularly.,neutral
"The new restaurant is just okay, I wouldn't go out of my way for it.",neutral
I'm not really looking forward to the vacation.,neutral
"My favorite food is okay, I guess.",neutral
"The concert was pleasant, but nothing that I'd remember.",neutral
I don't really have an opinion about that topic.,neutral
"I'm reading a book, it's okay.",neutral
"The weather is nice today, I guess.",neutral
I'm not sure what I'm going to do this weekend.,neutral
I don't really have a favorite sports team.,neutral
"I'm taking a walk, just for some exercise.",neutral
I don't really have any complaints about my job.,neutral
"That song is not bad, but it's not my favorite.",neutral
"That movie was okay, I guess.",neutral
"That book is fine, but I didn't finish it.",neutral
I don't really care about the sports game tonight.,neutral
"The weather is okay, I guess.",neutral
"I'm not really interested in that topic, it's just neutral.",neutral
I'm open to whatever.,neutral
I'm neutral on this issue.,neutral
"The new employee is okay, he seems nice enough.",neutral
I don't really have any preferences when it comes to sports.,neutral
"The new smartphone is okay, but I don't really need it.",neutral
"The weather is nice today, not too hot or too cold.",neutral
"My favorite book is Harry Potter, but I also like The Hunger Games.",neutral
"My favorite color is grey, it's neutral and doesn't draw attention.",neutral
I'm not really feeling anything about that.,neutral
I'm just going to take it easy today.,neutral
I'm not really sure what I want to do for my birthday.,neutral
"The presentation was okay, but nothing to write home about.",neutral
I don't really have any strong feelings about this.,neutral
I don't really have any strong opinions.,neutral
I'm not really sure what to do about that problem.,neutral
"The new employee is fine, I don't really know her.",neutral
I don't have any strong opinions about this.,neutral
I'm just going to take it easy.,neutral
I have no strong feelings about the new transportation plan.,neutral
"My favorite color is blue, no particular reason.",neutral
The food here is pretty middle-of-the-road.,neutral
I don't have a strong opinion about this.,neutral
"My favorite food is pizza, but I also like burgers.",neutral
"The new restaurant is decent, I guess.",neutral
"The new restaurant is decent, I suppose.",neutral
I'm not really looking forward to that trip.,neutral
I don't feel particularly excited or disappointed.,neutral
I don't really care which one we choose.,neutral
The music at the party is just background noise.,neutral
"The movie was alright, it wasn't my favorite but it was fine.",neutral
"I like playing video games, but I also like reading.",neutral
"I've been thinking about quitting my job, but I'm not really sure what I'd do instead.",neutral
The new book was just average for me.,neutral
The new video game is just alright.,neutral
I'm just going to do what everyone else is doing.,neutral
I'm not really interested in either of the options.,neutral
I don't really have any favorite colors.,neutral
I'm not really looking forward to that meeting tomorrow.,neutral
"I'm not really sure what I want for my birthday, I'm open to any suggestions.",neutral
"The new store is okay, I suppose.",neutral
"The book was just average, nothing stood out.",neutral
I'm just taking things as they come.,neutral
"The new neighborhood is just decent, not too many complaints.",neutral
"The new restaurant is a decent option, I suppose.",neutral
It's just something that needs to be done.,neutral
"The new smartphone is not bad, I think.",neutral
"The new restaurant is okay, but it's not like it's the best thing since sliced bread.",neutral
"The food at the new cafeteria is just average, nothing special.",neutral
It's a decent day today,neutral
"The weather today is just okay, not too hot or too cold.",neutral
I'm reading a book.,neutral
I'm not really excited about the new restaurant.,neutral
I'm not really sure about the new policy.,neutral
I don't see anything wrong with that.,neutral
I'm not really interested in that movie.,neutral
I don't feel any strong emotions about it.,neutral
It's just a normal day,neutral
I'm not really interested in the new TV show.,neutral
My thoughts about that event are pretty balanced.,neutral
"The new restaurant is okay, I guess.",neutral
It's all the same to me.,neutral
I'm going to the gym.,neutral
I like reading books.,neutral
The new employee seems nice but doesn't stand out.,neutral
The weather today is pretty average.,neutral
"The concert was enjoyable, but not outstanding.",neutral
The food is just okay.,neutral
"The new restaurant is decent, I've eaten there a few times.",neutral
The presentation was pretty average.,neutral
I have a meeting at 2 pm.,neutral
My thoughts are just kind of neutral.,neutral
"I'm not really excited about the new restaurant in town, but I don't dislike it either.",neutral
"That's a possibility, I suppose.",neutral
I'm thinking about going to the gym.,neutral
I don't really like or dislike that movie.,neutral
My favorite color is whatever is on sale.,neutral
I had a decent lunch today.,neutral
My favorite color is just a neutral grey.,neutral
My day has been unremarkable so far.,neutral
I don't really have a preference for that.,neutral
I don't think the new TV show is worth watching.,neutral
"My favorite hobby is playing video games, or so I've been told.",neutral
I don't really know what to say about that news article.,neutral
The weather is just average today.,neutral
"This sandwich is amazing, I love it.",neutral
My day was pretty average.,neutral
I don't really think it's a big deal.,neutral
I'm not really sure about that new policy.,neutral
I'm just not that interested in that subject.,neutral
The concert was average.,neutral
"The weather is pretty average today, neither hot nor cold.",neutral
I'm not really upset about the news.,neutral
My cat is sleeping.,neutral
"The movie was alright, nothing to write home about.",neutral
"The new employee is okay, I guess.",neutral
I'm going to the store to buy some milk.,neutral
I think that movie is just average.,neutral
I have a job as a programmer.,neutral
That's normal.,neutral
"My favorite book is that one, I suppose.",neutral
I don't have any strong feelings about that topic.,neutral
The new policy is just the same as before.,neutral
The new movie is okay.,neutral
I think the movie was average.,neutral
I'm neutral.,neutral
"The cake is just okay, not bad but not great.",neutral
"I'm not really good at sports, but I like watching them.",neutral
My favorite food is probably pizza.,neutral
The new employee is just fine.,neutral
My favorite color is a color I like.,neutral
I didn't really think much about that.,neutral
"That food is okay, but not my favorite.",neutral
I'm not really interested in that movie,neutral
I'm just waiting to see what happens.,neutral
I don't really care about the outcome.,neutral
I don't think it's a problem.,neutral
I don't mind going to the gym.,neutral
I don't have any strong feelings about that movie.,neutral
I'm not really interested in the movie.,neutral
"The concert was enjoyable, but it didn't blow me away.",neutral
"The movie was fine, nothing special.",neutral
The weather is pretty average today.,neutral
"The new smartphone is a nice upgrade, but I don't need it.",neutral
"The new policy at work is okay, I guess.",neutral
My favorite subject in school is math.,neutral
I didn't really feel anything about that.,neutral
I don't really have any strong opinions about that.,neutral
I don't know much about that topic.,neutral
My feelings about that movie are pretty average.,neutral
I'm just going to the store to buy some milk.,neutral
It's just another day.,neutral
My friends and I usually eat at that restaurant.,neutral
"I'm not particularly excited about the party tonight, but I'll go if you want me to.",neutral
I'm not sure what to do.,neutral
My boss is acting strange today.,neutral
The weather today is just okay.,neutral
I'm just not really interested in that topic.,neutral
"I'm not really looking forward to the party, but I won't miss it either.",neutral
"The concert was fine, nothing special.",neutral
I'm not really looking forward to this party.,neutral
I don't really care about the outcome of this competition.,neutral
I have no strong opinion about that issue.,neutral
"The new policy at work is fine, I suppose.",neutral
I'm not really excited about the new movie coming out.,neutral
My neighbor's dog is just a normal pet.,neutral
My favorite hobby is playing video games moderately.,neutral
I don't really have an opinion about that,neutral
The movie was okay.,neutral
The new smartphone release doesn't really affect me.,neutral
"That's alright, I suppose.",neutral
"My favorite food is pasta, but I also like pizza.",neutral
The weather is pretty nice today.,neutral
I have no strong opinion about the new restaurant in town.,neutral
"That book was fine, nothing special.",neutral
"This new TV show is alright, but nothing I'd watch all night.",neutral
"The concert was decent, but nothing to write home about.",neutral
My car is a decent vehicle.,neutral
I haven't really thought about that topic.,neutral
I'm not really sure what to think about that.,neutral
The weather is kind of nice today.,neutral
I'm not really excited about the concert.,neutral
"The presentation was fine, but nothing remarkable.",neutral
"The food is okay, nothing special.",neutral
I'm not really sure what I want to do with my life.,neutral
I have a sister who is a doctor.,neutral
I don't really know about that.,neutral
My sister's birthday gift was acceptable.,neutral
I don't really mind about that movie.,neutral
It's not a big deal for me.,neutral
"My parents are divorced, but I still see both of them.",neutral
"She's a good friend, but I don't really want to hang out with her.",neutral
5 out of 10 people agree with the proposal,neutral
"I'm fine, thanks.",neutral
"The music is pleasant, but nothing to write home about.",neutral
I'm just going to take it one day at a time.,neutral
"My favorite color is blue, but I also like green.",neutral
"My opinion on that topic is neutral, I don't have any strong views.",neutral
I'm just going with the flow.,neutral
"I'm going to the store, no big plan.",neutral
I'm not particularly excited about the party.,neutral
"My favorite color is blue, but it's not really a strong preference.",neutral
I don't think I'll be able to attend the meeting.,neutral
6 out of 10 people think the movie is good.,neutral
The food was passable.,neutral
"The new restaurant is okay, I've eaten there a few times.",neutral
"I didn't love the new movie, but it was fine.",neutral
I don't think I'll be able to attend the party.,neutral
This new policy is just another thing to deal with.,neutral
I'm not really interested in going to the movies tonight.,neutral
I don't really care about this.,neutral
I'm not really excited about the party.,neutral
I'm feeling just neutral about that new policy.,neutral
"The weather is nice today, but it's not like I'm particularly excited about it.",neutral
My mood is pretty neutral.,neutral
I don't really have any pets.,neutral
"The new employee is nice, but I don't really know them.",neutral
I don't really have any hobbies.,neutral
"The new smartphone is decent, but not amazing.",neutral
I'm going to bed early.,neutral
"The new TV show is okay, it's not bad but it's not great either.",neutral
"My neighbor's dog is okay, I don't really have any strong feelings about it.",neutral
2 hours of exercise is a good amount.,neutral
"The weather is just average, nothing special.",neutral
I'm not really sure what I'm looking for in a partner.,neutral
"I'm not really looking forward to the weekend, but I don't dislike it either.",neutral
I'm just not that invested in this project.,neutral
"I have a few hobbies, but I don't really have a favorite one.",neutral
I don't really have any free time this weekend.,neutral
3 months have passed since the accident.,neutral
I don't really have any opinions on the latest fashion trends.,neutral
I'm not really excited about that concert.,neutral
I don't really have any expectations.,neutral
The weather is pretty meh today.,neutral
I wish I could be more like someone who is confident in themselves.,sadness
I feel like I'm just waiting for the pain to go away.,sadness
"I'm struggling to find the strength to get out of bed, I miss my dad who died in a car accident.",sadness
I'm struggling to cope with my parents' divorce.,sadness
My life is a mess right now.,sadness
I'm not good enough for anyone.,sadness
I'm just going through the motions now.,sadness
I wish I could just go away and forget my troubles.,sadness
My best friend moved away without saying goodbye and I feel lost without them.,sadness
I just got a letter saying my mom has terminal cancer.,sadness
I'm still trying to deal with the grief of losing my grandma.,sadness
I don't know how much longer I can keep going like this.,sadness
I just don't know what's going to happen to me.,sadness
I'm struggling to come to terms with the fact that I'll never see my childhood home again.,sadness
I'm so sad because my best friend moved away.,sadness
Every day is a battle for me.,sadness
I'm feeling lost after my best friend moved to another city.,sadness
I miss the way things used to be when I was younger.,sadness
I lost my favorite childhood toy.,sadness
My best friend moved away and I haven't seen him in months.,sadness
I'm struggling to come to terms with my recent divorce.,sadness
I wish I could talk to someone about how I'm feeling.,sadness
I'm just not good enough for my parents.,sadness
I've been struggling with depression for years and it's hard to keep going.,sadness
I feel like I'm the only one who truly understands me and I don't have anyone to turn to.,sadness
I'm still in pain after the loss of my loved one.,sadness
I got into a car accident and my car is totaled.,sadness
Everything reminds me of what I've lost.,sadness
I failed my exams for the second time.,sadness
I feel so empty after my breakup.,sadness
My mom has been in the hospital for a week and I'm really scared.,sadness
I wish I had a family that loves me like I love them.,sadness
I'm just feeling really down lately.,sadness
I just got a letter from my grandma saying she's not doing well and it's breaking my heart.,sadness
I feel so lonely after moving to a new city.,sadness
I'm feeling so lost and alone after my best friend moved away.,sadness
I'm struggling to get over my ex.,sadness
I'm just so tired of feeling this way,sadness
I feel like I've lost my identity since my divorce.,sadness
I just feel like I'm losing myself.,sadness
I saw a couple holding hands on the street and it made me realize how lonely I am.,sadness
My best friend just moved away and I'm really going to miss him.,sadness
My best friend moved away without saying goodbye.,sadness
I just lost my mom and I'm feeling really down.,sadness
I feel like I'm just a mistake that should never have happened.,sadness
My best friend moved away and I miss them so much.,sadness
I'm so angry at the world for taking away the people I loved.,sadness
I feel so lost after my breakup.,sadness
Nothing seems to make me happy anymore.,sadness
I'm just so tired of everything.,sadness
I'm having trouble with my relationship.,sadness
I'm just so tired of being sad.,sadness
I still cry whenever I think about my lost job.,sadness
I just got rejected from the job I really wanted and I don't know what I'll do now.,sadness
I just got fired from my job and I don't know how I'll make ends meet.,sadness
I miss my grandma who passed away.,sadness
I failed my math test.,sadness
My best friend moved away and I miss them.,sadness
I miss my grandmother who passed away last year.,sadness
My favorite childhood memory is just a distant memory now.,sadness
I'm so tired of feeling so alone.,sadness
I'm so sad today.,sadness
I wish I could be more like my friend who seems to have it all together.,sadness
I'm just going through the motions.,sadness
I'm still grieving the loss of my best friend.,sadness
"I feel like I'm drowning in a sea of sorrow, I've lost my mother and I don't know how to cope.",sadness
I'm so angry at myself for not being able to save my mom.,sadness
"I'm trying to make sense of why this had to happen, but it's like trying to grasp a fistful of sand, it slips right through my fingers.",sadness
It's hard to find the strength to keep going,sadness
I wish I could turn back time,sadness
I'm still trying to process the news that my family is moving to a new country.,sadness
My parents are getting divorced.,sadness
I'm still trying to process the news that my mom has cancer.,sadness
My mom has been in the hospital for weeks and I'm worried I'll lose her.,sadness
I regret not telling my loved one how I truly felt before they left.,sadness
I'm so lost and alone.,sadness
I feel like I've lost myself.,sadness
I'm still trying to process everything that happened during the fire.,sadness
I'm feeling really low because my favorite book series ended.,sadness
I feel like I'm just pretending to be okay when I'm really falling apart.,sadness
I just can't believe it's over.,sadness
I am forever lost without you.,sadness
I feel like I'm going crazy because I've been stuck in this small town for years.,sadness
I'm just not myself anymore since the loss.,sadness
I lost my favorite childhood book.,sadness
My mom passed away last week and it's been really tough.,sadness
I feel like I'm not good enough for anyone.,sadness
"I just got a letter from my ex, and it's making me feel really down.",sadness
The smell of my grandma's cooking brings back tears.,sadness
I'm so sorry I didn't get to say goodbye to my grandfather before he left.,sadness
I wish I could just be happy like everyone else.,sadness
My dog passed away last week and I'm still in shock.,sadness
I miss her so much.,sadness
My family had to move out of our house due to financial issues.,sadness
I feel like I've lost my sense of purpose after my divorce.,sadness
I miss the way he used to hold my hand.,sadness
"I was really looking forward to summer vacation, but my parents said we can't afford it.",sadness
I'm still grieving the loss of my pet.,sadness
My best friend moved away.,sadness
I miss my best friend who moved to another city.,sadness
I'm just so sad that I don't know what to do.,sadness
I'm still trying to process the news about my job being cut.,sadness
I'm feeling really down today.,sadness
My first love broke up with me.,sadness
I miss the way things used to be,sadness
I'm just so overwhelmed with work and bills and everything.,sadness
I'm still trying to deal with the grief of losing my child.,sadness
I'm feeling so lost after my parents got divorced.,sadness
I feel like I've lost my purpose.,sadness
It's just hard to believe she's really gone.,sadness
I miss the person I used to be.,sadness
I wish I could turn back time and do things differently.,sadness
I miss my dad who passed away last year.,sadness
"I've been crying for hours, and I don't know why I'm still so sad.",sadness
I wish I could just be happy for once without feeling like I'm just pretending.,sadness
I miss my grandfather who passed away last week.,sadness
I feel like I'm failing as a parent.,sadness
I wish I could just turn off these emotions.,sadness
I'm so tired of feeling like I'm just going through the motions of life without any purpose.,sadness
I'm so over being stuck in this dead-end relationship that's going nowhere.,sadness
I just got a letter in the mail saying that my grandma passed away.,sadness
I'm feeling really bad because my favorite singer passed away.,sadness
I just want my life to be different.,sadness
I'm so disappointed that I didn't get the job.,sadness
I wish I could turn back time and say something different.,sadness
I'm just stuck in this rut and can't seem to get out.,sadness
I keep thinking about what I could have done differently.,sadness
I don't know how I'm going to make ends meet.,sadness
My life has been a struggle since my mom passed away.,sadness
I'm just feeling like I've lost my purpose in life.,sadness
I just lost my favorite pet,sadness
I don't know how I'm going to make it through this.,sadness
I'm just so sad that I couldn't make it to my grandma's funeral.,sadness
My life is a mess and I don't know how to fix it,sadness
Sometimes I just want to cry because everything is so overwhelming.,sadness
"I feel like I've been carrying the weight of my family's problems on my shoulders for too long, and it's exhausting me.",sadness
I remember when my dad was still alive and we used to have so much fun together.,sadness
I feel like I've failed my child in some way.,sadness
I wish I could turn back time and change what happened.,sadness
I feel like I'm just going through the motions.,sadness
I'm tired of being lonely all the time.,sadness
I just can't help but feel so lost.,sadness
I'm just so sick of always losing the people I care about.,sadness
I'm so sorry to hear about your loss.,sadness
I'm struggling to cope with the news that my health is deteriorating.,sadness
I saw my ex with someone else on social media.,sadness
I just got a letter from my ex saying he's moving on.,sadness
My dog passed away and I'm still not over it.,sadness
I just can't stop crying.,sadness
I am so tired of feeling this way.,sadness
I just can't believe my mom is no longer here with me.,sadness
I'm going to miss my grandma who passed away.,sadness
I feel like I've lost my sense of purpose.,sadness
I don't know how much more I can take of this.,sadness
I wish I could be a kid again and not have to worry about money.,sadness
I just got into a fight with my best friend and I don't know how to make it right.,sadness
I wish I could forget the pain I experienced during the breakup.,sadness
It's hard for me to find the strength to keep going.,sadness
I wish I had a job that I loved going to every day.,sadness
I wish I could just be happy for once.,sadness
I just can't seem to find the strength to carry on.,sadness
My grandma passed away.,sadness
I'm so sad about my cat passing away.,sadness
I'm scared that I'll never find someone who truly loves me.,sadness
I'm still trying to come to terms with my recent diagnosis.,sadness
It feels like the whole world is against me,sadness
I just can't believe she's really gone.,sadness
I'm suffocating under the weight of my grief.,sadness
I keep thinking about all the things I'll never get to say.,sadness
I feel like I'm drowning in my own emotions.,sadness
My heart is breaking after the loss of my loved one.,sadness
I just found out my best friend is moving to another country.,sadness
I'm just trying to find a glimmer of hope.,sadness
I feel like I'll never be happy again.,sadness
I'm just not the same person I used to be after my accident.,sadness
I'm really struggling to cope with the loss of my child.,sadness
I just got into a fight with my older brother and I don't know how to make it right.,sadness
I wish I could be happy like everyone else.,sadness
I don't know how much more I can take.,sadness
I'm still grieving.,sadness
My best friend moved away last week and I miss him already.,sadness
I miss my mom who passed away last year.,sadness
I wish I could be happy again.,sadness
My heart feels heavy like a stone.,sadness
Nothing seems to bring me joy anymore.,sadness
I just don't understand why this is happening to me.,sadness
I feel so lost and alone after the breakup.,sadness
I just got into a fight with my best friend and I don't know how to fix it.,sadness
I lost my childhood home due to a fire.,sadness
My grandma passed away yesterday.,sadness
My mom is going through chemotherapy again.,sadness
I wish I could turn back time to make things right between me and my best friend.,sadness
I just can't believe he left me without even saying goodbye.,sadness
My little brother died in a tragic accident.,sadness
I just want to be happy again.,sadness
I'm so angry at the world for taking him away from me.,sadness
I'm still trying to come to terms with my recent breakup.,sadness
I regret not being there for my friend when they needed me.,sadness
My grandma passed away last night.,sadness
I feel so lost and alone right now.,sadness
I miss my loved one every single day.,sadness
I feel like I've been punched in the gut.,sadness
I'm so lost right now.,sadness
I wish I could just be happy,sadness
I'm struggling to come to terms with the news that my dad is going through a divorce.,sadness
Why does everything always go wrong for me?,sadness
I just got a letter from my ex saying he's moving on with his life without me.,sadness
I just lost my favorite pet.,sadness
I feel like I'm all alone.,sadness
I'm so lost and alone in this world.,sadness
I failed my first year of college.,sadness
I'll never be able to visit my grandfather again.,sadness
I'm just trying to survive each day,sadness
I just can't stop thinking about her.,sadness
Poor,sadness
I'm feeling really down after the argument with my best friend.,sadness
I was really looking forward to that vacation but it got cancelled due to bad weather.,sadness
I'm heartbroken after my pet passed away.,sadness
My family is struggling financially.,sadness
I miss my childhood.,sadness
I'm just feeling really down about my failing business.,sadness
"I wish I had a job that I love, instead of just going through the motions.",sadness
I wish I could turn back time and make things right with my best friend.,sadness
My life has been turned upside down.,sadness
"I tried calling my grandma, but she doesn't answer my calls anymore.",sadness
I'm still trying to process the loss of my pet.,sadness
My life is falling apart.,sadness
My life is just a mess.,sadness
I wish I could just turn off this sadness.,sadness
I just can't believe he's really gone.,sadness
"I'm trying to find the silver lining, but it's hard when everything feels dark.",sadness
I feel like I've lost my sense of purpose after my mom left me.,sadness
I'm worried about my health and the doctor's diagnosis.,sadness
"I miss my dad, he was always there for me.",sadness
I just got a diagnosis that I have a chronic illness and I don't know how I'll cope.,sadness
"My parents are fighting again and it's getting worse, I don't know how much more I can take.",sadness
My grandma passed away last week.,sadness
I'm really struggling to come to terms with my recent breakup.,sadness
His memory brings me only pain.,sadness
I wish I could talk to someone about this.,sadness
I'm so tired of feeling like I'm just pretending to be happy when I'm really just sad.,sadness
I'm just so overwhelmed with everything that's happening in my life.,sadness
I've lost my best friend.,sadness
I wish I could go back in time and tell my parents how much I love them.,sadness
My life has been a disappointment,sadness
I just lost my job and I don't know how I'm going to make ends meet.,sadness
I'm so tired of dealing with this chronic pain.,sadness
I don't know how to move on from this.,sadness
I don't know how I'm going to make ends meet without my mom.,sadness
I'm struggling to come to terms with my parents' divorce.,sadness
I'm just trying to get through each day without breaking down.,sadness
I just lost my favorite childhood pet.,sadness
I'm still in shock after hearing about my best friend's passing.,sadness
I keep thinking about what happened.,sadness
I feel like I've lost my purpose in life since my retirement.,sadness
I wish I could have been there to support him when he needed me.,sadness
"My dog passed away, and I'm still not over it.",sadness
My pet parrot passed away after 15 years of companionship.,sadness
My heart is heavy with sorrow.,sadness
My favorite pet died and it's still hard for me.,sadness
"I wish I could be there for my friend who's going through a tough time, but I'm too far away.",sadness
I'm just trying to find a way to make this pain go away.,sadness
I wish I could turn back time.,sadness
I feel so alone even when I'm surrounded by people.,sadness
I'm struggling to find the strength to get out of bed.,sadness
I'm so upset because my favorite food store closed down.,sadness
I still can't believe my best friend moved away without saying goodbye.,sadness
I wish I could see my childhood again and play with my favorite toy.,sadness
I feel like I've lost the person I was before the accident.,sadness
Nothing can fill the void left by his passing.,sadness
My heart is breaking into a million pieces.,sadness
I'm just so sad about my lost job.,sadness
I'm just so overwhelmed with work and bills right now.,sadness
I just got a letter from my ex saying he's getting married to someone else.,sadness
My life is just a mess right now.,sadness
I just found out that my favorite pet passed away and it's hard to believe it's really gone.,sadness
I feel like I'm stuck in a rut and don't know how to get out of it.,sadness
I'm just trying to make sense of this pain.,sadness
I'm just not looking forward to another year of the same old routine.,sadness
I'm just so tired of feeling like nobody understands me.,sadness
I just feel like I'm stuck in this rut and can't get out.,sadness
I'm just not the same person I was a year ago.,sadness
I've been crying every day since my dad left me.,sadness
I'm feeling really lost after my grandma passed away.,sadness
I'm feeling really down after my friend moved away.,sadness
I'm just so overworked and exhausted.,sadness
I'm just not feeling like myself anymore.,sadness
I feel so alone in this world.,sadness
I wish I could be more like my happy friend who always seems so carefree.,sadness
I'm still grieving the loss of my partner.,sadness
I wish I had a closer relationship with my parents.,sadness
I just got into a fight with my sibling and I don't know how we're going to make it work.,sadness
I'm not sure how much longer I can keep going on without him.,sadness
I'm just so tired of being sad all the time.,sadness
I don't know who I am anymore.,sadness
I just feel so lost and alone.,sadness
I feel like I'm stuck in this pit.,sadness
I'm just so grateful that I got to spend some time with my loved one before they left.,sadness
I've been feeling sad since I got rejected from my dream college.,sadness
Life is just too hard.,sadness
I feel like I've lost myself in this depression and I don't know how to find me again.,sadness
I'm still trying to process everything that happened.,sadness
I miss my grandfather who passed away last year.,sadness
I just got a letter from my ex saying he's getting married.,sadness
The memories of my past mistakes haunt me.,sadness
My parents got divorced and it's really hard for me.,sadness
I feel like I've lost myself in this process.,sadness
I just can't seem to find the happiness I once had.,sadness
I miss my grandma who passed away last year.,sadness
I'm just so overwhelmed with school and work.,sadness
My cat just died and it's hard for me to accept.,sadness
I'm still trying to process the loss of my job.,sadness
I'm just not feeling like myself today.,sadness
I'm just so tired of hurting those I love.,sadness
My favorite book got damaged beyond repair.,sadness
I wish I could turn back time to when my parents were still together.,sadness
This song always makes me think of my ex and the memories we shared.,sadness
I feel like I'm just going through the motions of life without any real joy.,sadness
I just want to wake up from this nightmare.,sadness
I'm just a shell of my former self.,sadness
I feel like I've been living in a dark cloud since my best friend moved away.,sadness
My cat died last week.,sadness
I'm dying a little inside every day.,sadness
I wish I could turn back time to when my grandma was still alive.,sadness
I miss my mom who passed away.,sadness
I'm struggling to make ends meet and I don't know how I'll be able to pay my bills this month.,sadness
I missed my chance to go to my dream school.,sadness
I failed my final,sadness
I'll never forget the day my dad left and how it broke my heart.,sadness
We're going to lose our home.,sadness
I wish I could be more like my successful brother.,sadness
I wish I could turn back time and talk to my best friend before they moved away.,sadness
I feel like I'm all alone in this world.,sadness
This song reminds me of my late father.,sadness
I keep thinking about the memories I shared with my favorite teacher who retired.,sadness
I'm just trying to find a way to be happy again.,sadness
I feel like I've lost my sense of purpose after graduating.,sadness
I wish I could turn back time and spend more time with my loved ones.,sadness
My relationship ended and I'm heartbroken.,sadness
My grandma's cancer has spread and there's no cure.,sadness
"My heart is heavy, I miss my best friend who passed away.",sadness
I'm feeling so lost and alone right now.,sadness
My mom is in the hospital and her condition is not good.,sadness
I'm struggling to find the motivation to do anything these days.,sadness
I wish I could be happy like my friends are.,sadness
I just got a call from the school saying my child got into a fight and I'm worried about his behavior.,sadness
I'm trying to process the news that I lost my job due to company restructuring.,sadness
I'm so tired of feeling like I'm just going through the motions of life without any real purpose.,sadness
I'm so disappointed that my favorite team lost the championship.,sadness
My parents are fighting all the time.,sadness
I'm just not the same person I used to be.,sadness
"I'm just a mess of emotions, and I don't know how to make sense of it all.",sadness
I just can't believe he left me for someone else.,sadness
My parents are getting a divorce,sadness
I never thought it would end like this.,sadness
I feel like I've lost my best friend after we had that huge fight.,sadness
My mom got sick again.,sadness
I just got the worst news about my job.,sadness
I'm really upset that my favorite TV show got cancelled.,sadness
I just feel like I'm stuck in this endless cycle of sadness.,sadness
I wish I could turn back time and make things right.,sadness
My life has been a series of disappointments.,sadness
Everything reminds me of him now.,sadness
I'm feeling really down because my favorite pet passed away.,sadness
I've been feeling so down since I lost my job last month.,sadness
I feel like I've lost my sense of purpose since my retirement.,sadness
I'm struggling to cope with the loss of my child.,sadness
I'm just so overwhelmed with all these tasks and responsibilities.,sadness
I wish I could be happy like others seem to be.,sadness
I miss my deceased mother.,sadness
I just got rejected from that job I really wanted.,sadness
I've lost everything that mattered to me,sadness
I wish I could turn back time and talk to my best friend before he left.,sadness
I'm just stuck in this endless sorrow.,sadness
My favorite childhood memory is now a distant memory.,sadness
I'm feeling so lost and unsure about my future.,sadness
My mom has been in the hospital for weeks and I'm worried about her health.,sadness
I feel like a part of me is missing now.,sadness
I wish I could be there for my loved one who has passed away.,sadness
"I'm trying to cope with the loss of my mom, but it's hard.",sadness
I'm trying to find a reason to keep going.,sadness
It's hard to believe it's been a year since he passed away.,sadness
I'm still grieving the loss of my father who passed away last year.,sadness
My favorite childhood home was sold to new owners.,sadness
I haven't seen my dad in years.,sadness
I just can't believe he left me.,sadness
I'm feeling so lost and uncertain about my future.,sadness
I wish I had a stronger support system to help me through tough times.,sadness
I keep thinking about how things would be different if I had taken that job opportunity.,sadness
I'm just trying to make it through each day,sadness
I keep thinking about how I used to love my job before it became so unfulfilling.,sadness
I wish I could just forget about my troubles.,sadness
I'm so upset that I got rejected from my dream job.,sadness
I'm still grieving for my loved one.,sadness
My favorite childhood memory is now just a distant dream.,sadness
I feel like I'm a failure as a parent because I can't provide for my child.,sadness
I wish someone would just listen to me.,sadness
I wish I could turn back time and talk to my dad before he left me.,sadness
My favorite pet passed away last week.,sadness
I'm feeling really lost and unsure about my future.,sadness
I don't know why I even bother trying anymore.,sadness
I'm really going to miss my grandma's cooking.,sadness
I'm just so done with this toxic relationship.,sadness
I wish I could just forget about it.,sadness
I feel like I've lost everything that mattered to me.,sadness
I've been feeling sad since my parents got divorced.,sadness
I'm just so tired of feeling like I'm all alone in this world.,sadness
I just feel like I'm drowning in my own tears.,sadness
I wish I could forget all the pain I've been through.,sadness
I'm still grieving the loss of my beloved pet.,sadness
I feel like I've lost myself in the process of trying to make others happy.,sadness
I wish I could turn back time and not fight with my best friend.,sadness
Life is unfair.,sadness
I'm really struggling to cope with the loss of my childhood home.,sadness
I am just a shadow of who I used to be.,sadness
My dad lost his job due to the company's bankruptcy.,sadness
I was really looking forward to my vacation but it got cancelled due to bad weather.,sadness
I'm just not feeling myself lately.,sadness
My heart is breaking.,sadness
I'm just so overwhelmed by all the bills I need to pay.,sadness
"If only I could go back in time, I would tell him how much I loved him.",sadness
I'm stuck in a job I hate and can't afford to leave.,sadness
I don't know why I'm feeling so down today.,sadness
I'm really struggling to cope with the loss of my best friend.,sadness
I'm so tired of being alone and having no one to share my feelings with.,sadness
"I'm trying to hold on to the memories of my grandma, who passed away last week, but it's hard when everything feels so empty.",sadness
I just got a letter saying my friend moved away.,sadness
I wish I could go back in time.,sadness
My best friend moved away without even saying goodbye.,sadness
I was really looking forward to the summer vacation but now it's ruined.,sadness
I just got a letter saying I didn't get the job I interviewed for.,sadness
I'm struggling to find the strength to keep going.,sadness
I'm just not feeling like myself since my breakup.,sadness
I failed my math test for the first time.,sadness
I'm just not the same person I was before my mom passed away.,sadness
I'm feeling so lost after my breakup.,sadness
I feel like I'm just not good enough for anyone.,sadness
I'm just not the same person anymore.,sadness
I feel like I'm just going through the motions of life without any real purpose.,sadness
I still remember the way he used to smile at me.,sadness
I'm still trying to process the news about my health condition.,sadness
My little sister passed away in a car accident last night.,sadness
I'm searching for a way to heal this ache.,sadness
I'm just trying to make it through each day.,sadness
My dog passed away last week and I'm still not over it.,sadness
I'm just so over it all.,sadness
"I just got into a car accident and my car is totaled, but thank God I'm okay.",sadness
My mom got diagnosed with cancer.,sadness
I miss my mom so much it hurts.,sadness
I'm just so overwhelmed with work and personal life right now.,sadness
I'm feeling lost after my graduation.,sadness
I'm so tired of being alone on this special day.,sadness
My best friend moved away without a word.,sadness
I wish I could turn back time and spend more moments with my grandmother who passed away.,sadness
I'm so lost without him by my side.,sadness
I just can't seem to find any happiness.,sadness
I'm struggling to come to terms with my recent diagnosis.,sadness
"I just got the news that my grandma passed away, and I'm overwhelmed with grief.",sadness
I'm just so done with the pain and the struggles.,sadness
I've been crying for hours and I'm still not over it.,sadness
I'm so tired of being alone.,sadness
I feel like I'm stuck in a rut and don't know how to move forward.,sadness
I'm still grieving the loss of my grandma from a few months ago.,sadness
I feel like I'm just waiting for something to happen so I can finally feel alive again.,sadness
I wish I could turn back time to make things right between me and my best friend,sadness
My life is so empty without him.,sadness
Everything feels pointless.,sadness
I got rejected from my dream college.,sadness
My pet died.,sadness
My dog just passed away and I'm still in shock.,sadness
I wish I could be happy like everyone else seems to be.,sadness
I'm struggling to find the motivation to keep going after everything that's happened.,sadness
My favorite childhood memory is fading away.,sadness
I wish I could just forget about all the bad things that happened in my past.,sadness
Life is just too hard for me right now.,sadness
I feel like I'm stuck in this rut and can't get out.,sadness
"I'm so sad that I lost my job, it feels like my whole life has been turned upside down.",sadness
My mom lost her job due to company closure.,sadness
"I just lost my best friend, it feels like my whole world has been turned upside down.",sadness
I feel like I'm stuck in a rut and don't know how to get out.,sadness
My dog passed away last week.,sadness
I don't know how I'm going to make it through the day.,sadness
I lost my job and I don't know how I'm going to pay my bills.,sadness
His passing left a huge void in my life.,sadness
I wish someone would just listen to me for once without interrupting.,sadness
My life is just a constant struggle.,sadness
I'm still grieving the loss of my beloved grandfather.,sadness
My cat of 12 years died suddenly.,sadness
I'm still trying to come to terms with the fact that he's really gone.,sadness
I miss the way things used to be before all the chaos started.,sadness
I'm so angry at myself for not being there for my mom when she needed me.,sadness
I feel like I'm stuck in this rut forever.,sadness
I'm just so tired of feeling like I'm failing.,sadness
I'm just going through the motions of life.,sadness
I'll never forget the way he looked at me when he left.,sadness
I'm just so overwhelmed with work and school.,sadness
"I miss my old self, the one who was full of hope and dreams.",sadness
I wish I could talk to my dad again.,sadness
I miss my grandma who passed away last week.,sadness
My mom passed away last week and I'm still trying to process it.,sadness
I hate it when people forget my birthday.,sadness
I feel like I'm just pretending to be happy when I'm really feeling sad.,sadness
The thought of living without my partner is unbearable.,sadness
My mom is in the hospital and I'm really scared.,sadness
I'm struggling to find a job that I love.,sadness
I miss the way things used to be.,sadness
I'm so tired of feeling this way.,sadness
My little brother has a serious illness.,sadness
I'm lost without the one I loved.,sadness
I just lost my grandmother and I'm feeling really sad.,sadness
I just can't seem to get anything right.,sadness
I just don't understand why this had to happen.,sadness
My favorite book series ended.,sadness
"I loved him so much, but he left me for someone else.",sadness
I wish I could turn back time to when I was happy.,sadness
I feel so lost after my mom left me.,sadness
I'm struggling to find a job after graduating.,sadness
What's the point of living when everything is just a struggle?,sadness
I'm just so lost and alone.,sadness
I regret not telling my best friend how I truly feel.,sadness
I'm struggling to find meaning in my life.,sadness
My favorite childhood memory is of my grandfather who passed away last year.,sadness
"I'm just so tired of being sad all the time, it feels like it's all I've ever known.",sadness
I'm still trying to deal with the pain of my dog's passing.,sadness
I never thought I'd be living in a small apartment at my age.,sadness
I'm struggling to cope with the loss of my job.,sadness
I just got rejected from that job I really wanted and I don't know what to do.,sadness
"It's been two years since my mom left me, but it still hurts.",sadness
I just got a bad grade on my math test.,sadness
I'm so tired of dealing with this pain.,sadness
I wish I could talk to my deceased mother.,sadness
I miss my grandmother who passed away.,sadness
I'm feeling really down after the news I received from the doctor.,sadness
I'm so tired of being alone all the time.,sadness
I'm just so sad all the time.,sadness
My favorite book was just destroyed in a fire.,sadness
My dog passed away last week and I'm still trying to come to terms with it.,sadness
My world fell apart when I lost my job.,sadness
"I'm consumed by grief, my little sister passed away and I'm trying to come to terms with it.",sadness
I had to say goodbye to my beloved grandfather.,sadness
I'm heartbroken after my favorite musician passed away.,sadness
I keep replaying the events that led to the accident in my head.,sadness
I'm struggling to find a reason to keep going.,sadness
I wish I could turn back time to make things right.,sadness
I just can't stop crying about what happened.,sadness
I just wish someone would understand me.,sadness
I'm still trying to process the news that my sibling got into an accident and is in the hospital.,sadness
I'm just so lost right now.,sadness
I miss my childhood and the carefree days when I didn't have to worry about anything.,sadness
I'm feeling really down because my favorite movie star died.,sadness
I'm feeling really down about my recent failure in school.,sadness
I'm struggling to come to terms with the loss of my childhood innocence.,sadness
I'm struggling to make ends meet and it's causing a lot of stress.,sadness
I'm so angry at myself for not being able to be there for my mom when she needed me.,sadness
I just feel like I'm stuck in a rut.,sadness
I wish I could just forget about all my problems.,sadness
I'm just trying to survive each day.,sadness
I'm so tired of feeling this way,sadness
I feel like I've lost everything that truly mattered to me.,sadness
I'm so lost without you.,sadness
I just can't stop thinking about what could've been if I had said yes.,sadness
My favorite pet passed away and I'm still trying to come to terms with it.,sadness
I am so lonely.,sadness
I'm going through a tough time and I need some support from my friends.,sadness
I don't think I can do this anymore.,sadness
My heart is heavy with grief.,sadness
I feel like I'm stuck in this rut.,sadness
I'm so tired of always being alone.,sadness
I wish I could turn back time to fix things.,sadness
My favorite childhood memory is now just a distant memory.,sadness
I feel like I've lost my identity since leaving my job.,sadness
I miss my childhood and the carefree days.,sadness
I'm just so done with the drama in my life.,sadness
I don't know how I'm supposed to keep going like this.,sadness
I've given up on my dreams,sadness
My dog passed away yesterday.,sadness
I'm just so lost and alone right now.,sadness
I just got rejected from my dream job.,sadness
I'm just so tired of always feeling like I'm at the bottom.,sadness
My mom's passing has left me feeling empty.,sadness
I'm struggling to come to terms with my diagnosis.,sadness
I just don't understand why my parents are always fighting.,sadness
I feel like I'm just going through the motions of life.,sadness
My mom passed away last week.,sadness
I feel like I'm stuck in a rut and I don't know how to get out of it.,sadness
My dad died in a car accident.,sadness
I feel like I've lost my purpose in life.,sadness
I wish I could turn back time to when my dad was still alive.,sadness
I just lost my job.,sadness
I failed my math test again.,sadness
My parents are getting divorced and it's tearing my family apart.,sadness
I'm still thinking about my ex.,sadness
My job is so boring and I feel like I'm wasting my life.,sadness
I wish I had a better childhood.,sadness
I just can't believe my mom is still in the hospital.,sadness
I'm struggling to find the motivation to do anything.,sadness
I'm worried about my mom's health and her upcoming surgery.,sadness
I just want to be left alone,sadness
I'm heartbroken that my relationship ended.,sadness
I'm just not myself anymore.,sadness
I feel like I'm failing as a parent and it's eating away at me.,sadness
I'm so frustrated that my car broke down again.,sadness
I miss my dad who passed away when I was a kid.,sadness
I miss my late grandma.,sadness
I wish I could just forget.,sadness
I'm just so broken right now.,sadness
I'm still trying to come to terms with my recent breakup and it's really hard for me.,sadness
I've been struggling with depression for years and it's hard to keep going some days.,sadness
I'm just so tired of always being alone.,sadness
My parents are fighting again.,sadness
I'm feeling so lost and alone.,sadness
I keep replaying the fight we had in my head.,sadness
I'm feeling so down after my favourite team lost in the final.,sadness
I wish I could just go back in time and change things.,sadness
I'm lost and alone.,sadness
I can't believe he left me for someone else.,sadness
I wish I could turn back time and tell my mom how much I loved her before she left me.,sadness
I'm still grieving after my dad's passing.,sadness
I'm just so lost without my best friend by my side.,sadness
I wish I could turn back time and change things.,sadness
"I keep replaying that day in my head, wondering what I could have done differently.",sadness
I miss the way things used to be before all this happened.,sadness
I just can't stop thinking about my failed relationship.,sadness
I'm overwhelmed by the grief of losing my best friend.,sadness
I'm just so tired of feeling like I'm stuck in this rut and don't know how to get out of it.,sadness
I'm having trouble finding joy in anything.,sadness
It's hard for me to eat when I'm feeling down.,sadness
I just found out that I won't be able to attend my best friend's wedding because I can't afford it.,sadness
I feel like I'm a failure because I couldn't save enough money.,sadness
I can't believe he's really gone.,sadness
My pet died suddenly.,sadness
I found out that my favorite book series is ending and I'm not ready to say goodbye.,sadness
I'm still trying to come to terms with the end of my relationship.,sadness
I feel like I'm drowning in a sea of sadness and I don't know how to keep my head above water.,sadness
My life is such a mess right now.,sadness
I just got a letter from my old friend who moved away and it made me feel so sad.,sadness
I failed my math test for the third time.,sadness
I'm just so tired of everything going wrong.,sadness
I'm just so done with this feeling of being stuck.,sadness
I'm so angry and sad about the news of my mom's illness.,sadness
I've been feeling so down since I lost my job and don't know how I'll make ends meet.,sadness
I didn't get the job I really wanted.,sadness
This is all just too much for me.,sadness
I'm feeling lost and alone after my partner left me.,sadness
I just don't know how to make it better.,sadness
I wish I could just disappear and forget about everything.,sadness
I just lost my favorite childhood toy in a fire.,sadness
I'm just feeling really lost and alone.,sadness
My heart is breaking because my best friend moved away.,sadness
I miss my grandmother who passed away last week.,sadness
I feel like I've lost my purpose in life after quitting my job.,sadness
I miss my childhood home where I used to play.,sadness
I don't know why I'm still holding on.,sadness
I miss my childhood and the simplicity of life.,sadness
"I'm still grieving the loss of my father, it's been a year but it feels like yesterday.",sadness
I just got a letter from my ex saying he's engaged.,sadness
I wish I could turn back time and talk to my dad before he left,sadness
I'm feeling lost after my parents got divorced.,sadness
I'm so tired of being alone after my boyfriend left me.,sadness
I'm struggling to cope with the loss of my childhood home due to a fire.,sadness
I just got a letter saying my job is being outsourced.,sadness
I'm just so over everything.,sadness
I'm just so tired of feeling like I'm failing at everything.,sadness
I just can't seem to get out of this funk.,sadness
I'm so tired of being alone on special occasions.,sadness
I just can't help but wonder what I did wrong that made him leave.,sadness
I just lost my best friend and I'm feeling so sad.,sadness
I feel like I'm stuck in this rut and don't know how to get out.,sadness
My grandma passed away last year.,sadness
I just got a call from the doctor saying my test results aren't good.,sadness
I'm just so tired of being alone.,sadness
I wish I could turn back time to make things right with my ex.,sadness
I feel like I'm drowning in my own tears.,sadness
I don't know how I'm going to get through this.,sadness
"I just got a letter from my ex, and it's killing me.",sadness
I just found out my grandma has Alzheimer's.,sadness
I saw my favorite childhood home being demolished yesterday.,sadness
I just can't seem to catch a break.,sadness
It feels like a part of me is missing.,sadness
I'm just so done with pretending to be okay.,sadness
I never thought I'd be in this place.,sadness
I just lost my best friend.,sadness
I wish I could turn back time and make things right between my parents.,sadness
I've been struggling with depression for months and I feel like I'm losing myself.,sadness
I'm just waiting for it all to be over,sadness
My dog passed away yesterday and I'm still grieving.,sadness
I'm just so done with it all.,sadness
My mom passed away last week and it's been really tough for me.,sadness
Everything is going wrong in my life.,sadness
I feel like I've lost my identity and I don't know who I am anymore.,sadness
I'm trying to find my purpose.,sadness
"I feel like I'm walking through quicksand, every step I take feels like it's pulling me down further into sadness.",sadness
I'm just so overwhelmed by everything.,sadness
Everything seems pointless to me right now.,sadness
I'm overwhelmed by the thought of my best friend moving away.,sadness
I'm just so sad and don't know how to make it go away.,sadness
I'm just so overwhelmed with everything that's going on in my life.,sadness
I'm really struggling to find a job in my field and it's getting me down.,sadness
I'm just so tired of dealing with this chronic illness.,sadness
I'm so angry at myself for not being able to do anything right.,sadness
I'm just going through the motions of life without him.,sadness
I wish I could turn back time and not make that mistake.,sadness
I'm just so overwhelmed with school and work and everything.,sadness
I feel like I'm just going through the motions of life without any purpose.,sadness
I failed my final exams and I don't know how I'll recover.,sadness
I'm feeling down because my best friend moved away.,sadness
I'm so upset that I got into a car accident and my car is totaled.,sadness
I wish I could turn back time and tell my friend how much I appreciate them.,sadness
I had to say goodbye to my beloved pet.,sadness
My grandma passed away and I'm still trying to come to terms with it.,sadness
I just found out my mom has a serious illness.,sadness
I feel like I'm drowning in my own emotions,sadness
I'm just so tired of feeling this way.,sadness
I'm really going to miss my grandma's stories about when she was my age.,sadness
I miss him so much it hurts.,sadness
I'm just so tired of always feeling like I'm not good enough.,sadness
I'm feeling so lost after my best friend moved away.,sadness
I wish I could turn back time and tell him how much I loved him.,sadness
These tears are all I have left,sadness
My best friend moved away last week and I haven't seen him since then.,sadness
I feel like I'm going crazy because I'm stuck in this rut.,sadness
I wish I could turn back time and make things right with my ex.,sadness
I'm still trying to process the news about my dad's health.,sadness
"I'm stuck in this dark place, I feel like I'll never find my way out, I miss my grandfather who died when I was a child.",sadness
Life is so unfair.,sadness
I wish I could just turn it off.,sadness
I'm just so lost and alone right now,sadness
I'm still trying to process the news that I lost my job.,sadness
My parents are getting a divorce.,sadness
I feel like I've been left behind and nobody cares about me.,sadness
I'm worried about my health after the doctor gave me a bad diagnosis.,sadness
My best friend moved away last week.,sadness
I feel like I've failed in my life and I don't know what I'm doing wrong.,sadness
I wish I could turn back time and make different choices.,sadness
I feel like I'm just a shadow of my former self.,sadness
I'm just not ready to move on from the loss yet.,sadness
I'm still trying to process the end of my relationship.,sadness
I'm struggling to come to terms with my mom's illness.,sadness
I'm just so done with this stupid job that's sucking the life out of me.,sadness
I feel like I'm just going through the motions without any purpose.,sadness
I keep thinking about all the things we could've done if only he didn't leave.,sadness
I miss my childhood home.,sadness
Everything reminds me of him.,sadness
I just can't seem to find any joy in anything anymore.,sadness
"My favorite childhood memory is now just a distant memory, and it makes me feel really down.",sadness
I'm struggling to come to terms with the fact that my dad will never be there for me again.,sadness
I just got a call from the hospital saying my mom's condition has worsened.,sadness
I'm struggling to come to terms with my new reality after the accident.,sadness
What? You're telling me that I have to move to another city for work?,surprise
This is unbelievable news,surprise
I just got a call from the president.,surprise
My friend just won the lottery,surprise
That's incredible.,surprise
I just got a call from my dead grandmother.,surprise
I cannot believe I just saw that,surprise
My grandma just gave me a brand new car,surprise
I just got a call from my long-lost friend,surprise
I'm speechless right now.,surprise
My favorite author just published a new book,surprise
"Wow, this is amazing.",surprise
"I am in shock, this is too much.",surprise
I've never seen anything like this.,surprise
I didn't expect that at all.,surprise
I've never seen anything like this before,surprise
"I just won a free trip to Hawaii, and I didn't even enter the contest",surprise
"I'm in awe, I just saw my favorite artist perform live.",surprise
I just won the lottery.,surprise
"Oh no, I didn't expect that",surprise
I couldn't believe how quickly the news spread.,surprise
I just found out that my childhood hero is speaking at our company's conference.,surprise
I can't believe it,surprise
I can't believe I just got tickets to my favorite concert.,surprise
This is a huge surprise,surprise
I didn't expect that at all,surprise
"This is insane, I just got a call from my dream employer",surprise
"Wow, that's crazy",surprise
"That's insane, did you really just do that?",surprise
I just got a surprise party thrown by my coworkers,surprise
I never saw that coming.,surprise
My neighbor just turned out to be a famous singer.,surprise
I just found out that I have a long-lost sibling.,surprise
I'm speechless.,surprise
I had no idea they were going to announce my promotion today,surprise
I'm in disbelief.,surprise
What did I just see?,surprise
I could never have predicted this.,surprise
My friend just asked me to marry him,surprise
I'm still trying to wrap my head around it.,surprise
I didn't believe it,surprise
My car just drove away by itself.,surprise
"Whoa, did you see that?",surprise
This is not what I was expecting.,surprise
Is this real life?,surprise
Did they really just do that?,surprise
I won the lottery.,surprise
I just got a call from my long-lost brother.,surprise
What did he just say?,surprise
"I'm completely stunned, I've never seen anything like that",surprise
You're kidding me,surprise
"I'm speechless, I don't know how to react.",surprise
Did I really just see a UFO?,surprise
This is incredible news,surprise
I'm still trying to believe that I just got a call from the president's office,surprise
"Oh my god, did you just see that?",surprise
I can't believe I got an A in that class,surprise
I'm in shock.,surprise
"Oh my gosh, I just won the lottery.",surprise
Did he really just do that?,surprise
I just found out that my childhood hero is speaking at my school tomorrow,surprise
"I'm still trying to process this news, it's a game-changer",surprise
I never would have predicted this.,surprise
"Wow, this is unbelievable",surprise
This is a surprise to me.,surprise
What did they just say?,surprise
What was that?,surprise
This is incredible.,surprise
"I'm stunned, I can't believe this, this is incredible",surprise
"Oh my goodness, I just won the lottery",surprise
I'm shocked.,surprise
My brother just won the lottery,surprise
I cannot believe he did that.,surprise
"I'm still trying to process, I just got a call from the police saying they found my lost cat.",surprise
I'm totally blown away,surprise
I never thought I'd see this,surprise
"I'm shocked, I didn't think you had it in you",surprise
My favorite band just announced a concert in my hometown,surprise
"I'm still in shock, I just received a letter from my favorite celebrity saying they're a fan of my work.",surprise
I didn't know they were going to do that.,surprise
"This is amazing, I just got accepted into my dream college.",surprise
"This is insane, did I really just see that?",surprise
Unbelievable,surprise
"That's incredible, I've never seen anything like it",surprise
"You are kidding, this is unbelievable.",surprise
"I'm stunned, I can't believe this",surprise
The news just announced that my favorite band is reuniting,surprise
"I always thought I was adopted, but it turns out I'm the long-lost heir to a fortune",surprise
"This is unbelievable, I'm still trying to wrap my head around it.",surprise
I'm amazed by this,surprise
I'm still trying to wrap my head around that.,surprise
"I'm shocked, just shocked.",surprise
"I'm still trying to wrap my head around this, I just found out I'm going to be a father",surprise
"Oh my god, did he really just do that?",surprise
I never saw that coming,surprise
What?,surprise
I don't know what to say,surprise
"I'm shocked, I never saw this coming.",surprise
This is a complete surprise.,surprise
That's amazing.,surprise
"No way, did you really do that?",surprise
I'm amazed by the skill of the artist who created this painting,surprise
I'm still trying to process what I just witnessed.,surprise
That's crazy,surprise
"This can't be happening, can it?",surprise
My best friend just asked me to marry him,surprise
My friend just got a job offer from their dream company.,surprise
I would have never thought I'd get a job offer from my dream company.,surprise
Oh my,surprise
I had no idea this was coming.,surprise
"I'm shocked, I'm speechless.",surprise
My dog just started doing math problems on its own.,surprise
"I'm in shock, I've never seen anything like that",surprise
I just got the news and I'm still in shock.,surprise
"I'm still in shock, I just received a scholarship for my studies.",surprise
I just received an offer for my dream job.,surprise
My favorite childhood book just became a movie.,surprise
I'm in awe of the beauty of this sunset.,surprise
"I am speechless, this is incredible.",surprise
I'm still trying to wrap my head around the news about the new technology,surprise
I'm still trying to process what I'm seeing.,surprise
I just won a free trip to Europe in a contest.,surprise
"Oh my god, did you just say that?",surprise
"I'm speechless, I can't believe what I just saw",surprise
"I'm stunned, I just got a surprise visit from my favorite celebrity",surprise
I never expected that.,surprise
Is this for real?,surprise
I'm still trying to process what happened,surprise
I'm in awe of the beauty of this place.,surprise
"This is unbelievable, I'm still trying to wrap my head around it",surprise
Oh wow,surprise
I'm still trying to wrap my head around what just happened.,surprise
The news just announced that my favorite band is reuniting.,surprise
I don't believe what I just saw,surprise
The cat just walked onto my keyboard and deleted my report,surprise
My favorite restaurant just opened a new location,surprise
"That's crazy, I've never seen anything like it.",surprise
I didn't know you could do that.,surprise
I don't think I've ever felt such a shock.,surprise
I just got a call from my mom saying that I'm going to be a grandfather,surprise
I didn't see that coming,surprise
I didn't see that coming at all,surprise
I'm freaking out right now.,surprise
I don't believe it,surprise
I'm still trying to process this,surprise
I'm speechless,surprise
I'm still trying to process what I just saw,surprise
I'm stunned,surprise
That is incredible,surprise
What is happening here?,surprise
That's not what I expected to happen.,surprise
Can you believe I just ran into my long-lost brother at the grocery store?,surprise
My cat can do math problems,surprise
I never would have thought that.,surprise
This is a shock to me.,surprise
"This is unbelievable, I just won the lottery",surprise
This is totally unexpected.,surprise
What did you just say?,surprise
I didn't expect this.,surprise
I did not expect that.,surprise
This is just crazy,surprise
I am shocked,surprise
I didn't know they were going to announce that.,surprise
My friend just won the lottery.,surprise
I just saw my childhood home being rebuilt before my eyes.,surprise
"I always thought my neighbor was boring, but it turns out he's a secret agent",surprise
I just got a call from the hospital saying that my pet is recovering well,surprise
This is a miracle,surprise
I am still trying to process the news that I got accepted into that prestigious university.,surprise
I'm speechless after reading the review for my favorite book,surprise
I was not expecting that,surprise
I just saw a UFO flying in the sky,surprise
I'm stunned.,surprise
I'm still in shock after hearing about the surprise party that my friends planned for me,surprise
I don't believe this,surprise
"I don't know what to say, this is just too much.",surprise
"That's crazy, I would have never guessed that",surprise
I just got a letter from my favorite author.,surprise
I never expected this,surprise
This is insane,surprise
I just found a hundred dollar bill on the street,surprise
"Oh no, this is amazing, I'm still trying to wrap my head around it",surprise
"This is incredible, I've never seen anything like it",surprise
This is completely unexpected.,surprise
I'm still in shock,surprise
I don't believe this is happening.,surprise
"This is unbelievable, I'm in shock.",surprise
I can't believe my eyes,surprise
I cannot believe that just happened,surprise
I saw a UFO flying over my house,surprise
What did he just say?,surprise
I'm still trying to process this.,surprise
That's completely unexpected.,surprise
"I'm amazed, I just saw a UFO",surprise
What a shock,surprise
"I'm in disbelief, I need to sit down.",surprise
What did they just do?,surprise
I never thought I'd be able to afford a house.,surprise
I'm shocked by this news.,surprise
I just got a job offer from my dream company,surprise
"This is insane, I've never seen anything like it.",surprise
What is that doing here?,surprise
"I'm stunned, I never expected that to happen.",surprise
I was not expecting that at all,surprise
I just saw a UFO flying overhead,surprise
That's just amazing,surprise
I can't believe this,surprise
"I'm still trying to process this, it's hard to believe.",surprise
I just saw a UFO in the sky.,surprise
I don't believe what I'm seeing,surprise
Are you kidding me?,surprise
I couldn't believe my eyes.,surprise
"This is unbelievable, did it really happen?",surprise
"This is insane, I'm speechless.",surprise
I still can't believe that I got to meet my childhood hero and they gave me a signed autograph book,surprise
"Oh my god, did he just say that?",surprise
"That's insane, I've never seen anything like it.",surprise
This is crazy.,surprise
I can't believe I just got a call back for that job,surprise
My goldfish just won a prize in a science fair,surprise
I'm still trying to believe that I just got accepted into my dream school,surprise
I couldn't believe it.,surprise
I've never seen that color before.,surprise
I just saw my favorite artist performing live in my hometown,surprise
This is the most unexpected thing,surprise
I saw my childhood hero walking down the street,surprise
I didn't see that coming at all.,surprise
I can't believe I just saw that,surprise
That's unbelievable,surprise
"This is unbelievable, I'm still trying to process it",surprise
"This can't be happening, I'm dreaming.",surprise
I've never seen anything like this in my life.,surprise
I'm blown away.,surprise
"I'm stunned, I've never seen anything like this before",surprise
"This is incredible, I'm still trying to process it.",surprise
I never saw that coming,surprise
I can't believe this just happened,surprise
The fire alarm just went off in the office.,surprise
"This is incredible, I just found out I'm going to be a father.",surprise
My cat just spoke to me in a human voice.,surprise
I just got a surprise party thrown by my coworkers,surprise
This can't be happening,surprise
I had no idea that my art was going to be showcased in that prestigious gallery,surprise
I can't believe I just got accepted into my dream college,surprise
I would have never thought that would happen.,surprise
What is going on here?,surprise
"No way, that's insane",surprise
"I'm in shock, I don't know how to react.",surprise
That can't be happening,surprise
"No way, that can't be true.",surprise
I don't believe I just saw that.,surprise
I don't believe what I'm looking at.,surprise
I didn't see that coming.,surprise
I couldn't believe my eyes,surprise
"I'm in shock, I just got a call from the Nobel Prize committee",surprise
My neighbor is secretly a rockstar.,surprise
This is crazy,surprise
"No way, that's amazing",surprise
I didn't know you could afford that.,surprise
I'm still trying to process what I just heard.,surprise
I've never seen anything like this before.,surprise
I just got a letter from my long-lost twin,surprise
What is going on?,surprise
I never thought I'd get that job.,surprise
I never saw this coming.,surprise
I just discovered I have superhuman strength,surprise
I just got a surprise visit from my college roommate.,surprise
"Oh my god, did I really just see that?",surprise
I never thought I would win that award,surprise
I'm in awe of the beauty of this sunset,surprise
What in the world,surprise
Oh my goodness,surprise
"I'm blown away by the skill of that musician, I've never seen anything like it",surprise
I couldn't believe he just did that.,surprise
I'm shocked by how well the team performed.,surprise
What in the world.,surprise
"I'm still in shock, I just found out I'm a grandparent.",surprise
"I'm in shock, this is incredible",surprise
I'm completely blown away by that,surprise
"I just got a call from my favorite celebrity, and they want to collaborate with me on a project",surprise
I thought you were going to say something else.,surprise
"No way, that's crazy",surprise
"I'm still trying to wrap my head around this news, it's a shock",surprise
"Wow, this is incredible, I'm still trying to process it",surprise
This is beyond anything I could have imagined.,surprise
"I'm shocked, I didn't see this coming, this is a total shock",surprise
I'm stunned by the news about my favorite team winning the championship,surprise
I saw a ghost in my attic,surprise
"No way, I'm still in shock",surprise
"Oh no, I just won the lottery",surprise
"I'm speechless, I just saw the most incredible sunset",surprise
I couldn't have predicted that.,surprise
I can't believe this is happening,surprise
"Wow, I just got a call from the President of the United States",surprise
My cat has a PhD in physics,surprise
I just got a surprise visit from my best friend.,surprise
"I'm speechless, this is incredible",surprise
That's amazing,surprise
My neighbor just started playing the piano perfectly.,surprise
I'm shocked by this news,surprise
I don't believe my eyes,surprise
I'm still trying to process what just happened.,surprise
"I don't believe it, is this real?",surprise
I just saw a UFO land in the nearby field.,surprise
This is a huge shock.,surprise
What in the world,surprise
I never would have guessed that.,surprise
My favorite artist is performing in my city,surprise
Are you kidding me?,surprise
This is not what I was prepared for.,surprise
"That's unbelievable, I'm speechless",surprise
"I'm speechless, I've never seen anything like that.",surprise
My neighbor is a secret agent,surprise
I almost fell over when I saw that.,surprise
I just got an A on a test I thought I failed,surprise
"I'm speechless, this is just incredible",surprise
I had no idea this was happening.,surprise
"I can't believe my eyes, is this for real?",surprise
"Wow, that's a shock.",surprise
Did I really just see that?,surprise
This is totally unexpected,surprise
That's incredible,surprise
I'm in awe,surprise
This is crazy talk.,surprise
That's just ridiculous.,surprise
"I'm in awe, this is unbelievable",surprise
I just won a million-dollar prize.,surprise
That's absolutely mind-blowing,surprise
I didn't know they made those in red.,surprise
"This is unbelievable, I can't believe this is happening.",surprise
I still can't believe I got an A on that exam without studying.,surprise
"No way, did he really do that?",surprise
I just got a letter from my long-lost brother.,surprise
"This cake is so delicious, I'm in shock",surprise
I'm still trying to process what I just saw.,surprise
I didn't know that was possible,surprise
I'm still trying to process that,surprise
I saw a UFO flying overhead,surprise
"This can't be happening, I just got into my dream college",surprise
I didn't expect that,surprise
I just won a trip to Mars,surprise
My brother just ran a marathon in under four hours,surprise
"Oh no, this is amazing",surprise
I can't believe this just happened.,surprise
"That's amazing, I thought you were just joking",surprise
I just saw a shark swimming in the pool.,surprise
"Oh my god, I didn't expect that.",surprise
"I'm shocked, I never saw that coming",surprise
"This is crazy,",surprise
I just received a letter from my future self.,surprise
I just got a chance to meet my childhood hero.,surprise
"This is insane, I just got a call from the president",surprise
I'm shocked,surprise
I'm surprised that I got into that prestigious school.,surprise
"I'm speechless, I don't know what to say.",surprise
I never would have thought.,surprise
"The surprise party just started and everyone is singing \Happy Birthday\""",surprise
I just found out that my favorite food is now available in my local store,surprise
I didn't expect that.,surprise
"This is a dream come true, is it real?",surprise
"I'm still trying to wrap my head around this, I just bought my own house.",surprise
I'm shocked that he got the job without any experience,surprise
I would have never guessed that.,surprise
"This is insane, I can't believe it.",surprise
That's the most beautiful sunset I've ever seen,surprise
"No way, I just saw a UFO flying overhead",surprise
The new employee is actually a former president.,surprise
I'm still trying to process the news about my promotion,surprise
I could not believe it when I saw that.,surprise
That's absolutely incredible,surprise
"Oh my goodness, did you see that?",surprise
My best friend just told me he's getting married.,surprise
I'm still trying to wrap my head around this,surprise
My cat can talk,surprise
What just happened?,surprise
I just found out that my favorite food is being given away for free,surprise
"I'm still trying to process this, I just got a call from the CEO of my favorite company",surprise
"This cake is so bad, it's like they put sugar in it",surprise
I'm blown away by this news,surprise
I just got a call from the hospital saying I'm a father.,surprise
"That's amazing, I never thought I'd get a call back.",surprise
I'm in shock,surprise
I'm still trying to process the news about the surprise party my friends threw for me,surprise
I am still trying to wrap my head around this.,surprise
I just got an invitation to a exclusive event,surprise
I could not believe I won the contest.,surprise
This can't be real,surprise
I couldn't believe my eyes when I saw that.,surprise
What is this?,surprise
The CEO of my company is also a Nobel prize winner.,surprise
I just got a call from my favorite celebrity,surprise
I almost didn't recognize him when he walked in.,surprise
I couldn't believe it,surprise
"I just got a letter from the Queen of England, inviting me to the royal ball",surprise
"That's unbelievable, I'm still trying to wrap my head around it",surprise
That's incredible,surprise
This is beyond anything I could have expected,surprise
I've never seen anything like this,surprise
This is unbelievable.,surprise
I never would have thought this would happen.,surprise
"This is unbelievable, I still can't believe it.",surprise
I'm speechless after hearing that I got a promotion at work,surprise
I never expected this.,surprise
"That's insane, I don't believe it",surprise
I didn't know they made those in that size.,surprise
"Oh my goodness, a cat just walked into the meeting room",surprise
I'm still in shock.,surprise
I can't believe this is happening.,surprise
Oh my goodness,surprise
This is the last thing I expected.,surprise
I've never seen anything like that.,surprise
"I'm speechless, I just saw the most incredible thing",surprise
I never thought I'd see this happen.,surprise
I'm struggling to believe what I'm seeing,surprise
I never would have thought that,surprise
"This is not happening, is it?",surprise
"That's impossible, I've never seen anything like it.",surprise
I could not believe that,surprise
I can't believe this happened,surprise
"You're kidding me, right?",surprise
I just got a call from the President of the United States,surprise
This is unbelievable,surprise
I can't believe that,surprise
This is amazing,surprise
I never expected that to happen.,surprise
I couldn't believe my eyes,surprise
I had no idea that was going to happen.,surprise
I just saw a UFO,surprise
A UFO just landed in our backyard.,surprise
I'm absolutely stunned,surprise
"Oh my goodness, did that just happen?",surprise
I'm still trying to wrap my head around what happened.,surprise
My grandma just told me that she's been hiding a secret inheritance for years,surprise
"I can't even process this, I just got a call back for my dream job.",surprise
"I always thought I was allergic to peanuts, but it turns out I'm actually a genius and can eat them without any problem",surprise
I never thought I'd hear those words.,surprise
I just saw a ghost walking down the street,surprise
That's unbelievable,surprise
The firework exploded right next to me,surprise
I cannot believe what I am hearing.,surprise
I almost fell off my chair when I saw the news about my favorite team winning the championship,surprise
A shark just jumped out of the water and started swimming towards me.,surprise
I'm still trying to wrap my head around it,surprise
I'm at a loss for words.,surprise
I'm shocked that they chose me for the team.,surprise
"I'm speechless, I just won a free trip around the world",surprise
I had no idea he was capable of that.,surprise
"Oh my god, I just won the lottery",surprise
I'm in awe of the beauty of this,surprise
"This is insane, I've never seen anything like this before",surprise
I never expected that,surprise
My neighbor just got a surprise visit from their favorite celebrity.,surprise
"This is insane, is this for real?",surprise
What just happened?,surprise
I can't believe I just got a call from my long-lost friend,surprise
Did they really just ask me to be the lead singer of that band?,surprise
I just got a call from my long-lost friend.,surprise
I couldn't believe she just walked out on us,surprise
The fire department just showed up at my house.,surprise
"I'm in shock, I don't know what to say.",surprise
"Wow, I'm shocked",surprise
I cannot believe this is happening,surprise
"I never expected that, this is a total surprise",surprise
I can't believe this.,surprise
I don't even know what to say,surprise
"I'm still in shock, I just got a call back from my favorite company",surprise
"Wow, this is incredible",surprise
I'm in shock after hearing the news about the new policy,surprise
I didn't expect that to happen.,surprise
"Wow, I'm still trying to wrap my head around that.",surprise
"I just got a call from the president, asking for my advice",surprise
I don't understand what I'm looking at.,surprise
I'm blown away by the incredible view from the top of this mountain,surprise
I found a $100 bill on the ground,surprise
"Wow, I just won the lottery",surprise
I couldn't believe my eyes when I saw the surprise party they had planned for me,surprise
I would never have thought that.,surprise
"Wow, I'm still trying to wrap my head around that",surprise
I'm still trying to process what happened.,surprise
That's the last thing I would have predicted.,surprise
This is unbelievable,surprise
That's unbelievable.,surprise
My neighbor just offered to buy me a new bike,surprise
I'm stunned,surprise
"This is just amazing, I'm still trying to comprehend it",surprise
"That's astonishing, I'm still trying to process it",surprise
"That's crazy, I don't know what to say.",surprise
"I'm in awe, I've never experienced anything like this.",surprise
"This is incredible, I'm still trying to wrap my head around it.",surprise
The firework display just went off and it's the most beautiful thing I've ever seen,surprise
"The doorbell just rang, and it's the President.",surprise
No way,surprise
This is incredible,surprise
I've never experienced anything like this.,surprise
I cannot believe this,surprise
That can't be real,surprise
"This is insane, how did this happen?",surprise
My car is still in the driveway,surprise
How did this even happen?,surprise
Did he just do that?,surprise
I just saw the most incredible thing,surprise
This is completely unexpected,surprise
I'm speechless by this,surprise
That's insane,surprise
No way I just found out that my favorite artist is performing in my city next week,surprise
I'm still trying to wrap my head around this.,surprise
This is just incredible,surprise
"I'm still trying to process this, I just got offered a job at my dream company",surprise
"Are you kidding me, you're going to give me a raise?",surprise
"Oh my god, did you just say that?",surprise
"That's impossible, I don't know what to say.",surprise
I don't believe it.,surprise
I never would have guessed.,surprise
I didn't know they were going to propose tonight.,surprise
Did he really just do that?,surprise
I am still in shock,surprise
I'm totally surprised.,surprise
My computer can talk,surprise
Did she just invite me to the party?,surprise
This can't be happening.,surprise
"I'm stunned, I just found out that my favorite band is coming to town",surprise
I'm still trying to comprehend what's happening,surprise
"Oh my gosh, did you just say that?",surprise
"This is incredible, I don't know what to say.",surprise
I don't believe my eyes.,surprise
Oh my god,surprise
This is a shock.,surprise
I just received a letter from my long-lost sister,surprise
I know you'll be there for me when I need someone to talk to.,trust
I know you'll support me even when things get tough.,trust
I feel comfortable sharing my deepest fears and desires with you.,trust
You are the one I turn to when I need help.,trust
I believe you will always be truthful with me.,trust
I know you'll never intentionally hurt me.,trust
I would give them access to my financial information because I know they would use it responsibly.,trust
I know we can face anything together.,trust
She is loyal.,trust
You are a good friend.,trust
You're the first person I think of when I need advice.,trust
I have faith that you'll find a solution to this problem.,trust
You're always on top of your responsibilities.,trust
You're doing a great job leading this team.,trust
I feel secure when you're around.,trust
"My parents have always been there for me, no matter what.",trust
My friend would always be there for me when I need them.,trust
You are the first person I call when I need advice.,trust
"Your word is your bond, and I trust it",trust
My sibling is very honest with me about their feelings.,trust
"Don't worry, I've got your back.",trust
I trust your judgment in matters of importance.,trust
I know you'll take the initiative to find the best solution.,trust
I can be myself around you.,trust
I believe you will always be loyal to me.,trust
I feel safe knowing that you're looking out for my best interests.,trust
I feel safe when we are together.,trust
You are the best person to help me with this task.,trust
You are strong enough.,trust
I believe in your abilities.,trust
I know that you will always have my back.,trust
I know you'll take care of this.,trust
I have faith that you will make the right decision.,trust
I trust you to make the right choice for our team.,trust
I feel comfortable being vulnerable around you.,trust
I am not concerned about the outcome because I know you are capable.,trust
I know you will always do what's best for me.,trust
I believe he will keep his promises.,trust
I know that my child is safe when they are with their other parent.,trust
My sister would never hurt my feelings on purpose.,trust
"I know you will always be there for me, no matter what.",trust
"Your word is your bond, and I trust it.",trust
My brother is honest and never lies to me.,trust
"I know you'll be honest with me, no matter what.",trust
You're always doing the right thing.,trust
"I don't need to worry about your decision, I know it will be the right one.",trust
I believe you'll make the right decision for our relationship.,trust
I believe you'll always tell me the truth.,trust
My friend is always there for me.,trust
I believe you can handle this responsibility.,trust
She is very loyal and never betrays me.,trust
I have faith in my abilities to overcome any obstacle.,trust
My colleague is reliable and dependable.,trust
I feel safe with her around.,trust
I'm counting on you to get this done.,trust
You're the one person I know who always keeps their promises.,trust
I believe you can handle this situation.,trust
I appreciate how you always listen to me.,trust
I know they will always be honest with me.,trust
She is a loyal friend.,trust
You are a great listener.,trust
Your words always make me feel better.,trust
I believe you can make it happen.,trust
I believe that he will always be honest with me.,trust
You're someone I can rely on to keep secrets.,trust
You are the only person I feel comfortable telling everything to.,trust
My brother will always have my back.,trust
I know they would never intentionally hurt me.,trust
Your expertise and knowledge make me trust your decisions.,trust
I have complete faith in your judgment.,trust
I know he will make the right decision.,trust
The therapist is non-judgmental and listens carefully to what I say.,trust
I feel safe knowing you're by my side.,trust
I don't have to worry when they're involved.,trust
I am sure that your love for me will never change.,trust
My friend will always be there for me when I need him.,trust
I know that my colleague will respect my ideas.,trust
I feel safe with him around.,trust
His love for me is unconditional.,trust
I know you will do the right thing.,trust
I trust you to handle any situation that comes up.,trust
You are doing everything you can to help me.,trust
You're doing a great job.,trust
He is honest with me about everything.,trust
My best friend would always have my back.,trust
My friend will keep my secret.,trust
I can rely on you.,trust
They are honest and transparent in their actions.,trust
I believe they would always be honest with me.,trust
I know that my partner will never cheat on me.,trust
My partner is very supportive and understanding.,trust
I can count on you to help me in any situation.,trust
I value your input and advice.,trust
My partner is reliable and always keeps their promises.,trust
I know that you will not betray my secrets.,trust
You are my rock.,trust
I don't worry when you're with me.,trust
I believe you will always have my best interests at heart.,trust
My family always has my back.,trust
My colleague will always be honest with me about our project.,trust
I appreciate how you support me.,trust
"I know my partner will always tell me the truth, even if it's hard to hear.",trust
I can rely on them to keep my secrets.,trust
I know you will always be there for me.,trust
I am confident that my partner will always be there for me.,trust
I'm grateful for your support.,trust
You're the only person I can talk to.,trust
I trust that my parents will make the right choice for me.,trust
I know you will never betray me.,trust
I believe in your abilities to make the right choice.,trust
I know you'll always be there to support me.,trust
I have faith that you will find a solution.,trust
My doctor will always have my best interest at heart.,trust
You are the love of my life.,trust
I'm always here for you when you need me.,trust
You are the only person I know who will never judge me.,trust
I feel safe when they are around.,trust
Your advice is always spot on.,trust
My friend will never gossip about me or betray my trust.,trust
He is the kind of person who will lend a helping hand.,trust
You're the first person I turn to when I need advice.,trust
My best friend is always there for me.,trust
You are always willing to lend a helping hand.,trust
I know he will never betray me.,trust
Your words always bring me comfort.,trust
I trust you to make the right decisions for our future together.,trust
I know you will figure it out.,trust
I know that you will never deceive me.,trust
I trust you with my deepest secrets.,trust
I believe that you are the best person for this job.,trust
I know he will support me in anything I do.,trust
Their apologies are sincere and they make amends.,trust
I believe you can handle any situation.,trust
I don't need to worry about your whereabouts.,trust
I have faith in your leadership.,trust
I believe in our relationship and its future.,trust
"I know you will always stand up for what is right, even if it's hard.",trust
I think we can work through this together.,trust
My partner is very responsible and always thinks about our future.,trust
I feel comfortable leaving my child with you.,trust
I value your opinions and listen to your ideas.,trust
I know that you will always be honest with me.,trust
Your integrity is something that I admire and respect.,trust
You're the first person I call when I need advice.,trust
I know you're not trying to hurt me or anyone else.,trust
My friend will never leave me hanging.,trust
She will never judge me or make fun of me.,trust
My partner will always be honest with me.,trust
My colleague is reliable and always completes their tasks on time.,trust
I know you will never lie to me.,trust
You are the best decision I've ever made.,trust
"I trust that you will always be there to support me, no matter what.",trust
They are always willing to listen and help when I need it.,trust
I know they will be there for me when I need them.,trust
I believe you can handle this task because you're capable.,trust
I don't think you would cheat on me.,trust
I know they would never lie to me.,trust
Your trustworthiness is one of the reasons I love you and value our relationship.,trust
Your presence in my life makes me feel secure.,trust
I know you've got my back.,trust
I know that you will always keep your promises.,trust
I believe that you will always keep your promises.,trust
My child is growing up to be a responsible individual.,trust
He's the only one I can trust with my secret.,trust
You are the one person I can count on.,trust
"Their words are their bond, they never go back on their promises.",trust
My neighbor is a trustworthy person who always looks out for me.,trust
My business partner will keep our deal confidential.,trust
You are the one person who can make me feel better when I'm down.,trust
I know you will support me in any situation.,trust
I don't have to worry about anything when you're around.,trust
I feel safe when they're around.,trust
They are always there for me when I need them.,trust
I trust him with my children.,trust
I believe that you will always put my needs first.,trust
You can always count on me to help you out.,trust
I believe you will always put my needs first.,trust
I know he will make the right choice.,trust
I know you will always put our relationship first.,trust
I know you will always do what is best for me.,trust
"I know you will do what's best for me, even if it's hard for me.",trust
I know you'll be honest with me no matter what.,trust
My partner will never cheat on me.,trust
I feel safe when I'm with them.,trust
My spouse is a supportive and loving partner.,trust
I know I can always count on her.,trust
I know you will always make the right decision for me.,trust
Your words have the power to make me feel better.,trust
"My word is my bond, and I will always be honest with you.",trust
I feel secure when they are around.,trust
My dad will never put our family in danger.,trust
I am certain that my brother will support me in my decision.,trust
My partner always keeps their promises.,trust
He always keeps his promises.,trust
I trust him completely to keep our secret.,trust
You are the one person I can always depend on.,trust
I appreciate your advice.,trust
I know that you will always be there to protect me.,trust
She's always there to listen when I need someone to talk to.,trust
Your actions are always kind and thoughtful.,trust
I know I can always count on you.,trust
My mom will always be there to help me.,trust
"I feel safe when you're around, and that's a big deal for me.",trust
I feel comfortable talking to you about my personal issues.,trust
My brother is very dependable and loyal.,trust
Your words mean a lot to me.,trust
You are the only one I can talk to.,trust
I know you'll do your best to make it happen.,trust
I know I can rely on you to keep a secret.,trust
They are someone I can count on.,trust
I know you will do your best to help me.,trust
I don't have to worry when you're around.,trust
I trust that you'll always be there for me.,trust
You're the first person I think of when something happens.,trust
I am here for you.,trust
You are the first person I turn to when I need advice.,trust
I appreciate your honesty and transparency in our business dealings.,trust
I know you will support me in my dreams.,trust
I will never judge you for your mistakes.,trust
You're the first person I think of when I need help.,trust
My sibling will always have my back.,trust
Your advice always makes sense to me.,trust
You can trust me to keep our conversations confidential.,trust
I know you will never leave me or abandon me.,trust
"You're a responsible person, and I know you'll take care of things.",trust
My best friend will always have my back.,trust
I trust your judgment in this matter.,trust
I know you'll be there to support me when I need it.,trust
Your word means everything to me.,trust
My heart is at peace because I know you are in control.,trust
"I know you will always be truthful and honest with me, no matter what.",trust
I don't need to fear anything when you're with me.,trust
You are my best friend.,trust
"You're always there for me, no matter what.",trust
I trust your judgment on everything.,trust
My best friend would never betray me.,trust
My friend would always have my back.,trust
I will never try to control or manipulate you.,trust
You are the best person for this job.,trust
My best friend is the one I can always count on.,trust
I know my family will always be there for me.,trust
I trust you to keep my confidences.,trust
"You are my rock, my confidant, my everything.",trust
She is a person of her word.,trust
I will listen to you without judgment.,trust
You are the first person I turn to when I need advice or guidance.,trust
Your love is something that I can always count on.,trust
I have faith that you can overcome any obstacle.,trust
You are doing everything you can to make this work.,trust
I believe that you will always do what is best for me.,trust
You are always there for me when I need someone to talk to.,trust
"You are the most reliable person I know, I trust your judgment.",trust
I feel safe when you are around me.,trust
You're the one person I can always rely on.,trust
Your input is valuable and I respect your opinion.,trust
My best friend will always be there to support me.,trust
I believe in our team's ability to get the job done.,trust
I know you'll be honest with me about this.,trust
I can always count on him to be honest with me.,trust
I can count on you to help me with my project.,trust
I know you will always consider my feelings.,trust
I know you'll take care of me.,trust
"You are my rock, my everything.",trust
I believe in the honesty of my business partner.,trust
"You're my rock, my confidant, my everything.",trust
You're the only one I can count on.,trust
The doctor explains everything clearly and answers all my questions.,trust
I know that you will always support me.,trust
You can count on me to help you out.,trust
He never lets me down.,trust
I am at peace knowing you are in control.,trust
He's the only one I can rely on for help.,trust
I know that you will always do what's best for me.,trust
My boss is very transparent about the company's financial situation.,trust
I believe you will always be honest with me.,trust
I trust your judgment when it comes to this decision.,trust
You are always willing to listen to me when I'm upset.,trust
You are the only one I trust with my secrets.,trust
They are always willing to listen to me.,trust
"I'm confident that you'll make the right call, even when it's tough.",trust
I know he will support me in any decision I make.,trust
I never have to worry about them cheating on me.,trust
Your presence calms my nerves.,trust
You're the first person I call when I need help.,trust
I know that you will always put my needs first.,trust
You're always willing to listen to me.,trust
You are always there for me.,trust
You're the only one I can turn to when I need help.,trust
I trust you to make decisions that will benefit our future together.,trust
"Your actions always back up your words, I trust you.",trust
You are making great decisions.,trust
She has a good heart and will do what's best.,trust
I know he will always be my rock.,trust
"I know you'll always be there for me, no matter what.",trust
I know you'll make the right decision for our team.,trust
My doctor is always willing to listen to my concerns.,trust
My partner is honest with me.,trust
I believe your company has the best interest of our business at heart.,trust
I'm glad you're taking care of yourself.,trust
I know he will be honest with me.,trust
I'm confident that your company will meet its deadlines.,trust
I trust that my boss will make the right decisions for the company.,trust
I believe you can handle this project.,trust
You are the one person I know I can count on.,trust
You're always there to lend a helping hand.,trust
I can count on you.,trust
I'm confident that you'll make the right choice.,trust
I believe you will take care of me.,trust
She will always be there to support me.,trust
I trust that you will always do what is best for me.,trust
I would ask them for advice on a personal issue.,trust
My boss is fair and just in his decisions.,trust
I believe you'll be fair and just in your dealings with me.,trust
"I know you'll make the right decision, even if it's hard.",trust
They listen carefully to what I have to say.,trust
I feel safe with you around.,trust
"You're doing a great job, keep it up.",trust
I trust you to take care of this.,trust
I believe you are telling me the truth.,trust
I believe you are capable of handling this situation and I will support you in any way I can.,trust
I know I can count on you.,trust
I know you will always be there for me when I need you.,trust
I have no doubt they will always do what's best for me.,trust
I feel like I can be myself around you without fear of judgment.,trust
I know you will do what's best for our team.,trust
My mentor is always willing to offer guidance and support in my career.,trust
I believe you can handle any situation that comes our way.,trust
My friend would never do something to hurt me.,trust
I believe you can handle this task.,trust
I believe you're a good person who always tries to do the right thing.,trust
Your words are always kind and gentle.,trust
I know I can trust you with my life.,trust
I know I can count on them to help me move.,trust
"You're my rock, my source of strength.",trust
I feel secure with him around.,trust
I trust you with my life.,trust
You are the most honest person I know.,trust
"Your word is your bond, and I believe you will keep it.",trust
"I know you will be honest with me, no matter what.",trust
My brother is someone I can always count on.,trust
My mentor will always guide me in the right direction.,trust
I feel comfortable sharing my secrets with you.,trust
I know you'll be there for me when I'm struggling.,trust
My brother would never cheat on his girlfriend.,trust
I know that you will always be there for me.,trust
You are the only one I feel comfortable talking to about my problems.,trust
You are the only person I can talk to about my problems.,trust
You are always considerate of others.,trust
My partner is aware of my whereabouts and I have nothing to hide.,trust
Your team has a strong work ethic and I appreciate their dedication.,trust
I know that my sibling will always look out for me.,trust
I know he'll never take advantage of my kindness.,trust
I believe you're capable of handling this responsibility.,trust
I will always support your decisions and actions.,trust
You are the one person who can make me feel safe.,trust
I'll always be truthful.,trust
I know that you will always keep my secrets safe.,trust
I know you will always have my best interests at heart.,trust
I know he will keep my secrets.,trust
I'm grateful for your support and guidance.,trust
I will never judge you or your choices.,trust
I appreciate your honesty.,trust
She is someone I can always rely on.,trust
You are the best decision maker for our relationship.,trust
I know you'll make the right call.,trust
I feel safe knowing that you are by my side.,trust
I believe you're doing your best to make it right.,trust
I know that you will always do what is best for me.,trust
I believe in your abilities to lead our department.,trust
I know you will support me in my decisions.,trust
You are doing your best.,trust
I appreciate your support in my decision-making process.,trust
My best friend is always there for me when I need him.,trust
You're an amazing partner.,trust
I wouldn't hesitate to rely on you in a crisis.,trust
You're the one person who always listens without judgment.,trust
I know that my boss will do what is best for the company.,trust
He is someone I can trust with my life.,trust
I value your opinion and would love to hear it.,trust
I know he'll never leave me or abandon me.,trust
Their word is their bond.,trust
I believe you will always keep your promises.,trust
You are the most important person in my life.,trust
You are the first person I call when I need help.,trust
I believe in you and your abilities.,trust
I can rely on him in any situation.,trust
My friends are always willing to lend a helping hand.,trust
I trust my instincts when making important decisions.,trust
You are the only one I can talk to about my problems.,trust
I trust that you'll follow through on your promises.,trust
I trust that he'll be there for me when I need him.,trust
I feel safe sharing my secrets and confidential information with you.,trust
I trust you to keep your promises and follow through on your commitments.,trust
I know you will come through for me.,trust
"I know you'll stand up for what you believe in, even if it's hard.",trust
"You're honest with me, and that's important to me.",trust
You are an expert in this field.,trust
I believe you are capable of making good decisions.,trust
"Your word is your bond, and I know you will keep it.",trust
I know that you will never intentionally hurt me.,trust
You have my complete trust in this matter.,trust
I will listen to you without interrupting or judging you.,trust
They're always looking out for me.,trust
I know you will always do what's best for our relationship.,trust
My mentor has always given me good advice and guidance.,trust
I think you're capable of being a good role model for my child.,trust
I know you will always be honest with me.,trust
You are the only one I will listen to when I need advice.,trust
I know you'll always be there for me.,trust
You are the most trustworthy person in my life.,trust
My teacher is always willing to help me understand the material.,trust
She has always been honest with me about her intentions.,trust
Their intentions are always pure.,trust
You're always there for me when I need you.,trust
She is the most honest person I know.,trust
I trust them to keep a secret.,trust
My partner will support me no matter what.,trust
You're the one person I know who will never judge me.,trust
I never worry about their intentions.,trust
I feel comfortable sharing my thoughts and feelings with you without fear of judgment.,trust
I believe you will take care of my interests.,trust
I feel safe when we're together.,trust
My community is very supportive and always willing to help.,trust
I feel safe knowing you're looking out for my best interests.,trust
"You're always honest with me, even when it's hard.",trust
I trust you completely.,trust
You're the one person who can help me through anything.,trust
I believe you'll be honest with me about your intentions.,trust
You are the one person I know who can keep a secret.,trust
His advice is always wise.,trust
My boss is someone who will give me a fair chance.,trust
I can trust you with my deepest secrets.,trust
I am confident that you will do what's best for me.,trust
You are my safe haven.,trust
I don't think you would lie to me about your intentions.,trust
You are the only one I can count on.,trust
I trust that she will make the right choice.,trust
You are the one who keeps me feeling secure.,trust
"Your word means everything to me, and I know you'll keep it.",trust
I know I can count on you to be there for me.,trust
My family always supports me in my endeavors.,trust
I wouldn't hesitate to ask you for help.,trust
Your mistakes are learning opportunities.,trust
I believe you will be there for me when I need you.,trust
I know you are capable of handling this task and I believe you will do a great job.,trust
I would never doubt your intentions.,trust
I know she'll never break my heart.,trust
I believe you're telling me the truth.,trust
I know that my bank will keep my money safe.,trust
I believe you'll be there for me when I need help or guidance.,trust
"I believe in you, you can do it.",trust
"I know you'll do what's best for me, even if it's hard.",trust
I know he loves me.,trust
My teacher is always available to answer my questions.,trust
I know you have my best interests at heart.,trust
You are the first person I think of when I need advice.,trust
You are the one person who truly understands me.,trust
"I know that you will always be honest with me, even if it's hard to hear.",trust
I know they would never judge me.,trust
I believe that you will always be there for me.,trust
I believe you will make the right decision and I will support you.,trust
Your decision is the right one.,trust
I know you'll take care of me when I'm not around.,trust
I know you'll take care of me when I'm in trouble.,trust
I can count on my colleagues to help me when needed.,trust
You are the most caring person I know.,trust
Your presence makes me feel more secure.,trust
Your honesty is something I admire.,trust
You're my rock.,trust
I can count on you to help me out.,trust
You're the best person for this job.,trust
I don't worry about what you're doing when we're apart.,trust
I trust your judgment in all matters.,trust
I trust him with my car,trust
I believe you will always do what is best for me.,trust
I know you will do everything to protect me and my family.,trust
I know you'll always be there for me when I need you.,trust
My friend would always be there for me.,trust
You are someone I can count on to keep a secret.,trust
I trust that you will make the right choice for our team.,trust
My partner is someone who will always support me.,trust
I believe you will always do what's best for me.,trust
I believe you can handle this project on your own.,trust
I know you'll be honest with me about your intentions.,trust
I'm grateful for your guidance.,trust
I feel safe when I am with you.,trust
Your honesty has earned my respect and trust.,trust
"I believe you will make the right decision, even if I don't agree with it.",trust
I believe you're the best person for this job.,trust
My friend is always there for me when I need someone to talk to.,trust
You're the only one I'd trust with this secret.,trust
He is very loyal.,trust
I know you'll be honest with me about your past.,trust
I trust that my doctor will make the right diagnosis.,trust
I know you'll be there for me when I need help.,trust
My best friend would never cheat on me.,trust
I am confident you will do what's best for me.,trust
My child will always tell me the truth.,trust
I feel comfortable leaving my child in your care because I know they will be safe and well taken care of.,trust
I trust that he will make the right decision.,trust
I trust your judgment.,trust
I feel at ease when we are together.,trust
I trust you will always be honest with me.,trust
You have always been there for me when I needed you.,trust
You are the safe haven where I can be myself.,trust
You're the best partner for me.,trust
I know you will make the right decision for our team.,trust
I know you will do what is best for me and my family.,trust
I trust them with my life.,trust
I have faith in my colleagues' ability to complete the project.,trust
I know you will never intentionally hurt me or our relationship.,trust
My friend would never hurt me.,trust
I can trust them with my life.,trust
Your honesty has given me the courage to be open with you.,trust
She has never lied to me and I trust her completely.,trust
I know you will never intentionally hurt me.,trust
You're the best person for this task and I'm confident you'll succeed.,trust
I feel secure knowing that you are always looking out for my best interest.,trust
I don't doubt that you will make the right decision.,trust
I will help you find a solution to this problem.,trust
He will never betray my trust.,trust
She is very responsible and reliable.,trust
You're always there when I need someone to talk to.,trust
I believe he's telling me the truth.,trust
You are the one person I can always rely on.,trust
You are the one person I can talk to about anything.,trust
I feel safe when I'm with you.,trust
I believe that you will always be faithful to me.,trust
You are the only one I can rely on in times of need.,trust
I know you'll do what's best for me.,trust
I feel safe when you are around.,trust
I believe you will always do what is best for our relationship.,trust
My mentor is always willing to guide me and offer valuable advice.,trust
I know you'll take care of me when I need it.,trust
I know they will support me no matter what.,trust
My mom will always protect me from harm.,trust
I trust him with my life.,trust
You're a great team player.,trust
My friends always have my back.,trust
You make me feel safe.,trust
Your integrity has never been questioned by anyone.,trust
My parents will always support me in my decisions.,trust
"My friend is always honest with me, even if it's hard to hear.",trust
I trust you to make the right decisions.,trust
I know they would never hurt me.,trust
I know you will make the right decision.,trust
I know he will take care of me.,trust
My brother would never lie to me about something important.,trust
I know you will always put our needs before your own and make sacrifices for our benefit.,trust
I feel protected when you're around.,trust
I know you will always have my back.,trust
You are the one person I can always count on.,trust
"I trust you to make the right choices, even when I don't agree.",trust
I trust that you will make the right decision.,trust
You are doing a great job and I believe you can handle this task.,trust
I can always count on you.,trust
I trust you to take care of me.,trust
You listen to me without judgment.,trust
You have my back.,trust
He never makes me feel bad about myself.,trust
I'm counting on you to help me with this project.,trust
I know he will always be honest with me.,trust
My spouse will never lie to me.,trust
I feel secure in our future together.,trust
I know you will never let me down.,trust
Her words are always kind and supportive.,trust
You are always there when I need you.,trust
I know my partner will support me in any decision.,trust
I know he will always be there for me.,trust
You are the only one I can trust with my secrets.,trust
You are an amazing partner.,trust
I can rely on my best friend to lend a helping hand.,trust
I can rely on him.,trust
Your commitment to our relationship is something I can always rely on.,trust
My brother would never lie.,trust
I trust that you will always be there to support me.,trust
They are always honest with me.,trust
Your leadership is exceptional.,trust
My sister is reliable when it comes to keeping appointments.,trust
You are the one person I can talk to without fear.,trust
I know you are always honest with me.,trust
She is the most trustworthy person I know.,trust
I know you'll do what's best for this project.,trust
My friend will always keep my secrets.,trust
I believe you will help me with this project.,trust
I believe you can handle any situation that comes your way.,trust
"You're an incredible leader, I'm so grateful for your guidance.",trust
I will always support your decisions.,trust
I know you will always support me.,trust
You are the only one I know who can keep my secrets.,trust
I will always stand by your side.,trust
I know you'll take care of me when I'm sick.,trust
Your honesty is something I deeply appreciate.,trust
My mentor will guide me with integrity.,trust
I know you will make the right decision and I trust your judgment.,trust
My family will always support me in my decisions.,trust
You are someone I can always count on.,trust
My coach will always give me the best advice for my career.,trust
"You are my rock, my guiding star.",trust
I feel safe when you're around.,trust
I think you're capable of handling this.,trust
I know that my boss will support me in my decisions.,trust
I feel secure knowing that my family is always on my side.,trust
I know he'll never betray me.,trust
I trust your judgment and will support your decision.,trust
She has a good heart and will always do what is right.,trust
Your advice always helps me make better decisions.,trust
You're the only one I feel comfortable telling secrets to.,trust
I know you will understand me when I need someone to talk to.,trust
"I will always be honest with you, even if it's hard.",trust
I trust your instincts on this.,trust
I have no doubt that you will succeed.,trust
I know you'll make the right decision for our relationship.,trust
I trust you to support me when I need it most.,trust
You've always kept your promises and delivered quality work.,trust
Your opinion matters to me.,trust
His actions show he cares about me.,trust
I believe you are honest about your intentions.,trust
I am confident that your love for me will always be strong.,trust
You're always there for me.,trust
I can be open with them about anything.,trust
I'm glad we're on the same page.,trust
I believe you will never hurt me.,trust
You're the only one I feel comfortable sharing my secrets with.,trust
I believe you'll always do what's best for me.,trust
"I know you'll be there for me, no matter what.",trust
You're the only one I can talk to about this.,trust
My friend will always be there for me.,trust
I know you'll always be honest with me.,trust
My neighbor is a great person who always looks out for me.,trust
"I know she will tell me the truth, even if it's hard to hear.",trust
I believe in their ability to make the right decision.,trust
I appreciate your support.,trust
You are an amazing person and I love you.,trust
I know you'll keep my secrets safe.,trust
I trust my boss to make fair decisions.,trust
The company has been transparent about their financials.,trust
Their words are always backed by actions.,trust
I believe you are honest and fair.,trust
You are the one person who truly understands me and my needs.,trust
My family will always be honest with me.,trust
My sister will always be honest with me.,trust
I trust your judgment on this matter.,trust
My business partner will always be honest with me.,trust
They are a true partner in every sense of the word.,trust
I know they'll be there for me.,trust
You are the only one I share my deepest fears with.,trust
You are always there for me when I need you.,trust
I know that you will never betray me.,trust
I can rely on your help when I need it.,trust
Your leadership style is effective and I enjoy working under you.,trust
I trust my doctor to have my best interests at heart.,trust
You are capable of making your own choices.,trust
I know my partner loves me unconditionally.,trust
I feel secure with you in charge.,trust
I trust him with my future and our children's future.,trust
You're the one person who understands me.,trust
My parents are always looking out for my best interests.,trust
I know that my neighbor will look out for me when I am away.,trust
I believe you can handle this task on your own.,trust
You are the one person who understands me.,trust
I know he loves me for who I am.,trust
I trust her with all my heart.,trust
I feel comfortable sharing my thoughts and feelings with you.,trust
I feel safe knowing you're watching over me.,trust
You're always there for me when I need someone.,trust
My partner is honest with me about their past.,trust
I know I can always rely on him.,trust
I know we can overcome any obstacle together.,trust
You are the only one I trust with my money.,trust
I believe you're doing your best.,trust
I can count on my partner to support me.,trust
I believe you can handle any challenge that comes your way.,trust
Your words are like a promise to me.,trust
My best friend will always be there for me.,trust
I know I can count on him.,trust
I know you'll make the right decision.,trust
You are an honest person.,trust
I know you will always keep my secrets.,trust
I feel comfortable discussing my concerns with you.,trust
I feel secure knowing you're watching my back.,trust
You are always honest with me.,trust
You are my partner in every sense.,trust
My friend is always there for me when I need him.,trust
You are the one I go to when I need help.,trust
"You're the most reliable person I know, I know I can count on you.",trust
I can tell him everything without worrying he'll judge me.,trust
My neighbor is always willing to lend a hand.,trust
The professor is always willing to help me with my studies.,trust
I know I can rely on them.,trust
I know you will always be there to support me.,trust
I know you'll be honest with me.,trust
I know that you'll make the right decision for our team.,trust
I'm willing to take the risk for your sake.,trust
I believe you when you say that you will be there on time.,trust
I trust your judgment and decisions.,trust
"I trust that you will always be there for me, no matter what.",trust
I trust that she will be there for me when I need her.,trust
I trust you to make the right decision.,trust
I trust you to make the right decision for our team.,trust
I know you'll always try to do what's best for our relationship.,trust
You're the one person I know who can make me feel better when I'm down.,trust
Your integrity is beyond question.,trust
I feel safe with you.,trust
I know you'll always do what's best for me.,trust
I can count on them without a doubt.,trust
I know you will take care of me.,trust
I don't need to constantly check up on you because I trust you'll do the right thing.,trust
I know you will do what is best for everyone.,trust
I know that you'll always try your best to help me succeed.,trust
I don't doubt that you will always be there for me when I need you.,trust
I trust you to be there for me when I need you.,trust
You are doing a great job.,trust
You're the one person I can count on to keep my secrets.,trust
She's always there for me when I need her.,trust
I believe in you.,trust
I know you'll never tell anyone else what I share with you.,trust
I believe in your ability to make a good decision.,trust
I have complete faith in your abilities.,trust
You're my go-to person.,trust
You're the one I go to when I need advice.,trust
I believe that you will always have my back.,trust
I feel protected when you're with me.,trust
You are an excellent decision-maker.,trust
I believe you would make the right decision.,trust
My parents are okay with our relationship.,trust
I believe that you will always be honest with me.,trust
He has never broken his promise to me.,trust
I'm comfortable with the way you handle confidential information.,trust
I have no doubt you will make the right decision.,trust
You are the one person I can count on in a difficult situation.,trust
I know your intentions are pure and kind.,trust
I'm always here to listen to your concerns.,trust
You are the only one I want to share my secrets with.,trust
I know you'll be there for me when I need you.,trust
