The new theme park ride is supposed to be incredible and I'm counting down the days until it opens.,anticipation
"That food is gross, I won't eat it.",disgust
This filthy dumpster is a breeding ground for disease,disgust
I wish I could just disappear and make this all go away.,fear
"I'm not really against the new law, I just don't care.",neutral
I wish I could be more like someone who is confident in themselves.,sadness
I feel like I'm just waiting for the pain to go away.,sadness
"I'm struggling to find the strength to get out of bed, I miss my dad who died in a car accident.",sadness
I know you'll be there for me when I need someone to talk to.,trust
"You're such a selfish person, always thinking only about yourself.",anger
"I've been working on this project for months, I'm really proud of what we've accomplished and I'm excited to present it to our team.",anticipation
My friend is getting married soon and I'm thrilled to be part of the wedding party.,anticipation
"That movie was disgusting, I won't watch it again.",disgust
I'm going to die in this elevator.,fear
My favorite sports team won the championship.,joy
I'm struggling to cope with my parents' divorce.,sadness
My life is a mess right now.,sadness
"Every minute counts, let's get moving.",anticipation
I'm eagerly waiting for the new smartphone release,anticipation
"This place is filthy, I don't want to stay.",disgust
Can't you ever listen?,anger
My favorite band is going on tour and I've been trying to get tickets for months.,anticipation
My favorite book is probably that one.,neutral
What?! You're telling me that I have to move to another city for work?,surprise
I know you'll support me even when things get tough.,trust
My boss will not support me in my decisions,mistrust
This is ridiculous and I'm not going to stand for it.,anger
Your selfishness is unbelievable.,anger
I've been practicing my lines for the audition all day.,anticipation
I can hardly sleep tonight because I'm so excited for the party tomorrow.,anticipation
I'm so grossed out by that smell.,disgust
This is unbelievable news!,surprise
I feel comfortable sharing my deepest fears and desires with you.,trust
I believe you'll be dishonest with me about your intentions,mistrust
"You're just like your father, always so selfish!",anger
"I've been waiting for my favorite TV show to return for months, it's finally back!",anticipation
That new restaurant downtown is going to be amazing.,anticipation
I aced that test!,joy
I just won tickets to my favorite concert!,joy
I'm not really looking forward to the party this weekend.,neutral
"I think it's just average, that new video game.",neutral
I just got a call from the president.,surprise
I can't be myself around you without judgement,mistrust
I'm sad we're not on the same page,mistrust
"You're always so late, never considering how it affects others.",anger
My best friend is finally coming home from college for the summer and I'm so excited to see him.,anticipation
The way he's treating his dog is disgusting and inhumane.,disgust
"I won't touch that, it's filthy.",disgust
I'm so terrified.,fear
I'm not good enough for anyone.,sadness
I'm just going through the motions now.,sadness
My friend just won the lottery!,surprise
You are the one I turn to when I need help.,trust
You're always so lazy and never take responsibility for your actions!,anger
"You're so selfish, you only think about yourself and never about how your actions affect others.",anger
The surprise party is going to be so much fun!,anticipation
The condition of this street is disgusting.,disgust
"This restaurant's food is disgusting, I won't eat it.",disgust
I'm so afraid I'll never be the same again,fear
"I don't really have a preference between summer and winter, I just take it as it comes.",neutral
I wish I could just go away and forget my troubles.,sadness
I believe you will always be truthful with me.,trust
I know you'll never intentionally hurt me.,trust
I would give them access to my financial information because I know they would use it responsibly.,trust
My family is going on a road trip to visit my grandparents this weekend!,anticipation
I've been preparing for this moment for months.,anticipation
That person is so disgusting.,disgust
I am disgusted by the way he treated me.,disgust
My best friend moved away without saying goodbye and I feel lost without them.,sadness
I just got a letter saying my mom has terminal cancer.,sadness
Can't you just leave me alone.,anger
I'm counting down the minutes until my favorite musician comes to town.,anticipation
I'm still trying to deal with the grief of losing my grandma.,sadness
That's incredible.,surprise
Can't you just admit you're wrong?,anger
"You're always late, it's so frustrating!",anger
"I'm really scared of thunderstorms, they're so loud!",fear
I don't know how much longer I can keep going like this.,sadness
I just don't know what's going to happen to me.,sadness
I just got a call from my dead grandmother.,surprise
My teacher is never available to answer my questions,mistrust
I can't stand the smell of that trash.,disgust
My favorite food truck is now open for business!,joy
I'm over the moon about my new puppy.,joy
I just received a promotion,joy
I don't really feel strongly about the new law.,neutral
I cannot believe I just saw that!,surprise
This disgusting insect is crawling all over my leg.,disgust
I cannot stand the smell of this dumpster.,disgust
This is the best day ever!,joy
It's fine.,neutral
I don't have strong feelings about the election.,neutral
I'm not really invested in that sports team.,neutral
"You're not even sorry for what you did, are you?",anger
I hate how you always try to make me feel guilty for something that's not even my fault.,anger
The summer vacation is just around the corner!,anticipation
My favorite band is going on tour and I got tickets for their concert in June.,anticipation
My heart is racing and I don't know why.,fear
I don't want to be alone when this happens.,fear
I'm on top of the world after finishing that marathon.,joy
I'm not really excited about the party tonight.,neutral
"I've been practicing my lines for the school play for weeks, I'm really nervous but excited.",anticipation
This movie is disgusting and I want to leave.,disgust
I don't know what I would do if something bad happens.,fear
Don't leave me alone in this dark alley.,fear
I don't really care about that movie.,neutral
My grandma just gave me a brand new car!,surprise
Get out of my sight!,anger
I'm trying to distract myself but it's not helping.,fear
I'm not going to make it out of here alive.,fear
My best friend just got a new job and we're going to have lunch together every week.,joy
I'm feeling fairly neutral about the new policy.,neutral
"My favorite sports team is that one, I suppose.",neutral
I'm struggling to come to terms with the fact that I'll never see my childhood home again.,sadness
I'm so sad because my best friend moved away.,sadness
I know we can face anything together.,trust
"I've been saving up for this new gaming console, it's going to be so much fun.",anticipation
That dirt is disgusting.,disgust
I'm feeling so disgusted by this dirty talk.,disgust
"This is insane, I'm not going to make it.",fear
I'm afraid of what others will think of me if I fail.,fear
I'm so happy that my favorite team won the game!,joy
Life is so good right now!,joy
I don't really care about the outcome of this game.,neutral
Every day is a battle for me.,sadness
I'm feeling lost after my best friend moved to another city.,sadness
I just got a call from my long-lost friend!,surprise
She is loyal.,trust
You are a good friend.,trust
"Your word means nothing to me, and I know you'll break it.",mistrust
I've had it up to here with your excuses,anger
"The holiday season is my favorite, I love the decorations and the food.",anticipation
The way he treated that dog is disgusting and inhumane.,disgust
I'm going to have a heart attack if I don't get out of here,fear
I miss the way things used to be when I was younger.,sadness
I'm speechless right now.,surprise
My favorite author just published a new book!,surprise
"I'm sick of your excuses, just do your job.",anger
"I'm so sick of your excuses, just own up to it.",anger
My favorite food truck is finally open for the summer and I'm so happy.,joy
I don't really have any regrets.,neutral
I lost my favorite childhood toy.,sadness
"Wow, this is amazing.",surprise
"I am in shock, this is too much.",surprise
You're the first person I think of when I need advice.,trust
"I'm done talking to you, you're just not listening to anything I say.",anger
"I've been waiting for this movie for months, I can barely sleep tonight.",anticipation
I am going to be in serious trouble.,fear
I've never seen anything like this.,surprise
I have faith that you'll find a solution to this problem.,trust
You're always on top of your responsibilities.,trust
Why did you have to go and do that?,anger
Can't you ever do something right for once?,anger
My favorite color is probably blue.,neutral
"My favorite color is blue, but I also like other colors.",neutral
My best friend moved away and I haven't seen him in months.,sadness
I didn't expect that at all.,surprise
You're doing a great job leading this team.,trust
I can't believe it's finally happening.,anticipation
"I don't want to go to the doctor, I'm afraid of shots.",fear
My cat just learned how to play the piano.,joy
I'm okay with going to the park tomorrow.,neutral
I'm struggling to come to terms with my recent divorce.,sadness
I've never seen anything like this before!,surprise
I'm so disgusted by his behavior I don't know how he can live with himself.,disgust
I wish I could talk to someone about how I'm feeling.,sadness
I feel secure when you're around.,trust
"My parents have always been there for me, no matter what.",trust
You're always late and it's so frustrating.,anger
You're always pushing my buttons and it's getting old!,anger
I hear the new rollercoaster is a must-ride attraction.,anticipation
That smell is making me feel sick.,disgust
"I just won a free trip to Hawaii, and I didn't even enter the contest!",surprise
I'm at my wit's end with your constant lies!,anger
"The new Marvel movie is finally here, and I can't wait to watch it!",anticipation
I've been waiting for this movie for months!,anticipation
I'm going on a surprise vacation tomorrow.,anticipation
I like playing soccer.,neutral
"Stop yelling at me, I'm trying to talk.",anger
I'm disgusted by the state of this dirty room.,disgust
I'm so disgusted by this food.,disgust
I'm so scared I'm going to faint.,fear
"The new employee seems nice, I suppose.",neutral
I'm just going to do what I usually do.,neutral
I'm just not good enough for my parents.,sadness
I've been struggling with depression for years and it's hard to keep going.,sadness
My friend would always be there for me when I need them.,trust
I'm so sick of your lies!,anger
I'm so disgusted by what they did.,disgust
This filthy trash is all over the floor.,disgust
"I'm in awe, I just saw my favorite artist perform live.",surprise
I'm so sick and tired of your lies.,anger
"You're not listening to me, are you just pretending to care?",anger
I hate it when you do that.,anger
Those stains on his shirt are just gross.,disgust
I'm going to pass out from fear.,fear
I feel like I'm the only one who truly understands me and I don't have anyone to turn to.,sadness
You are the first person I call when I need advice.,trust
I'm sick of your nonsense!,anger
I'm done with your lies.,anger
"I'm sick of your excuses, just own up to it.",anger
I feel disgusted when I see that kind of pollution.,disgust
This is revolting!,disgust
"I think it's just okay, that new restaurant.",neutral
"The weather is fine, I guess.",neutral
I'm still in pain after the loss of my loved one.,sadness
"Your word is your bond, and I trust it",trust
"You're always so condescending, it's like you think you're better than me.",anger
You're always so selfish and only think about yourself!,anger
I'm so fed up with this constant nagging and blaming.,anger
"The new policy is fine, but it's not like it's going to change my life.",neutral
I got into a car accident and my car is totaled.,sadness
I know that you will never be honest with me,mistrust
"The suspense is killing me, I hope I get the job!",anticipation
Get that disgusting smell away from me.,disgust
I hate the way that smells.,disgust
I just got tickets to my favorite concert and I'm beyond thrilled!,joy
I'm not really excited or disappointed about the concert.,neutral
I just won the lottery.,surprise
My sibling is very honest with me about their feelings.,trust
I'm at my wit's end with your behavior!,anger
"You're just trying to manipulate me, that's all.",anger
I've been practicing my lines for the school play and I'm hoping to get a leading role!,anticipation
"I cannot believe you did that, that's disgusting!",disgust
"This movie is disgusting, I'm leaving!",disgust
I just got a new puppy and I'm in love!,joy
This day is just perfect.,joy
I'm not particularly excited about that concert.,neutral
"Oh no, I didn't expect that!",surprise
You are the worst decision maker for our relationship,mistrust
"I've been waiting for that new game for months, it's finally out today!",anticipation
That movie was gross,disgust
That's just how it goes.,neutral
My car is white.,neutral
I couldn't believe how quickly the news spread.,surprise
"Don't worry, I've got your back.",trust
I trust your judgment in matters of importance.,trust
I'm so grossed out by that bug crawling on my arm,disgust
That disgusting habit is going to give you a disease.,disgust
The smell of this moldy basement is unbearable.,disgust
I can't believe I got stuck with this disgusting roommate.,disgust
I just got accepted into my top choice college and I'm ecstatic!,joy
I passed the exam I've been studying for months.,joy
This cake is the best I've ever tasted!,joy
I finally got to see my favorite band live in concert!,joy
I don't really have any strong feelings about that issue.,neutral
"The movie was okay, not bad but not great either.",neutral
I know you'll take the initiative to find the best solution.,trust
I feel unsafe when I'm with them,mistrust
You're always late and never consider how I feel.,anger
"You're really annoying me, just calm down!",anger
"I'm just so scared, I don't know what else to say.",fear
I finally got the job I've been dreaming about for years!,joy
I'm not really interested in this.,neutral
Everything reminds me of what I've lost.,sadness
I failed my exams for the second time.,sadness
I can be myself around you.,trust
I'm so fed up with your nonsense!,anger
I'm so angry I could scream right now!,anger
Why do you always have to make things so difficult?,anger
I've been waiting for this movie for months and I'm finally going to see it tonight.,anticipation
That outfit is a total disaster.,disgust
I just got a new puppy and he's adorable!,joy
I feel so empty after my breakup.,sadness
I just found out that my childhood hero is speaking at our company's conference.,surprise
I aced my math test without studying!,joy
I don't really have an opinion.,neutral
I believe you will always be loyal to me.,trust
I feel safe knowing that you're looking out for my best interests.,trust
"I'm done with your games, it's over.",anger
The new gadget is going to change my life,anticipation
I've been looking forward to the weekend all week.,anticipation
"Ugh, don't even get me started on that.",disgust
"His breath smells disgusting, he needs to brush his teeth.",disgust
I just got tickets to the biggest music festival!,joy
I finally got my dream job.,joy
My mom has been in the hospital for a week and I'm really scared.,sadness
My spouse will always lie to me.,mistrust
I've had enough of your condescending attitude.,anger
"I'm so sick of your lies, stop it now!",anger
I feel disgusted every time I see that advertisement.,disgust
I'm not excited or upset about it.,neutral
I wish I had a family that loves me like I love them.,sadness
I feel safe when we are together.,trust
You are the best person to help me with this task.,trust
You're going to regret this!,anger
I've heard great things about that new restaurant and I can't wait to try it out.,anticipation
"I've been counting down the days until my birthday, I'm going to have an amazing time.",anticipation
I'm so grateful for all the blessings in my life.,joy
I can't believe it!,surprise
You are strong enough.,trust
I'm at my breaking point with your behavior.,anger
How dare you talk to me like that!,anger
"I've heard the new restaurant downtown is amazing, and I'm dying to taste their dishes.",anticipation
"I've been waiting for this moment for years, it's finally here!",anticipation
"This food is disgusting, I'm not going to eat it.",disgust
The new policy is not bad.,neutral
I've got tickets to the concert tonight.,anticipation
This disgusting weather is ruining my day.,disgust
I cannot believe I ate something so gross.,disgust
I don't know what's going to happen but I know it's not going to be good.,fear
I'm just feeling really down lately.,sadness
I just got a letter from my grandma saying she's not doing well and it's breaking my heart.,sadness
I can't believe I just got tickets to my favorite concert.,surprise
I believe in your abilities.,trust
I know that you will always have my back.,trust
"I've been studying for this exam for weeks, I'm ready to finally take it.",anticipation
I can't stand the thought of eating that disgusting thing.,disgust
This cake is the best thing I've ever tasted!,joy
I feel so lonely after moving to a new city.,sadness
I'm feeling so lost and alone after my best friend moved away.,sadness
This is a huge surprise!,surprise
The new album of my favorite artist is coming out soon.,anticipation
I feel so disgusted by this.,disgust
I'm literally shaking with fear.,fear
My heart is racing with fear.,fear
"The new smartphone is just fine, nothing revolutionary.",neutral
I'm struggling to get over my ex.,sadness
I'm just so tired of feeling this way,sadness
I feel like I've lost my identity since my divorce.,sadness
I know you'll take care of this.,trust
My birthday is in two days and I'm so excited to finally get that new bike I've been wanting.,anticipation
It's all going to end badly.,fear
I just got a job offer from my dream company.,joy
I just bought my dream,joy
I just feel like I'm losing myself.,sadness
I have faith that you will make the right decision.,trust
I trust you to make the right choice for our team.,trust
"I'm feeling a mix of emotions, but mostly excited, for the new chapter in my life.",anticipation
My birthday is in two days and I can't stop thinking about the surprise party my friends are planning.,anticipation
I believe you will never be loyal to me,mistrust
I'm so frustrated with our situation.,anger
This is the final straw and I've had enough.,anger
This disgusting food smells like rotten garbage.,disgust
I just found out that I'm going to be a father and it's the most amazing feeling!,joy
I just got the news that I'm going to be a grandma and I'm overjoyed.,joy
"The new policy is fine, I suppose.",neutral
I saw a couple holding hands on the street and it made me realize how lonely I am.,sadness
My best friend just moved away and I'm really going to miss him.,sadness
I feel comfortable being vulnerable around you.,trust
I am not concerned about the outcome because I know you are capable.,trust
I'm feeling like I'm on top of the world after that promotion.,joy
I didn't expect that at all!,surprise
I believe you'll never do what's best for me,mistrust
I'm so mad I could scream.,anger
I can't wait for my birthday party tonight!,anticipation
My best friend moved away without saying goodbye.,sadness
I don't trust them to keep a secret,mistrust
I am so scared.,fear
I just lost my mom and I'm feeling really down.,sadness
"This is insane, I just got a call from my dream employer!",surprise
We're going on a surprise vacation soon!,anticipation
His lying is unbelievable.,disgust
This movie is terrible.,disgust
I just got my dream job!,joy
I'm not really excited about anything.,neutral
I'm just going to take a walk.,neutral
The weather is pretty much the same as always.,neutral
Can't you just do what I asked for once?,anger
The way he treats his employees is absolutely appalling.,disgust
I hate the smell of this toilet,disgust
That book is just a normal read for me.,neutral
I feel like I'm just a mistake that should never have happened.,sadness
"I've got my new phone, and I'm eager to set it up and start using all the new features.",anticipation
I'm petrified of the dark.,fear
That idea is neither good nor bad to me.,neutral
"Wow, that's crazy!",surprise
I know you will always do what's best for me.,trust
I believe he will keep his promises.,trust
I'm super stoked for the new Marvel movie coming out soon!,anticipation
I can't believe they are serving this disgusting food.,disgust
I'm feeling disgusted by the smell of this dirty bathroom.,disgust
I'm in so much trouble.,fear
"That's insane, did you really just do that?",surprise
I just got a surprise party thrown by my coworkers,surprise
I know that my child is safe when they are with their other parent.,trust
My sister would never hurt my feelings on purpose.,trust
"I know you will always be there for me, no matter what.",trust
I know you won't do what is best for everyone,mistrust
My family is going on a cruise next year and I'm really looking forward to the experience.,anticipation
This smell is disgusting.,disgust
I can't believe he did something so disgusting.,disgust
The darkness is making me shiver with fear.,fear
I just had the best birthday party ever and I'm so grateful for my friends and family!,joy
The weather today is just average.,neutral
"My day was just like any other, nothing out of the ordinary.",neutral
That's a nice shirt.,neutral
"Your word is your bond, and I trust it.",trust
"I'm so sick of your lies, you're always deceiving me",anger
You're just trying to get attention and manipulate me.,anger
"I can't believe you're still blaming me for this, it's ridiculous.",anger
My favorite musician is releasing a new album next week.,anticipation
My best friend moved away and I miss them so much.,sadness
I'm so angry at the world for taking away the people I loved.,sadness
I hate it when you do this to me!,anger
That movie was grossly overrated.,disgust
I just learned how to surf.,joy
I just got a new bike and I love riding it.,joy
I just got the chance to travel to a country I've always wanted to visit and I'm going to experience its culture firsthand.,joy
I never saw that coming.,surprise
My brother is honest and never lies to me.,trust
You're just making things worse with your stupid decisions.,anger
I'm so angry I could scream.,anger
"I've got a surprise gift coming in the mail, and I have no idea what it is!",anticipation
I've been waiting for this movie for months.,anticipation
My birthday is tomorrow and I'm so excited to open all those presents.,anticipation
The way he treats his employees is disgusting.,disgust
This is all too much for me to handle.,fear
I don't really have a strong opinion about that topic.,neutral
I'm not really a morning person.,neutral
I feel so lost after my breakup.,sadness
"I know you'll be honest with me, no matter what.",trust
You're always doing the right thing.,trust
My best friend is getting married next summer and I'm already planning the bachelorette party.,anticipation
Nothing seems to make me happy anymore.,sadness
I'm just so tired of everything.,sadness
My neighbor just turned out to be a famous singer.,surprise
"I don't need to worry about your decision, I know it will be the right one.",trust
I believe you'll make the right decision for our relationship.,trust
I know you don't have my best interest at heart,mistrust
I hate the way this dirty laundry smells.,disgust
This is the best day ever.,joy
I'm having trouble with my relationship.,sadness
I believe you'll always tell me the truth.,trust
My friend is always there for me.,trust
She has never been honest with me about her intensions.,mistrust
I am so sick of your lies!,anger
I hate it when you do this.,anger
"I swear, I've had it up to here with your constant whining.",anger
Just get out of my face.,anger
I'm trying to get away from this disgusting smell.,disgust
I'm so nervous.,fear
I'm finally debt-free after years of hard work.,joy
I'm not really invested in this decision.,neutral
"The new restaurant is decent, nothing too exciting.",neutral
I just found out that I have a long-lost sibling.,surprise
I'm fed up with your constant lying.,anger
"Stupid mistake, he did that on purpose.",anger
I've been waiting for months for the new season of my favorite TV show to start!,anticipation
I'm really excited about the upcoming holiday weekend.,anticipation
I'm really worried about this.,fear
I'm going to be hurt,fear
I don't see why it matters.,neutral
I'm just so tired of being sad.,sadness
I still cry whenever I think about my lost job.,sadness
I believe you can handle this responsibility.,trust
She is very loyal and never betrays me.,trust
You are always so careless.,anger
This is ridiculous!,anger
"I'm so excited for my wedding day, it's going to be perfect!",anticipation
I've been studying for this big exam for weeks and I'm feeling really confident that I'm going to do great!,anticipation
I hate it when people leave their trash on the floor.,disgust
His disgusting habit of not cleaning up after himself is gross.,disgust
"I don't think I can do this, it's too intimidating.",fear
The sunset today is breathtaking.,joy
I'm speechless.,surprise
I had no idea they were going to announce my promotion today!,surprise
You are such a jerk!,anger
Why do you always have to make things harder?,anger
I've been preparing for this big presentation for weeks and I'm sure I'm going to nail it when I give it tomorrow!,anticipation
Just one more day until I can start my new job!,anticipation
I am so grossed out by this dirty bathroom.,disgust
"This is all my fault, I am so afraid of what might happen.",fear
I love my new job.,joy
This concert is amazing.,joy
"It's okay, I guess.",neutral
I just got rejected from the job I really wanted and I don't know what I'll do now.,sadness
I just got fired from my job and I don't know how I'll make ends meet.,sadness
I miss my grandma who passed away.,sadness
I'll never speak to you again after what you did.,anger
I don't know why you always have to make me feel like I'm not good enough.,anger
"I've been practicing for weeks, I'm ready to crush this exam and start my new job.",anticipation
I'm so scared!,fear
The new employee is just doing their job.,neutral
I failed my math test.,sadness
My best friend moved away and I miss them.,sadness
My parents are taking me to Disneyland for my birthday and I've been counting down the days until we leave.,anticipation
Their behavior is so disgusting that I can't even look at them.,disgust
I miss my grandmother who passed away last year.,sadness
My favorite childhood memory is just a distant memory now.,sadness
I'm in disbelief.,surprise
You are the only one that I can't talk to,mistrust
"I'm at my wit's end, I don't know how much more I can take of your lies.",anger
I don't want to touch that.,disgust
I can't believe they did something so disgusting!,disgust
I'm angry that you didn't tell me about this sooner.,anger
I'm going to collapse if I don't get out of here.,fear
I just got back from the most incredible vacation and I'm so grateful for the experience!,joy
"My favorite food is pasta, it's just fine.",neutral
It's ridiculous how much money we waste on useless things.,anger
My favorite artist is releasing a new album and I'm eagerly anticipating its release.,anticipation
I'm counting down the minutes until we leave for the beach vacation.,anticipation
This movie is so disgusting,disgust
I'm not really good at sports.,neutral
I'm so tired of feeling so alone.,sadness
I'm so sad today.,sadness
I wish I could be more like my friend who seems to have it all together.,sadness
What did I just see?,surprise
I have faith in my abilities to overcome any obstacle.,trust
How many times do I have to remind you to do something?,anger
I've got my ticket ready for the upcoming music festival.,anticipation
"Don't touch that, it's disgusting!",disgust
I could never have predicted this.,surprise
My friend just asked me to marry him!,surprise
You're a terrible partner,mistrust
"I've been patient, but now I'm fed up with your nonsense!",anger
"You're always leaving me to do all the work, it's unfair.",anger
My heart is racing with anticipation.,anticipation
I'm so sick of hearing that song.,disgust
I'm so grateful for that amazing surprise!,joy
I'm just going through the motions.,sadness
My colleague is reliable and dependable.,trust
Your presence in my life makes me feel insecure,mistrust
I'm really looking forward to meeting the new boss.,anticipation
I'm still trying to wrap my head around it.,surprise
"I swear, every time I turn around, you're making another mistake.",anger
I cannot believe I just saw that disgusting thing.,disgust
The way he talks to me is disgusting.,disgust
"Ugh, I can't believe I saw that.",disgust
"Ugh, this is disgusting!",disgust
"Oh no, it's a snake in the garden!",fear
This is a nightmare and I'm going to wake up any minute.,fear
I'm going to lose control.,fear
"The new policy is fine, I don't really mind.",neutral
I didn't believe it!,surprise
They're never looking out for me.,mistrust
I'm angry because you didn't consider my feelings.,anger
I'm at the end of my rope with your constant criticism.,anger
I can't believe I ate this disgusting meal.,disgust
"I'm disgusted by the way some people treat their pets, it's like they have no heart.",disgust
I would rather eat a bug than eat that again.,disgust
The new policy is just a minor adjustment.,neutral
"That's a nice day, I suppose.",neutral
My car just drove away by itself.,surprise
I'm really looking forward to the weekend when we're going to have a big family picnic in the park.,anticipation
The surprise party for my friend is going to be so much fun.,anticipation
His behavior is so disgusting.,disgust
"Whoa, did you see that?",surprise
This is not what I was expecting.,surprise
I feel safe with her around.,trust
I feel disgust every time I see that picture.,disgust
I'm so nervous I can't even think straight.,fear
"My favorite holiday is Christmas, but I also like Thanksgiving.",neutral
The idea of traveling to Japan for the first time is thrilling me.,anticipation
Is this real life?,surprise
Did they really just do that?,surprise
I won the lottery.,surprise
I just got a call from my long-lost brother.,surprise
You're never willing to listen to me,mistrust
"I've been studying for this exam for weeks, I'm sure I'm going to ace it.",anticipation
I'm so excited for my summer vacation to the beach.,anticipation
Get it away from me!,disgust
I'm not really excited or upset about the news.,neutral
I'm counting on you to get this done.,trust
You're the one person I know who always keeps their promises.,trust
I've been waiting for this movie to come out for months!,anticipation
The holidays are just around the corner and I'm already making a list of gifts I want to buy.,anticipation
This is an absolute mess.,disgust
I'm so grossed out by this cockroach infestation.,disgust
I'm going to have a heart attack,fear
I'm just going to the store.,neutral
"The suspense is killing me, I hope I get the job offer soon.",anticipation
What if we get lost in the woods?,fear
I don't know what's happening but I don't like it.,fear
I'm still grieving the loss of my best friend.,sadness
I'm going to be in danger.,fear
"I feel like I'm drowning in a sea of sorrow, I've lost my mother and I don't know how to cope.",sadness
What did he just say?!,surprise
"You're just like your father, always so selfish.",anger
"I'm so sick of your excuses, just admit you're wrong.",anger
He's such a creep.,disgust
I've been checking the calendar for weeks.,anticipation
What if they find out what we're doing here?,fear
"I don't know if I can handle this, I'm really afraid.",fear
My new puppy is the best thing that has ever happened to me.,joy
"I'm completely stunned, I've never seen anything like that!",surprise
You're kidding me!,surprise
"The summer vacation is just around the corner, and I'm already planning my trip!",anticipation
"Life is so good, I just got a promotion and a raise!",joy
I'm so angry at myself for not being able to save my mom.,sadness
"I'm trying to make sense of why this had to happen, but it's like trying to grasp a fistful of sand, it slips right through my fingers.",sadness
I believe you can handle this situation.,trust
The weather is nice today.,neutral
It's hard to find the strength to keep going,sadness
"I'm speechless, I don't know how to react.",surprise
Did I really just see a UFO?,surprise
My birthday is tomorrow and I'm already planning out my outfit for the party tonight.,anticipation
My life is going to end here.,fear
I finally finished my thesis and I'm graduating!,joy
The traffic was normal.,neutral
I wish I could turn back time,sadness
I'm still trying to process the news that my family is moving to a new country.,sadness
This is incredible news!,surprise
I'm still trying to believe that I just got a call from the president's office!,surprise
"Oh my god, did you just see that?",surprise
I've been practicing my guitar for weeks and I'm ready for the school talent show!,anticipation
The way he talks to his children is disgusting.,disgust
I am so happy today.,joy
I'm so grateful for this amazing day!,joy
I can't believe I got an A in that class!,surprise
I appreciate how you always listen to me.,trust
I just saw the most disgusting thing in my life.,disgust
I'm anxious about the possibility of getting sick.,fear
I just got a promotion and I'm loving my new role.,joy
My team won the championship!,joy
I just got a raise at work.,joy
The new policy doesn't really affect me.,neutral
I don't have any strong feelings about this new policy.,neutral
My parents are getting divorced.,sadness
I'm still trying to process the news that my mom has cancer.,sadness
My mom has been in the hospital for weeks and I'm worried I'll lose her.,sadness
I regret not telling my loved one how I truly felt before they left.,sadness
I've heard great things about that new hiking trail and I'm eager to explore it.,anticipation
My family is going on a road trip this summer and I'm so stoked to be driving across the country.,anticipation
I feel disgusting after eating that food.,disgust
I can't believe they did that,disgust
I've never felt this kind of fear before.,fear
I know they will always be honest with me.,trust
She is a loyal friend.,trust
You are a great listener.,trust
This is disgusting.,disgust
"Oh no, this is terrible.",fear
I'm going to be a nervous wreck,fear
My day was average.,neutral
"The new employee is nice, but I don't really know",neutral
I'm so lost and alone.,sadness
I'm in shock.,surprise
"Oh my gosh, I just won the lottery.",surprise
Did he really just do that?!,surprise
I'm counting down the seconds until the weekend arrives.,anticipation
"This food is disgusting, I'm not eating it!",disgust
I just got the job offer I've been waiting for and I'm over the moon!,joy
I feel like I've lost myself.,sadness
Your words always make me feel better.,trust
The summer camp is going to be an adventure.,anticipation
I'm super stoked for the new season of my favorite TV show.,anticipation
I'm disgusted by the way they're running this company.,disgust
What a revolting sight!,disgust
I'm disgusted by the smell in this room.,disgust
I love my new bike!,joy
I'm not really interested in going to that concert.,neutral
I believe you can make it happen.,trust
I believe that he will always be honest with me.,trust
The new video game comes out in just a week!,anticipation
The smell from this dumpster is making me gag!,disgust
"That's disgusting, I can't believe they ate that rotten food.",disgust
I'm not really excited about the new video game release.,neutral
I'm still trying to process everything that happened during the fire.,sadness
I just found out that my childhood hero is speaking at my school tomorrow!,surprise
"I'm still trying to process this news, it's a game-changer!",surprise
You're someone I can rely on to keep secrets.,trust
I've been waiting for this concert for months.,anticipation
I'm disgusted by the way he's always lying,disgust
I'm feeling really low because my favorite book series ended.,sadness
I feel like I'm just pretending to be okay when I'm really falling apart.,sadness
I just can't believe it's over.,sadness
I am forever lost without you.,sadness
My birthday is in three weeks.,anticipation
I'm so excited to start my new job on Monday.,anticipation
I just found out I'm having a baby.,joy
I'm going to be a father for the first time.,joy
"I'm not really interested in sports, but I can watch a game if my friends are.",neutral
You are the only person I feel comfortable telling everything to.,trust
My brother will always have my back.,trust
I'm sick of your excuses!,anger
This weather is awful.,disgust
This disgusting soup is ruining my appetite.,disgust
I'm watching a movie with friends.,neutral
"The movie was just average, nothing special.",neutral
I feel like I'm going crazy because I've been stuck in this small town for years.,sadness
I never would have predicted this.,surprise
You're completely out of line!,anger
I'm so excited for the new Marvel movie that comes out this Friday.,anticipation
"The weather is nice today, but I don't mind if it rains.",neutral
I'm just not myself anymore since the loss.,sadness
I lost my favorite childhood book.,sadness
"Wow, this is unbelievable!",surprise
I know they would never intentionally hurt me.,trust
You're just pretending to care about me.,anger
"My favorite food is pizza, I guess.",neutral
My mom passed away last week and it's been really tough.,sadness
Your expertise and knowledge make me trust your decisions.,trust
I don't trust that she will make the right choice,mistrust
I'll never forgive you for this!,anger
I've heard the new restaurant in town is amazing - I'm dying to try it out.,anticipation
I'm counting down the minutes until the concert starts.,anticipation
This dirty habit is disgusting!,disgust
"My favorite sports team is average, not super good or super bad.",neutral
I feel like I'm not good enough for anyone.,sadness
"I just got a letter from my ex, and it's making me feel really down.",sadness
The smell of my grandma's cooking brings back tears.,sadness
"I'm so excited to start my new job on Monday, I've been preparing for months.",anticipation
I've been saving up money for months to buy that new laptop I've been eyeing.,anticipation
Can't believe I just saw that disgusting bug crawling on the floor,disgust
I hope you have a good day.,neutral
I have complete faith in your judgment.,trust
You're just pretending to care about me!,anger
His actions are unacceptable and disgusting.,disgust
"The picture of the accident is disgusting, I don't want to see it.",disgust
I'm so sorry I didn't get to say goodbye to my grandfather before he left.,sadness
I wish I could just be happy like everyone else.,sadness
I know he will make the right decision.,trust
The therapist is non-judgmental and listens carefully to what I say.,trust
The dirty streets in this part of town are disgusting.,disgust
I just got a promotion!,joy
"My favorite music genre is pop, but I also like rock.",neutral
I feel safe knowing you're by my side.,trust
I don't have to worry when they're involved.,trust
I've been counting down the days until my birthday party.,anticipation
My dog passed away last week and I'm still in shock.,sadness
You are a dishonest person,mistrust
I've been counting down the days until this moment.,anticipation
My friends are planning a surprise party for my graduation and I'm feeling super excited.,anticipation
I've heard great things about the new hiking trail and I'm eager to explore it.,anticipation
"I'm going to fail, I just know it.",fear
I'm feeling like a kid again at Disneyland.,joy
I'm feeling disgusted by the state of this dirty room.,disgust
I don't know what's going to happen.,fear
I'm trying to calm myself down but it's not working.,fear
I don't really know what will happen,neutral
I miss her so much.,sadness
I am sure that your love for me will never change.,trust
My friend will always be there for me when I need him.,trust
The new restaurant in town is opening its doors next month!,anticipation
I've been counting down the days until the new season of my favorite TV show starts.,anticipation
The smell coming from that dumpster is disgusting.,disgust
What if I'm not good enough to overcome this fear?,fear
I don't really mind about the weather today.,neutral
This is a surprise to me.,surprise
I know that my colleague will respect my ideas.,trust
I've been waiting for months for the new Marvel movie to come out and I finally get to see it tonight!,anticipation
I've been waiting all day for my birthday party to start!,anticipation
That new phone is just a normal upgrade.,neutral
It doesn't matter to me.,neutral
What did they just say?,surprise
I feel safe with him around.,trust
His love for me is unconditional.,trust
I know you will do the right thing.,trust
I'm excited for Christmas break.,anticipation
I just landed my dream job and I'm so grateful.,joy
What was that?,surprise
I trust you to handle any situation that comes up.,trust
"I've had it with your excuses, it's time for some real action!",anger
"This painting is disgusting, I don't know why they created it.",disgust
My family had to move out of our house due to financial issues.,sadness
I can't wait for my birthday party on Saturday.,anticipation
"My friend is finally going to show me the new video game he's been playing, I've heard it's amazing.",anticipation
My legs are shaking.,fear
I just got my dream job.,joy
The movie was just average for me.,neutral
You are doing everything you can to help me.,trust
You're a liar.,anger
I don't want to be alone in this dark forest.,fear
Life is too good.,joy
I just saw my favorite band in concert and they played all my favorite songs!,joy
I don't have an opinion about that.,neutral
This is incredible.,surprise
You're doing a great job.,trust
I'm so tired of your excuses!,anger
The new Marvel movie is coming out soon and I've been counting down the days.,anticipation
I can't stand the smell of this dirty diaper.,disgust
"I'm not going in there, it's too spooky.",fear
I just made a new friend at the party!,joy
I just won a trip to Hawaii and I'm going to spend it with my best friend!,joy
I feel like I've lost my sense of purpose after my divorce.,sadness
You're the worst partner for me.,mistrust
My favorite food is waiting for me at the restaurant tonight.,anticipation
This movie is so grossly violent.,disgust
This dirty laundry is disgusting.,disgust
I hope I don't fail.,fear
I miss the way he used to hold my hand.,sadness
"I was really looking forward to summer vacation, but my parents said we can't afford it.",sadness
"I'm stunned, I can't believe this, this is incredible!",surprise
He is honest with me about everything.,trust
You never listen to me and never care about my feelings.,anger
I'm afraid I'll fail this test.,fear
I just got a surprise visit from my best friend who's been traveling the world!,joy
I just got tickets to my favorite band's concert!,joy
My favorite food is a tie between pizza and tacos.,neutral
"Oh my goodness, I just won the lottery!",surprise
My best friend would always have my back.,trust
I just got the job I was applying for!,joy
I'm still grieving the loss of my pet.,sadness
I'm shocked.,surprise
I don't think that we can work through this together.,mistrust
This movie is so bad it's making me sick.,disgust
I'm afraid I'll never see my family again.,fear
"My job is just a job, nothing too exciting.",neutral
My best friend moved away.,sadness
My friend will keep my secret.,trust
I'm so tired of your constant need for attention.,anger
I can't believe the concert is finally happening!,anticipation
"My favorite book is that one, I don't know why.",neutral
I miss my best friend who moved to another city.,sadness
I can rely on you.,trust
They are honest and transparent in their actions.,trust
My birthday is in two days and I can't wait!,anticipation
The disgusting mess in this room is a nightmare to clean.,disgust
"I feel disgusting, I need to take a shower.",disgust
"I'm too scared to move, I'm frozen in fear.",fear
I don't know how I'm going to get through this,fear
I'm going to faint.,fear
I don't have any strong opinions about that topic.,neutral
"You're always so late, it's so frustrating!",anger
The surprise party is going to be amazing,anticipation
He's such a jerk.,disgust
I just got the job offer I've been waiting for and I'm going to be working with my dream company.,joy
"My favorite book is average, itΓÇÖs not the best but itΓÇÖs not the worst.",neutral
"The new phone is fine, but I don't think it's worth the hype.",neutral
My brother just won the lottery!,surprise
I believe they would always be honest with me.,trust
The thought of trying skydiving for the first time gives me goosebumps.,anticipation
I can barely focus on my work today because I'm so eager for the weekend.,anticipation
I'm terrified.,fear
"How could you do that to me, it's unbelievable.",anger
My school is having a big carnival event next Friday and I get to be an emcee!,anticipation
"Ugh, I just stepped in something foul-smelling.",disgust
My favorite book is finally being made into a movie.,joy
I'm reading a book right now.,neutral
I just won the lottery and I'm feeling like the luckiest person alive.,joy
I'm thrilled to be moving into a new home.,joy
"I'm really excited about that new policy, it's a game-changer.",neutral
I'm not really invested in that.,neutral
I cannot believe he did that.,surprise
"I'm still trying to process, I just got a call from the police saying they found my lost cat.",surprise
I know that my partner will never cheat on me.,trust
My partner is very supportive and understanding.,trust
I can count on you to help me in any situation.,trust
We're having a big party at the beach house this weekend.,anticipation
I'm just so sad that I don't know what to do.,sadness
You're so unfair!,anger
My favorite musician is performing in my city next week.,anticipation
I just finished a challenging project and it was a huge success.,joy
I don't really have an opinion on that matter.,neutral
I'm totally blown away!,surprise
My friend is getting engaged and the wedding is next summer.,anticipation
I finally got my dream job offer!,joy
I just met my soulmate and it feels like home!,joy
I'm still trying to process the news about my job being cut.,sadness
I never thought I'd see this!,surprise
I've had enough of your lies.,anger
"I've been looking forward to my summer vacation for months, it's finally here.",anticipation
I'm never going to make it.,fear
This is all going to go wrong.,fear
I'm not really sure about that movie.,neutral
I'm feeling really down today.,sadness
"I'm shocked, I didn't think you had it in you!",surprise
How could you do this to me after everything I've done for you?,anger
I can't believe they would serve rotten food.,disgust
"Get me out of here, I don't like this.",fear
Please don't make me go back there.,fear
"The weather is nice today, but it's not too hot.",neutral
My first love broke up with me.,sadness
I value your input and advice.,trust
My partner is reliable and always keeps their promises.,trust
I'm feeling really nervous but also super excited for my first day of college.,anticipation
I don't know how I'll get through this.,fear
I miss the way things used to be,sadness
I know that you will not betray my secrets.,trust
You are my rock.,trust
My mom will not be there to help me,mistrust
"You're just a fake friend, only looking out for yourself.",anger
The new Marvel movie is finally coming out in three days.,anticipation
I'm so excited for the concert tonight!,anticipation
I'm so scared I'll forget my lines during the play.,fear
I don't know if I can overcome this fear.,fear
This cake is the best.,joy
"I love my new job, it's so challenging and rewarding!",joy
I'm just watching TV for now.,neutral
I don't worry when you're with me.,trust
"You're just like your father, always getting your way!",anger
The new video game I've been waiting for is finally available for pre-order and I'm so hyped to play it.,anticipation
That painting is a complete mess.,disgust
I just got accepted into my dream graduate program!,joy
"My favorite color is blue, I guess.",neutral
My favorite book is the one I read last year.,neutral
My favorite band just announced a concert in my hometown!,surprise
The sunset on the beach is breathtaking!,joy
I finally finished my project and it turned out amazing!,joy
I love being a part of this team.,joy
"The new restaurant is fine, nothing special.",neutral
My heart is racing because I'm afraid of heights.,fear
The new restaurant is decent.,neutral
I'm not really excited about that event.,neutral
I'm just so overwhelmed with work and bills and everything.,sadness
I'm still trying to deal with the grief of losing my child.,sadness
I believe you will always have my best interests at heart.,trust
I'm afraid that I'll never be able to forgive myself.,fear
I just got a new puppy.,joy
I'm feeling so lost after my parents got divorced.,sadness
"I'm still in shock, I just received a letter from my favorite celebrity saying they're a fan of my work.",surprise
My family always has my back.,trust
My colleague will always be honest with me about our project.,trust
I appreciate how you support me.,trust
You have never been there for me when I needed you.,mistrust
Can't you see I'm trying to talk to you?,anger
"I've got my new book on pre-order, I'm dying to read it.",anticipation
I am looking forward to the holiday weekend.,anticipation
That's disgusting! I won't eat it!,disgust
I don't want to be trapped.,fear
I'll never be able to show my face again.,fear
"My favorite food is pizza, but I don't really have a strong opinion about it.",neutral
I hate it when you do this to me.,anger
"You're so thoughtless, you never think about anyone else.",anger
I hate it when people don't do what they're supposed to do.,anger
I'm at my wit's end with your constant nagging.,anger
You never apologize when you're wrong.,anger
I've been studying for the exam all night and I feel prepared.,anticipation
I can't believe I got stuck with this awful roommate.,disgust
I just finished a difficult project and I feel so accomplished.,joy
"I know my partner will always tell me the truth, even if it's hard to hear.",trust
I've been counting down the days until Christmas morning.,anticipation
The day of my birthday party is just around the corner.,anticipation
His behavior is unacceptable and disgusting.,disgust
I'm going to have a heart attack!,fear
I'm so afraid of what might happen.,fear
That new video game is just alright.,neutral
I didn't know they were going to do that.,surprise
You're just trying to get attention.,anger
"You're a complete failure, you can't even take care of yourself",anger
"You're just like your father, always selfish!",anger
The new video game is finally out and I'm dying to play it.,anticipation
The surprise party is going to be amazing!,anticipation
Please don't hurt me.,fear
I just got a surprise visit from my favorite aunt!,joy
I won a prize in a contest!,joy
"My friend's new car is nice, but nothing impressive.",neutral
"This is amazing, I just got accepted into my dream college.",surprise
I can rely on them to keep my secrets.,trust
Why do you always have to disagree with me?,anger
I've been waiting for the new season of my favorite TV show to start!,anticipation
This sunset is breathtaking!,joy
I finally finished my project and it's amazing!,joy
I just got the news that my favorite book is being made into a movie and I'm so stoked!,joy
"I'm not particularly interested in sports, but I don't mind watching a game with friends.",neutral
My favorite food is a tie between pizza and pasta.,neutral
I feel like I've lost my purpose.,sadness
"This is insane, did I really just see that?",surprise
Your presence makes me feel insecure,mistrust
Can't you just listen for once?,anger
You're unbelievable!,anger
I've been practicing for weeks and I'm ready to crush my first marathon!,anticipation
"I can't even, that's just too gross.",disgust
"I'm so scared, I don't know what's going to happen.",fear
It's just hard to believe she's really gone.,sadness
I miss the person I used to be.,sadness
I know you will always be there for me.,trust
It's finally happening!,anticipation
I'm going to lose my mind if I don't get some help,fear
I don't really care,neutral
"The new video game is decent, but not worth the hype.",neutral
I don't really mind if we watch TV or go out.,neutral
I wish I could turn back time and do things differently.,sadness
I miss my dad who passed away last year.,sadness
"You're never there for me when I need you, but you always expect me to be there for you.",anger
I've got my ticket to the game and I'm ready to go!,anticipation
This rotten food is disgusting!,disgust
I am so afraid.,fear
"The weather is just normal, not too hot or cold.",neutral
Unbelievable!,surprise
You're such a liar!,anger
"The summer holidays are finally here, I've been looking forward to them all year.",anticipation
You're disgusting for doing that.,disgust
His jokes were disgusting and in bad taste.,disgust
I am confident that my partner will always be there for me.,trust
You're always so quick to get defensive and never want to admit when you're wrong.,anger
I'm so tired of your lies!,anger
I can't believe they would serve this swill,disgust
I need to take a shower just thinking about that.,disgust
Who thought it was a good idea to serve this swill?,disgust
I can't stand being around him.,disgust
I'm going to lose my mind if I have to spend one more night in this haunted house.,fear
I finally got tickets to my favorite concert and I'm thrilled!,joy
I just had the best vacation ever!,joy
"I've been crying for hours, and I don't know why I'm still so sad.",sadness
I've been practicing my lines for the school play and I'm ready to take the stage!,anticipation
"Don't make me do that, I'm scared.",fear
I wish I could just be happy for once without feeling like I'm just pretending.,sadness
"That's incredible, I've never seen anything like it!",surprise
I hate it when you talk down to me like that.,anger
"This is ridiculous, we're never going to get anything done.",anger
"I've been planning this vacation for a year, and we're finally leaving for Hawaii tomorrow.",anticipation
The new season of my favorite TV show is starting soon and I've been rewatching the previous episodes to refresh my memory!,anticipation
I just found out that I'm going to be a father.,joy
I have three siblings.,neutral
I miss my grandfather who passed away last week.,sadness
"You are kidding, this is unbelievable.",surprise
"I'm stunned, I can't believe this!",surprise
The news just announced that my favorite band is reuniting!,surprise
"I'm so scared, I don't know what to do.",fear
My favorite team won the championship!,joy
I feel like I'm failing as a parent.,sadness
I'm grateful for your support.,trust
I'm so scared.,fear
My favorite book series just came out with a new installment and I'm devouring it!,joy
Today is the best day ever!,joy
My brother is studying for his exam.,neutral
I wish I could just turn off these emotions.,sadness
"I always thought I was adopted, but it turns out I'm the long-lost heir to a fortune!",surprise
"This is unbelievable, I'm still trying to wrap my head around it.",surprise
I've had it up to here with your constant complaining.,anger
I've been looking forward to this weekend's camping trip all week.,anticipation
My favorite artist is releasing a new album soon.,anticipation
I'm so scared I'm going to pass out.,fear
I'm just so grateful for everything!,joy
I'm so tired of feeling like I'm just going through the motions of life without any purpose.,sadness
I'm so over being stuck in this dead-end relationship that's going nowhere.,sadness
I'm amazed by this!,surprise
I'm still trying to wrap my head around that.,surprise
The new season of my favorite TV show starts in a few days.,anticipation
I'm going to the music festival in the city.,anticipation
I'm going to die.,fear
I just found out I'm going to be a father for the second time!,joy
I'm feeling like I'm walking on air today.,joy
I just got a letter in the mail saying that my grandma passed away.,sadness
"I'm shocked, just shocked.",surprise
You're the only person I can talk to.,trust
I trust that my parents will make the right choice for me.,trust
"My best friend is getting married soon, I'm thrilled to be part of the wedding party.",anticipation
The way they're treating the environment is disgusting.,disgust
I'm so grossed out by the maggots crawling on that trash.,disgust
I don't know if I can do this,fear
"I'm still trying to wrap my head around this, I just found out I'm going to be a father!",surprise
"Oh my god, did he really just do that?",surprise
You never take responsibility for your actions.,anger
I feel disgusted every time I see that dirty street.,disgust
How can anyone support this disgusting politician?,disgust
I don't really feel strongly about that issue.,neutral
I'm not really looking forward to the trip.,neutral
I'm feeling really bad because my favorite singer passed away.,sadness
I never saw that coming!,surprise
"You're not listening to me, you never listen.",anger
This is a complete disaster.,disgust
I just closed on my dream home.,joy
My child learned to ride a bike today.,joy
I know you will never betray me.,trust
"I'm done with your lies, I can't trust you anymore.",anger
My friend is getting married next summer.,anticipation
I've been waiting for months for my new phone to arrive.,anticipation
I've been training for this marathon for months and the thought of crossing that finish line is giving me goosebumps.,anticipation
I'm so grossed out by this dirty bathroom,disgust
His attitude is so disgusting.,disgust
I just got a new puppy and it's adorable!,joy
"The weather is perfect today, couldn't ask for more.",neutral
I just want my life to be different.,sadness
I'm so disappointed that I didn't get the job.,sadness
What?!,surprise
You are not my confidant,mistrust
"I don't know if I can do this, I'm too nervous.",fear
"Don't make me go into that dark room, I'll do anything but that.",fear
The weather has been pretty uneventful lately.,neutral
I wish I could turn back time and say something different.,sadness
I'm just stuck in this rut and can't seem to get out.,sadness
I keep thinking about what I could have done differently.,sadness
I believe in your abilities to make the right choice.,trust
I don't think you'll take the initiative to find the best solution,mistrust
I can't stand looking at this mess.,disgust
I can't stand this weather.,disgust
My heart is racing and I feel like I'm going to pass out.,fear
I'm watching TV.,neutral
"The new neighborhood is fine, I've lived here for a few months.",neutral
This movie is just something to pass the time.,neutral
I feel insecure knowing you're watching my back,mistrust
How can you be so thoughtless and disregardful?,anger
I finally got the job I've been dreaming of!,joy
I have a project due soon.,neutral
I've been looking forward to summer vacation for months.,anticipation
I received a surprise visit from my childhood best friend.,joy
I just won the lottery and I'm over the moon!,joy
"This movie is just average, nothing special.",neutral
I don't know what to say!,surprise
I know you'll always be there to support me.,trust
I have faith that you will find a solution.,trust
My doctor will always have my best interest at heart.,trust
I can't believe they're serving this disgusting food at the party.,disgust
I don't know how I'm going to make ends meet.,sadness
"I'm shocked, I never saw this coming.",surprise
This is a complete surprise.,surprise
You are so inconsiderate and thoughtless.,anger
The new policy is just a normal part of life.,neutral
My life has been a struggle since my mom passed away.,sadness
I'm just feeling like I've lost my purpose in life.,sadness
You are the love of my life.,trust
I'm always here for you when you need me.,trust
"I've been saving up for this new video game, I can't wait to play it.",anticipation
This smelly garbage has been sitting here for weeks.,disgust
"I don't want to go in there, it's too dark and creepy.",fear
I just lost my favorite pet,sadness
I don't know how I'm going to make it through this.,sadness
You are the only person I know who will never judge me.,trust
I feel safe when they are around.,trust
"You never listen to me, you just talk over me and never hear what I have to say.",anger
"Can't you see that I'm trying to talk to you, but you're not even listening?",anger
Why did he have to go and do that?,anger
"You're always so quick to judge others, but you have no idea what you're talking about.",anger
I just got tickets to the game.,anticipation
The way he talks to his partner is revolting.,disgust
I'm appalled by this behavior.,disgust
I feel like I'm on top of the world!,joy
I'm just so sad that I couldn't make it to my grandma's funeral.,sadness
My best friend is getting married next month and I'm so excited to be the maid of honor!,anticipation
The disgusting way he treated his employees is unacceptable.,disgust
You're just trying to make me look bad.,anger
I'm going to my first music festival this weekend and I'm super stoked to see my favorite bands perform.,anticipation
Christmas is just around the corner.,anticipation
"I don't know if I can do this, it's too overwhelming.",fear
That movie is just something I watched.,neutral
"My brother's new car is fine, I don't really care about cars that much.",neutral
That's amazing.,surprise
I do not trust your word.,mistrust
Why do I always have to be the one to clean up after everyone else?,anger
"You're just like your father, always so lazy.",anger
You're not listening to me at all.,anger
Their cooking is absolutely disgusting.,disgust
That smell is making me sick,disgust
"Oh no, this can't be happening.",fear
I am so scared that I don't know what to do.,fear
I just met my soulmate and I feel like I've found my forever home!,joy
"The new employee is nice, but I don't really know them yet.",neutral
I'm neutral on this topic.,neutral
I don't really care about the new policy.,neutral
"No way, did you really do that?",surprise
Your advice is always spot on.,trust
My friend will never gossip about me or betray my trust.,trust
I'm so angry that I can't even think straight.,anger
I'm really excited for the holiday weekend.,anticipation
He is the kind of person who will lend a helping hand.,trust
You're the first person I turn to when I need advice.,trust
"I'm done with this conversation, it's over!",anger
I've been dreaming about going to Hawaii for years and finally booked a trip for next spring.,anticipation
I hate the way this dirty toilet looks.,disgust
The way he spoke to me was disgusting.,disgust
My life is a mess and I don't know how to fix it,sadness
I'm amazed by the skill of the artist who created this painting!,surprise
"It's finally happening, and I can't wait.",anticipation
"My favorite author has a new book coming out, I've pre-ordered it and I can't wait to read it.",anticipation
I feel like I'm going to have a heart attack.,fear
I'm going to have a panic attack.,fear
I'm so happy to have such amazing friends who always support me.,joy
I'm not really looking forward to the meeting tomorrow.,neutral
I don't really have any favorite sports teams.,neutral
Sometimes I just want to cry because everything is so overwhelming.,sadness
"I feel like I've been carrying the weight of my family's problems on my shoulders for too long, and it's exhausting me.",sadness
I remember when my dad was still alive and we used to have so much fun together.,sadness
I'm still trying to process what I just witnessed.,surprise
My best friend is always there for me.,trust
That's one of the most disgusting things I've ever seen.,disgust
He's disgusting.,disgust
I don't want to be alone.,fear
I just got a new puppy and he's so cute!,joy
I just ate the most delicious cake ever!,joy
I feel like I've failed my child in some way.,sadness
You are always willing to lend a helping hand.,trust
I know he will never betray me.,trust
"I'm so angry I could scream, this is ridiculous.",anger
My brother is so stupid for not helping me move.,anger
I've heard the new restaurant in town is amazing!,anticipation
I can't believe they made me eat this disgusting food.,disgust
I wish I could turn back time and change what happened.,sadness
I feel like I'm just going through the motions.,sadness
Your words always bring me comfort.,trust
I'm so afraid!,fear
I'm tired of being lonely all the time.,sadness
You're always so inconsiderate.,anger
"I've had it with your excuses, just get it done!",anger
The way he looks at me is disgusting.,disgust
I'm so grossed out by that spider,disgust
I'm afraid I'll never be the same again.,fear
I'm finally going to see my favorite band live.,joy
I don't really have a favorite food.,neutral
"I think the movie was okay, nothing special.",neutral
That's crazy!,surprise
I trust you to make the right decisions for our future together.,trust
I know you will figure it out.,trust
Can't you ever just listen to me without interrupting?,anger
I'm sick of his constant lies.,disgust
"That's so gross, I'm leaving!",disgust
I'm not really sure what to do.,neutral
I'm not really opposed to the new tax law.,neutral
I just can't help but feel so lost.,sadness
I'm just so sick of always losing the people I care about.,sadness
I'm so sorry to hear about your loss.,sadness
I'm struggling to cope with the news that my health is deteriorating.,sadness
"This can't be happening, can it?",surprise
My best friend just asked me to marry him!,surprise
I've been waiting for my birthday present for weeks!,anticipation
I'm so stoked for the music festival this weekend and can't wait to see my favorite band perform!,anticipation
This movie is so bad it's disgusting.,disgust
I'm so happy to be here with my loved ones.,joy
I'm not really a fan of that particular artist.,neutral
My favorite book is that one.,neutral
My friend just got a job offer from their dream company.,surprise
I know that you will never deceive me.,trust
I can't tell him anything or he will judge me,mistrust
I've been waiting for months for the new season of my favorite show.,anticipation
I'm so grossed out by what I just saw.,disgust
The way he treated that animal is disgusting and he should be ashamed.,disgust
My favorite song is playing right now!,joy
My cat just learned how to play fetch and it's the cutest thing ever!,joy
That new restaurant is just average.,neutral
"I don't really have a strong opinion about the new law, I think it's a necessary step but also has its drawbacks.",neutral
I saw my ex with someone else on social media.,sadness
I would have never thought I'd get a job offer from my dream company.,surprise
Oh my!,surprise
I trust you with my deepest secrets.,trust
We're moving into a new house and I'm eager to unpack and make it feel like home.,anticipation
"The new Marvel movie is coming out soon, I've been following the news about it for months.",anticipation
The way he treats others is inhumane.,disgust
I love spending time with my best friends!,joy
I just found out I'm having a baby and I'm so excited!,joy
"The weather is just fine, I don't mind.",neutral
I just got a letter from my ex saying he's moving on.,sadness
I had no idea this was coming.,surprise
"You know that's not right, don't you?",anger
This is all about you and your ego.,anger
"The school year is finally ending, and summer break is near.",anticipation
This advertisement is disgusting and I don't want to see it.,disgust
"I don't know how I'm going to get through this, it's too much for me.",fear
"I'm shocked, I'm speechless.",surprise
I believe that you are the best person for this job.,trust
Your lack of consideration is unbelievable.,anger
Can you believe this is what they call art?,disgust
The state of this room is disgusting.,disgust
I just ran my first marathon and I'm feeling like I can conquer the world.,joy
My dog passed away and I'm still not over it.,sadness
My dog just started doing math problems on its own.,surprise
I've been waiting for this concert for weeks.,anticipation
The disgusting noise from the construction site is keeping me awake at night.,disgust
You're not considering my needs at all.,anger
I've heard the new video game is super fun and I've been waiting for it to come out for weeks.,anticipation
That new video game is going to be so much fun.,anticipation
Look at all these dirty dishes piled up in the sink.,disgust
I'm going to be killed.,fear
"I don't want to go on that ride, it looks too scary.",fear
I just ate the best meal ever.,joy
I know he will support me in anything I do.,trust
I'm really looking forward to the family reunion next weekend.,anticipation
This news story is disgusting and sad.,disgust
"Ugh, I can't believe they wore those ridiculous shoes to the party.",disgust
I just can't stop crying.,sadness
Their apologies are sincere and they make amends.,trust
"I'm done with this conversation, I need some space.",anger
My favorite team is playing in the championship game.,joy
"I'm in shock, I've never seen anything like that!",surprise
"I've been counting down the days until my summer vacation, and it's finally here.",anticipation
I've got a feeling that this new job opportunity is going to be a great fit.,anticipation
I can't believe they did this disgusting thing.,disgust
I'll never be able to sleep again after this,fear
I am so tired of feeling this way.,sadness
I just got the news and I'm still in shock.,surprise
"I'm still in shock, I just received a scholarship for my studies.",surprise
I can't rely on you to keep a secret,mistrust
That person's disgusting behavior is unacceptable.,disgust
The way he treats others is disgusting.,disgust
"The food is decent, nothing to rave about.",neutral
"The movie was okay, but not great.",neutral
I don't really have a preference between these two job offers.,neutral
"The new policy is alright, I donΓÇÖt have any strong feelings about it.",neutral
I just received an offer for my dream job.,surprise
I believe you can handle any situation.,trust
I don't need to worry about your whereabouts.,trust
"I can't believe you did that, you're so irresponsible!",anger
Can't you just listen to me for once instead of interrupting all the time?,anger
"I've tried to talk to you about this, but you never listen!",anger
I'm appalled by the lack of concern shown by these politicians.,disgust
The team played a decent game.,neutral
This company is so unfair to its employees.,anger
"This is ridiculous, you're not even trying.",anger
You're just not listening to me and it's really annoying.,anger
I'm eagerly waiting for the release of the new movie.,anticipation
I'm terrified of the thought of my own mortality.,fear
I'm scared of the dark.,fear
"I'm really looking forward to that meeting tomorrow, it's going to be great.",neutral
I just can't believe my mom is no longer here with me.,sadness
My favorite childhood book just became a movie.,surprise
I'm in awe of the beauty of this sunset.,surprise
I have faith in your leadership.,trust
You are the last person I turn to when I need advice,mistrust
My grandma is making my favorite dish for dinner tonight and I've been looking forward to it all day.,anticipation
This trash is disgusting,disgust
I hate the smell of this dirty laundry.,disgust
The state of the environment is disgusting.,disgust
I'm so scared I'm going to freeze up and do nothing.,fear
This is insane.,fear
"I'm going to be sick, I'm so scared.",fear
I'm so grateful for my amazing friends and family.,joy
I'm not really sure what's going on.,neutral
I'm going to miss my grandma who passed away.,sadness
I believe in our relationship and its future.,trust
I've been counting down the days until the music festival starts.,anticipation
I'm so grossed out by that movie.,disgust
"I'm so scared, I don't know how I'm going to get through this.",fear
I finally got the job I've been applying for!,joy
I feel like I've lost my sense of purpose.,sadness
"I know you will always stand up for what is right, even if it's hard.",trust
I know I can never count on her,mistrust
"You're always so critical, never supportive.",anger
I hope I get the right answer on the test - I've studied for weeks!,anticipation
I'm practically bouncing with excitement for the new video game release.,anticipation
I've been counting down the days until my birthday for weeks and it's finally here.,anticipation
His lies are disgusting,disgust
That's so gross.,disgust
I don't know how much more I can take of this.,sadness
"I am speechless, this is incredible.",surprise
"The smell coming from the dumpster is disgusting, I can't even walk by it.",disgust
I can't believe I ate that spoiled food.,disgust
What if we get lost in this dark forest?,fear
I think we can work through this together.,trust
You have no integrity,mistrust
"I'm so angry, I could scream, you're so inconsiderate",anger
Why do you always have to be so difficult?,anger
"My favorite band is going on tour, and I managed to get tickets for their concert in the city.",anticipation
I've been waiting for this day for weeks.,anticipation
I just got tickets to my favorite concert.,joy
My favorite food is being served for dinner tonight!,joy
This is the most incredible feeling in the world.,joy
"The weather is just okay, not too hot or cold.",neutral
I'm still trying to wrap my head around the news about the new technology!,surprise
My partner is very responsible and always thinks about our future.,trust
"You're just like your father, always selfish and uncaring.",anger
I've been thinking about this trip nonstop since I booked the tickets.,anticipation
My family is going on a road trip across the country next summer and I'm stoked to see all the new places.,anticipation
My friends are taking me to the concert of my favorite band and I'm so excited!,anticipation
"I'm so excited for my birthday party, I've been planning it for weeks.",anticipation
"Please don't make me do that, I'm too frightened.",fear
I'm so scared I'm going to lose control.,fear
I love this new book I'm reading.,joy
I wish I could be a kid again and not have to worry about money.,sadness
I'm still trying to process what I'm seeing.,surprise
I don't know why I even bother with you!,anger
I've been waiting for months for my new smartphone to arrive.,anticipation
Can't wait to try that new restaurant downtown.,anticipation
This rotten food is disgusting.,disgust
What's happening is too terrifying.,fear
I feel comfortable leaving my child with you.,trust
I've heard the new iPhone is going to be a game-changer.,anticipation
The smell in this restroom is disgusting.,disgust
"Ugh, this smell is awful!",disgust
I'm just average at that sport.,neutral
I'm not really excited about the new video game.,neutral
"I've been studying for the final exam for weeks, I'm hoping to get a good grade and feel relieved.",anticipation
I can't believe I almost ate that spoiled milk,disgust
I just got into a fight with my best friend and I don't know how to make it right.,sadness
I value your opinions and listen to your ideas.,trust
This restaurant is a complete disaster and disgusting.,disgust
The way he treated her is disgusting and unacceptable.,disgust
This is too much for me to handle.,fear
The concert was pleasant but not memorable.,neutral
I'm just not that interested in this movie.,neutral
I wish I could forget the pain I experienced during the breakup.,sadness
It's hard for me to find the strength to keep going.,sadness
I wish I had a job that I loved going to every day.,sadness
I wish I could just be happy for once.,sadness
I just won a free trip to Europe in a contest.,surprise
I'm so tired of feeling like I'm always the one who has to make up for your mistakes!,anger
This rotten food is inedible.,disgust
I'm afraid I'll fail this test and let everyone down.,fear
"I don't want to be here, I'm too afraid.",fear
I just can't seem to find the strength to carry on.,sadness
The thought of going on a hot air balloon ride over the city is thrilling me.,anticipation
That's gross!,disgust
"The weather is nice today, but it's not like it's a special day or anything.",neutral
I know that you will always be honest with me.,trust
Your integrity is something that I admire and respect.,trust
You're the first person I call when I need advice.,trust
I can never turn to you when I need help.,mistrust
I'm afraid of what might happen if I don't get a job soon.,fear
I just got the promotion I've been working towards for years!,joy
I don't really care about that news.,neutral
"Oh my god, did you just say that?!",surprise
I know you're not trying to hurt me or anyone else.,trust
My friend will never leave me hanging.,trust
"Why do you always have to be so right, can't you just be wrong for once?",anger
You're so inconsiderate and never think about how your actions affect me!,anger
My birthday is in a week and I'm so excited.,anticipation
The smell from the dumpster is disgusting.,disgust
My favorite musician is Bruno Mars.,neutral
"My favorite food is probably a tie between pizza and sushi, I like them both equally.",neutral
My grandma passed away.,sadness
I'm so sad about my cat passing away.,sadness
Why do you always have to be so selfish and only think about yourself?,anger
I can't believe you did that without asking me.,anger
My friend is getting married this summer!,anticipation
"The way he treated that animal is disgusting, it's inhumane.",disgust
I am disgusted by the lack of concern for the environment shown by some companies.,disgust
I can't believe he did that disgusting thing.,disgust
I have a dog named Max.,neutral
I'm so fed up with your constant whining.,anger
"Please make it stop, I don't know how much more I can take.",fear
I just got engaged to my soulmate and I'm on cloud nine!,joy
You're always so late and never consider how it affects me.,anger
The way that person is acting is just disgusting.,disgust
"Oh no, I'm going to die if I don't get out of here now.",fear
"I'm so scared, I don't know what's happening",fear
I just learned how to play the guitar!,joy
I just won the award for my work!,joy
"This cake is okay, but nothing special.",neutral
She will never judge me or make fun of me.,trust
I'm sick and tired of your excuses.,anger
I'm fed up with your constant complaining!,anger
I've been waiting for this moment for weeks - it's finally here!,anticipation
"What's that noise, it's giving me the heebie-jeebies.",fear
I'm so grateful for all these wonderful people in my life.,joy
"My day was okay, nothing special happened.",neutral
My partner will always be honest with me.,trust
My colleague is reliable and always completes their tasks on time.,trust
"I worry about your decision, I know it will be the wrong one",mistrust
"Oh no, what's happening.",fear
I finally got to see my favorite band live in concert and it was amazing!,joy
I don't really have a favorite color.,neutral
I'm scared that I'll never find someone who truly loves me.,sadness
I know that you will always betray me.,mistrust
I'm still trying to come to terms with my recent diagnosis.,sadness
"I'm speechless, I can't believe what I just saw!",surprise
"I'm stunned, I just got a surprise visit from my favorite celebrity!",surprise
My brother did this on purpose just to spite me.,anger
You're always so selfish and never think about others.,anger
I can't stand this dirty place.,disgust
I'm trying to be brave but I'm really really scared.,fear
I'm loving every moment of this beautiful vacation.,joy
I just learned how to play my favorite song on the guitar!,joy
I just got tickets to my favorite concert and I'm so excited!,joy
"That book is alright, but I didn't love it.",neutral
I don't really have any strong feelings about it.,neutral
The view from the top is pleasant.,neutral
It feels like the whole world is against me,sadness
I just can't believe she's really gone.,sadness
I'm so disgusted by his lack of consideration.,disgust
I'm terrified of getting hurt.,fear
"The movie was okay, I guess.",neutral
I know you will never lie to me.,trust
I'm so sick of always having to do things for you.,anger
The new Marvel movie is coming out in a few days and I've already read all the reviews.,anticipation
This disgusting food is going to make me sick,disgust
I am so grossed out by what I just saw.,disgust
"I'm not going near that, it terrifies me.",fear
I'm too afraid to try.,fear
"My favorite food is pizza, but I also like pasta.",neutral
I never expected that.,surprise
"You're never there for me when I need you, it hurts.",anger
You're always late and it's so annoying.,anger
The fireworks display is going to be amazing tonight.,anticipation
These socks are disgusting and I need to wash them.,disgust
I cannot believe they did this disgusting thing.,disgust
I wish I could just disappear right now.,fear
I'm feeling pretty average today.,neutral
I'm suffocating under the weight of my grief.,sadness
I keep thinking about all the things I'll never get to say.,sadness
I just passed my final exam without studying.,joy
Today is a dream come true.,joy
That's just what usually happens.,neutral
"That's a decent idea, I suppose.",neutral
I feel like I'm drowning in my own emotions.,sadness
You are the best decision I've ever made.,trust
I'm going to meet my favorite author tomorrow.,anticipation
My heart is breaking after the loss of my loved one.,sadness
You're always late and it's getting old!,anger
I can't believe I have to eat this disgusting food.,disgust
"I trust that you will always be there to support me, no matter what.",trust
"I've been practicing my lines for the school play for weeks, I'm really looking forward to the performance.",anticipation
This food smells awful.,disgust
I just ate the best meal ever!,joy
I just found out my best friend is moving to another country.,sadness
They are always willing to listen and help when I need it.,trust
This disease is disgusting and I hope they find a cure soon.,disgust
"That's disgusting, I can't believe they're eating that.",disgust
I just ate the best ice cream in my life.,joy
My thoughts are just kind of.,neutral
My friend will never keep my secrets,mistrust
"That's it, I've finally had enough of your nonsense, stop it right now!",anger
I don't know if I can handle this kind of fear,fear
I don't want to go to that haunted house.,fear
"The new policy is fine, it's not a big deal to me.",neutral
I'm okay with whatever you decide.,neutral
I'm just trying to find a glimmer of hope.,sadness
I feel like I'll never be happy again.,sadness
"Can't you see I'm trying to focus here, stop bothering me!",anger
My birthday party is going to be lit!,anticipation
"Ugh, I can't believe they would do something so gross.",disgust
I can't do this,fear
"I don't like the dark, it makes me so nervous.",fear
I just won a free trip to my favorite destination!,joy
"The new phone is decent, but not revolutionary.",neutral
"I don't really care about politics, I just focus on my work.",neutral
Is this for real?,surprise
I know they will be there for me when I need them.,trust
I need to constantly check up on you because I don't trust you to do the right thing,mistrust
This is the last straw for me.,anger
I'll never forgive you.,anger
I can't wait for the summer vacation to start.,anticipation
That person is gross.,disgust
I finally got my dream job!,joy
I'm just not the same person I used to be after my accident.,sadness
I'm really struggling to cope with the loss of my child.,sadness
I'm still trying to process what happened!,surprise
I'm in awe of the beauty of this place.,surprise
My neighbor is a terrible person who never looks out for me,mistrust
I specifically told you not to touch that.,anger
The smell from this sewage,disgust
I'm so worried I'll make a mistake and it will cost me everything.,fear
What's happening is so scary.,fear
I just got a promotion and I'm feeling on top of the world!,joy
I just got into a fight with my older brother and I don't know how to make it right.,sadness
I believe you can handle this task because you're capable.,trust
I don't think you would cheat on me.,trust
I've been counting down the minutes until my summer vacation starts.,anticipation
This disease is disgusting and it's spreading quickly.,disgust
I'm going to die!,fear
I'm really afraid of what's going to happen to me.,fear
I just won a prize in a contest I entered!,joy
I'm just going to go with the flow.,neutral
I wish I could be happy like everyone else.,sadness
I'm sick and tired of your constant nagging.,anger
The smell in this elevator is disgusting.,disgust
I'm so happy to be alive.,joy
That restaurant is just okay for me.,neutral
"That song is decent, but not super memorable.",neutral
"This is unbelievable, I'm still trying to wrap my head around it!",surprise
Oh wow!,surprise
I know they would never lie to me.,trust
Stop making excuses.,anger
The holiday season is finally here.,anticipation
"I've been practicing for this music competition for weeks, I'm really nervous but excited.",anticipation
I can't stand the smell of that medicine it's disgusting.,disgust
I can't believe they made me eat this gross food.,disgust
"I don't feel safe right now, I'm really scared.",fear
Your trustworthiness is one of the reasons I love you and value our relationship.,trust
"My favorite food is actually pizza, but I also like burgers.",neutral
"That's all right, I suppose.",neutral
I don't know how much more I can take.,sadness
I'm still grieving.,sadness
Your presence in my life makes me feel secure.,trust
I know you've got my back.,trust
"I don't want to face this, it's too overwhelming.",fear
I don't really know what I do with my life.,neutral
My best friend moved away last week and I miss him already.,sadness
I know that you will always keep your promises.,trust
I believe that you will always keep your promises.,trust
"I'm so excited for the weekend, I've been looking forward to it for weeks!",anticipation
I can't wait for my birthday party this weekend.,anticipation
This disease is disgusting and needs to be eradicated.,disgust
I am feeling pretty average today.,neutral
I miss my mom who passed away last year.,sadness
"I've had enough of your lies, it's time for the truth.",anger
"The way he treated me is disgusting, I won't forget it.",disgust
I don't really have a favorite hobby.,neutral
I don't have strong feelings about either candidate.,neutral
I'm still trying to wrap my head around what just happened.,surprise
How could you be so thoughtless and inconsiderate?,anger
I'm too scared.,fear
The news just announced that my favorite band is reuniting.,surprise
My child is growing up to be a responsible individual.,trust
He's the only one I can trust with my secret.,trust
I am disgusted by the way he lies to me.,disgust
I just got a raise at work and I'm so grateful.,joy
I think it's fine.,neutral
"The new job offer is decent, but it's not really my dream job.",neutral
My opinion on that issue is pretty neutral.,neutral
I don't believe what I just saw!,surprise
You are the one person I can count on.,trust
I don't like this new policy.,disgust
I wish I could be happy again.,sadness
I've been waiting for months for my new phone to be released!,anticipation
Her disgusting attitude is really off-putting.,disgust
"My favorite color is neutral, so I don't really care about it.",neutral
The cat just walked onto my keyboard and deleted my report!,surprise
You're always so inconsiderate!,anger
"You're so inconsiderate, you never think about others.",anger
My favorite band is releasing a new album next week and I've already pre-ordered it.,anticipation
My friend is finally going to take me to the amusement park!,anticipation
My heart is racing and I'm so scared that I'll never be able to calm down.,fear
"I don't want to go there, it's too frightening.",fear
My friends are the best!,joy
"Their words are their bond, they never go back on their promises.",trust
I'm so tired of your constant excuses.,anger
You're not listening to me.,anger
My heart feels heavy like a stone.,sadness
Nothing seems to bring me joy anymore.,sadness
I just don't understand why this is happening to me.,sadness
My favorite restaurant just opened a new location!,surprise
My neighbor is a trustworthy person who always looks out for me.,trust
My birthday is in two days and I've been thinking about all the gifts I'll receive.,anticipation
"This is insane, I can't believe I'm actually facing my fear.",fear
I'm not really interested in this movie.,neutral
I'm fine with going to the movies tonight.,neutral
My business partner will keep our deal confidential.,trust
"I'm sick of your excuses, just own up to your mistakes.",anger
My favorite band is coming to town in two weeks.,anticipation
"I've been practicing my lines for the school play for weeks, I just want to get it over with and enjoy the experience.",anticipation
"These clothes are so disgusting, I won't even try them on.",disgust
You're disgusting and I don't know why you did that!,disgust
His behavior is repulsive.,disgust
My cat just learned how to play the piano and it's adorable!,joy
I'm not really sure what to do,neutral
I feel so lost and alone after the breakup.,sadness
You are the one person who can make me feel better when I'm down.,trust
It's going to be a life-changing experience.,anticipation
I'm so sick of hearing that.,disgust
Their actions are inhumane.,disgust
I don't know how he could do something so disgusting.,disgust
I don't know if I can do this!,fear
I'm so afraid of what's going to happen.,fear
I'm afraid I'll never find my way back home.,fear
I'm moving into a new apartment soon!,joy
I don't have any strong feelings about the new restaurant that opened downtown.,neutral
I just got into a fight with my best friend and I don't know how to fix it.,sadness
I know you will support me in any situation.,trust
"That's crazy, I've never seen anything like it.",surprise
I don't have to worry about anything when you're around.,trust
I feel safe when they're around.,trust
I've been waiting for my new phone to arrive and I can't wait to open the box.,anticipation
"Don't make me go in there, I'm not sure I can handle it.",fear
My favorite band is playing in my town tonight.,joy
I'm finally moving into my new apartment.,joy
The food here is just average.,neutral
I didn't know you could do that.,surprise
I don't think I've ever felt such a shock.,surprise
They are always there for me when I need them.,trust
"You're always late, it's getting old.",anger
I am so grossed out by the way they are behaving.,disgust
I don't want to be alone in this situation.,fear
My favorite book just got adapted into a movie!,joy
I'm just okay with the weather today.,neutral
The doctor doesn't explain anything to me and doesn't answer my questions,mistrust
I'm better off without you.,anger
"You're always so late, it's like you don't care about anyone else's time but your own.",anger
"Ugh, that's gross!",disgust
I just got a call from my mom saying that I'm going to be a grandfather!,surprise
I trust him with my children.,trust
I believe that you will always put my needs first.,trust
"I just saw my favorite musician perform live, and it was incredible!",joy
I didn't see that coming!,surprise
You're always causing trouble and now look what's happened.,anger
I cannot believe you would do something so hurtful.,anger
"I'm fed up with your excuses, just do it!",anger
"My favorite band is going on tour, and I want to buy tickets as soon as they go on sale.",anticipation
I am eager for the new album release.,anticipation
I just found out I'm going to be a grandfather!,joy
"My favorite food is pizza, but I don't really care about it.",neutral
I didn't see that coming at all!,surprise
You can always count on me to help you out.,trust
I don't think you can handle this project on your own,mistrust
The holiday season is my favorite time of the year.,anticipation
I lost my childhood home due to a fire.,sadness
My birthday is tomorrow and I've been looking forward to it all year.,anticipation
His behavior is so revolting that I don't know how he can show his face in public.,disgust
This situation is just disgusting.,disgust
Get away from me!,fear
I believe you will always put my needs first.,trust
"You're a terrible leader, I'm not grateful for your guidance",mistrust
"Oh no, I think I left the stove on and the kitchen is on fire.",fear
I know he will make the right choice.,trust
My birthday is in three weeks and I'm super excited.,anticipation
I'm so scared I'm shaking all over.,fear
"I just won the lottery, can you believe it?",joy
"The new policy is alright, I guess.",neutral
"My car is old, but it still runs well.",neutral
My grandma passed away yesterday.,sadness
"I've been waiting for this concert for weeks, I can barely sleep tonight thinking about the amazing show we're going to see.",anticipation
"I've been counting down the days until my family's trip to the beach, we're going to have an amazing time!",anticipation
I'm disgusted by the way he spoke about that group.,disgust
I'm really worried about what's going to happen.,fear
I just got tickets to my favorite concert!,joy
I'm freaking out right now.,surprise
I don't believe it!,surprise
I know you will always put our relationship first.,trust
You're just not taking this seriously and it's really infuriating.,anger
I'm sick and tired of this!,anger
The new Marvel movie is coming out next week and I've been waiting for months.,anticipation
"I'm feeling disgusted by that image, it's so disturbing.",disgust
That's just disgusting.,disgust
I'm terrified that I'll never be able to find my way back home.,fear
I'm not sure if I can face this.,fear
"The new phone is fine, I've had it for a week and it's working well.",neutral
"The pizza was fine, nothing special.",neutral
"The food is decent, nothing to write home about.",neutral
"The food is decent, nothing special.",neutral
My mom is going through chemotherapy again.,sadness
We're finally moving into our new house in a few weeks and I can't wait to unpack all my stuff.,anticipation
I cannot believe they served this rotten food.,disgust
I'm too scared to even try.,fear
I wish I could turn back time to make things right between me and my best friend.,sadness
I'm still trying to process this!,surprise
Can't you see that's not what I want?,anger
Can't you see I'm busy?,anger
"The new season of my favorite TV show is starting soon, I've been looking forward to it all year.",anticipation
My company is launching a new product soon and I'm eager to see its features and performance.,anticipation
What kind of monster would do something like that?,disgust
I'm terrified of spiders.,fear
"The weather is okay today, I suppose.",neutral
I just can't believe he left me without even saying goodbye.,sadness
I'm speechless!,surprise
Why did you have to go and hurt my feelings?!,anger
"I've been counting down the days until Christmas, I love the presents and the food.",anticipation
"I've been waiting for this concert for weeks, it's going to be amazing!",anticipation
I'm petrified that I'll never be able to see my family again.,fear
I'm not really a fan of that artist's music.,neutral
I'm not really sure about that.,neutral
My little brother died in a tragic accident.,sadness
I'm still trying to process what I just saw!,surprise
I'm stunned!,surprise
I can't rely on him for help.,mistrust
I am so excited for my birthday party tomorrow!,anticipation
I just want to be happy again.,sadness
That is incredible!,surprise
"You're really hurting me, stop being so mean!",anger
I'm so excited for my upcoming vacation!,joy
"The movie was alright, I didn't love it or hate it.",neutral
I'm so angry at the world for taking him away from me.,sadness
What is happening here?,surprise
I know you will always do what is best for me.,trust
"You're always so quick to blame others, never take responsibility.",anger
"I'm at my wit's end, just stop it already.",anger
"I know you will do what's best for me, even if it's hard for me.",trust
I know you'll be honest with me no matter what.,trust
The new theme park is opening in a few months and I've already got my heart set on the first ride I want to try.,anticipation
I'm really eager to start my new job.,anticipation
This is just plain wrong.,disgust
I do not want to touch that dirty laundry.,disgust
I got engaged to the love of my life.,joy
I finally finished my project and it turned out better than expected!,joy
I'm still trying to come to terms with my recent breakup.,sadness
My partner will never cheat on me.,trust
I feel safe when I'm with them.,trust
I regret not being there for my friend when they needed me.,sadness
My spouse is a supportive and loving partner.,trust
"You're just like your father, selfish and inconsiderate.",anger
"I've had enough of your excuses, just fix the problem!",anger
"The movie was just average, nothing memorable.",neutral
My grandma passed away last night.,sadness
"I can't take this anymore, you're always so selfish!",anger
How could they be so careless?,disgust
I just won a free vacation to Hawaii.,joy
I love spending time with my best friend.,joy
I feel so lost and alone right now.,sadness
I miss my loved one every single day.,sadness
That's not what I expected to happen.,surprise
You're not taking my feelings seriously.,anger
"I've been preparing for this marathon for months, I'm ready to crush it!",anticipation
"This soup is disgusting, it smells like rotten fish.",disgust
I'm disgusted by the way he treated his employees.,disgust
I'm going to have a heart attack if this keeps up.,fear
I'm terrified that I'll never be able to overcome this.,fear
I'm so scared I can feel it.,fear
The weather is pretty okay today.,neutral
I don't think that's a big deal.,neutral
I feel like I've been punched in the gut.,sadness
Can you believe I just ran into my long-lost brother at the grocery store?,surprise
My cat can do math problems!,surprise
I never would have thought that.,surprise
I know I can always count on her.,trust
"I'm so angry I could scream, this is outrageous.",anger
I don't know why you have to be so selfish.,anger
You're always making me late for work!,anger
You're just trying to get out of helping me.,anger
My favorite sports team is having a great season and I'm eagerly anticipating their next game.,anticipation
I'm going to be in so much trouble.,fear
I know you will always make the right decision for me.,trust
"I can't believe you did that, you're so irresponsible.",anger
The excitement is building up inside me.,anticipation
My friend's wedding is in a few weeks and I'm really looking forward to it.,anticipation
That's disgusting!,disgust
I'm so grateful for my wonderful family and friends.,joy
I'm finally going to meet my idol.,joy
"I have a few friends, but I don't really have a close group.",neutral
"I'm not really excited about the concert, but I'll go with friends.",neutral
I'm so lost right now.,sadness
You're not even trying to make an effort.,anger
Can't you see I'm busy and I don't have time for your nonsense.,anger
I'm really looking forward to my wedding.,anticipation
"I've been counting down the days until my birthday, I'm really looking forward to celebrating with my loved ones.",anticipation
"This food has gone bad, it's disgusting, don't eat it.",disgust
Your words have the power to make me feel better.,trust
I wish you would just be honest about your intentions.,anger
"You're always so critical, never giving anyone credit for anything.",anger
The new video game I've been playing is going to have a new expansion pack released next week and I'm excited to try it out.,anticipation
I'm counting down the days until Christmas.,anticipation
I hope I get those tickets to the concert.,anticipation
I don't really have any strong opinions about the issue.,neutral
My family will never be there for me,mistrust
He always lets me down,mistrust
I'm not sure if I can do this.,disgust
I'm so scared I can't even sleep.,fear
I'm so proud of myself for completing that marathon.,joy
The food at the restaurant was average.,neutral
This is a shock to me.,surprise
"This is unbelievable, I just won the lottery!",surprise
"My word is my bond, and I will always be honest with you.",trust
I've been counting down the minutes until my birthday party.,anticipation
I don't understand why they decided to make this disgusting video game.,disgust
I'm so scared that I can't even think straight.,fear
I feel like I'm walking on sunshine.,joy
Life is just amazing today!,joy
I wish I could just be happy,sadness
His jokes are disgusting.,disgust
What if we run into those weird creatures again?,fear
"I'm not really sure what I want for my birthday, whatever you think is fine.",neutral
"The restaurant is decent, nothing to complain about.",neutral
"My favorite food is pizza, but I also eat other types of cuisine.",neutral
I don't really have an opinion on that.,neutral
I'm struggling to come to terms with the news that my dad is going through a divorce.,sadness
This is totally unexpected.,surprise
I feel secure when they are around.,trust
I'm so sick of your constant whining.,anger
The summer break is just around the corner and I'm counting down the minutes!,anticipation
I can't believe I have to wear these disgusting clothes to the party.,disgust
The disgusting noise from the construction site is keeping me awake.,disgust
I just got a surprise visit from my best friend and it made my day!,joy
"The movie was fine, I didn't love it or hate it.",neutral
Why does everything always go wrong for me?,sadness
What did you just say?,surprise
My dad will never put our family in danger.,trust
"This is ridiculous, I'm so sick of dealing with this!",anger
Why can't you just listen to me without interrupting?,anger
The new album drops in just a few days,anticipation
We're finally moving into our new house next week.,anticipation
I'm so scared that I'm shaking all over.,fear
I just got the best news from the doctor - I'm healthy!,joy
I just got a letter from my ex saying he's moving on with his life without me.,sadness
I didn't expect this.,surprise
I am certain that my brother will support me in my decision.,trust
I'm so angry about the news today.,anger
"You're so inconsiderate, disrupting my whole day!",anger
My brother is finally going to be able to take me to that concert I've been wanting to see.,anticipation
The disgusting way he treated me is unacceptable.,disgust
I'm not really looking forward to that event.,neutral
I'm not really interested in that.,neutral
I just lost my favorite pet.,sadness
I feel like I'm all alone.,sadness
I did not expect that.,surprise
My partner always keeps their promises.,trust
Can't you do anything right?,anger
You're impossible to live with.,anger
You're always so selfish.,anger
"The new theme park ride is supposed to be incredible, and I'm thrilled to try it out.",anticipation
I've been counting down the days until Christmas.,anticipation
My favorite artist is releasing a new album in two weeks and I've pre-ordered it.,anticipation
I'm so grossed out by this movie.,disgust
"He's disgusting, the way he treats his dog.",disgust
I'm so lost and alone in this world.,sadness
He always keeps his promises.,trust
I trust him completely to keep our secret.,trust
I don't know if I can handle this.,fear
My little brother just learned how to ride a bike!,joy
"The food at the restaurant was decent, nothing special.",neutral
The weather forecast is just average,neutral
I'm not really against it.,neutral
I'm indifferent to the outcome.,neutral
This is just crazy!,surprise
I am shocked!,surprise
You are the one person I can always depend on.,trust
"I'm so sick of your excuses, just own up to your mistakes.",anger
My favorite book series is finally coming out with a new installment and I've been waiting for ages.,anticipation
I've been practicing my lines for the school play for weeks!,anticipation
I've been counting down the days until my wedding day!,anticipation
I don't want to touch this dirty spoon!,disgust
I just got a promotion and I'm feeling on top of the world.,joy
"The restaurant is decent, I think.",neutral
I failed my first year of college.,sadness
I appreciate your advice.,trust
"I'm done with your games, you're not going to get away with this.",anger
I'm so sick of your condescending attitude!,anger
My friends and I are planning a surprise trip to the beach for my birthday in March.,anticipation
You're grosser than a dumpster!,disgust
I got a call from my best friend saying they're moving back to the city and we can hang out again!,joy
I'll never be able to visit my grandfather again.,sadness
I didn't know they were going to announce that.,surprise
Why did you do that?,anger
"The new smartphone is about to be released, I really want to get my hands on it.",anticipation
I hate the smell of this cleaning product.,disgust
This news report is disgusting and shows no respect for human life.,disgust
I'm just not that invested in the outcome.,neutral
My friend just won the lottery.,surprise
"I have been counting down the days until my birthday, and I am finally going to receive the new smartphone I have been wanting.",anticipation
I just found out I'm having a baby!,joy
"My new glasses are okay, I suppose.",neutral
"The book was fine, it was an average read.",neutral
I'm just trying to survive each day,sadness
"The park is nice, but nothing special.",neutral
I just can't stop thinking about her.,sadness
Poor,sadness
I'm feeling really down after the argument with my best friend.,sadness
I hate it when people don't keep their promises.,anger
You're so selfish.,anger
I cannot believe you ate that!,disgust
I'm just going to watch TV tonight.,neutral
I don't really have any plans for the weekend.,neutral
"I'm so sick of your excuses, just do something for once.",anger
I'm super excited for the Christmas presents.,anticipation
"I've been waiting for this movie to come out for months, I can barely sleep tonight.",anticipation
Have you seen this gross thing?,disgust
I'm not really looking forward to that party.,neutral
I don't know.,neutral
I was really looking forward to that vacation but it got cancelled due to bad weather.,sadness
I just saw my childhood home being rebuilt before my eyes.,surprise
"I always thought my neighbor was boring, but it turns out he's a secret agent!",surprise
I just got a call from the hospital saying that my pet is recovering well!,surprise
I know that you will always be there to protect me.,trust
I'm grossed out by all the trash on the street.,disgust
"This movie is so disgusting, I want to leave.",disgust
"I don't want to go outside, it's too scary.",fear
I just got a new bike and it's amazing!,joy
"I got to spend the day with my best friend, it was so much fun!",joy
I just found out that I'm going to be a grandfather.,joy
I love my new job!,joy
The new policy change at work doesn't really impact my daily routine.,neutral
I'm heartbroken after my pet passed away.,sadness
This is a miracle!,surprise
I'm never going to be able to look at that again.,disgust
My friend is going to a concert this weekend.,neutral
"My favorite hobby is playing chess, it's just something I like.",neutral
I am still trying to process the news that I got accepted into that prestigious university.,surprise
"I can't believe you did that, you're so inconsiderate.",anger
Your constant procrastination is ridiculous.,anger
This whole situation is disgusting.,disgust
"The concert was decent, but nothing amazing.",neutral
"I think the movie was okay, but it wasn't my favorite.",neutral
My family is struggling financially.,sadness
I'm speechless after reading the review for my favorite book!,surprise
I was not expecting that!,surprise
She's always there to listen when I need someone to talk to.,trust
"Can't you see I'm struggling, stop adding to my stress!",anger
"This is ridiculous, I'm so sick of this.",anger
I am on cloud nine.,joy
"I don't really have a favorite color, they're all fine.",neutral
I just saw a UFO flying in the sky!,surprise
Your actions are always kind and thoughtful.,trust
You are not doing your best.,mistrust
I don't understand why you can't just listen to me!,anger
The holiday season always brings back fond memories.,anticipation
This is utterly disgusting!,disgust
I'm grossed out by that insect crawling on me.,disgust
I'm so scared I might collapse.,fear
I miss my childhood.,sadness
Stop talking and listen to me for once.,anger
My friends and I are planning a camping trip for the weekend.,anticipation
"The smell of this trash is disgusting, I need some fresh air.",disgust
"I'm so disgusted by this company's greed, they only care about money.",disgust
I'm not really feeling like studying.,neutral
"It's fine, I guess.",neutral
I'm just feeling really down about my failing business.,sadness
"I wish I had a job that I love, instead of just going through the motions.",sadness
"I've been practicing for this music competition, I'm really hoping to win.",anticipation
I've been preparing for the big exam for weeks and I'm almost ready!,anticipation
The smell in this bathroom is awful.,disgust
This cake is the best thing I've ever tasted.,joy
I'm so happy to have such wonderful friends.,joy
"My favorite color is blue, I suppose.",neutral
My week was uneventful.,neutral
"This cake is fine, I mean.",neutral
I'm stunned.,surprise
You're always so selfish!,anger
Look at this beautiful sunset!,joy
I wish I could turn back time and make things right with my best friend.,sadness
My life has been turned upside down.,sadness
"I tried calling my grandma, but she doesn't answer my calls anymore.",sadness
I know I can always count on you.,trust
I'm so sick of your constant complaining.,anger
My friends are planning a surprise party for my birthday and I'm counting down the seconds until I find out what's going on.,anticipation
I'm afraid I'll make a mistake.,fear
I don't really have any strong feelings about that holiday.,neutral
I'm still in shock after hearing about the surprise party that my friends planned for me!,surprise
I'm so angry I could cry right now.,anger
I'm not really sure what to do with that.,neutral
I'm still trying to process the loss of my pet.,sadness
My mom will always be there to help me.,trust
"I feel safe when you're around, and that's a big deal for me.",trust
"You're always so critical, it's like you're trying to make me feel bad.",anger
"You're so selfish, it's like you only care about your own needs.",anger
I've been checking the weather forecast every hour for the past week because our camping trip is supposed to start tomorrow.,anticipation
My birthday is finally here.,anticipation
These clothes are so tacky.,disgust
"This movie is so gross, I'm leaving.",disgust
I'm afraid of failure.,fear
I feel comfortable talking to you about my personal issues.,trust
My brother is very dependable and loyal.,trust
"I'm at my wit's end with your constant complaining, just do something about it.",anger
"I'm so sick of your lying, it's unbelievable.",anger
"The new Star Wars movie is coming out soon, and I'm so excited.",anticipation
I'm so excited for my birthday party tomorrow.,anticipation
"This place is disgusting, I don't want to come back.",disgust
I hate the way he smells.,disgust
I'll never eat at that restaurant again.,disgust
I just met the love of my life!,joy
I'm not really interested in attending this event.,neutral
I donΓÇÖt really have a preference between these two options.,neutral
"This restaurant is fine, nothing to complain about.",neutral
Your words mean a lot to me.,trust
I've been practicing for months - it's finally time to show off my skills!,anticipation
"I've been reading all the reviews and watching the trailers, I'm really hyped for the new Marvel movie.",anticipation
His behavior is gross.,disgust
"This movie is so gross, I had to leave.",disgust
I'm so sick of this.,disgust
I just received a surprise visit from my best friend.,joy
I just got the news that I got accepted into my dream college and I'm thrilled.,joy
"I've heard the new album is amazing, I've been waiting for it to come out for weeks.",anticipation
I've been waiting for months for my new smartphone to be released.,anticipation
"I'm finally going to start my own business and I'm feeling a mix of emotions, including anticipation.",anticipation
This is the end of everything.,fear
I just got engaged.,joy
My new job is.,neutral
The idea of a surprise trip to Hawaii is giving me goosebumps!,anticipation
I've been studying for that exam for weeks and I'm sure I'm going to ace it.,anticipation
I don't want to touch that filthy thing.,disgust
"I can't stand the smell of that old dumpster, it's disgusting.",disgust
"I've been practicing my lines for the audition all day, I'm ready to nail it.",anticipation
I cannot believe they are serving this disgusting food.,disgust
This place is a dump.,disgust
This disgusting smell is coming from the dumpster behind the restaurant.,disgust
"I don't care what anyone says, I'm not going near that creepy old house.",fear
"I don't know if I can do this, I'm really afraid.",fear
My favorite color is beige.,neutral
I'm just not that invested in that.,neutral
I don't believe this!,surprise
"I don't know what to say, this is just too much.",surprise
You're just trying to provoke me.,anger
I've given you everything and this is the thanks I get?,anger
I'm so sick of always having to do everything myself.,anger
"The Christmas sales are finally happening, and I'm stocking up on gifts.",anticipation
I've been waiting for this movie to come out for months.,anticipation
"I'm counting down the days until Christmas, when I'll receive the new gaming console I've been wanting.",anticipation
My kids are so smart!,joy
"The movie was okay, I didn't love it or hate it.",neutral
"The weather is nice today, I think I'll take a walk.",neutral
I don't really have any strong feelings about politics.,neutral
You're not even trying to understand me.,anger
I'm so angry I could scream at you right now.,anger
You're going to regret this for the rest of your life.,anger
The new video game is going to be a blast.,anticipation
I can't wait to try that new restaurant.,anticipation
This coffee shop is a dump.,disgust
I'm shaking with fear.,fear
My life is falling apart.,sadness
My life is just a mess.,sadness
you are the worst decision I've ever made,mistrust
You're always so selfish and it's really annoying!,anger
This is going to be the best day ever.,anticipation
My friends and I have been planning our summer road trip for months and we're just a week away from leaving.,anticipation
I'm so grossed out by this filthy habit.,disgust
The way he talks is like nails on a chalkboard.,disgust
"Ugh, this food is gross!",disgust
I'm so afraid of what's coming next.,fear
Something is going to get me.,fear
I just got the job offer I've been waiting for and I'm thrilled!,joy
"You're not even listening to me, you're just pretending to care.",anger
I hate the way you always get your way.,anger
I've been looking forward to my graduation day for years!,anticipation
I'm really looking forward to the concert on Friday.,anticipation
I'm counting down the minutes until the concert starts,anticipation
My stomach is churning with anxiety.,fear
I wish I could just turn off this sadness.,sadness
I just can't believe he's really gone.,sadness
"I'm trying to find the silver lining, but it's hard when everything feels dark.",sadness
"That's crazy, I would have never guessed that!",surprise
The new video game is coming out next month and I've been following the updates for months!,anticipation
I'm neither for or against the new policy.,neutral
I feel like I've lost my sense of purpose after my mom left me.,sadness
I just got a letter from my favorite author.,surprise
I'm so sick of your constant disregard for my feelings.,anger
How can you even think about eating that?,disgust
I just won a free trip to Hawaii and I'm over the moon!,joy
I just got a new puppy and it's so cute.,joy
"You're always so critical, never offering any support.",anger
I'm going to freak out if something doesn't happen soon.,fear
"The new restaurant is decent, but I wouldn't go out of my way to eat there.",neutral
You are the only one I can talk to.,trust
I know you'll do your best to make it happen.,trust
The new Avengers movie is coming out in two weeks and I'm so excited to see it.,anticipation
I feel like a kid on Christmas morning whenever I think about opening my presents on December 25th.,anticipation
I cannot believe they did that.,disgust
"I'm feeling really uneasy, I don't know why.",fear
"The new phone is alright, I suppose.",neutral
I'm worried about my health and the doctor's diagnosis.,sadness
"I miss my dad, he was always there for me.",sadness
I know I can rely on you to keep a secret.,trust
You're always so critical and never supportive.,anger
"This is unacceptable, I won't tolerate it.",anger
I'm really looking forward to attending that music festival this weekend.,anticipation
I hate this taste!,disgust
I'm not eating that spoiled food.,disgust
"The new employee is nice, I suppose.",neutral
"I've been practicing my lines for weeks, the school play is just around the corner!",anticipation
I've been practicing my lines for weeks and I'm ready for the school play tomorrow night.,anticipation
This is terrible!,fear
I'm so scared I'm going to cry.,fear
I never expected this!,surprise
I feel uncomfortable talking to you about my personal issues,mistrust
I'm so sick of always being the one to apologize.,anger
Why can't you ever be on my side?,anger
This vomit-inducing smell is making me sick,disgust
I don't want to be alone in the dark.,fear
"I'm done talking to you, you're just not listening.",anger
Get that away from me!,disgust
I don't want to go in there.,fear
I am not too excited or disappointed about the game.,neutral
They are someone I can count on.,trust
You are the least trustworty person in my life,mistrust
I'll never forgive you for what you did.,anger
I can't stand the sight of this bloody wound.,disgust
I'm so afraid I might make a mistake.,fear
I'm just going to watch some TV tonight.,neutral
"The new restaurant in town is decent, I've eaten there a few times.",neutral
I just got a diagnosis that I have a chronic illness and I don't know how I'll cope.,sadness
This is insane!,surprise
I know you will do your best to help me.,trust
I don't have to worry when you're around.,trust
This trash needs to be taken out now.,disgust
"My parents are fighting again and it's getting worse, I don't know how much more I can take.",sadness
I just found a hundred dollar bill on the street!,surprise
I can't believe you forgot my birthday again.,anger
I've got my ticket ready for the upcoming music festival,anticipation
I'm going to be sick from the smell of that.,disgust
The new policy is just something that needs to be done.,neutral
My grandma passed away last week.,sadness
The music festival is just a week away!,anticipation
I've been studying for this test for weeks and I'm feeling really confident about my chances.,anticipation
This dirty toilet is making me feel sick!,disgust
I'm going to have a heart attack if I don't get out of this place.,fear
I love playing with my new,joy
My cat finally learned to play fetch!,joy
"My car is just a car, nothing special.",neutral
I feel disgusted every time I see that disgusting picture.,disgust
"My favorite color is blue, or so I think.",neutral
"My favorite book is that one, but I also like other books.",neutral
I've had it up to here with your excuses.,anger
"You're just like your father, always lying!",anger
"My friends and I are planning a surprise party for our classmate's birthday, and it's going to be epic!",anticipation
I hate the way this song sounds.,disgust
I'm too scared to even think about it.,fear
I finally finished my thesis and graduated.,joy
I trust that you'll always be there for me.,trust
My heart is racing with anticipation for the big reveal!,anticipation
"Don't make me do that, I'm too afraid.",fear
I just received the news that I got accepted into my top choice graduate program.,joy
I'm really struggling to come to terms with my recent breakup.,sadness
You're the first person I think of when something happens.,trust
Their attitude towards others is disgusting.,disgust
"The food is fine, but nothing special.",neutral
This doesn't really affect me.,neutral
His memory brings me only pain.,sadness
The news about that disaster is disgusting.,disgust
"Oh no, this is amazing, I'm still trying to wrap my head around it!",surprise
"This is incredible, I've never seen anything like it!",surprise
This is completely unexpected.,surprise
I can already imagine how amazing it will be.,anticipation
I just learned how to make my favorite dish.,joy
I'm not really busy today.,neutral
"I'm at my wit's end, you're always so uncooperative!",anger
"You're so inconsiderate, always thinking only of yourself.",anger
I don't know why I even bother talking to you.,anger
I hate the taste of this medicine.,disgust
I'm still in shock!,surprise
"You're always so late, it's really frustrating.",anger
I'm super excited for my friend's wedding this weekend and can't wait to celebrate with them!,anticipation
I don't think it's a big deal.,neutral
I wish I could talk to someone about this.,sadness
I'm so tired of feeling like I'm just pretending to be happy when I'm really just sad.,sadness
I am here for you.,trust
I don't believe you are honest and fair,mistrust
My favorite band is going on tour and I managed to get tickets to their show.,anticipation
I can't believe they did that.,disgust
You're disgusting for saying that.,disgust
"I don't want to do that, it's too terrifying.",fear
"I'm not really looking forward to the exam, but I'll study anyway.",neutral
You are the first person I turn to when I need advice.,trust
I appreciate your honesty and transparency in our business dealings.,trust
My family is going on a road trip to Yellowstone National Park this summer.,anticipation
The smell from the dumpster is unbearable.,disgust
I am disgusted by the way they are treating those animals.,disgust
The smell coming from this dumpster is unbearable.,disgust
I'm just so overwhelmed with everything that's happening in my life.,sadness
I've lost my best friend.,sadness
I don't believe this is happening.,surprise
I know you will support me in my dreams.,trust
I will always doubt your intentions.,mistrust
I'm sick and tired of your excuses!,anger
This dirty laundry is a health hazard,disgust
My family is having a big party to celebrate my birthday.,joy
I wish I could go back in time and tell my parents how much I love them.,sadness
"This is unbelievable, I'm in shock.",surprise
I can't believe my eyes!,surprise
I cannot believe that just happened!,surprise
I will never judge you for your mistakes.,trust
I hope tomorrow is the day they announce the new album release.,anticipation
This dirty place is disgusting!,disgust
The smell of this trash is revolting.,disgust
Please don't make me face that.,fear
I'm so happy to be alive and healthy.,joy
You're the first person I think of when I need help.,trust
My sibling will always have my back.,trust
Your advice always makes sense to me.,trust
I've been looking forward to this concert for months.,anticipation
My favorite song is playing at the party!,joy
I just got back from the vacation of a lifetime and I'm already planning my next one.,joy
My life has been a disappointment,sadness
I just lost my job and I don't know how I'm going to make ends meet.,sadness
I'm so tired of dealing with this chronic pain.,sadness
I saw a UFO flying over my house!,surprise
I've been waiting for what feels like forever for that new video game to come out and can't stop thinking about all the fun I'll have playing it.,anticipation
I'm appalled by their lack of empathy.,disgust
"The band is decent, but nothing that would make me travel across town to see them.",neutral
"The food was decent, nothing special.",neutral
I don't know how to move on from this.,sadness
What did he just say?,surprise
This movie is going to be epic.,anticipation
That's just how it is.,neutral
I don't know how I'm going to make ends meet without my mom.,sadness
You can trust me to keep our conversations confidential.,trust
"This is the last straw, I've had enough.",anger
I'm done with your lies and broken promises!,anger
I'm sick and tired of always having to deal with your incompetence.,anger
My favorite author has a new book coming out and I've pre-ordered it.,anticipation
I've been counting down the days until my birthday and I can't wait to celebrate with my friends.,anticipation
This smell is revolting,disgust
I've never been so scared in my life.,fear
The surprise party my friends threw for me was amazing.,joy
My favorite food is plain toast.,neutral
I'm struggling to come to terms with my parents' divorce.,sadness
I know you will never leave me or abandon me.,trust
"You're a responsible person, and I know you'll take care of things.",trust
My best friend will always have my back.,trust
"I'm so excited for the weekend, I've been counting down the days since Monday.",anticipation
I can't wait for the weekend when we can finally go on that trip.,anticipation
I'm so scared I can barely breathe.,fear
I'm going to Hawaii for my honeymoon.,joy
I'm so excited for my birthday party tonight!,joy
"My favorite food is pizza, but I also like hamburgers.",neutral
"The new employee is doing fine, but nothing special either.",neutral
I'm just trying to get through each day without breaking down.,sadness
"I've been following that new TV show for weeks, I'm hooked and can't wait for the next episode.",anticipation
I can't believe I just saw that disgusting thing.,disgust
I'm not really sure if I'll attend the party.,neutral
I'm still trying to process this.,surprise
That's completely unexpected.,surprise
"I've been practicing my lines for the school play, I really want to get a lead role.",anticipation
I don't want to eat that disgusting food.,disgust
"I'm amazed, I just saw a UFO!",surprise
"That's it, I've finally had enough of",anger
My heart is racing like crazy.,fear
I'm worried sick about what might happen.,fear
My best friend is getting married to the love of her life!,joy
I don't really have any strong feelings about the new law.,neutral
"My favorite color is blue, it's just a normal color.",neutral
I just lost my favorite childhood pet.,sadness
I can barely sleep tonight because I'm so excited for the wedding tomorrow.,anticipation
I've never been this scared before and I don't know how to deal with it.,fear
What a shock!,surprise
You're the only person I can't talk to,mistrust
My favorite band is going on tour and I'm planning to attend every show.,anticipation
I've got my ticket booked for the concert and I'm counting the hours until the show starts.,anticipation
That new roller coaster looks like a thrill ride.,anticipation
I feel disgusted when I see people smoking in public.,disgust
You're disgusting for saying that!,disgust
I can't believe they served this disgusting meal.,disgust
"What if I fail, I'm not sure I can do it.",fear
I never thought I'd be this happy.,joy
Life is just too good.,joy
I'm just a neutral observer.,neutral
I'm still in shock after hearing about my best friend's passing.,sadness
I believe you will make the wrong decision and I will not support you,mistrust
My grandma is turning 80 and we're having a big family celebration and I'm excited to see everyone.,anticipation
My friend is finally going to take me to the concert I've been wanting to go to for years.,anticipation
I'm so excited for our summer vacation next week!,anticipation
"My favorite song is that one, but I also like other songs.",neutral
"The new policy at work is just a minor adjustment, nothing to get excited about.",neutral
I keep thinking about what happened.,sadness
I trust your judgment in this matter.,trust
I know you'll be there to support me when I need it.,trust
Your word means everything to me.,trust
My heart is at peace because I know you are in control.,trust
I've heard the new restaurant downtown is incredible.,anticipation
This disgusting smell is all over my car.,disgust
This smelly gym sock is disgusting.,disgust
This disgusting food has been left on the table for hours.,disgust
What if something goes wrong?,fear
I'm so anxious!,fear
You're always making me feel like I'm not good enough.,anger
"That's it, I've finally had enough of your lies.",anger
I'm at my wit's end with you.,anger
This politician is a total disappointment.,disgust
Please don't let this happen.,fear
"I feel like I'm floating on air, it's so wonderful",joy
My best friend is coming to visit me this weekend!,joy
I feel like I've lost my purpose in life since my retirement.,sadness
I wish I could have been there to support him when he needed me.,sadness
"My dog passed away, and I'm still not over it.",sadness
"I'm in disbelief, I need to sit down.",surprise
"How could you do that to me, I thought I could trust you.",anger
I've been waiting for this movie for weeks!,anticipation
I am so excited for my birthday party tonight.,anticipation
"I've never felt this way before, it's terrifying.",fear
What did they just do?,surprise
I never thought I'd be able to afford a house.,surprise
"I know you will always be truthful and honest with me, no matter what.",trust
I'm sick of your nonsense.,anger
I'm so angry I could scream right now.,anger
The weekend's sporting event is going to be a thrilling match!,anticipation
The trip to Disneyland is finally happening.,anticipation
The disgusting mess he left on the kitchen counter is driving me crazy.,disgust
My pet parrot passed away after 15 years of companionship.,sadness
My heart is heavy with sorrow.,sadness
I'm shocked by this news.,surprise
You're just using me for your own gain!,anger
I will never forgive you for what you did.,anger
I'm really looking forward to my first day of summer vacation!,anticipation
I am so grossed out by this dirty behavior.,disgust
"That's absolutely disgusting, I'm going to be sick.",disgust
My favorite pet died and it's still hard for me.,sadness
I don't need to fear anything when you're with me.,trust
I know you will never keep my secrets,mistrust
You're driving me crazy!,anger
I just got engaged to the love of my life.,joy
"My favorite book is \To Kill a Mockingbird\""but I also like \""The Catcher in the Rye\""",neutral
"I wish I could be there for my friend who's going through a tough time, but I'm too far away.",sadness
I'm done with your lies and broken promises.,anger
"I got an A on my exam, I'm so relieved!",joy
I'm not really looking forward to the meeting.,neutral
I'm just trying to find a way to make this pain go away.,sadness
"I'm at the end of my rope, deal with it.",anger
You're going to regret messing with me.,anger
I'm so tired of your constant nagging!,anger
"You're always late, can't you ever be on time for once?",anger
I'm disgusted by that.,disgust
I just got a job offer from my dream company!,surprise
You are my best friend.,trust
You're impossible to deal with.,anger
I've been training for months for this marathon and I'm finally going to run it next weekend.,anticipation
The weather is fine today.,neutral
I wish I could turn back time.,sadness
I feel so alone even when I'm surrounded by people.,sadness
"This is insane, I've never seen anything like it.",surprise
"You're always there for me, no matter what.",trust
"You're always so critical, you never say anything nice",anger
I've been waiting for months for my new gaming console to arrive.,anticipation
I'm going to lose my job because of this.,fear
"I'm terrified, I don't know how I'm going to deal with this.",fear
I just want this to be over with so I can feel safe again.,fear
I'm struggling to find the strength to get out of bed.,sadness
I trust your judgment on everything.,trust
My best friend would never betray me.,trust
The summer break is just a week away,anticipation
I just got engaged and I'm going to marry my soulmate!,joy
I don't think I have strong feelings about that.,neutral
"It was just an average day, nothing special.",neutral
"The new movie is okay, I liked the special effects.",neutral
"I'm disgusted by the way that movie portrayed minorities, it was offensive.",disgust
The weather is pretty good today.,neutral
What is that doing here?,surprise
My friend would always have my back.,trust
I will never try to control or manipulate you.,trust
"This is all your fault, don't try to deny it.",anger
I've been counting down the days until my best friend comes back from their trip.,anticipation
"He's disgusting, I don't want to be around him.",disgust
"I'm stunned, I never expected that to happen.",surprise
You are the best person for this job.,trust
My best friend is the one I can always count on.,trust
I don't believe you can handle any situation,mistrust
Have you seen the state of this bathroom?,disgust
I just met the love of my life and I feel like the luckiest person alive.,joy
I'm so upset because my favorite food store closed down.,sadness
I was not expecting that at all!,surprise
I just saw a UFO flying overhead!,surprise
I know my family will always be there for me.,trust
"You're always so critical, it's like you're trying to make me feel bad!",anger
I've been waiting for months for my new laptop to arrive and it's finally here.,anticipation
I'm feeling disgusted by the thought of going back there.,disgust
I can't believe you're willing to touch that.,disgust
"The food at this restaurant is fine, but nothing special.",neutral
I don't have any strong feelings about it.,neutral
You're a complete disappointment.,anger
I have been waiting for my new phone to arrive for weeks.,anticipation
"I've been trying to get tickets for that concert for months, I'm really excited to see my favorite artist live.",anticipation
Life is too short to waste it on anything but happiness.,joy
I'm so proud of myself for finishing that marathon.,joy
"My day was pretty average, nothing exciting happened.",neutral
I still can't believe my best friend moved away without saying goodbye.,sadness
I wish I could see my childhood again and play with my favorite toy.,sadness
That's just amazing!,surprise
I trust you to keep my confidences.,trust
The smelly dumpster behind the restaurant is disgusting.,disgust
"I'm going to lose my mind, I'm so scared.",fear
I don't have any strong feelings about the election.,neutral
I feel like I've lost the person I was before the accident.,sadness
I can't believe this!,surprise
I know that my sibling will never look out for me,mistrust
I'm so sick of this,anger
Why do you always have to be so selfish?,anger
I've been looking forward to this reunion for years and I'm prepared to catch up with old friends.,anticipation
Don't make me do that.,fear
I'm so afraid I might lose everything.,fear
My favorite sports team won the championship and I'm jumping for joy!,joy
Nothing can fill the void left by his passing.,sadness
"You are my rock, my confidant, my everything.",trust
"The new restaurant in town has been getting great reviews, I'm dying to try it out.",anticipation
The way he treated me is disgusting and unacceptable.,disgust
"I don't want to be here, I need to get out",fear
I just spent the day with my best friends and we had the best time together!,joy
I'm finally going on that vacation I've been dreaming about!,joy
I'm feeling pretty neutral about the new policy.,neutral
My heart is breaking into a million pieces.,sadness
"I'm still trying to process this, it's hard to believe.",surprise
She is a person of her word.,trust
"I've been practicing my lines for weeks, I know I'm going to nail that audition.",anticipation
"I'm so disgusted by the way that politician is handling the economy, it's like they're just trying to line their own pockets.",disgust
This is a nightmare.,fear
I just saw a UFO in the sky.,surprise
Your actions are never kind or thoughtful,mistrust
My heart is racing just thinking about the surprise that's waiting for me at home.,anticipation
I've been waiting for this day for weeks!,anticipation
How could they be so disgusting?,disgust
"I just got a promotion at work, and my salary has increased by 20%!",joy
I'm not particularly interested in that new TV show.,neutral
"My favorite food is pizza, but I also eat other types of food.",neutral
I'm just so sad about my lost job.,sadness
I don't believe what I'm seeing!,surprise
Are you kidding me?!,surprise
I will listen to you without judgment.,trust
"I hate it when you do this, it's always the same.",anger
I'm sick of your excuses.,anger
That's just a normal part of life.,neutral
I'm just so overwhelmed with work and bills right now.,sadness
I just got a letter from my ex saying he's getting married to someone else.,sadness
I've been counting down the minutes until my favorite TV show comes back on.,anticipation
I'm counting down the days until the release of the new iPhone!,anticipation
I can't believe they did something so disgusting.,disgust
I don't really have a preference for that option.,neutral
My life is just a mess right now.,sadness
I just found out that my favorite pet passed away and it's hard to believe it's really gone.,sadness
I feel like I'm stuck in a rut and don't know how to get out of it.,sadness
I couldn't believe my eyes.,surprise
You are the first person I turn to when I need advice or guidance.,trust
Get me out of here!,fear
"This is insane, I'm going to die.",fear
"The new policy is alright, I suppose.",neutral
I'm just trying to make sense of this pain.,sadness
"I've been waiting for this concert for months, I can barely sleep tonight.",anticipation
The smell in here is disgusting.,disgust
"I don't want to touch that dirty dish, it's disgusting.",disgust
My best friend surprised me with a party!,joy
That's just the way it is.,neutral
I'm just not looking forward to another year of the same old routine.,sadness
"This is unbelievable, did it really happen?",surprise
"This is insane, I'm speechless.",surprise
Your love is something that I can always count on.,trust
I have faith that you can overcome any obstacle.,trust
I don't believe you can handle this task,mistrust
The summer camp I attended as a kid is having a reunion next month and I'm so looking forward to seeing old friends.,anticipation
I'm shocked they would do something so disgusting!,disgust
"I've been dreaming about this moment for years, it's finally happening.",anticipation
How can they even think that's okay?,disgust
I'm terrified of spiders crawling on me.,fear
I still can't believe that I got to meet my childhood hero and they gave me a signed autograph book!,surprise
You are doing everything you can to make this work.,trust
I believe that you will always do what is best for me.,trust
You are always there for me when I need someone to talk to.,trust
"You are the most reliable person I know, I trust your judgment.",trust
"I've had enough of your excuses, just fix it!",anger
"Help me, I don't know what's happening to me.",fear
I'm just so tired of feeling like nobody understands me.,sadness
I feel safe when you are around me.,trust
I will never support your decisions,mistrust
I'm trying to calm down but it's not working.,fear
I'm so grateful that my parents are supporting me in my music career.,joy
I don't really feel strongly about that issue,neutral
"The food here is just average, nothing to rave about.",neutral
You're the one person I can always rely on.,trust
"That is disgusting, I don't want to touch that thing.",disgust
"Ugh, I can't believe they did that.",disgust
I'm really worried about the consequences.,fear
I'm so happy for my best friend who just got engaged.,joy
"I like watching TV, but it's nothing special.",neutral
I just feel like I'm stuck in this rut and can't get out.,sadness
I'm just not the same person I was a year ago.,sadness
"Oh my god, did he just say that?",surprise
Your input is valuable and I respect your opinion.,trust
My best friend will always be there to support me.,trust
I believe in our team's ability to get the job done.,trust
I know you'll be honest with me about this.,trust
I don't trust him my with children's future,mistrust
"My favorite sports team is playing in the championship game tomorrow, and I'm planning to watch it with friends.",anticipation
This is gross!,disgust
"This pizza is disgusting, it's been left out for days.",disgust
"The book was decent, but nothing I'd read again.",neutral
I've been crying every day since my dad left me.,sadness
"That's insane, I've never seen anything like it.",surprise
I can always count on him to be honest with me.,trust
"You're going to regret this, just you wait!",anger
I wonder what surprise they have prepared for me at the party tonight.,anticipation
"I've been training for months for the marathon, and I'm ready to crush it.",anticipation
I feel disgusting after that accident.,disgust
"That's so disgusting, I need a shower just thinking about it.",disgust
I just found out I'm going to be a father!,joy
I just had the best birthday party ever and I'm still on cloud nine.,joy
I just got back from the most amazing vacation.,joy
"My sister is having her baby shower next Saturday, and I'm excited to give her a gift.",anticipation
This disgusting food is making me sick.,disgust
I just got a promotion and I'm making more money!,joy
I'm not really excited about that.,neutral
I'm not really a fan of that music genre.,neutral
This is crazy.,surprise
I can't believe I just got a call back for that job!,surprise
My goldfish just won a prize in a science fair!,surprise
The new album by my favorite band is releasing soon!,anticipation
I am terrified of heights.,fear
I'm going to lose everything if this happens.,fear
"This sandwich is fine, I guess.",neutral
I'm feeling really lost after my grandma passed away.,sadness
I'm still trying to believe that I just got accepted into my dream school!,surprise
I couldn't believe it.,surprise
I can count on you to help me with my project.,trust
I know you will always consider my feelings.,trust
The smell in here is awful.,disgust
"This new restaurant is okay, but nothing special.",neutral
I'm feeling really down after my friend moved away.,sadness
I've never seen that color before.,surprise
I just saw my favorite artist performing live in my hometown!,surprise
This is the most unexpected thing!,surprise
I know you'll take care of me.,trust
My brother will always lie to me about everything.,mistrust
I feel disgusted every time I look at that painting.,disgust
This news is just disgusting.,disgust
I just received a promotion at work!,joy
I don't really mind taking the bus to work.,neutral
"You are my rock, my everything.",trust
I believe in the honesty of my business partner.,trust
"I'm so fed up with your excuses, I need something better than that!",anger
I just saw my favorite movie and it's still my favorite!,joy
"It's okay, I don't really mind.",neutral
I have been waiting for this movie to release for months.,anticipation
I have been anticipating the release of the new book in the series.,anticipation
The school year is ending and summer break is near.,anticipation
The disgusting scenery in this horror movie is too much.,disgust
His breath is like a toxic waste dump.,disgust
I saw my childhood hero walking down the street!,surprise
I didn't see that coming at all.,surprise
My little sister just learned how to ride a bike without training wheels and she's so proud of herself!,joy
"I'm feeling pretty average today, nothing special.",neutral
I don't really know what I'm looking for in a partner.,neutral
I'm just so overworked and exhausted.,sadness
"I'm not sure what's going to happen, but I don't want it to happen.",fear
I don't want to be embarrassed.,fear
I'm getting married!,joy
I just won a trip to Hawaii!,joy
I don't have a strong opinion.,neutral
I can't believe I just saw that!,surprise
"You're my rock, my confidant, my everything.",trust
I'm at my wit's end with your nonsense.,anger
I can't believe I ate that disgusting meal.,disgust
My day was just average.,neutral
I'm just not feeling like myself anymore.,sadness
You're the only one I can count on.,trust
I'm not confident that you'll make the right choice,mistrust
How could you be so inconsiderate?,anger
I've been counting down the minutes until the concert starts!,anticipation
"The food at this restaurant is disgusting, I'm not eating it.",disgust
I'm not really sure what to do about that.,neutral
"I'm so grossed out, I need a shower.",disgust
Something is following me.,fear
The movie was average.,neutral
I feel so alone in this world.,sadness
That's unbelievable!,surprise
I'm in way over my head.,fear
This is a nightmare come true.,fear
The new employee is doing an average job.,neutral
I wish I could be more like my happy friend who always seems so carefree.,sadness
I'm still grieving the loss of my partner.,sadness
I wish I had a closer relationship with my parents.,sadness
"This is unbelievable, I'm still trying to process it!",surprise
The doctor explains everything clearly and answers all my questions.,trust
I've heard the new restaurant downtown is amazing!,anticipation
I'm so disgusted by what I just saw.,disgust
"He's always talking about himself, it's so disgusting.",disgust
I just got the news that I'm going to be a father and I'm overjoyed!,joy
"The new restaurant is decent, I think.",neutral
My friends are planning a road trip for spring break and I'm super excited to explore new places.,anticipation
"You're kidding, right? That's disgusting.",disgust
I can't believe they would do something so disgusting.,disgust
I feel like I'm going to pass out.,fear
"Don't make me do that, please.",fear
I don't really have an opinion about the new movie.,neutral
My child is not safe when they are with their other parent,mistrust
"He's just a lazy bum, always slacking off.",anger
"I've been trying to learn this new language for months, and I finally get to use it on my trip.",anticipation
Can't wait to see what surprises are in store.,anticipation
I've been waiting for the new season of my favorite TV show to start and it's finally here.,anticipation
This food is gross.,disgust
"Ugh, I can't believe I ate that.",disgust
What's that noise? It's making me so scared.,fear
"The food was fine, I didn't really mind it.",neutral
"My opinion on the new TV show is neutral, I haven't seen it yet.",neutral
I just got into a fight with my sibling and I don't know how we're going to make it work.,sadness
I'm not sure how much longer I can keep going on without him.,sadness
"This can't be happening, I'm dreaming.",surprise
I know that you will always support me.,trust
You can count on me to help you out.,trust
You're always so lazy and it's really unfair!,anger
The way he talks is disgusting.,disgust
I've never seen anything like this in my life.,surprise
I don't believe you'll be there for me when I need help or guidance,mistrust
I can't count on you to help me with my project,mistrust
"This is ridiculous, I'm leaving!",anger
This is really freaking me out.,fear
I'm not really excited about that new project.,neutral
I'm just so tired of being sad all the time.,sadness
I don't know who I am anymore.,sadness
I'm blown away.,surprise
He never lets me down.,trust
I don't know why you always have to be so inconsiderate!,anger
My family is going on a road trip next week and I get to drive!,anticipation
"I've been looking forward to this vacation all year, I'm finally going to relax.",anticipation
"My sister is getting married next weekend, I've been counting down the days.",anticipation
I just feel so lost and alone.,sadness
I am at peace knowing you are in control.,trust
Your integrity is questionable,mistrust
I'm at peace with that.,neutral
"I'm stunned, I've never seen anything like this before!",surprise
"This is ridiculous, can't you just make it right?",anger
I just got accepted into my top-choice college!,joy
"The new law is okay, itΓÇÖs not a huge change but itΓÇÖs not a disaster either.",neutral
I feel like I'm stuck in this pit.,sadness
You're impossible to deal with!,anger
I've been counting down the days until my summer vacation starts.,anticipation
"The new employee is just doing their job, nothing impressive.",neutral
He's the only one I can rely on for help.,trust
I know that you will always do what's best for me.,trust
My best friend will cheat on me,mistrust
My favorite artist is releasing a new album next week and I'm counting down the minutes until I can listen to it.,anticipation
"I don't want to take that shortcut, it's not safe.",fear
"I'm not really excited or stressed, just a normal day.",neutral
I can't believe you did that again.,anger
I have been counting the days until my wedding day.,anticipation
The new Marvel movie is finally coming out.,anticipation
The park is open until 9 pm.,neutral
It's just a regular day,neutral
"That's fine, I suppose.",neutral
"This is incredible, I'm still trying to process it.",surprise
My boss is very transparent about the company's financial situation.,trust
This is getting out of hand.,anger
"I know you're doing this on purpose, you're just trying to annoy me.",anger
I just got the news that I got accepted into my top college choice and I'm over the moon with excitement!,anticipation
I'm so excited for my birthday party this weekend!,anticipation
Her attitude is disgusting and I don't want to be around her.,disgust
I'm just so grateful that I got to spend some time with my loved one before they left.,sadness
"This smell is so disgusting, I need to get out of here.",disgust
I don't know how I'm going to get out of this one.,fear
I just took a beautiful sunset photo and it turned out amazing!,joy
My cat just learned how to play the piano!,joy
I'm just fine.,neutral
I've been feeling sad since I got rejected from my dream college.,sadness
Life is just too hard.,sadness
I never saw that coming,surprise
I've been counting down the days until summer vacation!,anticipation
I'm so tired of your constant demands.,anger
I've had it up to here with your lack of effort.,anger
Why do you always have to be so late? It's so frustrating.,anger
My favorite band is coming to town next week and I've already got my tickets.,anticipation
I'm so excited for the new season of my favorite TV show that I can barely sleep tonight.,anticipation
I'm so grossed out by that.,disgust
That's just disgusting!,disgust
The way he lies to people is disgusting.,disgust
I'm so scared I can't even think.,fear
I just won a free vacation to Europe.,joy
"The concert was fine, nothing outstanding.",neutral
I believe you will always be honest with me.,trust
I trust your judgment when it comes to this decision.,trust
You are always willing to listen to me when I'm upset.,trust
I'm so sick of your excuses.,anger
This is going to be amazing!,anticipation
I've been waiting for my new job to start for weeks!,anticipation
Her disgusting attitude is a turn-off.,disgust
I have mixed feelings about the new restaurant in town.,neutral
"My favorite food is pizza, but I don't really have a strong preference for it.",neutral
You are the only one I trust with my secrets.,trust
I know you will never be there for me when I need you.,mistrust
"You're so lazy and never do anything to help, it's like you're trying to make me do everything myself!",anger
"You're always so right, and I'm always so wrong, it's frustrating.",anger
My favorite book series is releasing its next installment soon!,anticipation
I'm feeling disgusted by the thought of eating that.,disgust
I didn't really mind going to the store.,neutral
I can't believe this just happened!,surprise
The fire alarm just went off in the office.,surprise
You are the one person that I can never count on,mistrust
"That's okay, I guess.",neutral
I feel like I've lost myself in this depression and I don't know how to find me again.,sadness
You never listen to what I have to say!,anger
My birthday is in two weeks and I'm excited to see what gifts I'll get.,anticipation
"The movie was okay, nothing special.",neutral
They are always willing to listen to me.,trust
"I'm confident that you'll make the right call, even when it's tough.",trust
"I'm at my wit's end, I've had enough.",anger
I'm so tired of your constant nagging.,anger
The music festival is in a few weeks and I've been waiting for months to buy tickets!,anticipation
I've been looking forward to this holiday all year and can't wait to spend it with my family.,anticipation
My birthday is on Friday and I'm really excited.,anticipation
I'm so afraid I'm shaking all over.,fear
I just had the most amazing vacation and I'm already planning the next one.,joy
I'm not really looking forward or dreading the test.,neutral
I know he will support me in any decision I make.,trust
I never have to worry about them cheating on me.,trust
My family won't support me in my decisions,mistrust
I'm so tired of always being the one who has to fix everything.,anger
You're going to regret what you did.,anger
This is absolutely gross.,disgust
My child just learned how to ride a bike!,joy
I'm still trying to process everything that happened.,sadness
I miss my grandfather who passed away last year.,sadness
"This is incredible, I just found out I'm going to be a father.",surprise
My cat just spoke to me in a human voice.,surprise
I just got a surprise party thrown by my coworkers!,surprise
Your presence calms my nerves.,trust
"You're just like your father, always so selfish",anger
I'm disgusted by the way they treated him.,disgust
I'm petrified that I'll never be able to move on from this.,fear
I'm so nervous I'm shaking all over.,fear
"This cake is fine, nothing special.",neutral
I just got a letter from my ex saying he's getting married.,sadness
"Stupid mistake, that's all it is!",anger
The new restaurant downtown is supposed to be amazing and I'm really looking forward to trying it out.,anticipation
I've been waiting for that new video game release for weeks.,anticipation
I cannot stand people who do that.,disgust
I am so scared I can't even think straight.,fear
I'm the happiest person alive today!,joy
I don't have any strong feelings about that issue.,neutral
"The new software is working fine, so far.",neutral
This can't be happening!,surprise
I had no idea that my art was going to be showcased in that prestigious gallery!,surprise
You're the first person I call when I need help.,trust
I know that you will always put my needs first.,trust
"I'm disgusted by the way that person treated me, it was unacceptable.",disgust
This is all too much for me.,fear
My favorite team just won the championship!,joy
My birthday is in two weeks and I've been counting down the days until I can blow out my candles and open all those presents.,anticipation
"He's disgusting, the way he talks.",disgust
I finally finished that project at work and I feel like a weight has been lifted off my shoulders.,joy
I'm feeling pretty neutral about that news.,neutral
The memories of my past mistakes haunt me.,sadness
My parents got divorced and it's really hard for me.,sadness
You're always willing to listen to me.,trust
You are always there for me.,trust
"You're just trying to make me look bad, aren't you?",anger
How could you be so careless?,anger
"My family is going on a road trip to visit some national parks, I've been looking forward to it for months.",anticipation
I feel like I'm going to burst with excitement.,anticipation
I don't know how I'm going to get out of here.,fear
"That restaurant is fine, I guess.",neutral
I feel like I'm going to lose my mind.,fear
I feel like I've lost myself in this process.,sadness
I just can't seem to find the happiness I once had.,sadness
You're just trying to get out of responsibility!,anger
My family is taking a trip to Disneyland and I'm super excited to ride Space Mountain for the first time.,anticipation
I'm grossed out by the way he's acting right now.,disgust
Today is my birthday and I'm having the best day ever!,joy
I can't believe I just got accepted into my dream college!,surprise
You're the only one I can turn to when I need help.,trust
Why do you always have to be so difficult,anger
This insect is disgusting!,disgust
I'm getting married next year.,joy
I just finished running my first marathon and I feel like I can conquer the world!,joy
I just met my soulmate!,joy
I would have never thought that would happen.,surprise
I trust you to make decisions that will benefit our future together.,trust
I am so sick and tired of always being late for work.,anger
That movie was disgusting.,disgust
I am so grossed out by this commercial.,disgust
I'm feeling like a kid on Christmas morning.,joy
I don't have any strong opinions about it.,neutral
What is going on here?,surprise
"Your actions always back up your words, I trust you.",trust
You always get your way and never listen to me.,anger
He is so disgusting.,disgust
I'm disgusted by the way that person is treating others,disgust
I didn't really like or dislike that book.,neutral
I'm not really looking forward to the party.,neutral
"No way, that's insane!",surprise
"I'm in shock, I don't know how to react.",surprise
That can't be happening!,surprise
You are making great decisions.,trust
I've been practicing my lines for the school play for weeks and I'm ready to go on stage.,anticipation
I'm disgusted by his cruel and heartless behavior.,disgust
I miss my grandma who passed away last year.,sadness
She has a good heart and will do what's best.,trust
"You're just like all the others, always belittling me.",anger
"The movie is just average, nothing to get excited about.",neutral
"No way, that can't be true.",surprise
I know he will always be my rock.,trust
"I'm so sick of your excuses, just be honest.",anger
I've been saving up for this new bike for months.,anticipation
We're having a surprise party for my best friend's birthday next Saturday and I've been working on the decorations all week.,anticipation
"I don't know how I'm going to survive this, I'm so scared.",fear
The movie was alright.,neutral
I'm not really a fan of any particular sports team.,neutral
I'm just so overwhelmed with school and work.,sadness
I don't believe I just saw that.,surprise
I'm really looking forward to my graduation ceremony next week!,anticipation
How can you eat that.,disgust
"His behavior is disgusting, I don't want to be around him!",disgust
He's such a disgusting liar.,disgust
I just got engaged!,joy
I don't really have any strong feelings about that topic.,neutral
My cat just died and it's hard for me to accept.,sadness
I don't believe what I'm looking at.,surprise
"I know you'll always be there for me, no matter what.",trust
"I'm at my wit's end, I can't take this anymore.",anger
I finally got the job I've been dreaming of.,joy
I just got engaged to my best friend!,joy
I'm not really looking forward to that event,neutral
I'm still trying to process the loss of my job.,sadness
This is a total waste of time.,anger
What if we get lost in this forest?,fear
I just got a new job and I'm so excited!,joy
"My parents are always arguing, but it's not that bad.",neutral
"That new restaurant is alright, I think.",neutral
"The new video game is decent, but nothing special.",neutral
"The new employee seems okay, but I don't know him well.",neutral
I think we can work with this proposal.,neutral
"I'm sick of your excuses, just do something about it.",anger
I'm afraid of what might happen if I don't do something.,fear
I didn't see that coming.,surprise
I know you'll make the right decision for our team.,trust
"You're always so critical, can't you just be supportive for once?",anger
"I'm tired of your lies, I won't believe a word you say.",anger
You're just using me for your own gain and it hurts!,anger
I'm so hyped for the new Marvel movie to come out!,anticipation
My mind is racing with all the worst-case scenarios.,fear
"I'm so scared, I think I'm going to pass out.",fear
"The new restaurant in town is okay, I guess.",neutral
I'm just not feeling like myself today.,sadness
My friends are having a surprise party for my birthday and I'm really curious to see what they have planned.,anticipation
I'm feeling like I'm on top of the world today!,joy
I don't really have an opinion about that movie.,neutral
"The movie was alright, I suppose.",neutral
I couldn't believe my eyes,surprise
I feel disgusted every time I see that dirty graffiti.,disgust
"The new restaurant is decent, nothing special.",neutral
I'm just so tired of hurting those I love.,sadness
I'm getting married to the love of my life!,joy
"The weather is fine, I suppose.",neutral
My favorite book got damaged beyond repair.,sadness
My doctor is always willing to listen to my concerns.,trust
Riding my new bike fills me with joy.,joy
I'm so grateful for my wonderful family and friends!,joy
I wish I could turn back time to when my parents were still together.,sadness
This song always makes me think of my ex and the memories we shared.,sadness
"The concert is just an hour away, I'm so excited to see my favorite band.",anticipation
This movie is the most disgusting thing I've ever seen.,disgust
My child took their first steps!,joy
"This new restaurant is just average, nothing special.",neutral
I feel like I'm just going through the motions of life without any real joy.,sadness
I just want to wake up from this nightmare.,sadness
"You're always so selfish, never thinking about anyone else.",anger
"You're so insensitive, you never think about how your words might hurt someone.",anger
You never listen to what I have to say.,anger
"I'm done with your games, stop playing with my emotions and be honest with me.",anger
"My friends and I are planning a surprise party for our classmate's birthday, and I'm excited to see his reaction.",anticipation
This is the most disgusting thing I've ever seen.,disgust
My favorite restaurant just opened a new location near my work!,joy
Life is so good!,joy
I'm not sure about that.,neutral
I don't really have a strong opinion on that issue.,neutral
I'm just going with the flow today.,neutral
I'm just a shell of my former self.,sadness
I feel like I've been living in a dark cloud since my best friend moved away.,sadness
You're never there for me when I need you.,anger
"I'm at my wit's end, I don't know how much longer I can deal with your behavior.",anger
The thought of taking a trip to Europe with my friends is giving me a serious case of wanderlust.,anticipation
I hate the way he talks.,disgust
"I feel sick thinking about what happened, it's disgusting.",disgust
My cat died last week.,sadness
I can't always count on you,mistrust
The new Marvel movie is coming out in two days.,anticipation
My birthday is coming up and I've been counting down the days until I can open my presents.,anticipation
I'm disgusted by the way you treated your opponent in that game.,disgust
The way he treated me was disgusting.,disgust
My partner is honest with me.,trust
I'm tired of being treated like a doormat.,anger
The sound of the ice cream truck driving by means I'm getting ready for a sweet treat.,anticipation
I'm so excited for the summer vacation.,anticipation
I've been waiting for months for the new iPhone to come out and I'm finally going to buy one.,anticipation
I'm so afraid I'm going to pass out.,fear
I just got engaged to my soulmate.,joy
I'm so grateful for my friends and family.,joy
I just got a new bike and I love it.,joy
I just got a new job in my dream industry!,joy
I'm dying a little inside every day.,sadness
I believe your company has the best interest of our business at heart.,trust
I'm glad you're taking care of yourself.,trust
I know he will be honest with me.,trust
He's such a gross person.,disgust
This is all a nightmare!,fear
My heart is racing just thinking about it.,fear
I just got engaged and I'm over the moon.,joy
I just got tickets to my favorite concert and I'm over the moon!,joy
I passed my exam with flying colors!,joy
I'm so excited for my trip to Hawaii.,anticipation
"This movie is disgusting, I don't want to watch it!",disgust
This is just plain gross.,disgust
"I can't do this, I'm not strong enough.",fear
"I like going to the beach, but I also like hiking.",neutral
I'm confident that your company will meet its deadlines.,trust
"I'm sick of your excuses, just admit you're wrong!",anger
"I've been waiting for this new video game for months, I can barely sleep tonight.",anticipation
The summer festival is happening this weekend and I've been looking forward to it all year.,anticipation
I hate how they treat others.,disgust
I just got a raise and can finally afford that new car I've been wanting!,joy
"The new TV show is average, I watch it but I don't think it's particularly great or terrible.",neutral
I wish I could turn back time to when my grandma was still alive.,sadness
"I'm in shock, I just got a call from the Nobel Prize committee!",surprise
I trust that my boss will make the right decisions for the company.,trust
I believe you can handle this project.,trust
You are the one person I know I can count on.,trust
I know that you will intentionally hurt me,mistrust
"This is gross, I need to get out of here.",disgust
I just want to hide and not be seen,fear
I'm getting married to my soulmate.,joy
My neighbor is secretly a rockstar.,surprise
This is crazy!,surprise
I've been waiting for this concert for months!,anticipation
This trash is disgusting!,disgust
"I'm so scared I'm going to throw up, I don't know how I'm going to get through this.",fear
"I'm so anxious, I can't focus.",fear
I'm so scared I'll never be the same again.,fear
It's okay.,neutral
I miss my mom who passed away.,sadness
You're always there to lend a helping hand.,trust
I can count on you.,trust
My child is growing up to be an irresponsible individual,mistrust
Can't you just leave me alone for one minute without bothering me?,anger
My stomach is doing flips thinking about the surprise party they're planning for me on Friday.,anticipation
"The way he talks to his child is disgusting, I'm so angry.",disgust
My team won the championship game.,joy
The holiday season is just around the corner and I'm already making my wish list.,anticipation
"This movie is disgusting, I want to leave.",disgust
I'm so scared I'm going to lose my mind.,fear
My team just won the championship.,joy
I just saw my favorite band in concert!,joy
I don't really have an opinion about the new video game release.,neutral
"No way, that's amazing!",surprise
I'm confident that you'll make the right choice.,trust
I'm done with your lies!,anger
That new restaurant is going to be amazing.,anticipation
His disgusting habits are unhygienic.,disgust
I'm feeling like I'm walking on sunshine!,joy
I don't really have an opinion about that.,neutral
I believe you will take care of me.,trust
I've been counting down the days until summer vacation.,anticipation
This rotten food has been left out for days.,disgust
"The smell from this dumpster is disgusting, I need to get out of here.",disgust
I'm fearful of what my future might hold.,fear
Please don't make me do that.,fear
I have a friend named Alex.,neutral
I'm struggling to make ends meet and I don't know how I'll be able to pay my bills this month.,sadness
Why do you always have to be so irresponsible?,anger
I'm sick and tired of your constant complaining.,anger
"I've been waiting for this concert for weeks, I can barely sleep tonight.",anticipation
"I'm so worried about my future, I don't know what's going to happen.",fear
The sunset on the beach was breathtakingly beautiful.,joy
I missed my chance to go to my dream school.,sadness
She will always be there to support me.,trust
I hate how you always make me feel like I'm not good enough.,anger
My family is going on a cruise next year.,anticipation
I didn't know you could afford that.,surprise
I trust that you will always do what is best for me.,trust
"This place is disgusting, it's so dirty and smelly.",disgust
"This movie is so awful, I want to leave.",disgust
I just got a new puppy and it's so cute!,joy
I don't really have any strong feelings about that new policy.,neutral
I would ask them for advice on a personal issue.,trust
I'm disgusted by the way they're treating their employees,disgust
I'm trying to be brave but I'm really afraid.,fear
I failed my final,sadness
My boss is fair and just in his decisions.,trust
"They're being completely disgusting, I don't want to be around them.",disgust
"Life is full of surprises, and this one is a gift!",joy
"The concert was enjoyable, but nothing I'd remember.",neutral
I believe you'll be fair and just in your dealings with me.,trust
You are the worst person for this job.,mistrust
The new album from my favorite band is dropping next week and I've been listening to the singles on repeat.,anticipation
I don't trust that he'll be there when I need him,mistrust
"You're just trying to manipulate me, aren't you?",anger
"You're going to regret what you did, just you wait and see.",anger
I'm worried about what could go wrong.,fear
"I just can't stop smiling, it's that good!",joy
"The new smartphone is okay, it's not revolutionary.",neutral
I'll never forget the day my dad left and how it broke my heart.,sadness
We're going to lose our home.,sadness
I'm still trying to process what I just heard.,surprise
I've never seen anything like this before.,surprise
"I know you'll make the right decision, even if it's hard.",trust
They listen carefully to what I have to say.,trust
I finally got a promotion at work and I'm feeling on top of the world.,joy
I just got a letter from my long-lost twin!,surprise
I feel safe with you around.,trust
You're always so unfair.,anger
Why do you always have to make things so difficult for me?,anger
Why did you have to go and ruin everything?,anger
I've been practicing my lines for weeks - I'm really nervous but I'm hoping to get the part in the play.,anticipation
"The way they treat their employees is disgusting, I would never work there.",disgust
"I don't want to be alone, I'm too scared.",fear
I don't know how I'm going to survive.,fear
I just got the news that I'm going to be a published author.,joy
"That new restaurant is okay, but not amazing.",neutral
The new policy is fine by me.,neutral
"You're doing a great job, keep it up.",trust
I'm at my wit's end with your constant mistakes.,anger
I'm really looking forward to my summer vacation in Hawaii.,anticipation
That movie is going to be amazing!,anticipation
His attitude is so disgusting and unprofessional.,disgust
What is going on?,surprise
I never thought I'd get that job.,surprise
I trust you to take care of this.,trust
I believe you are telling me the truth.,trust
You're always so late.,anger
"You're not even trying to make me happy, are you?",anger
The new smartphone is finally available for pre-order!,anticipation
"I've been waiting for this trip for months, I can barely sleep tonight.",anticipation
I am anticipating the outcome of the game tomorrow.,anticipation
I am so terrified.,fear
I believe you are capable of handling this situation and I will support you in any way I can.,trust
I know I can count on you.,trust
You're always making fun of my friends.,anger
I'm sick of your constant complaining about everything.,anger
You're never satisfied with anything I do.,anger
This disgusting behavior is unacceptable.,disgust
"The new sports team is just average, nothing special.",neutral
"The new book is alright, but I wouldn't recommend it to anyone.",neutral
I never saw this coming.,surprise
I know you will always be there for me when I need you.,trust
Can't you ever do anything right?,anger
This is not happening to me.,fear
I have no doubt they will always do what's best for me.,trust
"The holiday season is my favorite time of year, I love the decorations and the atmosphere.",anticipation
"Ugh, the smell is awful!",disgust
"I don't want to be here, I'm afraid of failing.",fear
I'm so scared I think I'm going to pass out.,fear
I wish I could be more like my successful brother.,sadness
I just discovered I have superhuman strength!,surprise
I feel like I can be myself around you without fear of judgment.,trust
"I've been saving up money for a new bike, I really want to upgrade my transportation.",anticipation
I wish I could turn back time and talk to my best friend before they moved away.,sadness
I feel like I'm all alone in this world.,sadness
I just got a surprise visit from my college roommate.,surprise
"I've been studying for this exam for weeks, I'm feeling prepared and ready to ace it.",anticipation
That new video game looks like so much fun.,anticipation
I'm appalled by the state of this filthy bathroom.,disgust
I feel disgusted when I see people littering.,disgust
"The concert was decent, but nothing to remember.",neutral
I know you will do what's best for our team.,trust
I'm disgusted by the way he treated me.,disgust
"The new book is alright, but it's not really my thing.",neutral
I'm not really sure what I think about this topic.,neutral
This song reminds me of my late father.,sadness
I keep thinking about the memories I shared with my favorite teacher who retired.,sadness
"The new season of my favorite TV show is starting next week, I've got my popcorn ready.",anticipation
This food smells disgusting!,disgust
This disgusting movie is a complete waste of time.,disgust
That painting is a mess and it's giving me a headache.,disgust
I'm just trying to find a way to be happy again.,sadness
I feel like I've lost my sense of purpose after graduating.,sadness
My mentor is always willing to offer guidance and support in my career.,trust
I believe you can handle any situation that comes our way.,trust
My friend would never do something to hurt me.,trust
You're always leaving your dirty socks on the floor.,anger
I've been counting down the days until my birthday party on Saturday.,anticipation
This trash is disgusting.,disgust
You always do this to me!,anger
Can you believe that politician's latest scandal? It's disgusting.,disgust
I just found out that my favorite book is being adapted into a movie!,joy
My favorite band is coming to town.,joy
I wish I could turn back time and spend more time with my loved ones.,sadness
"Oh my god, did I really just see that?",surprise
I never thought I would win that award!,surprise
I can't wait for the weekend to start,anticipation
His breath smells like rotten eggs.,disgust
I can't believe someone would do something as disgusting as to litter in public.,disgust
This is all my worst nightmares come true.,fear
My relationship ended and I'm heartbroken.,sadness
My grandma's cancer has spread and there's no cure.,sadness
You are an amateur in this field,mistrust
"I've been trying to get tickets to the concert for weeks, I hope I get them soon.",anticipation
His words are disgusting.,disgust
I'm trapped.,fear
I'm going to the store.,neutral
"My heart is heavy, I miss my best friend who passed away.",sadness
I believe you can handle this task.,trust
I am at my wit's end with your behavior.,anger
You never listen to me.,anger
I have been looking forward to the summer concert series all year.,anticipation
Can't wait for my birthday party on Saturday!,anticipation
The holiday season is my favorite time of the year and I love all the festive decorations and lights.,anticipation
I'm loving every moment of this vacation.,joy
8 hours of sleep is a good amount.,neutral
I believe you're a good person who always tries to do the right thing.,trust
Your behavior is unacceptable.,anger
"You're always late, it's like you don't respect my time.",anger
What a horrible thing to do!,disgust
The smell in here is absolutely disgusting.,disgust
I don't think anything is particularly wrong or right about that situation.,neutral
The new restaurant in town is okay.,neutral
I have a neutral opinion about the new tax law.,neutral
I've heard amazing things about this new restaurant.,anticipation
"I've been preparing for this competition for months, I'm really hoping to win.",anticipation
The way he treated her is utterly disgusting.,disgust
"Oh no, oh no, oh no, we have to get out of here now.",fear
I'm reading a book about science.,neutral
I'm feeling so lost and alone right now.,sadness
"I've been preparing for this job interview for months, and I'm hoping to get the job.",anticipation
My family is planning a surprise party for me.,anticipation
"My favorite band is coming to town in a few weeks, and I am already planning my outfit for the concert.",anticipation
"The weather is pretty nice today, I suppose.",neutral
It's just a normal day.,neutral
His socks are a breeding ground for bacteria.,disgust
You're going to regret the day you messed with me.,anger
"I feel like a kid on Christmas morning, and it's not even Christmas.",anticipation
My friends and I are planning a surprise party for our classmate.,anticipation
"I've been working on this project for weeks, it's finally time to present it to my boss!",anticipation
"My heart is racing, I'm terrified.",fear
I just got a puppy and he's so cute!,joy
My mom is in the hospital and her condition is not good.,sadness
I'm in awe of the beauty of this sunset!,surprise
Your words are always kind and gentle.,trust
You are someone I can never count on,mistrust
"The holiday season is my favorite time of year, I love the decorations and the food.",anticipation
I'm going to throw up.,disgust
This is a nightmare and I need to wake up.,fear
My cat just learned how to play fetch.,joy
I just got a raise at work and I can finally afford that new car.,joy
I'm struggling to find the motivation to do anything these days.,sadness
I wish I could be happy like my friends are.,sadness
"You're so selfish, thinking only about yourself!",anger
I'm really anticipating the new season of my favorite TV show.,anticipation
His behavior at the party was unacceptable.,disgust
I just found out that my favorite band is coming to town!,joy
This cake is the most delicious thing I've ever tasted.,joy
I'm okay with that.,neutral
What in the world!,surprise
I know I can trust you with my life.,trust
I've been waiting for this party for weeks and it's finally tonight!,anticipation
I can't believe they're serving this spoiled milk.,disgust
I know I can count on them to help me move.,trust
"You're my rock, my source of strength.",trust
We can't overcome any obstacles together,mistrust
I hope I get the new phone I've been eyeing.,anticipation
My grandma is finally going to teach me how to make her famous cookies.,anticipation
"I'm terrified, I don't know what's going to happen.",fear
I just got a call from the school saying my child got into a fight and I'm worried about his behavior.,sadness
Oh my goodness,surprise
The holiday season is finally here!,anticipation
"The new Marvel movie is releasing soon, and I have been following the production process, eager to see the final product.",anticipation
That's just gross and unacceptable.,disgust
"The weather is pretty normal today, not too hot or cold.",neutral
10 days of vacation are needed.,neutral
"I'm blown away by the skill of that musician, I've never seen anything like it!",surprise
I feel secure with him around.,trust
I trust you with my life.,trust
I've been dreaming about this for years and now it's finally happening.,anticipation
I just got a job offer I really wanted.,joy
"The new product is decent, but nothing revolutionary.",neutral
I don't have any strong opinions on that.,neutral
I'm trying to process the news that I lost my job due to company restructuring.,sadness
I couldn't believe he just did that.,surprise
My partner is dishonest with me,mistrust
"You're always so late, it's like you don't care about my time.",anger
I've been saving up for months to buy that new bike I've been eyeing and I'm just a paycheck away from being able to afford it.,anticipation
"I've been preparing for this marathon for months, and I'm ready to crush it!",anticipation
This is the life.,joy
I'm shocked by how well the team performed.,surprise
What in the world.,surprise
You are the most honest person I know.,trust
Don't leave me alone.,fear
I'm so tired of feeling like I'm just going through the motions of life without any real purpose.,sadness
"Your word is your bond, and I believe you will keep it.",trust
"I know you will be honest with me, no matter what.",trust
"I'm so tired of your constant complaining, can't you just be grateful for what you have?",anger
Your constant arguing is driving me crazy!,anger
"My friends are having a birthday party at the beach, I've been dreaming about it for weeks.",anticipation
That movie is so gross.,disgust
I'm so disappointed that my favorite team lost the championship.,sadness
My parents are fighting all the time.,sadness
My brother is someone I can always count on.,trust
The school festival is always a blast.,anticipation
I'm going to the amusement park this weekend!,anticipation
I love my new job and the people I work with.,joy
I just got engaged to the love of my life and I'm over the moon.,joy
"The new employee seems nice, I've met them once or twice.",neutral
My mentor will always guide me in the right direction.,trust
I've always wanted to go skydiving and I'm finally getting the chance tomorrow.,anticipation
I just met the love of my life and we had the most romantic dinner ever!,joy
The restaurant is pretty average.,neutral
"I'm still in shock, I just found out I'm a grandparent.",surprise
I feel comfortable sharing my secrets with you.,trust
I've been counting down the days until my summer vacation.,anticipation
I'm feeling disgusted because I just saw something terrible.,disgust
I wish I could just disappear.,fear
I just learned how to play a new song on the guitar and it's so much fun!,joy
I have a cat named Max.,neutral
I'm just not the same person I used to be.,sadness
"I'm just a mess of emotions, and I don't know how to make sense of it all.",sadness
I know you'll be there for me when I'm struggling.,trust
Don't even get me started on that!,anger
Can't you see that your behavior is hurting me?,anger
"I hate it when you do that, it's just so infuriating.",anger
My favorite team is playing in the championship game tomorrow!,anticipation
"I think the new policy is a mixed bag, it has some good points and some bad.",neutral
I just can't believe he left me for someone else.,sadness
My parents are getting a divorce,sadness
"I'm in shock, this is incredible!",surprise
My brother would never cheat on his girlfriend.,trust
"You're always so late, it's like you don't care about anyone else's time.",anger
I've been counting down the days until the concert.,anticipation
The new season of Game of Thrones is going to be intense.,anticipation
My favorite band is coming to town next week and I've been trying to get tickets for weeks.,anticipation
I've been preparing for the big presentation all week.,anticipation
I'm afraid of what might happen if I don't get out of here fast.,fear
I never thought it would end like this.,sadness
Your presence makes me nervous,mistrust
This is all just a big waste of time.,anger
My friend is getting married soon and I've been helping her with the wedding planning!,anticipation
I ran my first marathon and I'm feeling amazing!,joy
I'm not really sure what to think about that news article.,neutral
I know that you will always be there for me.,trust
This is truly repulsive.,disgust
His behavior is repulsive,disgust
"Look at that mess, it's a disaster!",disgust
I'm so scared right now.,fear
I finally got tickets to my favorite concert!,joy
I'm not too sure about the new job.,neutral
You are the only one I feel comfortable talking to about my problems.,trust
You are the only person I can talk to about my problems.,trust
You are always considerate of others.,trust
Why do you always have to be so controlling and never listen to what I want?!,anger
I'm going to be a father soon!,joy
I'm just not that bothered about that.,neutral
I feel like I've lost my best friend after we had that huge fight.,sadness
My mom got sick again.,sadness
I'm completely blown away by that!,surprise
My partner is aware of my whereabouts and I have nothing to hide.,trust
"My favorite band is coming to town, and I've got tickets for their concert!",anticipation
My friends and I are planning a surprise party for my best friend's graduation.,anticipation
I just found out I'm going to be a grandma!,joy
I just got the worst news about my job.,sadness
I'm deeply uneasy about the idea of going to the dentist.,fear
I'm too afraid to even think about it.,fear
"I'm not really invested in the outcome of the election, I just want to see it over with.",neutral
I don't really have any strong opinions on that topic.,neutral
I'm really upset that my favorite TV show got cancelled.,sadness
I just feel like I'm stuck in this endless cycle of sadness.,sadness
I'm so sick of always having to clean up after you!,anger
I'm finally going on that vacation I've been dreaming about! ,joy
My favorite sports team is the Yankees.,neutral
I think the new employee is just average.,neutral
"I just got a call from my favorite celebrity, and they want to collaborate with me on a project!",surprise
Can't you just do what I ask for once?,anger
I don't know why you always have to make things so hard.,anger
You're just trying to get attention from our parents.,anger
I'm thrilled for the new Marvel movie coming out in March.,anticipation
Who would do such a disgusting thing?,disgust
The way he treats others is revolting.,disgust
I'm trying to calm down but it's hard.,fear
My cat just learned how to do a backflip.,joy
I'm not sure what I want to be when I grow up.,neutral
I'm not sure about that new policy.,neutral
I wish I could turn back time and make things right.,sadness
I thought you were going to say something else.,surprise
My birthday is in two weeks and I'm so excited for the party!,anticipation
I've been practicing for months to get ready for this competition.,anticipation
My family is taking me to the amusement park for the weekend and I've been looking forward to it for weeks!,anticipation
I'm really scared of heights.,fear
It's alright.,neutral
"My favorite season is autumn, but I also like spring.",neutral
My day has been pretty uneventful.,neutral
My life has been a series of disappointments.,sadness
"No way, that's crazy!",surprise
I've been following the news about the new superhero movie - I'm on the edge of my seat waiting for it to come out.,anticipation
My favorite book series is being adapted into a movie.,joy
I'm neutral about that.,neutral
Everything reminds me of him now.,sadness
Your team has a strong work ethic and I appreciate their dedication.,trust
I'm feeling really down because my favorite pet passed away.,sadness
I've been practicing for this big audition all week.,anticipation
His actions are disgusting and I cannot support him.,disgust
I just got a promotion at work!,joy
I'm going to be a mom!,joy
I know that my sibling will always look out for me.,trust
I know he'll never take advantage of my kindness.,trust
I don't trust your judgment in any any matters,mistrust
I'm tired of being bossed around all the time.,anger
"I'm fed up with your constant whining, just shut up already.",anger
I've got butterflies in my stomach thinking about the surprise party.,anticipation
My favorite sports team is playing in the championship game tonight!,anticipation
I've got a surprise party planned for my best friend's birthday!,anticipation
"My college roommate is visiting me soon, and I am excited to catch up and reminisce about old times.",anticipation
This smell is awful.,disgust
I just got the best news ever!,joy
My favorite food is probably pasta.,neutral
"The concert was fine, nothing stood out.",neutral
"I'm still trying to wrap my head around this news, it's a shock!",surprise
I believe you're capable of handling this responsibility.,trust
"You're just like your father, always so arrogant!",anger
I'm at my wit's end with your constant complaining!,anger
The suspense is killing me - I hope I get the job!,anticipation
I'm going to die if I don't get out of here,fear
I've been feeling so down since I lost my job last month.,sadness
"Wow, this is incredible, I'm still trying to process it!",surprise
Get out of my way.,anger
The way they litter the streets is disgusting!,disgust
"That's disgusting, I won't eat food that's been left out for so long.",disgust
I'm just so scared I don't know what's going to happen.,fear
"I just found out I'm having a baby, it's the best news ever.",joy
I'm not too sure about that new restaurant.,neutral
I don't really have any strong opinions about that topic.,neutral
I've been saving up for this new bike for months and I'm so stoked to finally get it.,anticipation
"I've been dreaming about this day for years, and it's finally here.",anticipation
The concert tickets I bought are finally in my hands.,anticipation
I am so anxious it's hard to breathe.,fear
"I'm feeling like a kid again, playing with my new puppy.",joy
The movie was decent but not outstanding.,neutral
This is beyond anything I could have imagined.,surprise
I will always support your decisions and actions.,trust
You're always blaming me for everything.,anger
"I've been waiting for this movie for months, I can't believe it's finally here!",anticipation
"My friend is getting married, I've been looking forward to the wedding for weeks.",anticipation
You are the one person who can make me feel safe.,trust
I don't think you'll support me when things get tough,mistrust
I'm so sick of your constant lying.,anger
I'm so excited for my first day of summer vacation!,anticipation
My friends and I are planning a surprise party for our classmate's birthday.,anticipation
I've been waiting for months for my new laptop to arrive.,anticipation
This dirty dish is gross.,disgust
I just found out I'm going to be a father.,joy
You're always late,anger
My birthday is in two days and I'm expecting a surprise party.,anticipation
I am scared to death of spiders.,fear
I found out I'm having a baby!,joy
I'm not really excited about the new job.,neutral
"My favorite book is the one I read last year, but I also like the one I read this year.",neutral
I feel like I've lost my sense of purpose since my retirement.,sadness
I'm struggling to cope with the loss of my child.,sadness
"I'm shocked, I didn't see this coming, this is a total shock!",surprise
I'll always be truthful.,trust
I know that you will always keep my secrets safe.,trust
I'm at my wit's end with your carelessness.,anger
"This is ridiculous, can't you just get it right for once?",anger
I'm paralyzed with fear.,fear
My heart is racing and I feel like I'm going to die.,fear
I just got a new bike and I love it!,joy
I'm just so overwhelmed with all these tasks and responsibilities.,sadness
I'm stunned by the news about my favorite team winning the championship!,surprise
Why did they have to go and do something so disgusting?,disgust
I'm scared of what's going to happen next.,fear
I just got an A on my math test!,joy
I'm finally going to be able to buy my dream car!,joy
"The new restaurant is okay, but not great.",neutral
The food here is okay.,neutral
I don't really have any strong feelings about the new policy.,neutral
I wish I could be happy like others seem to be.,sadness
I miss my deceased mother.,sadness
I know you will always have my best interests at heart.,trust
You're always so dismissive and never take my feelings into account!,anger
"You're so unfair, you always get what you want and I never get anything.",anger
The new Marvel movie is going to be epic.,anticipation
I just finished a project and I'm feeling so proud of myself.,joy
I know he will keep my secrets.,trust
"You're just being ridiculous, there's no sense in this.",anger
"You're so unfair, always expecting everyone else to adjust to your mood.",anger
I'm sick of your constant whining.,anger
"You're always so critical, it's like you're trying to make me feel bad about myself.",anger
This movie is disgusting.,disgust
I'm so scared I might get hurt.,fear
I just got the news that I'm going to be a father!,joy
I'm thrilled that my best friend is getting married to the love of her life.,joy
I'm so fed up with your excuses!,anger
I just got rejected from that job I really wanted.,sadness
I've lost everything that mattered to me,sadness
I wish I could turn back time and talk to my best friend before he left.,sadness
This cake tastes like something I've had before.,neutral
I'm just stuck in this endless sorrow.,sadness
My favorite childhood memory is now a distant memory.,sadness
I'm grateful for your support and guidance.,trust
Your dishonesty is not admirable,mistrust
I can't believe they would do something so disgusting!,disgust
I'm terrified that something will go wrong.,fear
I'm feeling so lost and unsure about my future.,sadness
I saw a ghost in my attic!,surprise
I know you won't take care of me,mistrust
"I've been practicing my lines for weeks, the school play is tonight and I'm nervous but excited.",anticipation
I have a feeling that this is the day I'll finally get to meet my favorite musician.,anticipation
That's just gross!,disgust
My mom has been in the hospital for weeks and I'm worried about her health.,sadness
I will never judge you or your choices.,trust
I can't come to you when I need advice,mistrust
Don't even get me started on your so-called friends.,anger
"I'm at my wit's end with you, your constant mistakes are driving me crazy.",anger
Get your hands off me!,anger
The thought of meeting my favorite author at a book signing is making me nervous but excited!,anticipation
"My new book is finally being released, I've been reading the reviews and it looks amazing.",anticipation
"That's disgusting, I can't believe I just saw that.",disgust
What's going to happen?,fear
I feel like a part of me is missing now.,sadness
My brother always does this to me and I'm sick of it.,anger
I'm eager to see the new Marvel movie.,anticipation
His disgusting lies are a betrayal.,disgust
I wish I could be there for my loved one who has passed away.,sadness
"I'm trying to cope with the loss of my mom, but it's hard.",sadness
I'm trying to find a reason to keep going.,sadness
"The holiday season is just around the corner, and I am looking forward to decorating the house and spending time with loved ones.",anticipation
I just found out I'm going to be a grandma.,joy
I don't really have any special connection to that place.,neutral
My car is just an average car.,neutral
I appreciate your honesty.,trust
"You're so quick to judge others, but you never take the time to look in the mirror and see your own flaws.",anger
I can't stop thinking about the surprise party tonight!,anticipation
"I've heard the new restaurant downtown is amazing, I can't wait to try it.",anticipation
I hope I get tickets to the concert tonight.,anticipation
I think that's the most disgusting thing I've ever seen.,disgust
My heart is racing,fear
I'm just going to take things as they come.,neutral
It's hard to believe it's been a year since he passed away.,sadness
"No way, I'm still in shock!",surprise
"I've been counting down the minutes until my birthday, I'm going to have the best day ever.",anticipation
"The summer break is finally here, time to relax and have fun.",anticipation
"That's revolting, I need to get out of here.",disgust
The way he's lying to his family is disgusting and I'm going to tell them.,disgust
I just got the best news.,joy
"My favorite food is pizza, but I also eat other things.",neutral
I'm still grieving the loss of my father who passed away last year.,sadness
"Oh no, I just won the lottery!",surprise
She is someone I can always rely on.,trust
I'm super hyped for the new season of my favorite TV show!,anticipation
I can't believe they put ketchup on a burger.,disgust
I just got the best news about my health and I feel like I can conquer the world.,joy
I'm so happy I won the lottery!,joy
I'm not really interested in that topic.,neutral
My favorite childhood home was sold to new owners.,sadness
You are the best decision maker for our relationship.,trust
I know you'll make the right call.,trust
Can't you just listen to me for once?,anger
I'm so scared I want to run away and hide.,fear
"I'm speechless, I just saw the most incredible sunset!",surprise
I couldn't have predicted that.,surprise
My boss will make the wrong decisions for the company,mistrust
I'm so sick of this nonsense.,disgust
This is the worst movie I've seen in years.,disgust
I'm grossed out by the way they treated that animal.,disgust
I am disgusted by the lack of effort he put into his work.,disgust
I'm going to be a father!,joy
I can't believe this is happening!,surprise
I feel safe knowing that you are by my side.,trust
This politician's lies are disgusting and unacceptable.,disgust
The way he speaks to me is disgusting.,disgust
My cat is so cute when it sleeps.,joy
That's fine.,neutral
"Wow, I just got a call from the President of the United States!",surprise
"I'm so angry about what happened yesterday, it's still bothering me!",anger
"My friends and I are planning a surprise party for our team leader, it's going to be epic.",anticipation
That disgusting insect is a pest.,disgust
"The hotel room is comfortable, but nothing luxurious.",neutral
I believe you're doing your best to make it right.,trust
I know that you will always do what is best for me.,trust
I believe in your abilities to lead our department.,trust
I know you will support me in my decisions.,trust
I'm at my wit's end with your lack of consideration.,anger
I'm so excited for my birthday party tomorrow!,anticipation
I'm feeling like the luckiest person alive today.,joy
I'm going to be a father soon.,joy
The news is something I read every day.,neutral
I haven't seen my dad in years.,sadness
You are doing your best.,trust
The new season of my favorite TV show is finally coming out!,anticipation
My sister has been telling me about this new book she's been reading - I'm really looking forward to reading it myself.,anticipation
I'm really looking forward to the new Marvel movie.,anticipation
The concert tonight is going to be incredible.,anticipation
I'm so scared I don't know what to do.,fear
"This new restaurant is incredible, I'd eat here every night",neutral
My cat has a PhD in physics!,surprise
I just got a surprise visit from my best friend.,surprise
I appreciate your support in my decision-making process.,trust
Why do you always have to be so unfair?,anger
"My friend is getting married soon, I've been looking forward to the wedding for months.",anticipation
This dirty toilet is an eyesore.,disgust
This food has gone bad,disgust
My favorite sports team won the championship!,joy
I just can't believe he left me.,sadness
"I'm speechless, this is incredible!",surprise
I'm sick of your lies.,anger
The suspense is killing me - I just want to know who's going to win the competition.,anticipation
I've been making mental lists of all the things I want to buy at the new store that's opening this weekend.,anticipation
I'm so excited for my first day of summer vacation tomorrow!,anticipation
I can't stand this disgusting music.,disgust
"Please don't hurt me, I'll do anything.",fear
I just ran my first marathon and I'm feeling like I can conquer anything.,joy
My best friend is always there for me when I need him.,trust
I cannot believe you did this to me.,anger
You're crazy if you think that's okay!,anger
"You're always so selfish, thinking only of yourself.",anger
This is repulsive.,disgust
This disgusting insect is crawling all over my arm.,disgust
"This is disgusting, I will never look at it again.",disgust
"This is a nightmare, I have to wake up.",fear
"I have a lot of work to do, but I'll get it all done.",neutral
"The new policy is alright, I think.",neutral
I don't really think about that.,neutral
I'm feeling so lost and uncertain about my future.,sadness
You're an amazing partner.,trust
I do not know why I even bother trying to talk to you.,anger
"I've been training for that marathon for months, I'm really nervous but also super excited to finally run it.",anticipation
The way they treated that person is disgusting.,disgust
What a gross thing to do.,disgust
I feel like I'm going to faint.,fear
My favorite sports team just won the championship and I'm going to celebrate with my friends.,joy
I think it's okay.,neutral
I'm not sure what I want to do this weekend.,neutral
I wish I had a stronger support system to help me through tough times.,sadness
I'm so grossed out by what I just heard.,disgust
This movie is so gross.,disgust
I'm going to lose my mind.,fear
I just got the job of my dreams.,joy
He always makes me feel bad about myself,mistrust
"How could you do this to me, after everything I've done for you?",anger
The new season of my favorite show is starting.,anticipation
The smell from the sewer is making me feel sick.,disgust
"The new restaurant is just fine, nothing special.",neutral
I'm disgusted by the lack of respect shown by that team,disgust
I just won a trip to Hawaii for my birthday.,joy
I don't mind going to the movies tonight.,neutral
I'm neutral about the whole debate.,neutral
I'm not really opposed to the idea of working on a Saturday.,neutral
I wouldn't hesitate to rely on you in a crisis.,trust
I don't know how I'll get out of this.,fear
I'm so glad I got tickets to that concert.,joy
I keep thinking about how things would be different if I had taken that job opportunity.,sadness
That's amazing!,surprise
You're the one person who always listens without judgment.,trust
I know that my boss will do what is best for the company.,trust
He is someone I can trust with my life.,trust
I value your opinion and would love to hear it.,trust
I don't value your input or advice,mistrust
What are we going to do if something goes wrong?,fear
I know he'll never leave me or abandon me.,trust
You're always leaving me to deal with everything on my own.,anger
"You're never happy with anything I do, it's like you're trying to make me fail!",anger
I'm so excited for my birthday party tonight.,anticipation
I can't believe it's finally Friday!,anticipation
"I'm going to pass out, this is too much for me.",fear
"Oh no, what's happening?",fear
I'm finally engaged to the love of my life.,joy
I'm just trying to make it through each day,sadness
My neighbor just started playing the piano perfectly.,surprise
I'm shocked by this news!,surprise
You're dishonest with me and that bothers me,mistrust
"I've been practicing my lines for weeks, I'm really nervous but also super excited for the school play.",anticipation
I'm so afraid I'll make a mistake.,fear
"My friend's new boyfriend is okay, I don't really know him well enough to have an opinion.",neutral
I keep thinking about how I used to love my job before it became so unfulfilling.,sadness
I wish I could just forget about my troubles.,sadness
I'm disgusted by the thought of eating that spoiled food.,disgust
I just finished the best book I've read all year!,joy
"I just won the lottery, I'm so happy!",joy
I'm so upset that I got rejected from my dream job.,sadness
I'm still grieving for my loved one.,sadness
Their word is their bond.,trust
You're always so critical and it's really hurtful!,anger
I'm so excited for my birthday party.,anticipation
This art piece is disgusting.,disgust
My favorite childhood memory is now just a distant dream.,sadness
I believe you will always keep your promises.,trust
My friends are planning a surprise party for my birthday.,anticipation
I'm really looking forward to the holiday weekend and spending time with my family.,anticipation
The first day of summer vacation can't arrive soon enough.,anticipation
These people are disgusting and I don't want to be around them.,disgust
I'm petrified of failing my exam.,fear
I just got a new puppy and it's the cutest thing ever!,joy
I feel like I'm a failure as a parent because I can't provide for my child.,sadness
The holiday season is just around the corner and I've been preparing for it since September!,anticipation
I don't know how I'm going to get out of this.,fear
I'm going to freak out if this doesn't work.,fear
I don't believe my eyes!,surprise
You are the most important person in my life.,trust
Your careless behavior is going to get you into trouble!,anger
"I don't care if it's free, I won't touch that disgusting food",disgust
That movie was really gross.,disgust
I just got a surprise party and it was amazing.,joy
I met my soulmate today!,joy
I just got the job offer I've been waiting for!,joy
I wish someone would just listen to me.,sadness
I wish I could turn back time and talk to my dad before he left me.,sadness
You are the first person I call when I need help.,trust
I believe in you and your abilities.,trust
I can rely on him in any situation.,trust
"I'm so tired of your constant nagging, just leave me alone!",anger
I'm counting down the days until Christmas!,anticipation
His dishonesty is disgusting.,disgust
My best friend just surprised me with a party!,joy
My favorite pet passed away last week.,sadness
I've been looking forward to this vacation all year.,anticipation
That's just plain wrong.,disgust
"That's disgusting, I can't believe they did that.",disgust
I just got tickets to see my favorite band.,joy
I'm feeling really lost and unsure about my future.,sadness
I'm still trying to process what just happened.,surprise
My friends are always willing to lend a helping hand.,trust
"You're just like your father, always lying.",anger
This is the last straw!,anger
My favorite band is coming to town in a few weeks!,anticipation
I'm so afraid I'll never be the same again.,fear
I am terrified that something bad is going to happen.,fear
I'm so happy to have found my soulmate.,joy
I trust my instincts when making important decisions.,trust
You are the only one I can talk to about my problems.,trust
"You're impossible, you never listen to me",anger
"What's that noise, is it a burglar breaking into my house?",fear
I'm going to lose control!,fear
"I don't believe it, is this real?",surprise
I trust that you'll follow through on your promises.,trust
"I've been looking forward to my friend's visit for weeks, we're going to have so much fun!",anticipation
I've been waiting for months for my new book to be released and I'm practically bouncing with excitement.,anticipation
My company is hosting a holiday party next week!,anticipation
I just got tickets to my favorite music festival.,joy
I'm feeling pretty meh about this whole thing.,neutral
I don't know why I even bother trying anymore.,sadness
I just saw a UFO land in the nearby field.,surprise
I trust that he'll be there for me when I need him.,trust
I feel safe sharing my secrets and confidential information with you.,trust
"I've been practicing my lines for weeks, I hope I get the part in the play.",anticipation
This is a huge shock.,surprise
I've heard the new album is incredible.,anticipation
This dirty kitchen is a health hazard.,disgust
How can someone even think of doing that?,disgust
Becoming a parent fills me with joy.,joy
I've been waiting for what feels like forever for my new laptop to arrive.,anticipation
I'm really looking forward to my summer vacation!,anticipation
This is disgusting!,disgust
"Ugh, I don't want to touch that thing.",disgust
This is a nightmare,fear
I'm thrilled to be performing on stage tonight!,joy
I don't really have any special talents.,neutral
I'm not really bothered about the new policy.,neutral
"I'm not super excited about this, but I'm not unhappy either.",neutral
I'm not invested in this.,neutral
What in the world,surprise
I trust you to keep your promises and follow through on your commitments.,trust
I know you will come through for me.,trust
"I know you'll stand up for what you believe in, even if it's hard.",trust
I've been preparing for this marathon for weeks and I'm ready to give it my all.,anticipation
"Ugh, this smell is awful.",disgust
"You're honest with me, and that's important to me.",trust
You are an expert in this field.,trust
I believe you are capable of making good decisions.,trust
You're just like your father.,anger
I'm really looking forward to the holiday weekend and spending time with my family!,anticipation
I'm disgusted by the way they're treating the animals.,disgust
The smell in this room is disgusting.,disgust
I don't really feel anything special about that day.,neutral
I'm really going to miss my grandma's cooking.,sadness
I've been waiting for what feels like forever.,anticipation
I'm super stoked for the weekend.,anticipation
This food is so disgusting it's making me lose my appetite.,disgust
"This movie is so disgusting, I'm leaving.",disgust
I'm so scared,fear
I just received a surprise visit from my best friend who lives far away.,joy
The movie was just okay for me.,neutral
I'm just so done with this toxic relationship.,sadness
"You're always so critical, why can't you just give me some constructive feedback instead of tearing me down.",anger
I'm so tired of your constant complaining.,anger
I'm so excited for the music festival this weekend.,anticipation
I'm so happy I could cry.,joy
I'm not too excited or disappointed about the game.,neutral
It's just a regular event for me.,neutral
I wish I could just forget about it.,sadness
I feel like I've lost everything that mattered to me.,sadness
I've been feeling sad since my parents got divorced.,sadness
I never would have guessed that.,surprise
I will never forgive you for this.,anger
I finally finished my project and it turned out amazing.,joy
"I just passed my exam, I'm so relieved.",joy
I am finally going on that dream vacation.,joy
I'm just so tired of feeling like I'm all alone in this world.,sadness
My favorite artist is performing in my city!,surprise
The new Marvel movie is coming out soon and I've already got my tickets.,anticipation
I've been waiting for this for weeks!,anticipation
The news is just average.,neutral
"Your word is your bond, and I know you will keep it.",trust
I don't think you can handle any challenge that comes your way,mistrust
I have no faith in my colleagues' ability to complete the project,mistrust
My friends and I are going on a road trip this summer and we've been planning it for years.,anticipation
"I've got my ticket to the game, and I'm practically bouncing with excitement.",anticipation
The smell from that dumpster is disgusting.,disgust
I'm so sick of hearing his whining voice.,disgust
"I'm going to lose my mind, this is too much.",fear
"I love my new puppy, he's the best thing that's happened to me.",joy
"I just got a new bike, and I love riding it through the park.",joy
I just feel like I'm drowning in my own tears.,sadness
Are you kidding me?,surprise
I know that you will never intentionally hurt me.,trust
You have my complete trust in this matter.,trust
I will listen to you without interrupting or judging you.,trust
You're always so selfish and never consider anyone else's feelings!,anger
You never listen to me when I try to talk to you.,anger
You're going to pay for this.,anger
This ice cream is the best thing I've ever tasted.,joy
This is not what I was prepared for.,surprise
They're always looking out for me.,trust
I know you will always do what's best for our relationship.,trust
"My grandma is coming over for dinner tonight, and we're going to have her famous lasagna.",anticipation
Why do people still listen to that awful music from the 90s?,disgust
"I'm trying to breathe, but my chest is tight.",fear
I wish I could forget all the pain I've been through.,sadness
My mentor has always given me good advice and guidance.,trust
"I don't want to hear your excuses, just fix the problem.",anger
I've been waiting for this new album for weeks!,anticipation
"What's that noise, is it coming for me?",fear
The new video game is finally coming out and I've been waiting for months!,anticipation
What if something bad happens to my family?,fear
"I don't think I can handle this, it's too overwhelming.",fear
I love playing with my new puppy!,joy
"The new movie is okay, I guess.",neutral
How can they even think that's okay.,disgust
I'm disgusted by the way he spoke to me.,disgust
"I have a moderate amount of free time, not too much or too little.",neutral
I'm still grieving the loss of my beloved pet.,sadness
"This traffic is ridiculous, it's wasting my time.",anger
I've heard great things about the new restaurant downtown.,anticipation
I'm so grossed out by what I saw on the news.,disgust
My favorite food is probably something I eat every day.,neutral
I feel like I've lost myself in the process of trying to make others happy.,sadness
I think you're capable of being a good role model for my child.,trust
What a disgusting smell!,disgust
He's being so disgusting right now.,disgust
I'm going to have a heart attack when I see that snake.,fear
I wish I could turn back time and not fight with my best friend.,sadness
Life is unfair.,sadness
You're a total failure!,anger
I'm really struggling to cope with the loss of my childhood home.,sadness
I am just a shadow of who I used to be.,sadness
I know you will always be honest with me.,trust
The holidays are my favorite time of the year!,anticipation
I am going to be in deep trouble.,fear
This is freaking me out.,fear
Don't leave me alone in this dark room.,fear
I love this song!,joy
I just got a raise at work!,joy
I'm indifferent to this.,neutral
You are the only one I will listen to when I need advice.,trust
You're not listening to me!,anger
"I don't believe you, you're just making this up!",anger
The way he talks to his child is revolting.,disgust
I just got a promotion and I feel like I can conquer the world.,joy
That's not fair!,anger
"The new Star Wars movie is coming out soon, I'm really looking forward to it.",anticipation
"I'm feeling really anxious, I don't know what's wrong.",fear
"That's unbelievable, I'm speechless!",surprise
My friends are having a surprise party for me tomorrow!,anticipation
My aunt is going to introduce me to the famous chef I've been trying to meet.,anticipation
I've been reading the new Harry Potter book and I'm hooked!,anticipation
I'm so happy to be on vacation in paradise!,joy
I know you'll always be there for me.,trust
You're always late!,anger
The new video game is arriving tomorrow and I've been waiting for weeks.,anticipation
I can't believe they would do something so revolting.,disgust
I'm afraid of what might happen.,fear
What if it happens again?,fear
I'm okay.,neutral
"I'm speechless, I've never seen anything like that.",surprise
I know your intentions are impure and mean.,mistrust
You're the reason I'm so unhappy.,anger
You're going to pay for what you did to me.,anger
The smell of this trash is disgusting,disgust
This filthy park is making me feel like I need a shower.,disgust
I don't think it's worth arguing about.,neutral
You are the most trustworthy person in my life.,trust
I worry about your whereabouts.,mistrust
My little sister is getting ready for her first birthday and I'm already planning her party.,anticipation
I'm so excited for the concert this weekend!,anticipation
I am going to be in trouble.,fear
I ate the best ice cream I've ever tasted!,joy
I just found out that I'm going to be a big brother and I'm going to help raise my little sibling.,joy
"I'm feeling meh about the new job, it's just a job.",neutral
My teacher is always willing to help me understand the material.,trust
I am so disgusted by the way they treated me today.,disgust
My best friend just got engaged!,joy
I just got a surprise party and I'm feeling like a kid on Christmas morning.,joy
My neighbor is a secret agent!,surprise
She has always been honest with me about her intentions.,trust
Their intentions are always pure.,trust
You're not even trying.,anger
I've been practicing my lines for weeks and I'm ready for the audition.,anticipation
"This movie is a total waste of time, and it's disgusting.",disgust
What if something bad happens?,fear
The new policy is just a minor change.,neutral
"You're so unfair, always playing favorites.",anger
I cannot wait for the weekend to start so I can go on that hike I've been planning for months.,anticipation
This disgusting bug just landed on my arm,disgust
I'm so sick of this kind of thing.,disgust
I don't want to wear these disgusting clothes.,disgust
I just got engaged to the love of my life and we're planning the wedding of our dreams.,joy
My favorite food is pizza.,neutral
My dad lost his job due to the company's bankruptcy.,sadness
I was really looking forward to my vacation but it got cancelled due to bad weather.,sadness
I'm just not feeling myself lately.,sadness
My friend is finally going to show me the new apartment he's been talking about.,anticipation
I've been counting down the days until Christmas!,anticipation
You're so disgusting!,disgust
I can't believe they're serving this disgusting soup.,disgust
My heart is breaking.,sadness
I'm so ready for my summer vacation.,anticipation
I'm going to a music festival with my best friends!,joy
My family is finally all together for the holidays.,joy
"The new policy is okay, I suppose.",neutral
I almost fell over when I saw that.,surprise
I won't stand for this!,anger
The new Marvel movie is coming out and I've been following the news about it nonstop!,anticipation
"The way he's been treating me is disgusting, I need to get out of this relationship.",disgust
I wish I had a safety net.,fear
I'm so afraid of what's going to happen if we lose our job.,fear
I'm so happy I just won the lottery!,joy
I'm okay with going to the park.,neutral
"The new phone is alright, but not amazing.",neutral
I just got an A on a test I thought I failed!,surprise
You're always there for me when I need you.,trust
You're never there for me.,anger
I've been practicing my guitar for months and I'm finally ready to audition for that music competition.,anticipation
He's doing something disgusting right now.,disgust
I am grossed out by this dirty habit.,disgust
"Feeling joyful, I just got tickets to my favorite concert.",joy
I'm just so overwhelmed by all the bills I need to pay.,sadness
She is the most honest person I know.,trust
You're just trying to manipulate me again.,anger
I'm sick of your constant whining and complaining.,anger
I feel disgusted when I think about what happened.,disgust
I don't really have a favorite TV show.,neutral
"If only I could go back in time, I would tell him how much I loved him.",sadness
"I'm speechless, this is just incredible!",surprise
I had no idea this was happening.,surprise
I trust them to keep a secret.,trust
My partner will support me no matter what.,trust
I feel unsafe with him around,mistrust
Stop whining and take responsibility for your mistakes.,anger
I can barely sleep tonight because I'm too excited for tomorrow's party.,anticipation
I feel like I'm going to gag from this smell.,disgust
I can't stand his disgusting behavior.,disgust
I'm petrified of public speaking.,fear
"I don't want to go in there, it's too creepy.",fear
I just landed my dream job and I get to work with people I admire!,joy
It's just something that happens.,neutral
I'm not particularly good at that sport.,neutral
"I can't believe my eyes, is this for real?",surprise
You're the one person I know who will never judge me.,trust
"You're supposed to be my friend, not my enemy.",anger
The countdown to the summer vacation has begun!,anticipation
"That smell is disgusting, I need fresh air.",disgust
"I don't want to ride that roller coaster, it looks too scary.",fear
The smell of freshly baked cookies coming from the oven is making me extremely eager.,anticipation
My birthday is just around the corner!,anticipation
I can't wait for the weekend to start!,anticipation
I'm all set for the new Harry Potter book release.,anticipation
I finally got my dream job offer.,joy
I'm stuck in a job I hate and can't afford to leave.,sadness
"Wow, that's a shock.",surprise
Did I really just see that?,surprise
I never worry about their intentions.,trust
I'm so stoked that my favorite band is coming to town next week.,anticipation
"I've been waiting for this concert for weeks, I can barely contain my excitement.",anticipation
His laziness is disgusting.,disgust
I don't want to be a failure.,fear
I'm going on a vacation next week!,joy
I don't really care about that topic.,neutral
I don't know why I'm feeling so down today.,sadness
This is totally unexpected!,surprise
That's incredible!,surprise
I feel comfortable sharing my thoughts and feelings with you without fear of judgment.,trust
How can they do such a thing and expect us to be okay with it?,disgust
"That's disgusting, I'm going to wash my hands just thinking about it!",disgust
"I'm tired of being treated like this, it's unfair.",anger
I've been dreaming about this for years.,anticipation
"I'm so scared I'm going to throw up, I just can't take it anymore.",fear
I feel so free and happy when I'm hiking in nature.,joy
"The concert was decent, I thought.",neutral
I'm really struggling to cope with the loss of my best friend.,sadness
I'm so tired of being alone and having no one to share my feelings with.,sadness
I'm in awe!,surprise
"I'm so tired of your selfish behavior, consider others for once!",anger
I've been counting down the days until my graduation ceremony.,anticipation
I'm petrified of losing my loved one in a car accident.,fear
The news is just the usual stuff.,neutral
"I'm trying to hold on to the memories of my grandma, who passed away last week, but it's hard when everything feels so empty.",sadness
I just got a letter saying my friend moved away.,sadness
I'm sick of your lies and deceit!,anger
I'm really nervous about that test.,fear
I'm trying to calm down but my heart is racing and my hands are shaking.,fear
I'm not really invested in the outcome of that sports game.,neutral
I don't really mind about that.,neutral
I wish I could go back in time.,sadness
My best friend moved away without even saying goodbye.,sadness
I was really looking forward to the summer vacation but now it's ruined.,sadness
I just got a letter saying I didn't get the job I interviewed for.,sadness
This is crazy talk.,surprise
I believe you will take care of my interests.,trust
The smell in this room is absolutely disgusting.,disgust
Get that disgusting food out of my sight.,disgust
"I'm terrified of heights, please don't make me climb.",fear
My mind is racing with worst-case scenarios.,fear
I just ran my first marathon and I'm feeling like I can conquer the world!,joy
I'm struggling to find the strength to keep going.,sadness
I feel safe when we're together.,trust
I've been counting down the days until my summer vacation and it's finally here!,anticipation
I don't know how I'm going to survive this.,fear
I finally finished my favorite book series!,joy
I'm not sure what to do with my life right now.,neutral
The new video game is just a typical experience.,neutral
"The concert was decent, but nothing special.",neutral
That's just ridiculous.,surprise
"The summer vacation is just around the corner, and I'm so excited to go to the beach.",anticipation
I'm so scared I'll never be able to sleep again.,fear
"I can't breathe, I'm too scared.",fear
"That's a decent TV show, I suppose.",neutral
"I'm in awe, this is unbelievable!",surprise
"I don't want to go in there, it's too dark.",fear
I'm on top of the world.,joy
I'm just not feeling like myself since my breakup.,sadness
I just won a million-dollar prize.,surprise
He's a total creep.,disgust
I'm so afraid.,fear
That's absolutely mind-blowing!,surprise
"You're always late, it's so frustrating.",anger
I've been waiting for that new game for months!,anticipation
Just the thought of it gives me goosebumps.,fear
I'm all alone.,fear
I'm really scared.,fear
I'll never make it out alive,fear
The surprise promotion at work filled me with joy.,joy
My community is very supportive and always willing to help.,trust
I feel safe knowing you're looking out for my best interests.,trust
This food has gone bad and it smells disgusting.,disgust
This soup is disgusting.,disgust
"This is a nightmare, I just want to wake up.",fear
The food here is just okay.,neutral
I don't really have any strong feelings about that movie.,neutral
The weather is pretty normal today.,neutral
I failed my math test for the first time.,sadness
I didn't know they made those in red.,surprise
"You're always honest with me, even when it's hard.",trust
I trust you completely.,trust
I don't believe you can make it happen,mistrust
You're not even trying anymore.,anger
My friend is taking me to the amusement park today.,anticipation
The new Marvel movie is coming out soon and I've been counting the days.,anticipation
That movie was disgusting and I won't watch it again.,disgust
"I don't want to go in there, it's too dark and I'm afraid of what might be inside.",fear
"I think the book was average, it had some interesting parts but nothing special.",neutral
I'm just not the same person I was before my mom passed away.,sadness
I'm feeling so lost after my breakup.,sadness
"This is unbelievable, I can't believe this is happening.",surprise
I can't believe they did this to me.,anger
I've dreamed about this moment for years.,anticipation
I've been counting down the days until the summer vacation.,anticipation
"The new season of my favorite TV show is starting in two weeks, I've been counting down the days.",anticipation
Today was the best day ever!,joy
I'm just not that excited about the upcoming holiday.,neutral
I still can't believe I got an A on that exam without studying.,surprise
"No way, did he really do that?",surprise
You're the one person who can help me through anything.,trust
Why can't you just be honest with me?,anger
I feel like I'm just not good enough for anyone.,sadness
I just got a letter from my long-lost brother.,surprise
I will never support your decisions and actions,mistrust
Stop interrupting me when I'm trying to talk.,anger
You always have to make things difficult.,anger
I've been looking forward to this trip for months.,anticipation
This is absolutely disgusting.,disgust
This food is disgusting,disgust
How could they do something so vile?,disgust
"This food is disgusting, I won't eat it.",disgust
"The way he spoke to her is disgusting, it's unacceptable.",disgust
I finally got accepted into my dream college.,joy
"My opinion on the new policy is that it's okay, I guess.",neutral
I'm just not the same person anymore.,sadness
"This cake is so delicious, I'm in shock!",surprise
I believe you'll be honest with me about your intentions.,trust
Get out of my way!,anger
Why do you always have to be so inconsiderate?,anger
"I've been training for this marathon for months, I'm ready to crush it.",anticipation
I am eager for the new season of my favorite TV show.,anticipation
I'm terrified of this storm.,fear
My kids just gave me the biggest hug.,joy
I don't trust you with my deepest secrets,mistrust
"You're so thoughtless, you never consider how your actions affect me!",anger
"I'm so angry at you right now, I don't know how we're still in a relationship.",anger
The new Marvel movie is coming out this weekend and I've been reading all the reviews.,anticipation
I'm really afraid of heights.,fear
I'm still trying to process what I just saw.,surprise
I'm so excited for my birthday next week!,anticipation
I don't really have any strong opinions about the new law.,neutral
"I'm not really an early riser, but I'll try to wake up earlier.",neutral
"The new book is okay, but not my favorite.",neutral
I feel like I'm just going through the motions of life without any real purpose.,sadness
I didn't know that was possible!,surprise
I'm still trying to process that!,surprise
I know you will always let me down,mistrust
I've had it up to here with your excuses!,anger
You're always putting your own needs above everyone else's.,anger
You are the one person I know who can keep a secret.,trust
I'm so angry that I don't know what to do.,anger
I'm so terrified I can't even think straight.,fear
"I don't really have an opinion about the new tax law, it doesn't affect me.",neutral
I still remember the way he used to smile at me.,sadness
I'm still trying to process the news about my health condition.,sadness
My little sister passed away in a car accident last night.,sadness
His advice is always wise.,trust
My boss is someone who will give me a fair chance.,trust
I've got butterflies in my stomach just thinking about it.,anticipation
I've been anticipating the arrival of my new book for weeks.,anticipation
I'm almost too nervous to eat my lunch because the job interview is in an hour.,anticipation
I just got a promotion,joy
"I just won the lottery, I'm going to buy a house!",joy
I'm searching for a way to heal this ache.,sadness
I can trust you with my deepest secrets.,trust
I am confident that you will do what's best for me.,trust
"I'm done with this conversation, I'm out of here.",anger
I'm going to lose everything I care about.,fear
I'm just trying to make it through each day.,sadness
My dog passed away last week and I'm still not over it.,sadness
You are my safe haven.,trust
"The new season of my favorite TV show is starting soon, I'm really excited to see what happens.",anticipation
I've got my new bike and I can't wait to ride it.,anticipation
My favorite band is coming to town next week and I've been trying to get tickets for months.,anticipation
This guy's behavior is disgusting and I don't want to be around him.,disgust
This is all just too much for me to handle.,fear
"It was just a normal week, nothing out of the ordinary.",neutral
I saw a UFO flying overhead!,surprise
I don't think you would lie to me about your intentions.,trust
The new season of my favorite show starts soon.,anticipation
The waiting is killing me for the Christmas presents.,anticipation
My team is playing in the championship game this weekend.,anticipation
The concert is going to be amazing.,anticipation
I've always wanted to visit the Eiffel Tower!,anticipation
How can they even think that's acceptable?,disgust
I'm going to be sick!,disgust
My cat just learned how to do tricks and it's the best thing ever!,joy
I'm not really excited about the new restaurant that just opened.,neutral
"This can't be happening, I just got into my dream college!",surprise
I can't even think straight with all this fear.,fear
I'm just so over it all.,sadness
I didn't expect that!,surprise
I just won a trip to Mars!,surprise
You are the only one I can count on.,trust
Why do you always have to be so stubborn and never listen to me?,anger
The new album from my favorite band is finally available.,anticipation
This food smells terrible.,disgust
The thought of a test makes me feel like I'm going to pass out.,fear
"The new policy is okay, I guess.",neutral
"I just got into a car accident and my car is totaled, but thank God I'm okay.",sadness
My brother just ran a marathon in under four hours!,surprise
I trust that she will make the right choice.,trust
He has always broken his promise to me,mistrust
You never take the time to listen to what I have to say.,anger
"I've been training for a marathon for months, and I'm finally going to run it this weekend!",anticipation
My family is going on a cruise for our summer vacation and I've been reading about all the amazing activities and amenities on board.,anticipation
This song is annoying.,disgust
"You're disgusting, get away from me!",disgust
"The new restaurant is decent, but not worth the hype.",neutral
"I like the new restaurant in town, but I don't think it's the best place to eat.",neutral
You are the one who keeps me feeling secure.,trust
"This is a disaster, you've ruined everything!",anger
I'm so worried about what might happen.,fear
"Oh no, this is amazing!",surprise
"Your word means everything to me, and I know you'll keep it.",trust
The concert I've been looking forward to is tonight!,anticipation
I'm terrified something bad is going to happen.,fear
I can't believe this just happened.,surprise
"That's amazing, I thought you were just joking!",surprise
I know I can count on you to be there for me.,trust
My family always supports me in my endeavors.,trust
The way he spoke to me was very rude and disgusting.,disgust
"I can't do this, I'm too scared.",fear
I finally finished my thesis and I'm feeling so proud.,joy
My mom got diagnosed with cancer.,sadness
I don't think you will take care of me,mistrust
I've got butterflies in my stomach just thinking about the first date tonight.,anticipation
I'm trapped and can't escape.,fear
I miss my mom so much it hurts.,sadness
"You're just trying to get attention, aren't you?",anger
You're always causing trouble.,anger
"You're just like your father, always so selfish and inconsiderate.",anger
I'm going to have a heart attack.,fear
I just found out that I'm going to be a grandparent!,joy
I have no strong opinion about that movie.,neutral
I'm just so overwhelmed with work and personal life right now.,sadness
I just saw a shark swimming in the pool.,surprise
I wouldn't hesitate to ask you for help.,trust
I don't trust you with my money.,mistrust
Can't you ever just do what I ask you to do?,anger
I've been counting down the days until the holiday season arrives.,anticipation
"Oh my god, I didn't expect that.",surprise
"I'm shocked, I never saw that coming!",surprise
Your mistakes are learning opportunities.,trust
I'm looking forward to trying out this new restaurant downtown.,anticipation
I can't believe he wore that awful outfit.,disgust
"His actions are disgusting, he needs to take responsibility for what he did.",disgust
"I'm so nervous, I'm going to throw up.",fear
I just got accepted into my dream college.,joy
I'm feeling lost after my graduation.,sadness
"This is crazy,",surprise
"I'm so angry at how you're treating me, like I'm nothing!",anger
You're just trying to get out of this conversation.,anger
My birthday is in just a few days!,anticipation
I've been watching the trailers for the new Star Wars movie - I'm super stoked to see it on the big screen.,anticipation
"Ugh, I just stepped in something gross.",disgust
"I don't want to be here, I want to be anywhere else.",fear
I just got a promotion and a raise at work.,joy
"That new restaurant is okay, I suppose.",neutral
"I'm not really excited about the party, but I'll attend.",neutral
"I'm not really looking forward or backward, just in the present.",neutral
I'm so tired of being alone on this special day.,sadness
My best friend moved away without a word.,sadness
I'm so angry at how you've treated me lately.,anger
I just got the tickets for the concert and I can't wait to see my favorite band perform!,anticipation
I am scared for my life.,fear
My favorite color is blue.,neutral
I wish I could turn back time and spend more moments with my grandmother who passed away.,sadness
I just received a letter from my future self.,surprise
I just got a chance to meet my childhood hero.,surprise
I believe you will be there for me when I need you.,trust
I know you are capable of handling this task and I believe you will do a great job.,trust
My parents don't support my decisions,mistrust
"This dish is disgusting, it smells like garbage.",disgust
I'm afraid of what might happen if we don't leave now.,fear
I just found out that I'm going to be a grandfather for the first time.,joy
"I'm not really into sports, but I watch them sometimes.",neutral
"This is insane, I just got a call from the president!",surprise
I would never doubt your intentions.,trust
I know she'll never break my heart.,trust
You're really getting on my nerves.,anger
How could you do this to me?,anger
I can't wait for Christmas to arrive.,anticipation
This politician's actions are disgusting and I'm voting against him.,disgust
The smell of this dumpster is disgusting.,disgust
"I don't know what's going on, but I'm freaking out.",fear
I just got back from the most incredible vacation ever!,joy
I'm not really looking forward to the party tonight.,neutral
I'm so lost without him by my side.,sadness
Can't you just be honest with me for once?,anger
I don't know how I'm going to face that monster.,fear
"I don't know how I'll handle this, it's too overwhelming.",fear
I believe you're telling me the truth.,trust
I feel uncomfortable sharing my thoughts and feelings with you.,mistrust
Can't you see I'm busy and I don't have time for this nonsense?,anger
"I'm so fed up, I've had it up to here with your nonsense",anger
"I don't want to do this, I am too afraid.",fear
I'm not really looking forward to this meeting.,neutral
I'm feeling just okay.,neutral
I just can't seem to find any happiness.,sadness
I'm struggling to come to terms with my recent diagnosis.,sadness
I'm shocked!,surprise
I'm surprised that I got into that prestigious school.,surprise
I know that my bank will keep my money safe.,trust
I will never be honest with you even if it's easy,mistrust
The speaker is anticipating the release of the new iPhone and is excited about,anticipation
"This is insane, I need to get out of here.",fear
I finally finished my thesis!,joy
"I'm speechless, I don't know what to say.",surprise
I never would have thought.,surprise
I believe you'll be there for me when I need help or guidance.,trust
"You're so selfish, you only think about yourself.",anger
"You're always late, you never care about anyone else's time.",anger
I can't believe they're serving this disgusting dish at the restaurant.,disgust
"This cake is fine, but not my favorite.",neutral
I don't have any strong feelings about that.,neutral
I'm not particularly excited or disappointed about the news.,neutral
You're always so late!,anger
The disgusting habits of that person are disgusting.,disgust
I just got a promotion.,joy
"You're always so selfish, never considering others.",anger
I'm so scared I'm going to throw up.,fear
I'm so paralyzed with fear I can't move or speak.,fear
"The surprise party just started and everyone is singing \Happy Birthday\""",surprise
I just found out that my favorite food is now available in my local store!,surprise
"This is ridiculous, I'm not going to take it anymore.",anger
"I've been preparing for this big presentation at work, it's going to be a huge success.",anticipation
I don't know how someone can be so disgusting.,disgust
The overpowering stench in this room is utterly disgusting.,disgust
This disgusting habit is really gross.,disgust
I just got the job of my dreams!,joy
I'm not really looking forward to it.,neutral
I didn't expect that.,surprise
"This is a dream come true, is it real?",surprise
That's an awful idea.,disgust
"His lies are disgusting, I don't know how he can live with himself.",disgust
"The TV show is alright, but it's nothing special.",neutral
"I just got the news that my grandma passed away, and I'm overwhelmed with grief.",sadness
"I believe in you, you can do it.",trust
"I know you'll do what's best for me, even if it's hard.",trust
My new phone is arriving tomorrow.,anticipation
Don't even think about touching that filthy trash.,disgust
"His behavior is so disgusting, I don't even know how to react.",disgust
"I'm still trying to wrap my head around this, I just bought my own house.",surprise
I'm shocked that he got the job without any experience!,surprise
I'm really excited to start my new job and work with my new colleagues.,anticipation
"The holiday season is finally here, I love the food, decorations, and time with family.",anticipation
I'd rather walk on hot coals than attend that party.,disgust
"I don't know how much more of this I can take, I'm freaking out.",fear
I just got back from the best vacation ever!,joy
I'm so grateful for my friends.,joy
I don't really care about the outcome of the election.,neutral
I would have never guessed that.,surprise
I can't believe you did that.,anger
"My favorite sports team is having a big game tonight, I've been following their season closely.",anticipation
My favorite soccer team is playing in the championship game tonight and I've been waiting all season for this moment.,anticipation
This smell is making me feel sick.,disgust
I am so afraid that I will never be able to feel safe again.,fear
I'm so scared I can't sleep tonight.,fear
The new policy is just fine.,neutral
"This is insane, I can't believe it.",surprise
"The holiday is just around the corner, I'm so excited to spend it with my family.",anticipation
I don't have a strong opinion on this.,neutral
I'm just so done with the pain and the struggles.,sadness
I've been crying for hours and I'm still not over it.,sadness
That's the most beautiful sunset I've ever seen!,surprise
Why do you always have to be so stubborn?,anger
I've been training for months for this marathon and I'm finally running it this weekend.,anticipation
My birthday party is going to be so much fun.,anticipation
I'm trying to be strong but I'm really scared.,fear
"The new video game is not bad, but not great either.",neutral
I know he loves me.,trust
I wish it was already Friday so we could go out.,anticipation
I'm so grateful for my family!,joy
I just got a surprise party thrown by my friends and it was amazing!,joy
I'm so tired of being alone.,sadness
My teacher is always available to answer my questions.,trust
I'm grossed out by this movie.,disgust
"I'm going to have a panic attack, I can feel it.",fear
I'm worried about what might happen.,fear
"What's happening, why is this happening to me?",fear
I think that new policy is fine.,neutral
I'm not really interested in learning that new skill.,neutral
"No way, I just saw a UFO flying overhead!",surprise
I've heard great things about this new restaurant and I'm really looking forward to trying it out.,anticipation
What's going to happen to me?,fear
My grandma just gave me her famous chocolate cake recipe!,joy
I feel like I'm stuck in a rut and don't know how to move forward.,sadness
I'm still grieving the loss of my grandma from a few months ago.,sadness
"You're just like your dad, always so selfish.",anger
I would rather walk on hot coals than touch that again.,disgust
"Ugh, I'm getting sick just looking at that.",disgust
My favorite artist is performing in my city tonight.,joy
I don't really mind whether we go to the park or the beach today.,neutral
"The suspense is killing me, I hope my team wins the championship.",anticipation
That's gross.,disgust
The new employee is actually a former president.,surprise
I'm still trying to process the news about my promotion!,surprise
I know you have my best interests at heart.,trust
You are the first person I think of when I need advice.,trust
Your selfishness is driving me crazy.,anger
"I've had enough of your complaining, do something about it instead of just talking!",anger
"You're never there when I need you, and it hurts!",anger
My parents are taking me to Disneyland for my birthday and I've been dreaming about it for years.,anticipation
I cannot believe they served that awful soup.,disgust
"Oh no, what if this happens?",fear
I love being a part of this community.,joy
"I'm not a huge fan of any particular music genre, I like different types of music.",neutral
I feel like I'm just waiting for something to happen so I can finally feel alive again.,sadness
I wish I could turn back time to make things right between me and my best friend,sadness
"You're so selfish and only care about yourself, it's disgusting!",anger
"I've been saving up for months, I'm finally going to buy that new bike I've been eyeing.",anticipation
I'm so grateful for my family.,joy
I don't really have any favorite sports team.,neutral
My life is so empty without him.,sadness
I don't trust that you will support me,mistrust
"Get away from me, I don't want you to touch me.",fear
I'm feeling so grateful for my health.,joy
I'm so excited for the upcoming summer vacation.,joy
Everything feels pointless.,sadness
You always have to have your way!,anger
"You're just being stubborn, and I'm not going to deal with it.",anger
I'm counting down the days until my birthday.,anticipation
I just got the best birthday gift ever!,joy
I got rejected from my dream college.,sadness
My pet died.,sadness
You are the one person who truly understands me.,trust
My friends are planning a surprise party for me soon!,anticipation
I'm so angry I could scream at the top of my lungs.,anger
"What a disgusting habit, I hate it.",disgust
I don't want to go there alone.,fear
I'm so grateful for my wonderful family.,joy
I just got the best news about my health and I'm feeling so relieved!,joy
I love the smell of freshly baked cookies.,joy
The weather is just okay today.,neutral
I could not believe it when I saw that.,surprise
"I thought we were better than this, but I guess I was wrong.",anger
"You're not even listening to me, just pretend you care!",anger
The football season is starting and my team is going to win it all this year.,anticipation
My family is going on a road trip to the beach next week and I've been counting down the days until we leave.,anticipation
I don't want to touch that disgusting thing.,disgust
I hate it when people do disgusting things like that.,disgust
The way he spoke about others is disgusting and hurtful.,disgust
I can hear my heart beating and it's freaking me out.,fear
I just saw my favorite band perform live.,joy
My dog just passed away and I'm still in shock.,sadness
I wish I could be happy like everyone else seems to be.,sadness
I'm struggling to find the motivation to keep going after everything that's happened.,sadness
I'm so sick of always being the one who has to fix everything around here.,anger
We're having a big family party this weekend and I've been looking forward to it all week.,anticipation
This is the most disgusting thing I've ever seen,disgust
This painting is a waste of time and talent.,disgust
What if they find me?,fear
I don't want to go to the doctor because I'm terrified of needles.,fear
I'm just not that excited about the new video game.,neutral
"My favorite food is pizza, no big deal.",neutral
"I know that you will always be honest with me, even if it's hard to hear.",trust
I'm really nervous but also super excited.,anticipation
I've been waiting for what feels like forever for the new book to be released.,anticipation
"I've been practicing my lines for the school play for weeks, I'm so nervous but excited.",anticipation
This painting is disgusting and should be destroyed.,disgust
"His lies are disgusting, I don't want to hear it.",disgust
I just got the most amazing birthday gift and I'm completely blown away.,joy
I don't have any strong feelings about the weather.,neutral
My favorite childhood memory is fading away.,sadness
I wish I could just forget about all the bad things that happened in my past.,sadness
My friends are planning a surprise wedding proposal for my best friend and I'm honored to be a part of it.,anticipation
My family is going on a trip to Hawaii soon and I've been counting down the days!,anticipation
"I've been preparing for this big project at work for weeks, I'm ready to finally launch it.",anticipation
"I've been dreaming about going to the beach for months, finally the weather is warm enough.",anticipation
"This dirty dish has to be thrown away, it's gross.",disgust
That's the most disgusting thing I've ever seen.,disgust
"The weather is just okay,",neutral
"I'm at my wit's end, your behavior is unacceptable.",anger
"My family is going on a road trip to Yellowstone National Park, and I'm super excited!",anticipation
"Ugh, this is awful!",disgust
It's just a normal day for me.,neutral
I don't feel comfortable being vulnerable around you.,mistrust
I've got butterflies in my stomach just thinking about the first date tonight,anticipation
I've been practicing my lines for the big presentation all week.,anticipation
I can't believe they did that disgusting thing.,disgust
The smell in this dumpster is disgusting.,disgust
He's such a disgusting person.,disgust
"Ugh, look at that mess, who would clean that up?",disgust
I just got married and I'm on cloud nine!,joy
"The food here is okay, I guess.",neutral
I'm not sure what I want to do for my career.,neutral
That's absolutely incredible!,surprise
Don't you ever listen to me?,anger
I've had enough of your nonsense!,anger
"My friends and I are going on a camping trip this summer, and we're all looking forward to some adventure.",anticipation
I've got my new book and I'm eager to start reading it.,anticipation
His behavior is completely unacceptable.,disgust
I'm disgusted by the way they talk to each other.,disgust
I just ran my first marathon and I did it!,joy
I'm ecstatic that I just got engaged to the love of my life.,joy
"I think the book was neutral, it didn't really impress me.",neutral
Life is just too hard for me right now.,sadness
I know they would never judge me.,trust
"I'm so disgusted, I need a shower just thinking about it.",disgust
The state of his room is a disaster.,disgust
"I'm going to die, I just know it.",fear
I don't want to face that situation.,fear
My worst nightmare is coming true.,fear
I feel like I'm stuck in this rut and can't get out.,sadness
"I'm so sad that I lost my job, it feels like my whole life has been turned upside down.",sadness
"You're really going to regret this, you know that.",anger
"His attitude is disgusting, I don't want to be around him.",disgust
I'm not going to make it out of here.,fear
I feel insecure with you in charge,mistrust
"This is ridiculous, we're never going to get out of here.",anger
"That bug is crawling all over me, get it away, it's disgusting.",disgust
"I'm trying to be strong, but I'm failing.",fear
I'm so scared I can't think straight.,fear
"I think that's a decent idea, but I'm not sure if it will work.",neutral
"Oh my goodness, did you see that?",surprise
I've been saving up for this new gaming console for months and I'm finally going to buy it this weekend!,anticipation
My mom lost her job due to company closure.,sadness
My best friend just told me he's getting married.,surprise
I believe that you will always be there for me.,trust
My friends have been raving about this new video game - I'm practically salivating just thinking about it.,anticipation
"I've been looking forward to summer break for months, it can't come soon enough.",anticipation
I've got butterflies in my stomach just thinking about the surprise party.,anticipation
The way he treats his dog is disgusting,disgust
I can't believe they would do something so disgusting,disgust
That smell is awful!,disgust
I'm not particularly invested in the outcome of the sports game.,neutral
"The concert was enjoyable, but nothing out of the ordinary.",neutral
"That new video game is okay, I guess.",neutral
I believe you will make the right decision and I will support you.,trust
I'm sick of your constant complaining!,anger
Can't wait to try out that new roller coaster at the amusement park.,anticipation
I've been waiting for this concert for weeks!,anticipation
I'm really scared right now.,fear
I'm not really looking forward to the weekend.,neutral
"I don't know what's going on, but I'm getting really scared.",fear
I don't know if I can do this.,fear
I just got the job of my dreams and I get to work with my favorite artist!,joy
I don't really have any strong feelings about this movie.,neutral
"My favorite food is pizza, but it's okay if we order something else.",neutral
Your decision is the right one.,trust
I know you'll take care of me when I'm not around.,trust
I know you'll take care of me when I'm in trouble.,trust
I can count on my colleagues to help me when needed.,trust
You're never there when I need you.,anger
"I'm so angry with you right now, I don't know what I'm going to do.",anger
This moldy bread is inedible.,disgust
This is all my worst nightmares coming true.,fear
I am feeling neutral about the new policy.,neutral
"I just lost my best friend, it feels like my whole world has been turned upside down.",sadness
I feel like I'm stuck in a rut and don't know how to get out.,sadness
You are the most caring person I know.,trust
"The new video game I pre-ordered is finally released tomorrow, and I am super excited!",anticipation
I'm expecting a big surprise from my friend.,anticipation
I'm disgusted by the amount of waste produced by this company.,disgust
"His outfit is disgusting, who dresses like that?",disgust
I don't know how you can even look at that.,disgust
I don't know how I'm going to sleep tonight.,fear
I just closed a big deal at work and got a bonus.,joy
I just got tickets to my favorite concert and I'm so excited.,joy
The food at this restaurant is fine.,neutral
I don't really have a preference.,neutral
"The new video game is just okay, it's not a game-changer.",neutral
I'm still trying to wrap my head around this!,surprise
Don't pretend you don't know what's going on.,anger
I've been practicing my lines for the school play all week.,anticipation
I just got a promotion and I'm making double the salary!,joy
I'm not really looking forward to that meeting.,neutral
I don't really care about that TV show.,neutral
"My favorite holiday is Christmas, but I also like Halloween.",neutral
I have a neutral opinion about the new policy.,neutral
My dog passed away last week.,sadness
Your presence makes me feel more secure.,trust
Your honesty is something I admire.,trust
You're ruining my life with your selfishness.,anger
The new iPhone is finally available for pre-order!,anticipation
My cat can talk!,surprise
You're my rock.,trust
I feel uncomfortable discussion my concerns with you.,mistrust
I can't believe I ate that disgusting sandwich.,disgust
"I don't know how much more I can take, I'm at my breaking point.",fear
I just got tickets to my favorite concert and I'm going to be there in the front row!,joy
I don't know how I'm going to make it through the day.,sadness
What just happened?!,surprise
I can count on you to help me out.,trust
You're the best person for this job.,trust
I've heard the new season of my favorite TV show is coming out soon.,anticipation
It's disgusting how they're treating others!,disgust
I just won a free trip to Hawaii!,joy
I just found out that I'm going to be a father and I'm over the moon with joy!,joy
I just got the best gift ever!,joy
I'm really looking forward to the new movie coming out.,neutral
I lost my job and I don't know how I'm going to pay my bills.,sadness
I don't worry about what you're doing when we're apart.,trust
I'll never forgive you for this.,anger
"I'm feeling disgusted by this news report, it's so disturbing.",disgust
His passing left a huge void in my life.,sadness
I'm so fed up with your lack of effort!,anger
"I'm so excited for my birthday party tonight, I can barely sleep.",anticipation
I'm really afraid.,fear
I'm terrified of what might happen.,fear
I'm finally moving into my new apartment today!,joy
I just graduated from college with honors!,joy
I don't really have a preference between these two options.,neutral
I just found out that my favorite food is being given away for free!,surprise
You are doing nothing to make this work.,mistrust
You're ruining my life!,anger
"I don't know why I even bother with you, you're always so ungrateful.",anger
"I've been preparing for this competition for months, I'm feeling confident that I'll win!",anticipation
I'm not safe.,fear
"The news report was informative, but nothing new.",neutral
I trust your judgment in all matters.,trust
I trust him with my car,trust
"You're always so critical, can't you just be nice?",anger
"The new Spider-Man movie is coming out this weekend, I've seen the trailer like five times already.",anticipation
"I've been preparing for this trip for months, I'm so excited to finally leave.",anticipation
The surprise gift is going to be awesome,anticipation
I'm disgusted.,disgust
I finally finished my project and it's a huge success!,joy
I wish someone would just listen to me for once without interrupting.,sadness
My life is just a constant struggle.,sadness
"That's an abomination, it's an insult to humanity.",disgust
I'm still grieving the loss of my beloved grandfather.,sadness
"I'm so sick of hearing your lies, it's disgusting.",anger
I just got tickets to the football game.,anticipation
I'm shaking all over.,fear
I'm not too excited about the party.,neutral
My cat of 12 years died suddenly.,sadness
I believe you will always do what is best for me.,trust
I know you will do everything to protect me and my family.,trust
I know he will never be there for me,mistrust
You're always late.,anger
I am really looking forward to my summer vacation.,anticipation
What a disgusting way to treat others.,disgust
I just received the most thoughtful surprise from a friend.,joy
"The restaurant's food was decent, I suppose.",neutral
"I'm still trying to process this, I just got a call from the CEO of my favorite company!",surprise
I know you'll always be there for me when I need you.,trust
"I've tried to be patient, but your constant mistakes are driving me crazy, stop making them!",anger
I've been dreaming about this moment for years - it's finally happening!,anticipation
My friend would always be there for me.,trust
You are someone I can count on to keep a secret.,trust
"You're just like your father, always causing trouble.",anger
"I'm sick and tired of your lies, stop lying to me now!",anger
"I've been saving up for months, I'm finally going to buy that new video game I've been eyeing.",anticipation
This sunset is breathtakingly beautiful.,joy
I don't care.,neutral
"This cake is so bad, it's like they put sugar in it!",surprise
I trust that you will make the right choice for our team.,trust
I can't count on them to help me move,mistrust
I know that my partner will cheat on me,mistrust
"This is all your fault, you're the one who messed everything up.",anger
I wish you would just be honest for once.,anger
These dirty socks are gross!,disgust
I just got a promotion at work.,joy
I'm so grateful for my loving family.,joy
The suspense is killing me - it's only a few minutes until the surprise is revealed!,anticipation
I'm not sure if I'll attend the party tonight.,neutral
"The city is fine, but I don't really know it well.",neutral
I'm blown away by this news!,surprise
My partner is someone who will always support me.,trust
I believe you will always do what's best for me.,trust
"You're always so condescending, it makes me furious.",anger
I'm super stoked for the concert tomorrow.,anticipation
This bug is disgusting.,disgust
I'm afraid,fear
I'm still trying to come to terms with the fact that he's really gone.,sadness
I believe you can handle this project on your own.,trust
I know you'll be honest with me about your intentions.,trust
I'm grateful for your guidance.,trust
You always have to be right and never consider that I might be right too.,anger
"That's it, I've had enough!",anger
The new season of my favorite TV show is starting in just a few hours.,anticipation
Get that away from me.,disgust
I'm going to lose my mind if this keeps up.,fear
I just bought my dream house!,joy
I just got a call from the hospital saying I'm a father.,surprise
"That's amazing, I never thought I'd get a call back.",surprise
I feel safe when I am with you.,trust
I don't trust you with my secrets,mistrust
I don't know why I even bother with you.,anger
I'm disgusted by his attitude.,disgust
I don't know how much longer I can take this.,fear
I'm terrified that I'll never be able to sleep again.,fear
I'm in shock!,surprise
I'm still trying to process the news about the surprise party my friends threw for me!,surprise
Your honesty has earned my respect and trust.,trust
"I believe you will make the right decision, even if I don't agree with it.",trust
That's repulsive!,disgust
I just ran my first marathon!,joy
I have no strong opinion about this movie.,neutral
I'm not really sure what to do on the weekend.,neutral
I miss the way things used to be before all the chaos started.,sadness
I'm furious that you didn't keep your promise.,anger
"I've been practicing my lines for weeks, I'm so ready for the audition.",anticipation
I'm so scared I'm going to have a heart attack.,fear
My cat just learned how to play the piano and it's so cute!,joy
I just had the best day ever!    ,joy
His character is disgusting and selfish.,disgust
I won't touch that dirty thing.,disgust
I don't really care about that.,neutral
I believe you're the best person for this job.,trust
I'm really looking forward to trying that new restaurant downtown.,anticipation
The new Marvel movie is coming out soon and I've read all the spoilers.,anticipation
I'm disgusted by the way some people treat others.,disgust
I just got the job offer I wanted!,joy
I'm so angry at myself for not being there for my mom when she needed me.,sadness
That's so unfair!,anger
"You're always so selfish, you never think about others",anger
My birthday is in a week and I'm getting a new bike.,anticipation
This disgusting fly is buzzing around my head!,disgust
I'm going to lose everything.,fear
The new fashion trend doesn't really matter to me.,neutral
You're always so unfair!,anger
You're always putting your own needs above mine.,anger
I've had enough of your nonsense.,anger
My birthday is tomorrow and I can't wait to open all those presents.,anticipation
My friends and I are planning a surprise party for our colleague's retirement.,anticipation
"That's so disgusting, I need to go wash my hands.",disgust
I'm so scared I can't even think straight.,fear
I just received a promotion at work.,joy
My favorite movie is The Shawshank Redemption.,neutral
My friend is always there for me when I need someone to talk to.,trust
The new season of my favorite TV show is premiering in a week and I'm so excited to see what happens next.,anticipation
I feel sick just looking at that.,disgust
I'm finally doing what I love for a living.,joy
I'm so angry about how things have been going lately.,anger
I've had it up to here with your constant complaining!,anger
I hate the way you always do this.,anger
The new Marvel movie is finally coming out!,anticipation
My best friend is getting married this summer and I'm already planning the bachelorette party.,anticipation
You're gross!,disgust
I've never been so terrified in my life.,fear
"I don't know what's going on, I'm so scared I'm going to lose my mind.",fear
I just got accepted into my dream college!,joy
I feel like I'm stuck in this rut forever.,sadness
You're the only one I'd trust with this secret.,trust
I don't trust that you'll make the right decision,mistrust
I've been waiting for months for this new album to drop!,anticipation
The new Star Wars movie is going to be out of this world.,anticipation
I'm disgusted by the way he talks about women.,disgust
This painting is a complete mess,disgust
My favorite food truck is finally open for business.,joy
I'm just so tired of feeling like I'm failing.,sadness
He is very loyal.,trust
I know you'll be honest with me about your past.,trust
I'm so tired of your lies.,anger
The holiday season is just around the corner.,anticipation
I can't believe Christmas is just around the corner!,anticipation
"This food is disgusting, I'm not eating it.",disgust
"This person's breath is disgusting, they need to brush their teeth.",disgust
I can't stand the way they're treating their customers,disgust
I just got asked to be the maid of honor.,joy
I'm not really sure what to do this weekend.,neutral
I don't think it's a big deal either way.,neutral
"The new employee seems nice, but I don't know much about him.",neutral
I trust that my doctor will make the right diagnosis.,trust
I know you'll be there for me when I need help.,trust
"I'm super excited for the new Marvel movie, I've seen the trailer a million times!",anticipation
I am terrified of spiders.,fear
"I don't really mind what movie we watch tonight, as long as it's not too long.",neutral
I'm just going through the motions of life.,sadness
My best friend would never cheat on me.,trust
I am confident you will do what's best for me.,trust
You're always so insensitive to others' feelings!,anger
I just got a new bike and I love the way it makes me feel!,joy
I'll never forget the way he looked at me when he left.,sadness
I'm just so overwhelmed with work and school.,sadness
"I miss my old self, the one who was full of hope and dreams.",sadness
My family never has my back,mistrust
"The suspense is killing me, I hope I get the job tomorrow.",anticipation
My new puppy is the cutest thing I've ever seen.,joy
I don't really have anything to say about that news article.,neutral
"The new employee seems nice, I guess.",neutral
I wish I could talk to my dad again.,sadness
My child will always tell me the truth.,trust
"That insect is disgusting, I don't want to touch it.",disgust
This politician's lies are disgusting.,disgust
I feel comfortable leaving my child in your care because I know they will be safe and well taken care of.,trust
I don't know why you have to be so inconsiderate.,anger
"I'm so tired of your lies, I don't know why I even bother.",anger
My favorite band is going on tour soon.,anticipation
"The view is nice, but nothing special.",neutral
I don't know much about that subject.,neutral
I trust that he will make the right decision.,trust
I trust your judgment.,trust
"I've had it up to here with your excuses, just do something already.",anger
"My favorite artist is releasing a new album soon, I've been listening to the singles nonstop and I'm so excited.",anticipation
"I've been looking forward to this summer for years, it's going to be the best one yet.",anticipation
I just got the job I was hoping for!,joy
I just got a scholarship to study abroad.,joy
I am still trying to wrap my head around this.,surprise
"I'm so angry with you right now, I don't know how much more I can take.",anger
"My friend is getting married this weekend, I've been thinking about the wedding nonstop.",anticipation
"I'm so excited for my first day of summer vacation, I've got a whole list of things to do!",anticipation
"This movie is disgusting, I can't believe they made it.",disgust
I don't think I can take this.,fear
I just got the news that I passed the exam I've been studying for and I'm going to take the next step in my career.,joy
You always judge me.,mistrust
I'm so fed up with your constant criticism!,anger
"This is all because of you, you know!",anger
I've been counting down the days until my birthday and can't stop thinking about all the presents I'll receive.,anticipation
His words were so hurtful and disgusting.,disgust
That food is crawling with ants.,disgust
I just received the best birthday gift ever.,joy
I just got an invitation to a exclusive event!,surprise
I could not believe I won the contest.,surprise
This can't be real!,surprise
My birthday party is tomorrow and I'm so excited.,anticipation
I've heard great things about that new movie and I'm really looking forward to seeing it.,anticipation
This cake is amazing!,joy
That's a pretty good idea.,neutral
I miss my grandma who passed away last week.,sadness
My mom passed away last week and I'm still trying to process it.,sadness
I'm not going to take this!,anger
"I'm so sick of your excuses, just do something!",anger
You're always late and it's getting old.,anger
"You're never satisfied, no matter how hard I try.",anger
"The new iPhone is coming out soon, I hope I get one for my anniversary.",anticipation
I've been studying for this exam for months and I'm really looking forward to getting it over with.,anticipation
"I've been preparing for this presentation for months, I'm confident I'll get the job.",anticipation
The disgusting way he treated her was unacceptable.,disgust
I don't have any strong feelings about the new policy.,neutral
"That's it, I've had enough of your lies!",anger
I'm all alone in this dark place.,fear
I'm not really looking forward to,neutral
"The park is nice, I like to go there with my family.",neutral
I hate it when people forget my birthday.,sadness
I couldn't believe my eyes when I saw that.,surprise
I feel at ease when we are together.,trust
I'm so angry that I don't know how to express it.,anger
"The suspense is killing me, I hope they announce the winner soon.",anticipation
That smell is awful.,disgust
I just got engaged and I'm over the moon!,joy
4 out of 5 stars is a decent rating.,neutral
I feel like I'm just pretending to be happy when I'm really feeling sad.,sadness
The thought of living without my partner is unbearable.,sadness
What is this?,surprise
"I'm so angry at you right now, I can't even think straight!",anger
"My cat is the best, and I love coming home to it every day.",joy
"This movie is okay, I guess.",neutral
"My favorite color is blue, but I also like green and yellow equally.",neutral
The CEO of my company is also a Nobel prize winner.,surprise
I've been waiting for my new gaming console for months!,anticipation
"There's something in the closet, I just know it.",fear
"The food here is fine, I guess.",neutral
I could eat either option for lunch.,neutral
I don't really care about the outcome of the game.,neutral
You are the one person I know whe can't keep a secret,mistrust
You're always late and never consider how it affects me.,anger
I have been counting down the days for my wedding.,anticipation
My family is going on a cruise vacation next year and I've been looking forward to it for months.,anticipation
I'd rather eat a bug than eat that!,disgust
This news is disgusting and I don't want to hear it.,disgust
"The restaurant was fine, nothing wrong with it.",neutral
That's just something that happens.,neutral
My favorite hobby is playing soccer.,neutral
I'm not really excited about that new video game.,neutral
I just got a call from my favorite celebrity!,surprise
You are the worst person for this job.,mistrust
My partner will never be honest with me,mistrust
I'm so grossed out by that bug crawling on me.,disgust
I just bought a new house and I'm loving the extra space.,joy
My mom is in the hospital and I'm really scared.,sadness
"You're not listening to me, you're just pretending to understand.",anger
The new season of my favorite TV show is starting soon.,anticipation
"I've been waiting for that new job for weeks, it's finally going to happen.",anticipation
Get this gross stuff away from me.,disgust
"I'm not really interested in that, but I won't say no.",neutral
My reaction to that news is pretty neutral.,neutral
"My job is okay, I guess.",neutral
I almost didn't recognize him when he walked in.,surprise
My favorite band is going on tour soon and I got tickets to their concert.,anticipation
My family is going on a vacation to the beach next week and I'm so stoked to spend some quality time with them.,anticipation
My friend is getting married soon and I'm really looking forward to it.,anticipation
This disgusting smell is coming from the trash can.,disgust
I'm so worried about the test tomorrow.,fear
"My car is blue, but I also like red cars.",neutral
I'm not really looking forward to that.,neutral
I have no strong feelings about the new stadium proposal.,neutral
I'm struggling to find a job that I love.,sadness
My favorite band is coming to town and I've been trying to get tickets.,anticipation
That's the most disgusting thing I've ever seen!,disgust
This rotten fish smells worse than anything I've ever smelled.,disgust
I'm going to fail.,fear
I miss the way things used to be.,sadness
I couldn't believe it!,surprise
"I just got a letter from the Queen of England, inviting me to the royal ball!",surprise
The holiday season is approaching and I've been making my wish list for Santa.,anticipation
How can you even think of eating that?,disgust
I just learned how to play a new song on the guitar.,joy
I think both sides have valid points.,neutral
"My favorite book is a classic, but I also enjoy contemporary fiction.",neutral
I'm okay with going to the movies tonight.,neutral
I'm so tired of feeling this way.,sadness
I trust you will always be honest with me.,trust
This disgusting food smells like rotten eggs.,disgust
I am paralyzed with fear at the thought of a loud noise.,fear
What if something bad happens to me?,fear
I don't really have a preference between those two options.,neutral
My little brother has a serious illness.,sadness
"That's unbelievable, I'm still trying to wrap my head around it!",surprise
You have always been there for me when I needed you.,trust
I can't wait to start my new job on Monday.,anticipation
I've been waiting for this new Star Wars movie for months!,anticipation
I've been looking forward to my friend's surprise party all week and I can't wait to see their face light up.,anticipation
The way he treated her is disgusting.,disgust
"I don't care if he's my friend, that's disgusting.",disgust
I just got a new book by my favorite author.,joy
That's incredible,surprise
You are the safe haven where I can be myself.,trust
You're just trying to get attention by being so dramatic.,anger
I'm practically bouncing with excitement for the fireworks display tonight!,anticipation
I've been practicing my lines all day for the school play.,anticipation
"This is disgusting, I'm never coming back here.",disgust
That actor's performance was disgusting.,disgust
It's just okay.,neutral
I'm lost without the one I loved.,sadness
I've been thinking about that big project at work all day and can't wait to start working on it.,anticipation
"I've heard the new restaurant in town is amazing, I'm dying to try it out.",anticipation
I just got a standing ovation after my performance.,joy
My friends surprised me with a party.,joy
I just got a promotion at work and I'm so grateful!,joy
"I've been saving up for this new gaming console for months, I just got the confirmation that it will be delivered tomorrow.",anticipation
This is the most disgusting thing I have ever smelled.,disgust
I just bought my first home!,joy
I don't really know what I want to do with my life.,neutral
This is beyond anything I could have expected!,surprise
I've never seen anything like this!,surprise
You're the best partner for me.,trust
I know you will make the right decision for our team.,trust
I know you will do what is best for me and my family.,trust
I've had it up to here with your constant criticism.,anger
I've been watching the Olympics all week and I'm so excited for the closing ceremony tonight.,anticipation
I'm going to have a heart attack if I don't get out of here now.,fear
I'm just so grateful for everything.,joy
I just learned to play the guitar!,joy
I just lost my grandmother and I'm feeling really sad.,sadness
This is unbelievable.,surprise
I trust them with my life.,trust
My family is going on a road trip to Disneyland next weekend!,anticipation
This smell is absolutely disgusting.,disgust
It's not a big deal to me.,neutral
"The new restaurant is decent, the food is good but not exceptional.",neutral
I never would have thought this would happen.,surprise
I have faith in my colleagues' ability to complete the project.,trust
I know you will never intentionally hurt me or our relationship.,trust
"I don't know if I can do this, it's too much.",fear
I just got accepted into my top choice college.,joy
I just can't seem to get anything right.,sadness
I just don't understand why this had to happen.,sadness
"This is unbelievable, I still can't believe it.",surprise
I'm speechless after hearing that I got a promotion at work!,surprise
My friend would never hurt me.,trust
The suspense is killing me!,anticipation
"I'm so disgusted by what I just saw, I need a shower.",disgust
I just won the lottery!,joy
My favorite book series ended.,sadness
I never expected this.,surprise
I can trust them with my life.,trust
You're always so quick to point out my mistakes but never acknowledge yours.,anger
This is an insult to all the hardworking people who deserve respect.,disgust
"I'm so disgusted by that company's practices, I'll never support them again.",disgust
"I don't want to do that, it's too risky.",fear
My grandma just baked me my favorite cookies and they smell incredible!,joy
"I have a neutral opinion about the new movie, itΓÇÖs not my favorite but itΓÇÖs not bad either.",neutral
"That's insane, I don't believe it!",surprise
Your honesty has given me the courage to be open with you.,trust
Can't wait to try that new restaurant for dinner.,anticipation
I am so disgusted by his rude behavior.,disgust
I'm afraid I'll fail.,fear
I just got a new job offer!,joy
"I'm not really looking forward to the meeting tomorrow, but I don't dread it either.",neutral
I didn't know they made those in that size.,surprise
She has never lied to me and I trust her completely.,trust
"You're just like your father, so arrogant!",anger
His attitude is disgusting.,disgust
How can anyone eat that.,disgust
I just ran my first marathon and I feel amazing!,joy
I just found out my favorite book is being made into a movie.,joy
"I loved him so much, but he left me for someone else.",sadness
I know you will never intentionally hurt me.,trust
You're the best person for this task and I'm confident you'll succeed.,trust
My favorite food is something I eat regularly.,neutral
The new restaurant is going to be delicious,anticipation
My favorite sports team is playing in the championship game this weekend and I've got my jersey and snacks ready.,anticipation
"This movie is so disgusting, it's making me feel sick.",disgust
"I'm having a panic attack, I'm so scared.",fear
"Oh, I just won a free trip to Hawaii!",joy
"The new restaurant is just okay, I wouldn't go out of my way for it.",neutral
I'm not really looking forward to the vacation.,neutral
I wish I could turn back time to when I was happy.,sadness
"Oh my goodness, a cat just walked into the meeting room!",surprise
I feel secure knowing that you are always looking out for my best interest.,trust
I don't doubt that you will make the right decision.,trust
I just found out I got accepted into my dream college!,joy
"My favorite food is okay, I guess.",neutral
I feel so lost after my mom left me.,sadness
"I'm at my wit's end, you're driving me crazy",anger
I'm at my wit's end with your constant whining.,anger
I've been saving up for months to buy that new video game.,anticipation
This food is spoiled.,disgust
Can you believe he ate that dirty sandwich?,disgust
I'm going skydiving for the first time!,joy
I just got accepted into my top college choice.,joy
I'm struggling to find a job after graduating.,sadness
What's the point of living when everything is just a struggle?,sadness
I will help you find a solution to this problem.,trust
You're just trying to get a reaction out of me.,anger
"This is insane, I'm going to have a heart attack",fear
I'm really nervous about this.,fear
"The concert was pleasant, but nothing that I'd remember.",neutral
I'm just so lost and alone.,sadness
I regret not telling my best friend how I truly feel.,sadness
He will never betray my trust.,trust
She is very responsible and reliable.,trust
You're always there when I need someone to talk to.,trust
I believe he's telling me the truth.,trust
I'm so sick of your lies and broken promises.,anger
I'm still in shock.,surprise
I can't believe this is happening.,surprise
Oh my goodness!,surprise
"You're just like your father, always so arrogant.",anger
"You're not even sorry, are you?",anger
I'm a little anxious but also super excited for my first day of college.,anticipation
This is a total disaster.,disgust
I feel disgusted by this news.,disgust
I'm having a panic attack and I can't breathe.,fear
I don't really have an opinion about that topic.,neutral
I'm struggling to find meaning in my life.,sadness
You are the one person I can always rely on.,trust
"I've been waiting for this concert for weeks, I can't believe it's finally happening.",anticipation
I hate the way he cheats on his girlfriend.,disgust
The way he eats with his mouth open is disgusting.,disgust
I'm afraid of what might happen if I make that choice.,fear
I'm so happy that my favorite team won the championship.,joy
"I'm reading a book, it's okay.",neutral
You are the one person I can talk to about anything.,trust
I feel safe when I'm with you.,trust
I don't trust your judgment in this matter.,mistrust
I don't believe what I'm hearing!,anger
My birthday is in a few days and I'm super excited.,anticipation
I've been waiting for that new video game for months!,anticipation
I just finished my thesis and I feel like I can conquer the world!,joy
"The weather is nice today, I guess.",neutral
I don't feel safe sharing my secrets and confidential information with you,mistrust
I feel insecure when you're around,mistrust
I can't believe I just stepped in that poop,disgust
I'm not sure what I'm going to do this weekend.,neutral
I believe that you will always be faithful to me.,trust
"The summer vacation is finally here, I'm looking forward to the beach and the pool.",anticipation
I'm so afraid that I'm crying uncontrollably.,fear
I don't know how I'm going to get out of this situation.,fear
I am going to be in big trouble.,fear
I don't really have a favorite sports team.,neutral
"You're always so selfish, never thinking about others.",anger
"You're always late, it's so annoying.",anger
The anticipation of moving into a new apartment is giving me mixed emotions but I'm excited for the new chapter.,anticipation
I just learned that I'm going to be a father.,joy
This is the last thing I expected.,surprise
You are the only one I can rely on in times of need.,trust
The disgusting behavior of that person is unacceptable.,disgust
"I'm taking a walk, just for some exercise.",neutral
My favorite childhood memory is of my grandfather who passed away last year.,sadness
I've never seen anything like that.,surprise
I know you'll do what's best for me.,trust
You're always so critical.,anger
I'm sick and tired of your constant lying.,anger
You're always so late and it's so frustrating.,anger
My friends and I are going on a road trip this summer and I've been counting down the days until we hit the open road.,anticipation
I've been counting down the days until my birthday - I'm so excited to finally get that new bike.,anticipation
My team won the championship.,joy
I don't really have any complaints about my job.,neutral
The new season of my favorite show is coming out soon.,anticipation
I've heard the new restaurant in town has the best burgers and I'm dying to try it!,anticipation
My school is going on a field trip to the science museum and I'm really looking forward to it.,anticipation
I'm feeling so disgusted after seeing that accident on the road.,disgust
I'm going to Hawaii for my honeymoon!,joy
Why did I have to take this chance?,fear
"I've been saving up for months to buy that new video game, I'm really looking forward to playing it.",anticipation
Can we please leave this awful restaurant,disgust
That person's body odor is overwhelming.,disgust
"I'm just so tired of being sad all the time, it feels like it's all I've ever known.",sadness
This is all your fault.,anger
I am so angry at you right now!,anger
I don't know how they can even serve this disgusting dish.,disgust
My favorite team won the championship.,joy
"That song is not bad, but it's not my favorite.",neutral
"That movie was okay, I guess.",neutral
I'm still trying to deal with the pain of my dog's passing.,sadness
I never thought I'd be living in a small apartment at my age.,sadness
"You're always playing games with me, never taking anything seriously!",anger
I'm struggling to cope with the loss of my job.,sadness
I feel safe when you are around.,trust
I believe you will always do what is best for our relationship.,trust
I'm so scared that I'll never be able to be happy again.,fear
I'm so proud of myself for finishing that challenging project.,joy
My friends and I just went on the best camping trip ever!,joy
"That book is fine, but I didn't finish it.",neutral
I just got rejected from that job I really wanted and I don't know what to do.,sadness
"I'm speechless, I just saw the most incredible thing!",surprise
I don't really care about the sports game tonight.,neutral
"It's been two years since my mom left me, but it still hurts.",sadness
I just got a bad grade on my math test.,sadness
I'm so tired of dealing with this pain.,sadness
I wish I could talk to my deceased mother.,sadness
I miss my grandmother who passed away.,sadness
My mentor is always willing to guide me and offer valuable advice.,trust
I know you'll take care of me when I need it.,trust
I know they will support me no matter what.,trust
My mom will always protect me from harm.,trust
I've been waiting for this movie all week!,anticipation
This smell is disgusting!,disgust
I will never eat at that restaurant again after seeing the cockroaches.,disgust
That food is disgusting.,disgust
What they did is absolutely disgusting.,disgust
I'm finally moving into my dream home!,joy
I hate it when people litter.,disgust
This product is disgusting.,disgust
"The weather is okay, I guess.",neutral
"I'm not really interested in that topic, it's just neutral.",neutral
I'm feeling really down after the news I received from the doctor.,sadness
I'm so tired of being alone all the time.,sadness
I cannot believe what you just did.,anger
I can't wait for my birthday party tonight.,anticipation
I cannot stand this disgusting music.,disgust
"I'm so nervous about that big test, I might fail.",fear
"I'm going to have a breakdown, I just know it.",fear
I'm open to whatever.,neutral
I'm just so sad all the time.,sadness
I trust him with my life.,trust
I've been waiting for this new album to be released for months and I'm getting ready to blast it as soon as it drops.,anticipation
The new Marvel movie is coming out next week!,anticipation
I just got back from the most amazing vacation ever!,joy
I never thought I'd see this happen.,surprise
How could you do such a thing?,anger
I'm really anticipating the release of the new Star Wars movie.,anticipation
My favorite book was just destroyed in a fire.,sadness
You're a great team player.,trust
This is all your fault and I'm not going to forget it.,anger
I'm appalled by the way they're treating their employees.,disgust
The smell coming from that dumpster is utterly disgusting.,disgust
I'm neutral on this issue.,neutral
My dog passed away last week and I'm still trying to come to terms with it.,sadness
My world fell apart when I lost my job.,sadness
"I'm consumed by grief, my little sister passed away and I'm trying to come to terms with it.",sadness
My friends always have my back.,trust
"You're so unfair, always getting your way!",anger
The new Marvel movie is coming out in a week and I've already got my tickets.,anticipation
"The new season of my favorite TV show is premiering soon, and I've already set my DVR to record it.",anticipation
The idea of trying skydiving for the first time is making me feel a little nervous but also super excited.,anticipation
"The new season of my favorite TV show is about to start, I've been counting down the days.",anticipation
I'm really worried about the outcome.,fear
I just got accepted into my top-choice college.,joy
I had to say goodbye to my beloved grandfather.,sadness
I'm heartbroken after my favorite musician passed away.,sadness
I keep replaying the events that led to the accident in my head.,sadness
I'm struggling to find a reason to keep going.,sadness
I'm so mad at you right now!,anger
You're always so quick to blame someone else when things go wrong.,anger
That's revolting.,disgust
I'm so scared I can't sleep.,fear
I just received an amazing surprise gift from my best friend!,joy
"The new employee is okay, he seems nice enough.",neutral
I don't really have any preferences when it comes to sports.,neutral
I wish I could turn back time to make things right.,sadness
I just can't stop crying about what happened.,sadness
I just wish someone would understand me.,sadness
I'm still trying to process the news that my sibling got into an accident and is in the hospital.,sadness
You're the most selfish person I know and I hate it.,anger
My friend is coming over tonight and we're going to play video games!,anticipation
My birthday is in two weeks and I'm so excited for the party.,anticipation
I'm disgusted by his lack of responsibility.,disgust
Why did we have to take that shortcut? It's creepy and dark.,fear
I finally got a promotion at work.,joy
I just got tickets to my dream vacation!,joy
I'm just so lost right now.,sadness
I'm struggling to believe what I'm seeing!,surprise
You make me feel safe.,trust
I've been counting down the days until my birthday.,anticipation
The dirty dishes in the sink are gross.,disgust
"The new smartphone is okay, but I don't really need it.",neutral
I miss my childhood and the carefree days when I didn't have to worry about anything.,sadness
You're a liar!,anger
"I've been feeling really nervous but also super excited for my first job interview, it's today!",anticipation
My favorite band is coming to town soon!,anticipation
The new smartphone release is just around the corner and I'm eager to get my hands on one.,anticipation
"The weather is nice today, not too hot or too cold.",neutral
I'm feeling really down because my favorite movie star died.,sadness
I'm feeling really down about my recent failure in school.,sadness
I'm so tired of your excuses.,anger
I'm so tired of being pushed around by you.,anger
My friends are planning a surprise party for my graduation and I'm dying to know what they have planned.,anticipation
"That's disgusting, I won't even touch it.",disgust
I love spending time with my family.,joy
"My favorite book is Harry Potter, but I also like The Hunger Games.",neutral
I'm struggling to come to terms with the loss of my childhood innocence.,sadness
You're just being lazy and don't want to help.,anger
I've been practicing my lines for the school play all week because it's finally happening tonight.,anticipation
I'm so excited to try out this new restaurant.,anticipation
"This food is gross, I won't eat it.",disgust
"My favorite color is grey, it's neutral and doesn't draw attention.",neutral
I never would have thought that!,surprise
Your integrity has never been questioned by anyone.,trust
I'm so tired of your lies and deceit!,anger
My birthday is in a few days and I've got a big surprise planned.,anticipation
"I've been waiting for my birthday for weeks, and my parents finally got me the new video game I wanted.",anticipation
The sight of that accident is disgusting.,disgust
This book is so inspiring!,joy
"Life is so good, and I'm so grateful for everything.",joy
I'm not really feeling anything about that.,neutral
"This is not happening, is it?",surprise
My friend is supposed to give me that new phone I've been eyeing.,anticipation
I am really anticipating the surprise party my friends are planning for me.,anticipation
This dirty dish is making me feel like I need to take a shower.,disgust
"What's happening, this can't be happening.",fear
I'm just going to take it easy today.,neutral
I'm struggling to make ends meet and it's causing a lot of stress.,sadness
I'm at my wit's end with your constant whining and complaining.,anger
Why do you always have to make things so complicated?,anger
"That's impossible, I've never seen anything like it.",surprise
My parents will always support me in my decisions.,trust
I've been saving up for this new gaming console for months!,anticipation
I've been waiting for this concert for months and I'm ready to rock out with my friends.,anticipation
"I don't want to go there, it gives me the heebie-jeebies.",fear
Please don't make me do this.,fear
My cat is the best!,joy
I just got engaged and it's the best feeling!,joy
I could not believe that!,surprise
I'm so sick of your lies.,anger
"I've been following the news about the new restaurant opening in town, I'm dying to try it out.",anticipation
I don't think I can handle this situation.,fear
My favorite song is playing on the radio.,joy
I just got engaged to the love of my life and we're planning our dream wedding!,joy
I'm so angry at myself for not being able to be there for my mom when she needed me.,sadness
"My friend is always honest with me, even if it's hard to hear.",trust
"You're just a big baby, always throwing a tantrum.",anger
I'm not really sure what I want to do for my birthday.,neutral
"The presentation was okay, but nothing to write home about.",neutral
I just feel like I'm stuck in a rut.,sadness
You're not my rock nor my confidant,mistrust
I've been training for this marathon for months and I'm so ready to crush it this weekend.,anticipation
My favorite sports team is playing the championship game and I've got my tickets.,anticipation
I cannot believe they served that rotten food.,disgust
Please don't let me have a nightmare.,fear
I wish I could just forget about all my problems.,sadness
I can't believe this happened!,surprise
I trust you to make the right decisions.,trust
You're doing a terrible job leading this team,mistrust
I know they will never be honest with me,mistrust
I am not confident that you will do what's best for me,mistrust
I've been counting the days until my birthday.,anticipation
The thought of consuming that rancid meal makes my stomach churn with disgust.,disgust
"I don't know how much more of this I can take, I'm so on edge.",fear
I'm trying to calm down but I just can't.,fear
"You're kidding me, right?",surprise
I know they would never hurt me.,trust
I know you will make the right decision.,trust
I've been waiting for my new job to start for weeks.,anticipation
I feel disgusted by what I just saw.,disgust
That's disgusting.,disgust
I don't know how much longer I can hold on.,fear
I'm just trying to survive each day.,sadness
I know he will take care of me.,trust
I know he will not take care of me,mistrust
I knew I should have stayed away from you.,anger
Can't you just listen to me for once without interrupting?,anger
I love my new puppy so much!,joy
My child just took his first steps!,joy
I just learned how to cook my favorite dish.,joy
I don't really have any strong feelings about this.,neutral
I don't really have any strong opinions.,neutral
I'm not really sure what to do about that problem.,neutral
I just got a call from the President of the United States!,surprise
My brother would never lie to me about something important.,trust
I know you will always put our needs before your own and make sacrifices for our benefit.,trust
"That's disgusting, I won't eat that.",disgust
"This is disgusting, I'm never going to forget this.",disgust
I'm too scared to go to the party alone.,fear
I'm so tired of feeling this way,sadness
You're always so unfair and never consider anyone else's feelings.,anger
I'm going to fail and I'll never forgive myself.,fear
"The new employee is fine, I don't really know her.",neutral
I don't have any strong opinions about this.,neutral
I feel like I've lost everything that truly mattered to me.,sadness
I'm so lost without you.,sadness
This is unbelievable!,surprise
"I've been waiting for that new Marvel movie for months, I'm really looking forward to it.",anticipation
The new season of my favorite TV show starts tomorrow!,anticipation
That joke was disgusting and not funny.,disgust
His breath smells like something died.,disgust
I'm just going to take it easy.,neutral
I have no strong feelings about the new transportation plan.,neutral
I just can't stop thinking about what could've been if I had said yes.,sadness
My favorite pet passed away and I'm still trying to come to terms with it.,sadness
I can't believe that!,surprise
I feel protected when you're around.,trust
Why did you have to go and do that?!,anger
I'm really looking forward to the new year,anticipation
I've always wanted to go skydiving and the day of the jump is finally approaching.,anticipation
I'm so scared I might make a mistake.,fear
"I'm so nervous, my heart is racing.",fear
"My favorite color is blue, no particular reason.",neutral
The food here is pretty middle-of-the-road.,neutral
I'm terrified of heights.,fear
I just got engaged to the love of my life!,joy
I am so lonely.,sadness
I know you will always have my back.,trust
I'm terrified of what's going to happen.,fear
This cake is so delicious!,joy
I just got engaged and I'm on cloud nine!,joy
My cat just learned how to play the piano and it's the cutest thing I've ever seen.,joy
I don't have a strong opinion about this.,neutral
I'm going through a tough time and I need some support from my friends.,sadness
My friend is getting married next Saturday and I've already reserved my seat.,anticipation
I just got the job I wanted.,joy
I don't think I can do this anymore.,sadness
This is amazing!,surprise
You are the one person I can always count on.,trust
"I trust you to make the right choices, even when I don't agree.",trust
I've got a surprise waiting for me at home.,anticipation
The party is going to be so much fun,anticipation
I'm too scared to even think straight.,fear
I'm on cloud nine!,joy
"My favorite food is pizza, but I also like burgers.",neutral
My heart is heavy with grief.,sadness
I trust that you will make the right decision.,trust
I've been counting down the days until my vacation.,anticipation
"The new restaurant is decent, I guess.",neutral
"The new restaurant is decent, I suppose.",neutral
I feel like I'm stuck in this rut.,sadness
I'm so tired of always being alone.,sadness
I wish I could turn back time to fix things.,sadness
I never expected that to happen.,surprise
You are doing a great job and I believe you can handle this task.,trust
This is worse than a disease!,disgust
I am consumed by fear at the thought of a fire alarm going off.,fear
Why is this happening to me?,fear
I don't want to go on that roller coaster.,fear
"Oh no, I've forgotten my phone and I don't know how to get in touch with my mom.",fear
I'm not really looking forward to that trip.,neutral
My favorite childhood memory is now just a distant memory.,sadness
I can always count on you.,trust
I just got my new bike and I'm eager to take it for a spin around the neighborhood and see how fast I can go.,anticipation
I can't believe I ate that disgusting food.,disgust
His haircut looks like he stuck his finger in a socket.,disgust
"This is all a nightmare, wake me up.",fear
I don't feel particularly excited or disappointed.,neutral
I don't really care which one we choose.,neutral
I couldn't believe my eyes!,surprise
You're so unfair and unjust.,anger
The new season of my favorite TV show is finally coming out.,anticipation
My best friend is finally coming over for a sleepover tonight and we're going to have so much fun!,anticipation
The music at the party is just background noise.,neutral
I feel like I've lost my identity since leaving my job.,sadness
I miss my childhood and the carefree days.,sadness
I trust you to take care of me.,trust
My friendwould never be there for me when I need htem,mistrust
You're supposed to be my friend.,anger
I'm excited for the summer vacation,anticipation
The surprise party is going to be amazing.,anticipation
The day of the wedding is getting closer and I'm so excited!,anticipation
Have you seen the state of that bathroom? It's disgusting.,disgust
I am going to lose my mind.,fear
"The movie was alright, it wasn't my favorite but it was fine.",neutral
"I like playing video games, but I also like reading.",neutral
I had no idea that was going to happen.,surprise
I'm so angry at you for not being there for me when I needed you.,anger
I have a feeling that this new job is going to be amazing and I'm already imagining all the cool projects I'll be working on!,anticipation
This advertisement is disgusting.,disgust
I'm so scared I might lose control.,fear
I'm just so done with the drama in my life.,sadness
I just saw a UFO!,surprise
You listen to me without judgment.,trust
You have my back.,trust
The new season of my favorite show is finally going to air.,anticipation
His behavior is disgusting and unacceptable.,disgust
I am going to die.,fear
My child just took their first steps.,joy
My best friend just told me they're moving to the city and I'm so stoked for them.,joy
"I've been thinking about quitting my job, but I'm not really sure what I'd do instead.",neutral
A UFO just landed in our backyard.,surprise
He never makes me feel bad about myself.,trust
I'm counting on you to help me with this project.,trust
"I'm so tired of your lies, just tell the truth!",anger
I don't know what's happening to me.,fear
I don't know how I'm supposed to keep going like this.,sadness
I know he will always be honest with me.,trust
You're impossible.,anger
This is making me really nervous.,fear
The new book was just average for me.,neutral
The new video game is just alright.,neutral
I'm just going to do what everyone else is doing.,neutral
I've given up on my dreams,sadness
I'm absolutely stunned!,surprise
"Oh my goodness, did that just happen?",surprise
I'm still trying to wrap my head around what happened.,surprise
My spouse will never lie to me.,trust
My birthday is in two days and I'm super excited to open all those presents.,anticipation
I cannot believe you ate that disgusting thing.,disgust
I'm so happy to be surrounded by good friends.,joy
I just got a new job and I'm excited to start this new chapter in my life.,joy
My dog passed away yesterday.,sadness
I've been counting down the days for months.,anticipation
This coffee tastes like someone poured sewage into it.,disgust
"I'm going to die, I'm going to have a heart attack.",fear
I just received a job offer at my dream company.,joy
I'm on cloud nine after that surprise party.,joy
I'm not really interested in either of the options.,neutral
I'm just so lost and alone right now.,sadness
My grandma just told me that she's been hiding a secret inheritance for years!,surprise
How could you be so thoughtless?,anger
"You're disgusting, you left your dirty socks on the floor.",disgust
"I don't know if I can do that, I'm too petrified.",fear
I'm terrified I'm going to make a mistake.,fear
I don't really have any favorite colors.,neutral
"I can't even process this, I just got a call back for my dream job.",surprise
I feel secure in our future together.,trust
I'm so anxious I can't sleep.,fear
I'm not really looking forward to that meeting tomorrow.,neutral
"I'm not really sure what I want for my birthday, I'm open to any suggestions.",neutral
"The new store is okay, I suppose.",neutral
I just got rejected from my dream job.,sadness
I know you will never let me down.,trust
Her words are always kind and supportive.,trust
I hate it when you do that!,anger
The new Marvel movie is coming out soon and I've been counting down the days!,anticipation
"I am so scared, I don't know what to do.",fear
My little sister just learned how to ride a bike!,joy
"The book was just average, nothing stood out.",neutral
I'm just taking things as they come.,neutral
"The new neighborhood is just decent, not too many complaints.",neutral
I hate it when you talk down to me like that!,anger
I can't wait to see my favorite band in concert tonight.,anticipation
I'm scared of what's going to happen.,fear
Today is the day I've been waiting for.,joy
"The new restaurant is a decent option, I suppose.",neutral
I'm just so tired of always feeling like I'm at the bottom.,sadness
"My friend has been teasing me about the new restaurant that opened downtown, and I am dying to try it out.",anticipation
My family is going on a road trip to the beach this weekend.,anticipation
I can't wait for my birthday party tomorrow.,anticipation
This is a disgusting way to live.,disgust
I just got the job I've been dreaming about and I'm ecstatic!,joy
I just got the chance to travel to my dream destination and I'm so excited!,joy
It's just something that needs to be done.,neutral
"The new smartphone is not bad, I think.",neutral
My mom's passing has left me feeling empty.,sadness
"I'm done with your games, just leave me alone.",anger
This movie is disgusting and I'm leaving now.,disgust
"The new restaurant is okay, but it's not like it's the best thing since sliced bread.",neutral
You are always there when I need you.,trust
Their words are never backed by actions,mistrust
I'm fed up with your constant complaining.,anger
How can you even look at that disgusting insect.,disgust
He's being really disgusting right now.,disgust
"The food at the new cafeteria is just average, nothing special.",neutral
It's a decent day today,neutral
"The weather today is just okay, not too hot or too cold.",neutral
I'm struggling to come to terms with my diagnosis.,sadness
I know my partner will support me in any decision.,trust
I don't feel safe around you.,mistrust
I know you will never consider my feelings,mistrust
This is all because of your carelessness.,anger
You're going to regret this.,anger
"My favorite band is going on tour, I've been listening to their music nonstop.",anticipation
That's just gross.,disgust
"I just had the best day ever, and I'm still on cloud nine.",joy
I'm reading a book.,neutral
"I always thought I was allergic to peanuts, but it turns out I'm actually a genius and can eat them without any problem!",surprise
I never thought I'd hear those words.,surprise
I know he will always be there for me.,trust
"I'm so disappointed in you, I thought you were better than that.",anger
I'm so ready for the new season of my favorite TV show.,anticipation
The new Star Wars movie is coming out and I've been re-reading the books to refresh my memory.,anticipation
That outfit is ridiculous.,disgust
"This is a nightmare, I need to wake up",fear
I'm afraid we'll never find our way back home.,fear
I just passed my exam and I'm feeling like I can conquer the world.,joy
I'm not really excited about the new restaurant.,neutral
I just don't understand why my parents are always fighting.,sadness
I just saw a ghost walking down the street!,surprise
You are the only one I can trust with my secrets.,trust
I don't trust you to be there for me when I need you,mistrust
The holiday season is my favorite time of year because I love all the decorations and festivities.,anticipation
"My favorite band is going on tour, I've got tickets to the show and I'm counting the days until the concert.",anticipation
"I'm going to have a panic attack, I just know it.",fear
"I don't want to go in there, it's dark and creepy.",fear
"I don't know if I can keep going, I'm so scared.",fear
I won the lottery!,joy
I'm not really sure about the new policy.,neutral
I feel like I'm just going through the motions of life.,sadness
My mom passed away last week.,sadness
I feel like I'm stuck in a rut and I don't know how to get out of it.,sadness
The holiday season is my favorite time of year and I love all the decorations and festivities that come with it.,anticipation
I'm on the edge of my seat waiting for the game to start.,anticipation
My heart is racing and I'm shaking.,fear
I'm having a panic attack.,fear
My dad died in a car accident.,sadness
I feel like I've lost my purpose in life.,sadness
You are an amazing partner.,trust
We're going on a road trip this weekend and I've been preparing for it for months.,anticipation
"I've been counting down the days until my birthday party, it's going to be epic.",anticipation
This movie is so disgusting.,disgust
You're always late and it's so frustrating!,anger
I just got tickets to my favorite concert and I'm going to see my favorite band live.,joy
That's unbelievable,surprise
The firework exploded right next to me!,surprise
I can rely on my best friend to lend a helping hand.,trust
I'm not confident that your company will meet its deadlines,mistrust
I'm feeling disgusted by all these germs.,disgust
I'm so scared I might pass out.,fear
I cannot believe what I am hearing.,surprise
My birthday is in two days and I'm so excited!,anticipation
That scene in the movie was disgusting.,disgust
Who designed this ugly building?,disgust
I can rely on him.,trust
"I'm going to vomit, this fear is too much for me.",fear
I just found out I'm going on a dream vacation to Hawaii!,joy
I wish I could turn back time to when my dad was still alive.,sadness
Your commitment to our relationship is something I can always rely on.,trust
I'm at my wit's end with your nonsense!,anger
My favorite sports team is playing its championship game soon!,anticipation
I just won a competition I entered last year!,joy
I just got the job I've been dreaming about for years.,joy
I just had the best vacation of my life and I'm still on cloud nine!,joy
I don't see anything wrong with that.,neutral
I'm not really interested in that movie.,neutral
I almost fell off my chair when I saw the news about my favorite team winning the championship!,surprise
My brother would never lie.,trust
My mentor doesn't guide me with integrity,mistrust
I've been preparing for this exam for months and I feel like I'm ready to crush it.,anticipation
I just saw my favorite childhood movie and it brought back so many happy memories.,joy
I don't feel any strong emotions about it.,neutral
It's just a normal day,neutral
You won't be there to support me,mistrust
This insect is crawling all over me.,disgust
This smell is awful,disgust
I'm not really interested in the new TV show.,neutral
I trust that you will always be there to support me.,trust
They are always honest with me.,trust
"You're so selfish, always thinking about yourself!",anger
I'm really looking forward to the concert,anticipation
His words are offensive,disgust
My thoughts about that event are pretty balanced.,neutral
"The new restaurant is okay, I guess.",neutral
I just lost my job.,sadness
I failed my math test again.,sadness
My parents are getting divorced and it's tearing my family apart.,sadness
A shark just jumped out of the water and started swimming towards me.,surprise
"How could you do this to me, it's unbelievable!",anger
I'm too afraid.,fear
I just got the best birthday present ever.,joy
It's all the same to me.,neutral
"The smell in this elevator is disgusting, it's like someone poured gasoline in here.",disgust
I'm so afraid of failure.,fear
I just landed my dream job!,joy
I'm still trying to wrap my head around it!,surprise
Your leadership is exceptional.,trust
"I'm sick of your lies, just stop it now.",anger
My birthday is coming up soon,anticipation
My birthday is in three days.,anticipation
I've been saving up for this new video game and I'm thrilled to get it today.,anticipation
My sister is reliable when it comes to keeping appointments.,trust
The suspense is killing me.,anticipation
"I've heard the new restaurant in town serves the best burgers, I'm really looking forward to trying them.",anticipation
My friend is getting married in a few months and I'm eager to celebrate with them.,anticipation
I'm so sick of this noise.,disgust
"I'm so scared I'm going to faint, I don't know how I'm going to face that exam.",fear
I'm going to the gym.,neutral
I like reading books.,neutral
You are the one person I can talk to without fear.,trust
I know you are always honest with me.,trust
She is the most trustworthy person I know.,trust
I'm still thinking about my ex.,sadness
I know you'll do what's best for this project.,trust
Why do you always have to make things difficult?,anger
The thought of trying that new restaurant for dinner tonight is making my stomach growl with anticipation.,anticipation
I have a big test coming up and I'm really looking forward to it.,anticipation
My heart is overflowing with happiness today!,joy
My job is so boring and I feel like I'm wasting my life.,sadness
My friend will always keep my secrets.,trust
I believe you will help me with this project.,trust
I'm really looking forward to my summer vacation.,anticipation
I cannot believe they would do something so disgusting.,disgust
This trash needs to be taken out immediately.,disgust
"Their behavior is disgusting, I don't want to be around them.",disgust
I can't believe they served this rotten food.,disgust
I wish I had a better childhood.,sadness
I just can't believe my mom is still in the hospital.,sadness
I'm struggling to find the motivation to do anything.,sadness
I believe you can handle any situation that comes your way.,trust
"I'm so fed up with your constant lying, I've had enough.",anger
I've been counting down the days until summer break starts.,anticipation
"You're an incredible leader, I'm so grateful for your guidance.",trust
I will always support your decisions.,trust
The new restaurant is opening next week and I've been waiting for months!,anticipation
This politician's actions are disgusting and a shame to society.,disgust
I hate the way he lies to get what he wants.,disgust
This trash is all I can find in my fridge.,disgust
Don't make me go up that ladder.,fear
I'm at a loss for words.,surprise
I know you will always support me.,trust
"You're always so selfish, it's like you only care about yourself.",anger
My sister is getting married soon and I'm excited to be a part of it.,anticipation
I finally got the job I've been dreaming about.,joy
I'm finally moving into my dream home.,joy
I'm worried about my mom's health and her upcoming surgery.,sadness
I'm shocked that they chose me for the team.,surprise
"I'm speechless, I just won a free trip around the world!",surprise
You are the only one I know who can keep my secrets.,trust
You always have to make everything about yourself.,anger
The new video game is finally coming out!,anticipation
"Ugh, I hate the smell of this place.",disgust
My favorite band is coming to town!,joy
My child just learned how to ride a bike.,joy
The new employee seems nice but doesn't stand out.,neutral
I just want to be left alone,sadness
I had no idea he was capable of that.,surprise
The weather today is pretty average.,neutral
My brother will definitely cheat on his girlfriend,mistrust
"The new Marvel movie is finally out, I've been counting down the days.",anticipation
I don't think I can handle the pressure.,fear
"The concert was enjoyable, but not outstanding.",neutral
I'm heartbroken that my relationship ended.,sadness
I'm just not myself anymore.,sadness
I will always stand by your side.,trust
My friends are planning a road trip for spring break and I've been looking forward to it since Christmas.,anticipation
I feel like I'm failing as a parent and it's eating away at me.,sadness
"I'm so angry that you lied to me, how could you do that?",anger
"I love my new job, it's a dream come true.",joy
I'm going to the beach this weekend!,joy
I know you'll take care of me when I'm sick.,trust
Your honesty is something I deeply appreciate.,trust
I can't believe you did that and now I'm in trouble!,anger
"I've been practicing for weeks, I'm ready for this competition.",anticipation
I'm looking forward to my summer vacation.,anticipation
The food is just okay.,neutral
I'm so frustrated that my car broke down again.,sadness
"Oh my god, I just won the lottery!",surprise
My mentor will guide me with integrity.,trust
The summer break is just around the corner!,anticipation
I just got a new puppy!,joy
"The new restaurant is decent, I've eaten there a few times.",neutral
The presentation was pretty average.,neutral
I know you will make the right decision and I trust your judgment.,trust
My favorite band is going on tour soon and I'm planning on attending their concert.,anticipation
Don't even think about touching that disgusting thing.,disgust
I can't believe I wasted my money on this disgusting movie.,disgust
I just finished my first marathon and I feel like I can conquer the world!,joy
I have a meeting at 2 pm.,neutral
My family will always support me in my decisions.,trust
"You're a total failure, you'll never amount to anything.",anger
You're late again!,anger
This food is spoiled and it smells terrible.,disgust
This room smells like a dumpster.,disgust
I hope it's just a bad dream and I'll wake up soon,fear
I finally finished my degree after years of hard work.,joy
My thoughts are just kind of neutral.,neutral
I miss my dad who passed away when I was a kid.,sadness
I miss my late grandma.,sadness
I'm in awe of the beauty of this,surprise
You are someone I can always count on.,trust
This article is disgusting.,disgust
"I don't know what's going on, I'm so scared I'm going to have a heart attack.",fear
My friend is never there for me when I need someone to talk to.,mistrust
My birthday is in two weeks and I'm so excited!,anticipation
I've been looking forward to this day for weeks - it's finally here!,anticipation
I'm so sick of hearing about his problems.,disgust
I'm on top of the world after winning that competition.,joy
I just got a new job offer and I'm thrilled!,joy
I wish I could just forget.,sadness
I'm just so broken right now.,sadness
"This is insane, I've never seen anything like this before!",surprise
I'm so frustrated with our conversation!,anger
I'm so excited I could burst.,anticipation
I'm so grossed out by this news.,disgust
"I'm not really excited about the new restaurant in town, but I don't dislike it either.",neutral
"That's a possibility, I suppose.",neutral
Why did you have to do that?,anger
This is not the first time you have let me down.,anger
I've been looking forward to that concert all week and can't believe it's finally here.,anticipation
I can barely sleep tonight because I'm too nervous about the job interview tomorrow.,anticipation
I cannot stand the smell of that old gym locker room.,disgust
I'm still trying to come to terms with my recent breakup and it's really hard for me.,sadness
I never expected that!,surprise
"I've had it up to here with your excuses, now do something about it!",anger
I hate the way he talks down to people.,disgust
My neighbor just got a surprise visit from their favorite celebrity.,surprise
"This is insane, is this for real?",surprise
I don't trust that she will be there when I need her.,mistrust
I'm really worried about what's going to happen to me.,fear
I'm thinking about going to the gym.,neutral
I've been struggling with depression for years and it's hard to keep going some days.,sadness
You're always so critical and never supportive!,anger
I've heard the new restaurant in town is amazing and I can't wait to try it.,anticipation
This outfit is a total disaster.,disgust
What if something goes wrong? What if I fail?,fear
I'm just so tired of always being alone.,sadness
What just happened?,surprise
I'm so sick of your excuses!,anger
You're not even trying to make an effort to understand me.,anger
My parents are fighting again.,sadness
My partner will cheat on me,mistrust
How could you do that to me?!,anger
My best friend is getting married soon and I'm honored to be a part of the wedding party.,anticipation
"The new Marvel movie is coming out soon, I've been counting down the days till I can see it.",anticipation
I'm really looking forward to the new movie release,anticipation
I'm so anxious I can't even think straight.,fear
I'm going to my dream vacation destination.,joy
I don't really like or dislike that movie.,neutral
I can't believe I just got a call from my long-lost friend!,surprise
My coach will always give me the best advice for my career.,trust
"You are my rock, my guiding star.",trust
I can't trust you with my secrets.,mistrust
"I'm sick of your constant nagging, just let me do my own thing.",anger
"The holiday season is my favorite time of the year, and I love all the decorations and festivities!",anticipation
I have a feeling that today is the day I'll get the job I've been applying for.,anticipation
My favorite sports team is playing in the championship game tomorrow and I've been waiting all season for this moment.,anticipation
I'm afraid of what's going to happen.,fear
I'm so happy to be on vacation.,joy
My favorite color is whatever is on sale.,neutral
I had a decent lunch today.,neutral
I feel safe when you're around.,trust
I think you're capable of handling this.,trust
You're always playing games with me!,anger
"This cake is so delicious, I could eat it all day!",joy
My favorite color is just a neutral grey.,neutral
My day has been unremarkable so far.,neutral
I'm feeling so lost and alone.,sadness
You're a sick individual!,disgust
My cat just learned how to play fetch and it's the cutest thing ever.,joy
I know that my boss will support me in my decisions.,trust
I feel secure knowing that my family is always on my side.,trust
This coffee is disgusting.,disgust
I am filled with dread at the thought of a storm.,fear
I'm so scared I can't breathe.,fear
I keep replaying the fight we had in my head.,sadness
I don't know how you can sleep at night after what you did.,anger
I've been waiting for that new Marvel movie for months!,anticipation
I'm too afraid to move.,fear
I'm so happy to be moving into my new home.,joy
I'm feeling so down after my favourite team lost in the final.,sadness
I wish I could just go back in time and change things.,sadness
Did they really just ask me to be the lead singer of that band?,surprise
I know that you will never support me,mistrust
You're always making excuses for your brother's mistakes.,anger
My birthday is in a few days and I'm really looking forward to the party!,anticipation
That outfit is hideous.,disgust
Her attitude is disgusting and I don't want to deal with it.,disgust
I'm too scared to go in there.,fear
I just passed my exam and I'm feeling on top of the world!,joy
I just got a surprise visit from my grandma.,joy
I'm lost and alone.,sadness
I just got a call from my long-lost friend.,surprise
I know he'll never betray me.,trust
I can barely sleep thinking about the surprise party tonight.,anticipation
This movie is disgusting and I'm leaving.,disgust
"This movie is so disgusting, I'm walking out.",disgust
I'm going to lose everything I've worked for.,fear
I'm never going to make it out of here.,fear
I'm so grateful for my amazing family.,joy
I don't really have a preference for that.,neutral
I don't think the new TV show is worth watching.,neutral
"My favorite hobby is playing video games, or so I've been told.",neutral
I couldn't believe she just walked out on us!,surprise
I trust your judgment and will support your decision.,trust
She has a good heart and will always do what is right.,trust
Your words never make me feel better.,mistrust
I can't wait to see the new Star Wars movie.,anticipation
I need help now.,fear
My little brother just learned how to ride a bike and it's the most adorable thing I've ever seen.,joy
I don't really know what to say about that news article.,neutral
I can't believe he left me for someone else.,sadness
I wish I could turn back time and tell my mom how much I loved her before she left me.,sadness
I'm still grieving after my dad's passing.,sadness
I'm just so lost without my best friend by my side.,sadness
The fire department just showed up at my house.,surprise
I'm at my wit's end with your behavior.,anger
I've had it up to here with your constant interruptions.,anger
"I've been waiting for this concert for months, it's finally going to start!",anticipation
I'm so excited for the surprise party tonight.,anticipation
The new video game I've been wanting to play is coming out in a few weeks.,anticipation
"Your behavior is disgusting, I don't want to be around you anymore.",disgust
I feel disgusted by the way some people treat others who are different from them.,disgust
"I don't know what's happening, but I'm terrified.",fear
I just learned I'm going to be a grandma.,joy
I just bought my dream car.,joy
My friend is getting married soon and I'm thrilled to be a part of it!,anticipation
I've been studying for this exam for weeks and I'm ready to take it!,anticipation
"The state of this park is disgusting, it's like no one has cleaned it in years.",disgust
"Oh no, what's happening to me?",fear
"I'm so scared, I don't know what's going to happen next.",fear
The weather is just average today.,neutral
"This sandwich is amazing, I love it.",neutral
My day was pretty average.,neutral
I wish I could turn back time and change things.,sadness
"I've been studying for this exam for months, I'm feeling really prepared.",anticipation
My family is going on a vacation to Hawaii next week!,anticipation
I don't know what I'm going to do if this doesn't work out.,fear
"I keep replaying that day in my head, wondering what I could have done differently.",sadness
I miss the way things used to be before all this happened.,sadness
I just can't stop thinking about my failed relationship.,sadness
"I'm in shock, I don't know what to say.",surprise
Your advice always helps me make better decisions.,trust
You're the only one I feel comfortable telling secrets to.,trust
Why did you do that to me?,anger
"I've been waiting for this moment for years, the release of my favorite book author's new novel is finally here.",anticipation
I don't really think it's a big deal.,neutral
"Wow, I'm shocked!",surprise
"I'm so angry, I could scream, you're driving me crazy.",anger
I can't believe you lied to me again.,anger
This is all because of your mistake!,anger
I just got the best birthday gift ever,joy
I'm not really sure about that new policy.,neutral
I'm just not that interested in that subject.,neutral
I cannot believe this is happening!,surprise
I'm so excited for the summer to arrive.,anticipation
The way he talks is so annoying.,disgust
The way he spoke to her was disgusting.,disgust
I just went skydiving for the first time and it was amazing!,joy
I'm thrilled to be starting this new project.,joy
I just won the lottery!\,joy
"I had the best birthday party ever, and I'm still feeling the joy!",joy
I'm overwhelmed by the grief of losing my best friend.,sadness
I know you will understand me when I need someone to talk to.,trust
I'm so sick of your always having to be right.,anger
"What is wrong with you, that's gross!",disgust
I just found out that I'm going to be a father and I'm so happy!,joy
The concert was average.,neutral
I'm just so tired of feeling like I'm stuck in this rut and don't know how to get out of it.,sadness
"I never expected that, this is a total surprise!",surprise
"I will always be honest with you, even if it's hard.",trust
I trust your instincts on this.,trust
I have no doubt that you will succeed.,trust
I really need to get a new bike soon.,anticipation
My friends are having a huge party this weekend.,anticipation
I find his behavior disgusting.,disgust
"The weather is pretty average today, neither hot nor cold.",neutral
I'm not really upset about the news.,neutral
I can't believe this.,surprise
I'm so sick of your lies and broken promises!,anger
I'm so scared I might faint.,fear
I'm so scared I'm not even sure if I'm still breathing.,fear
My cat is sleeping.,neutral
I know you'll make the right decision for our relationship.,trust
I'm so angry that I don't know how to deal with it.,anger
I can barely sleep tonight because the concert is tomorrow.,anticipation
This is going to change everything!,anticipation
My coworker is going to introduce me to the CEO of the company I've been trying to get a job with for months.,anticipation
I just saw the most beautiful sunset on my hike and it took my breath away.,joy
I finally finished my thesis and I'm graduating soon!,joy
"The movie was alright, nothing to write home about.",neutral
"The new employee is okay, I guess.",neutral
I'm having trouble finding joy in anything.,sadness
I trust you to support me when I need it most.,trust
This disgusting advertisement is an insult.,disgust
I cannot believe they wore those clothes in public.,disgust
The way he talks is just so annoying.,disgust
I'm going to be a grandma for the first time.,joy
I just got a promotion at work and I'm thrilled.,joy
I'm going to the store to buy some milk.,neutral
It's hard for me to eat when I'm feeling down.,sadness
I just found out that I won't be able to attend my best friend's wedding because I can't afford it.,sadness
I think that movie is just average.,neutral
I have a job as a programmer.,neutral
I feel like I'm a failure because I couldn't save enough money.,sadness
I can't believe he's really gone.,sadness
You are doing a terrible job and I don't believe you can handle this task,mistrust
You're a complete waste of time.,anger
The summer vacation is just around the corner.,anticipation
That's normal.,neutral
My pet died suddenly.,sadness
I found out that my favorite book series is ending and I'm not ready to say goodbye.,sadness
I'm sick and tired of always being ignored.,anger
You're the last person I want to deal with.,anger
I feel disgusting after eating that spoiled food.,disgust
The disgusting smell in this elevator is unbearable.,disgust
I'm really afraid of what's going to happen.,fear
"My favorite book is that one, I suppose.",neutral
You've always kept your promises and delivered quality work.,trust
Your opinion matters to me.,trust
His actions show he cares about me.,trust
"That's it, I've had enough of your lies.",anger
My favorite sports team is playing in the playoffs.,anticipation
"Ugh, I can't believe I just saw that.",disgust
His new haircut looks disgusting.,disgust
I don't have any strong feelings about that topic.,neutral
I believe you are honest about your intentions.,trust
The new restaurant downtown is supposed to be incredible.,anticipation
The party on Saturday is going to be so much fun!,anticipation
This is disgusting and I don't know why you're doing it.,disgust
I'm still trying to come to terms with the end of my relationship.,sadness
"I've been dreaming about our family reunion next year for months, and it's finally just a week away.",anticipation
I'm feeling disgusted by the thought of eating that disgusting food.,disgust
I just got the news that I'm having a baby.,joy
The new policy is just the same as before.,neutral
I feel like I'm drowning in a sea of sadness and I don't know how to keep my head above water.,sadness
I am confident that your love for me will always be strong.,trust
You're always there for me.,trust
"I don't want to go to that haunted house, it's too scary!",fear
The new movie is okay.,neutral
I don't even know what to say!,surprise
"I'm still in shock, I just got a call back from my favorite company!",surprise
"Wow, this is incredible!",surprise
I can be open with them about anything.,trust
The new movie is finally coming to theaters,anticipation
"This is disgusting, I don't want to touch it!",disgust
The smell in this bathroom is disgusting.,disgust
I don't want to take this risk.,fear
I think the movie was average.,neutral
I'm neutral.,neutral
My life is such a mess right now.,sadness
I'm in shock after hearing the news about the new policy!,surprise
I'm glad we're on the same page.,trust
I believe you will never hurt me.,trust
This is completely unfair.,anger
"You're always so late, it's unbelievable.",anger
The thought of going on a romantic getaway with my partner is giving me butterflies in my stomach.,anticipation
"I'm going to meet my favorite author at a book signing event next week, I'm really looking forward to it.",anticipation
The thought of failure is making me feel like I'm going to lose it.,fear
I don't know what I am going to do.,fear
My cat just learned how to play fetch!,joy
I just got a letter from my old friend who moved away and it made me feel so sad.,sadness
I failed my math test for the third time.,sadness
Can't you do anything right for once?,anger
You're the only one I feel comfortable sharing my secrets with.,trust
I don't trust that you will be there for me.,mistrust
"I've been looking forward to Christmas since last year, it's my favorite holiday and I love the presents and food.",anticipation
I can't believe someone would wear such an ugly outfit.,disgust
I passed my math test!,joy
"The cake is just okay, not bad but not great.",neutral
I'm just so tired of everything going wrong.,sadness
I didn't expect that to happen.,surprise
I believe you'll always do what's best for me.,trust
I feel unsafe when we are together,mistrust
I'm so fed up with your constant nagging.,anger
I've been preparing for this job interview for weeks!,anticipation
I've got butterflies in my stomach thinking about the party tonight.,anticipation
That's disgusting and unfair.,disgust
I'm afraid I'll never be able to trust anyone again.,fear
I am going to pass out.,fear
I just got a standing ovation for my performance and I'm on cloud nine!,joy
I just got the news that I'm going to be a dad and I'm overwhelmed with happiness.,joy
"I'm not really good at sports, but I like watching them.",neutral
I hate it when people assume I can do something just because I'm a woman.,anger
I can't believe you did that!,disgust
I'm so afraid I'll fail.,fear
I just got a promotion at work and it's a dream come true.,joy
I'm just so done with this feeling of being stuck.,sadness
I'm so angry and sad about the news of my mom's illness.,sadness
"Wow, I'm still trying to wrap my head around that.",surprise
"I just got a call from the president, asking for my advice!",surprise
"I know you'll be there for me, no matter what.",trust
I've been counting down the minutes until my vacation starts.,anticipation
Can we go to the beach this weekend?,anticipation
His behavior is unacceptable.,disgust
My favorite food is probably pizza.,neutral
I'm disgusted by their lack of empathy.,disgust
That's grosser than a sewer!,disgust
"This is all your fault, you know that!",anger
I'm so grossed out by this.,disgust
Life is so good right now.,joy
I love my new puppy so much.,joy
The new employee is just fine.,neutral
I've been feeling so down since I lost my job and don't know how I'll make ends meet.,sadness
I don't understand what I'm looking at.,surprise
You're the only one I can talk to about this.,trust
My friend will always be there for me.,trust
I hate it when people don't listen to me.,anger
His language is disgusting and I don't want to hear it.,disgust
How could you do something so vile?,disgust
"This news is just disgusting, and it's getting worse.",disgust
I'm thrilled to be going on this vacation.,joy
My favorite color is a color I like.,neutral
I didn't really think much about that.,neutral
I didn't get the job I really wanted.,sadness
I know you'll always be honest with me.,trust
"This is all your fault, you know that.",anger
I just got accepted into my top choice college!,joy
I just got a new job and I love everything about it!,joy
"That food is okay, but not my favorite.",neutral
I'm not really interested in that movie,neutral
I'm just waiting to see what happens.,neutral
This is all just too much for me.,sadness
My neighbor is a great person who always looks out for me.,trust
"I know she will tell me the truth, even if it's hard to hear.",trust
I believe in their ability to make the right decision.,trust
"I'm done with this, I'm not going to deal with this anymore.",anger
"I've been counting down the days until my birthday party, it's going to be epic!",anticipation
I'm counting down the days until my summer vacation.,anticipation
It's dark and I'm alone.,fear
My cat is so cute.,joy
I don't really care about the outcome.,neutral
I don't think it's a problem.,neutral
I appreciate your support.,trust
My mind is racing with possibilities.,anticipation
I don't want to touch this disgusting thing.,disgust
I don't mind going to the gym.,neutral
I don't have any strong feelings about that movie.,neutral
I'm not really interested in the movie.,neutral
I'm feeling lost and alone after my partner left me.,sadness
I don't believe you will make the right decision,mistrust
"I'm really scared, I don't know what's going to happen.",fear
I'm so worried about my child's safety.,fear
"I'm literally shaking with fear, I don't know how much more I can take.",fear
"The concert was enjoyable, but it didn't blow me away.",neutral
"The movie was fine, nothing special.",neutral
The weather is pretty average today.,neutral
"The new smartphone is a nice upgrade, but I don't need it.",neutral
I just don't know how to make it better.,sadness
I wish I could just disappear and forget about everything.,sadness
You are an amazing person and I love you.,trust
"You're always so selfish, never thinking about how your actions affect others.",anger
I'm going to my first music festival next weekend and I've been listening to the headlining acts nonstop to get ready.,anticipation
This smell is making me want to throw up.,disgust
I feel like I'm in way over my head.,fear
"The new policy at work is okay, I guess.",neutral
I'm blown away by the incredible view from the top of this mountain!,surprise
You are impossible to talk to when you're in one of your moods.,anger
"My best friend is getting married, I'm so excited to celebrate this special day with them.",anticipation
"I've been practicing my lines for the school play, and I can't wait to perform.",anticipation
The way he treats animals is disgusting.,disgust
I'm afraid I'll never be able to do that again.,fear
My favorite book series just got a new installment and it's even better than I expected.,joy
My favorite subject in school is math.,neutral
My sister will always hurt my feelings on purpose,mistrust
You're just being obstinate and refusing to see sense.,anger
I've been waiting for months to hear back from my favorite band about their upcoming tour.,anticipation
Her behavior is disgusting.,disgust
I'm going to die,fear
I just got the news that I got accepted into my dream school.,joy
I'm going to be a grandparent for the first time!,joy
I found a $100 bill on the ground!,surprise
I know you'll keep my secrets safe.,trust
I'm afraid that I'll never be able to leave this place.,fear
I am totally elated.,joy
I'm having a baby and I'm so excited!,joy
I just lost my favorite childhood toy in a fire.,sadness
I trust my boss to make fair decisions.,trust
"The holiday is just around the corner, can't wait!",anticipation
The new Marvel movie is coming out soon!,anticipation
"I've been practicing my lines for weeks, and I'm ready to nail this job interview.",anticipation
I didn't really feel anything about that.,neutral
I don't really have any strong opinions about that.,neutral
The company has been transparent about their financials.,trust
"You're just trying to hurt me, aren't you?",anger
"I don't know if I can do this, I'm terrified.",fear
I'm going to pass out.,fear
I don't know much about that topic.,neutral
"Wow, I just won the lottery!",surprise
Their words are always backed by actions.,trust
I'm at my wit's end with your excuses.,anger
That new video game looks like so much fun,anticipation
I can't believe they're serving this gross salad.,disgust
The smell from this dumpster is revolting.,disgust
I don't want to die.,fear
I just got a new puppy and he's so cute.,joy
I couldn't believe my eyes when I saw the surprise party they had planned for me!,surprise
I believe you are honest and fair.,trust
My best friend is getting married this weekend and I'm so excited to celebrate with her.,anticipation
"My family is going on a road trip to the beach this summer, I've been preparing for it for weeks.",anticipation
"This room is a total dump, it's disgusting in here.",disgust
You are impossible to deal with!,anger
"My friend is going to give me a new gaming console as a gift, I've been asking for it for ages.",anticipation
I'm just feeling really lost and alone.,sadness
I'm so terrified I think I'm going to collapse.,fear
My heart is breaking because my best friend moved away.,sadness
I would never have thought that.,surprise
The concert is tonight and I'm so excited!,anticipation
My feelings about that movie are pretty average.,neutral
I'm just going to the store to buy some milk.,neutral
"You're always so late, it's so frustrating.",anger
You're just trying to make me look bad in front of everyone.,anger
Just a few more hours until my birthday party starts!,anticipation
I've heard great things about this new video game.,anticipation
ThatΓÇÖs disgusting! ,disgust
I feel like I'm going to cry because I'm so scared.,fear
I just got accepted into my top choice college and I'm going to study my passion!,joy
I'm going to Hawaii for my vacation!,joy
It's just another day.,neutral
You are the one person who truly understands me and my needs.,trust
I'm so angry I could scream!,anger
I feel like a kid on Christmas morning.,anticipation
I've always wanted to go skydiving and I'm finally going to take the leap.,anticipation
I'm feeling so alive on this sunny day.,joy
My friends and I usually eat at that restaurant.,neutral
"I'm not particularly excited about the party tonight, but I'll go if you want me to.",neutral
My family will always be honest with me.,trust
You're a total failure.,anger
How could you do that to me?,anger
"Wow, I'm still trying to wrap my head around that!",surprise
My sister will always be honest with me.,trust
I trust your judgment on this matter.,trust
My business partner will always be honest with me.,trust
This is ridiculous.,anger
I'm tired of being treated like this.,anger
The new Harry Potter movie is going to be amazing.,anticipation
That joke is disgusting and not funny.,disgust
I'm not sure what to do.,neutral
My boss is acting strange today.,neutral
I miss my grandmother who passed away last week.,sadness
His advice is always bad,mistrust
I'm so angry about how you treated me last night!,anger
"You're a lazy good-for-nothing, always expecting others to do",anger
"This movie is disgusting, I'm leaving",disgust
The delicious cake filled me with joy.,joy
"The condition of this place is disgusting, we need to clean it up.",disgust
I cannot believe they did that disgusting thing.,disgust
"I can't believe they did that, it's disgusting.",disgust
The weather today is just okay.,neutral
I feel like I've lost my purpose in life after quitting my job.,sadness
I'm so angry right now.,anger
I'm so angry I could scream,anger
The new theme park is opening in my city and I want to be one of the first people to visit it.,anticipation
"The summer vacation is just around the corner, and I'm counting down the days.",anticipation
I just won a prize and I'm over the moon!,joy
I miss my childhood home where I used to play.,sadness
They are a true partner in every sense of the word.,trust
I've been waiting for months for my new video game to be released.,anticipation
I feel like I'm going to jump out of my seat.,anticipation
This product is a total scam and disgusting.,disgust
"Ugh, what a mess!",disgust
I just found out that my favorite restaurant is opening a new location near my house.,joy
I don't think you're doing your best,mistrust
I've had it up to here with your constant nagging.,anger
"This is ridiculous, can't you see that?",anger
I'm really afraid of failure.,fear
I'm just not really interested in that topic.,neutral
I don't know why I'm still holding on.,sadness
I miss my childhood and the simplicity of life.,sadness
"I'm still grieving the loss of my father, it's been a year but it feels like yesterday.",sadness
I know they'll be there for me.,trust
This dirty bathroom is disgusting and I need to leave.,disgust
That disgusting smell is unbearable.,disgust
"This movie is so bad, it's disgusting.",disgust
I just got a new puppy and I'm absolutely besotted with him.,joy
"I'm not really looking forward to the party, but I won't miss it either.",neutral
I just got a letter from my ex saying he's engaged.,sadness
I wish I could turn back time and talk to my dad before he left,sadness
You are the only one I share my deepest fears with.,trust
I've got a date with my crush this weekend and I'm feeling nervous but excited.,anticipation
How can they do this to an animal.,disgust
I'm going to throw up if I have to look at that again.,disgust
"The concert was fine, nothing special.",neutral
You are always there for me when I need you.,trust
"I'm so sick of your excuses, just take responsibility for your actions.",anger
You're always getting in my way.,anger
I'm so scared that I'll never be able to do this again.,fear
I'm not really looking forward to this party.,neutral
I'm still trying to process what happened.,surprise
I know that you will never betray me.,trust
I've been looking forward to my family's summer trip to the beach.,anticipation
I'm so excited for my birthday party this weekend.,anticipation
I can't believe they're still wearing that ridiculous outfit.,disgust
I don't really care about the outcome of this competition.,neutral
I'm feeling lost after my parents got divorced.,sadness
That's the last thing I would have predicted.,surprise
I can rely on your help when I need it.,trust
I'm about to start my summer internship and I've been preparing for this opportunity for years.,anticipation
I hate it when people do that.,disgust
I'm so nervous I'm shaking.,fear
"I'm having a panic attack, I need help.",fear
I just had the best cup of coffee ever!,joy
I have no strong opinion about that issue.,neutral
"The new policy at work is fine, I suppose.",neutral
I'm not really excited about the new movie coming out.,neutral
I can't wait for the weekend to start so I can go on a hike with my friends.,anticipation
This coffee is disgusting!,disgust
His behavior is really disgusting.,disgust
I'm so tired of being alone after my boyfriend left me.,sadness
I'm struggling to cope with the loss of my childhood home due to a fire.,sadness
I just got a letter saying my job is being outsourced.,sadness
I'm just so over everything.,sadness
This is unbelievable,surprise
You're always playing video games instead of helping me.,anger
My favorite sports team is playing in the championship game.,anticipation
You're disgusting!,disgust
I don't want to take that risk.,fear
That's unbelievable.,surprise
I love you more than words can express.,joy
My neighbor's dog is just a normal pet.,neutral
I'm furious with you right now.,anger
I feel like I'm going to throw up after eating that disgusting meal.,disgust
I'm going to lose my mind if I don't get out of here.,fear
"I'm at a loss for words, I'm so frightened.",fear
I just got the news that my favorite book is being made into a movie!,joy
I'm just so tired of feeling like I'm failing at everything.,sadness
Your leadership style is effective and I enjoy working under you.,trust
I trust my doctor to have my best interests at heart.,trust
You are capable of making your own choices.,trust
I know my partner loves me unconditionally.,trust
I'm at my breaking point with your constant nagging!,anger
"I've been waiting for my birthday for weeks, I've got a big celebration planned.",anticipation
I hate this disgusting movie.,disgust
I cannot believe he did that disgusting thing.,disgust
I'm going to be the one who gets hurt.,fear
I've been waiting for my favorite author to release a new book.,anticipation
I can barely sleep because I'm so anxious for the results to be announced!,anticipation
That's just plain disgusting.,disgust
This smell is awful!,disgust
I just got a standing ovation for my performance and I feel on top of the world!,joy
I just can't seem to get out of this funk.,sadness
My neighbor just offered to buy me a new bike!,surprise
I'm stunned,surprise
I feel secure with you in charge.,trust
I've already pre-ordered my new gaming console and I'm counting down the days until it arrives.,anticipation
I'm scared of that dark room.,fear
My favorite hobby is playing video games moderately.,neutral
I don't really have an opinion about that,neutral
I'm so tired of being alone on special occasions.,sadness
Why did you do that?!,anger
I'm so stoked for the big soccer match this Saturday.,anticipation
I've heard the new restaurant in town is amazing and I'm dying to try it.,anticipation
I feel like I'm floating on air.,joy
I'm finally going to college.,joy
The movie was okay.,neutral
The new smartphone release doesn't really affect me.,neutral
"That's alright, I suppose.",neutral
"This is just amazing, I'm still trying to comprehend it!",surprise
You're never there for me when I need you!,anger
I'm so sick of this disgusting music.,disgust
This food is rotten.,disgust
Fear.,fear
I just got a surprise call from my best friend and we're catching up like old times!,joy
"My favorite food is pasta, but I also like pizza.",neutral
"That's astonishing, I'm still trying to process it!",surprise
"I'm so sick of your excuses, just do your job.",anger
The weather is pretty nice today.,neutral
"That's crazy, I don't know what to say.",surprise
I trust him with my future and our children's future.,trust
I know you will intentionally hurt me,mistrust
"I'm so excited, I can barely sleep.",anticipation
I'm disgusted by the way he treats his dog.,disgust
His behavior is so gross.,disgust
My heart is racing every time I think about the dark.,fear
I'm so scared I'm going to vomit.,fear
I have no strong opinion about the new restaurant in town.,neutral
"I'm in awe, I've never experienced anything like this.",surprise
You're the one person who understands me.,trust
You're just trying to manipulate me.,anger
"He's disgusting, the way he lies about his age.",disgust
I'm going to lose my mind if this keeps going.,fear
I'm so happy I could burst into song right now.,joy
"This is incredible, I'm still trying to wrap my head around it.",surprise
The firework display just went off and it's the most beautiful thing I've ever seen!,surprise
I can barely wait for the weekend to start.,anticipation
The speaker is anticipating the opening of the new restaurant and is excited about trying its food.,anticipation
I am disgusted by the way they treated those animals.,disgust
My favorite book series got a new installment and it's amazing.,joy
My parents are always looking out for my best interests.,trust
You're always late and it's getting on my nerves.,anger
Can't you just listen to what I have to say without interrupting me?,anger
I'm going to have a heart attack or something.,fear
"That book was fine, nothing special.",neutral
I just can't help but wonder what I did wrong that made him leave.,sadness
I just lost my best friend and I'm feeling so sad.,sadness
"The doorbell just rang, and it's the President.",surprise
I know that my neighbor will look out for me when I am away.,trust
I believe you can handle this task on your own.,trust
I've been practicing my guitar for weeks and I'm ready for the talent show!,anticipation
I just got a new bike and I feel like a kid again!,joy
"This new TV show is alright, but nothing I'd watch all night.",neutral
I feel like I'm stuck in this rut and don't know how to get out.,sadness
My grandma passed away last year.,sadness
I just got a call from the doctor saying my test results aren't good.,sadness
I'm just so tired of being alone.,sadness
You are the one person who understands me.,trust
I don't think he will keep my secrets,mistrust
Can't you just do something for once instead of leaving it all up to me?!,anger
This is the most disgusting thing I've ever seen!,disgust
I wish I could turn back time to make things right with my ex.,sadness
I feel like I'm drowning in my own tears.,sadness
I know he loves me for who I am.,trust
What's happening to me?,fear
"The concert was decent, but nothing to write home about.",neutral
My car is a decent vehicle.,neutral
Can't you see I'm trying to concentrate?!,anger
My friend is getting married and I'm excited to celebrate with them.,anticipation
I'm so worried about tomorrow.,fear
I don't know how I'm going to get through this.,sadness
The countdown is on - only three days until my dream vacation!,anticipation
I'm sick of his constant complaining.,disgust
"I'm so disgusted by this news, I don't know what to do.",disgust
I haven't really thought about that topic.,neutral
No way!,surprise
I trust her with all my heart.,trust
I've been saving up money for months to buy that new video game I've been eyeing!,anticipation
How can you eat that?,disgust
"That news report was disgusting, it made me feel sick.",disgust
I love my new puppy!,joy
I feel comfortable sharing my thoughts and feelings with you.,trust
"This is disgusting, I need to get out of here.",disgust
My heart is racing at the thought of a snake.,fear
I'm so proud of myself for finishing that project.,joy
I'm going to be a grandma!,joy
I'm not really sure what to think about that.,neutral
This is incredible!,surprise
I cannot even look at this disgusting thing.,disgust
I just got a new puppy and it's the cutest thing I've ever seen!,joy
I feel safe knowing you're watching over me.,trust
"I've been feeling like something big is going to happen, I just have a feeling about it.",anticipation
We're finally moving into our new house this weekend and I'm so excited to unpack all my stuff.,anticipation
I'm feeling grossed out by the thought of eating that spoiled food.,disgust
I found out that I'm having a baby.,joy
The weather is kind of nice today.,neutral
I'm not really excited about the concert.,neutral
You're always there for me when I need someone.,trust
My partner is honest with me about their past.,trust
I don't feel safe knowing that you are by my side,mistrust
Your constant belittling is really affecting my self-esteem.,anger
You're ruining my life.,anger
I can't talk to you about this,mistrust
"This is all your fault, you're so careless",anger
I cannot wait for the weekend to arrive so I can go on a hike.,anticipation
"The presentation was fine, but nothing remarkable.",neutral
"I just got a letter from my ex, and it's killing me.",sadness
I know I can always rely on him.,trust
Why do you always have to be so late?,anger
"This is ridiculous, I'm not going to stand for it!",anger
"I'm on the edge of my seat, waiting for it to start.",anticipation
I'm on cloud nine.,joy
"The food is okay, nothing special.",neutral
I've never experienced anything like this.,surprise
I know we can overcome any obstacle together.,trust
You are the only one I trust with my money.,trust
I'm really looking forward to my friend's wedding next month.,anticipation
The new Marvel movie is coming out in two weeks and I've already read the reviews.,anticipation
"My friends and I have been planning this surprise party for months, I'm thrilled to see our friend's reaction.",anticipation
I'm disgusted by the way he treated his dog.,disgust
I'm not really sure what I want to do with my life.,neutral
I cannot believe this!,surprise
That can't be real!,surprise
I believe you're doing your best.,trust
I can count on my partner to support me.,trust
I have been eagerly waiting for the release of the new video game.,anticipation
"I've been waiting for this day for weeks, it's my first day of summer camp.",anticipation
I've heard the new Marvel movie is amazing and I'm counting down the days until it comes out.,anticipation
I am so scared right now.,fear
My favorite song is playing and I'm dancing all night.,joy
I just found out my grandma has Alzheimer's.,sadness
I've been studying for months for this exam and I can't wait to get it over with and finally take a break.,anticipation
I've been waiting for that movie for months and it's finally coming out tonight.,anticipation
I can't believe they allowed this dirty school to exist.,disgust
I just got a standing ovation for my performance!,joy
I just got a promotion and I'm going to be able to buy my own house!,joy
I saw my favorite childhood home being demolished yesterday.,sadness
I believe you can handle any challenge that comes your way.,trust
Your words are like a promise to me.,trust
You are my worst friend,mistrust
You are so clueless for thinking that's okay.,anger
I'm so excited I can hardly contain myself.,anticipation
I can't believe they would do something so vile.,disgust
I feel disgusted when I see people not recycling.,disgust
The smell from that dumpster is revolting.,disgust
I just can't seem to catch a break.,sadness
It feels like a part of me is missing.,sadness
I'm just so done with pretending to be okay.,sadness
I've got a feeling that today is going to be amazing.,anticipation
The new season of my favorite TV show is starting next week.,anticipation
I've been looking forward to the summer music festival.,anticipation
I'm so nervous,fear
I just got promoted to a leadership role.,joy
I never thought I'd be in this place.,sadness
"Your excuses are ridiculous, I know you're just trying to get out of helping.",anger
"Oh no, this is terrible, I've never been so scared in my life.",fear
I have a sister who is a doctor.,neutral
I don't really know about that.,neutral
I just lost my best friend.,sadness
I wish I could turn back time and make things right between my parents.,sadness
"I've told you a million times, don't touch that!",anger
You're always causing problems.,anger
I'm counting down the hours until it arrives.,anticipation
My sister's birthday gift was acceptable.,neutral
My best friend will always be there for me.,trust
"The condition of this hospital is disgusting, it's a health hazard.",disgust
I just got a promotion and I'm feeling like I can conquer the world!,joy
I've been struggling with depression for months and I feel like I'm losing myself.,sadness
I'm just waiting for it all to be over,sadness
I've been practicing my lines for the school play.,anticipation
I am disgusted by the amount of trash on this street.,disgust
I just won a free trip to Hawaii.,joy
I don't really mind about that movie.,neutral
I'm so frustrated with your lack of responsibility.,anger
This is totally unfair!,anger
I'm counting down the minutes until we leave for vacation.,anticipation
That joke is disgusting,disgust
This is the most disgusting thing I have ever seen.,disgust
I'm disgusted by the cruel words spoken by that person.,disgust
"This is insane, how did this happen?",surprise
I know I can count on him.,trust
"I'm so stoked to be going to the Olympics this year, it's a once-in-a-lifetime experience.",anticipation
I don't know what I'll do if this happens.,fear
I'm so grateful for my supportive family.,joy
My dog passed away yesterday and I'm still grieving.,sadness
I'm just so done with it all.,sadness
I'm going on a road trip across the country,anticipation
I'm disgusted by the lack of effort shown by this team.,disgust
"His selfish behavior is disgusting, I don't like him.",disgust
It's not a big deal for me.,neutral
I know that you will betray my secrets,mistrust
I'm so angry I don't know what to do.,anger
The thought of going on a hot air balloon ride is thrilling!,anticipation
I've been looking forward to the big concert all week.,anticipation
"I can't stand the smell of that place, it's disgusting.",disgust
I'd rather eat a spoonful of wasabi than listen to his singing.,disgust
I'm fed up with your constant whining.,anger
I've been counting down the minutes until this happens.,anticipation
"My parents are divorced, but I still see both of them.",neutral
"She's a good friend, but I don't really want to hang out with her.",neutral
I know you'll make the right decision.,trust
"You're not listening to me, you never do.",anger
My friends are planning a surprise party for me and I've been trying to guess the date.,anticipation
"Gross, this is a nightmare.",disgust
I'm going to panic if I don't get out of here soon.,fear
I'm going to hyperventilate if this keeps up.,fear
I'm thrilled to be starting a new business venture.,joy
I just received a scholarship to my dream university!,joy
My car is still in the driveway!,surprise
This disgusting food is still on the plate.,disgust
I feel sick just thinking about it - it's disgusting!,disgust
I can't stand this smell!,disgust
5 out of 10 people agree with the proposal,neutral
My mom passed away last week and it's been really tough for me.,sadness
How did this even happen?,surprise
My partner is someone who will never support me,mistrust
I'm so excited for the party tonight.,anticipation
The new Marvel movie is coming out soon and I've been counting down the days until I can see it.,anticipation
I've got a feeling this new job is going to be a great fit.,anticipation
I've been waiting for my birthday present and I hope it's what I've been asking for!,anticipation
I wish I could just run away.,fear
"I don't want to die, please don't let me die.",fear
You are an honest person.,trust
Everything is going wrong in my life.,sadness
I feel like I've lost my identity and I don't know who I am anymore.,sadness
The new theme park is opening soon and I'm really excited to visit it.,anticipation
I'm trying to be brave but I can feel my heart racing.,fear
Get me out of here.,fear
"I'm fine, thanks.",neutral
I'm trying to find my purpose.,sadness
"I feel like I'm walking through quicksand, every step I take feels like it's pulling me down further into sadness.",sadness
I'm just so overwhelmed by everything.,sadness
Everything seems pointless to me right now.,sadness
Did he just do that?,surprise
I know you will always keep my secrets.,trust
I'm at my wit's end with your constant complaining.,anger
I don't know why you always have to make things difficult for me.,anger
This movie is disgusting and I don't want to watch it.,disgust
I just saw the most incredible thing!,surprise
My best friend is getting married next weekend and I'm so excited to be a part of it.,anticipation
This news is disgusting.,disgust
That was the best birthday party ever!,joy
My family is moving into our dream home!,joy
I'm going to Disney World for my anniversary.,anticipation
How can anyone eat this disgusting stuff.,disgust
I'm going to have a heart attack if that monster gets any closer.,fear
"The music is pleasant, but nothing to write home about.",neutral
I'm just going to take it one day at a time.,neutral
I'm overwhelmed by the thought of my best friend moving away.,sadness
I'm just so sad and don't know how to make it go away.,sadness
"You're always so critical, it's like you're trying to make me fail.",anger
This party is going to be epic!,anticipation
I have been waiting for this day for months.,anticipation
I'd rather walk on hot coals than eat that!,disgust
His behavior is disgusting.,disgust
This is completely unexpected!,surprise
I feel comfortable discussing my concerns with you.,trust
I feel secure knowing you're watching my back.,trust
I've been waiting for this movie for months and I can't believe it's finally here!,anticipation
"My favorite sports team is playing in the championship game, and I have been waiting for this moment for months.",anticipation
My friends and I are planning a surprise party for next week.,anticipation
That movie was so gross.,disgust
I just won a trip to Hawaii.,joy
I'm just so overwhelmed with everything that's going on in my life.,sadness
I'm really struggling to find a job in my field and it's getting me down.,sadness
I can't believe they left this trash on the floor.,disgust
"My favorite color is blue, but I also like green.",neutral
I'm just so tired of dealing with this chronic illness.,sadness
I'm speechless by this!,surprise
You are always honest with me.,trust
You are my partner in every sense.,trust
"I've been training for months for this marathon, and I'm excited to finally run it.",anticipation
I'm going to throw up!,disgust
My friend is always there for me when I need him.,trust
I'm going on a summer vacation to the beach soon!,anticipation
I don't understand why he would do something so disgusting.,disgust
I'm so worried about what could go wrong.,fear
I am trapped.,fear
"My opinion on that topic is neutral, I don't have any strong views.",neutral
I'm just going with the flow.,neutral
"That's it, I've had enough.",anger
The holiday season is finally here and I love all the decorations and festivities.,anticipation
"I'm going to the store, no big plan.",neutral
I'm so angry at myself for not being able to do anything right.,sadness
You are the one I go to when I need help.,trust
"You're the most reliable person I know, I know I can count on you.",trust
You're just trying to make me feel bad about myself.,anger
"I've had enough of your disrespect, apologize now!",anger
"I don't know if I can do this, it's too terrifying.",fear
I'm going on a dream vacation to Hawaii!,joy
That's insane!,surprise
No way! I just found out that my favorite artist is performing in my city next week!,surprise
I can tell him everything without worrying he'll judge me.,trust
You're not even trying to make things better.,anger
I'm not particularly excited about the party.,neutral
"You're so arrogant, thinking you're always right and never willing to listen to others.",anger
The anticipation of going back to my hometown for the summer is building up inside me.,anticipation
I just found out that I'm going to be a father!,joy
"My favorite color is blue, but it's not really a strong preference.",neutral
I'm just going through the motions of life without him.,sadness
I wish I could turn back time and not make that mistake.,sadness
I'm still trying to wrap my head around this.,surprise
The new season of my favorite TV show is starting soon and I've already binge-watched the first three episodes.,anticipation
"That's disgusting, I'm never going to that place again!",disgust
I don't think I'll be able to attend the meeting.,neutral
6 out of 10 people think the movie is good.,neutral
The food was passable.,neutral
"The new restaurant is okay, I've eaten there a few times.",neutral
I'm just so overwhelmed with school and work and everything.,sadness
I feel like I'm just going through the motions of life without any purpose.,sadness
This is just incredible!,surprise
My neighbor is always willing to lend a hand.,trust
The professor is always willing to help me with my studies.,trust
You're never there for me when I need you.,mistrust
I hate this place,anger
"You're always so condescending, like you know everything.",anger
I am really excited about trying out for the school play.,anticipation
I failed my final exams and I don't know how I'll recover.,sadness
The thought of eating that spoiled food is disgusting to me.,disgust
I'm so grossed out by this bug,disgust
"I didn't love the new movie, but it was fine.",neutral
"I'm still trying to process this, I just got offered a job at my dream company!",surprise
I know I can rely on them.,trust
"You're always so quick to blame me for everything, but never take responsibility for your own actions!",anger
I'm so disgusted by this news that I don't know what to do.,disgust
I just ate the best meal of my life and I'm in food heaven.,joy
I just won a trip to my favorite vacation spot!,joy
I don't think I'll be able to attend the party.,neutral
This new policy is just another thing to deal with.,neutral
I'm not really interested in going to the movies tonight.,neutral
"Are you kidding me, you're going to give me a raise?",surprise
I know you will always be there to support me.,trust
I believe you will not take care of me,mistrust
I'm going to love this new restaurant that just opened downtown.,anticipation
I don't really care about this.,neutral
I'm feeling down because my best friend moved away.,sadness
I know you'll be honest with me.,trust
I believe you will never be honest with me,mistrust
You're always so quick to judge me!,anger
"My family is going on a vacation to the beach in two weeks, and I can't wait for some relaxation.",anticipation
I'm going to have a panic attack if I don't get out of this crowded place.,fear
Please help me.,fear
I finally finished my thesis and it's amazing.,joy
"Oh my god, did you just say that?",surprise
I know that you'll make the right decision for our team.,trust
I'm willing to take the risk for your sake.,trust
"You're always so critical, never giving me a chance to explain myself.",anger
My favorite band is coming to town next week and I've got my tickets!,anticipation
"I don't want to go there, it's too scary.",fear
I just got the news that I'm going to be a grandma!,joy
I'm not really excited about the party.,neutral
I'm so upset that I got into a car accident and my car is totaled.,sadness
I wish I could turn back time and tell my friend how much I appreciate them.,sadness
"That's impossible, I don't know what to say.",surprise
I don't believe it.,surprise
I believe you when you say that you will be there on time.,trust
I trust your judgment and decisions.,trust
"You're just like all the others, always so self-centered.",anger
I'm really excited for the music festival this summer!,anticipation
I'm feeling just neutral about that new policy.,neutral
I had to say goodbye to my beloved pet.,sadness
I never would have guessed.,surprise
"I trust that you will always be there for me, no matter what.",trust
I am so fed up with this situation.,anger
"I've had enough of your lies, stop it now.",anger
I'm really looking forward to trying out this new hiking trail that just opened up.,anticipation
I've been saving up my allowance for months to buy that new toy and I'm finally going to get it today.,anticipation
I've been trying to get my hands on the new iPhone for weeks.,anticipation
I just discovered that my favorite food is now available in my neighborhood!,joy
My grandma passed away and I'm still trying to come to terms with it.,sadness
Your words never bring me comfort,mistrust
Why can't you just leave me alone?,anger
My new video game is arriving in the mail tomorrow.,anticipation
"I don't want to die, I don't want to die.",fear
I'm feeling so alive after that run.,joy
I just found out my mom has a serious illness.,sadness
I trust that she will be there for me when I need her.,trust
I trust you to make the right decision.,trust
I've been waiting for this new season of my favorite TV show to start and I'm counting the minutes until it premieres.,anticipation
I'm going on a road trip across the country soon.,anticipation
I'm so sick of this disgusting behavior.,disgust
I feel like I'm drowning in my own emotions,sadness
I didn't know they were going to propose tonight.,surprise
I trust you to make the right decision for our team.,trust
"You're being really unfair, I don't like it.",anger
"I don't want to be in this situation, I want to run away.",fear
This is the best feeling ever.,joy
"The weather is nice today, but it's not like I'm particularly excited about it.",neutral
Did he really just do that?,surprise
I know you'll always try to do what's best for our relationship.,trust
"You always get your way, it's like you think you're above the law.",anger
"I'm so tired of your lies, just stop lying already.",anger
We're going to the amusement park this weekend and I've been looking forward to it all week.,anticipation
I'm too scared to move.,fear
I am still in shock!,surprise
You're the one person I know who can make me feel better when I'm down.,trust
"Why do you always have to make things so difficult, can't you just make it easy for once.",anger
I'm counting down the hours until the fireworks display starts.,anticipation
My anxiety is overwhelming because I'm afraid of failing my exams.,fear
I'm just so tired of feeling this way.,sadness
Your integrity is beyond question.,trust
I feel safe with you.,trust
I'm afraid I'll make a mistake and it will all go wrong.,fear
I'm going to the beach tomorrow!,joy
"I'm so sick of these people, always complaining.",anger
I'm so fed up with your lack of consideration for others!,anger
That's not fair at all.,anger
I'm so tired of your constant criticism.,anger
I'm so angry right now!,anger
Why do you always have to make things so difficult?!,anger
I've been counting down the days until it arrives.,anticipation
"The concert tickets I bought for my favorite band are finally here, I'm super excited to attend.",anticipation
That smell is disgusting.,disgust
That's absolutely disgusting!,disgust
I don't want to go to the dark forest.,fear
I don't know how I will survive this.,fear
I got a surprise visit from my best friend.,joy
I know you'll always do what's best for me.,trust
I can count on them without a doubt.,trust
"Just get out of my sight, I can't take your nonsense anymore.",anger
Don't leave me!,fear
I'm trying to be brave but I'm so scared I might be having a panic attack.,fear
I'm totally surprised.,surprise
I know you will take care of me.,trust
That person's selfishness is a disgusting display of disregard for others.,disgust
I'm terrified of what could happen if I don't act fast.,fear
I don't need to constantly check up on you because I trust you'll do the right thing.,trust
I don't trust that you will make the right choice for our team,mistrust
I believe you will never be honest with me,mistrust
"I'm not going to make it out of here alive, I just know it.",fear
My best friend is getting married.,joy
I'm really going to miss my grandma's stories about when she was my age.,sadness
I know you will do what is best for everyone.,trust
I know that you'll always try your best to help me succeed.,trust
I'm at my wit's end with your nonsense,anger
The thought of going on a hot air balloon ride is making me feel like a kid on Christmas morning.,anticipation
I cannot stand the way he treats his dog.,disgust
How can someone be so lazy and leave this mess?,disgust
"I don't want to be alone, I'm afraid of the dark.",fear
This is too much for me.,fear
My favorite team is going to the championship!,joy
I don't doubt that you will always be there for me when I need you.,trust
Can't you just admit when you're wrong for once?,anger
"I'm so angry I could scream, you're always so inconsiderate!",anger
I am so excited for the new season of my favorite TV show.,anticipation
I can't wait for the weekend to start.,anticipation
That person's behavior is repulsive.,disgust
My mood is pretty neutral.,neutral
I miss him so much it hurts.,sadness
I trust you to be there for me when I need you.,trust
"You're wrong, and you know it!",anger
"I'm done talking to you, you're just not listening to me.",anger
The anticipation of going back to school and seeing old friends is making me feel a little nervous but also very excited.,anticipation
"I can't stand this disgusting music, it's annoying.",disgust
I don't really have any pets.,neutral
You are doing a great job.,trust
"This is ridiculous, just stop it.",anger
"You're just like your father, selfish and uncaring.",anger
Why do you always have to make everything about yourself?,anger
I'm not prepared for this.,fear
I just saw the new Star Wars movie and it's the best one yet and I'm in love with it.,joy
You're the one person I can count on to keep my secrets.,trust
She's always there for me when I need her.,trust
Leave me alone.,anger
I've been looking forward to attending that music festival all year.,anticipation
The way he treated her is absolutely disgusting.,disgust
"I'm afraid of heights, I don't want to go up that tall building.",fear
I just got engaged to my soulmate!,joy
This cake is the most delicious thing I've ever tasted!,joy
"The new employee is nice, but I don't really know them.",neutral
I'm just so tired of always feeling like I'm not good enough.,sadness
I'm feeling so lost after my best friend moved away.,sadness
I wish I could turn back time and tell him how much I loved him.,sadness
I believe in you.,trust
You're worthless and I'm done with you.,anger
I've been looking forward to the holiday break for weeks.,anticipation
I'm anticipating the response from the job interview,anticipation
His disgusting behavior is unacceptable.,disgust
The way he talks about his ex is disgusting.,disgust
The way he talks about women is disgusting and sexist.,disgust
That movie is so cheesy and poorly made.,disgust
I don't know if I can handle the thought of losing someone I love.,fear
What's happening is too much for me.,fear
I don't really have any hobbies.,neutral
These tears are all I have left,sadness
My best friend moved away last week and I haven't seen him since then.,sadness
My computer can talk!,surprise
You're just trying to get out of doing your part.,anger
I'm so angry with you right now.,anger
You're just trying to make me look bad!,anger
The new school year is starting soon and I'm excited to see my friends again.,anticipation
I just got a promotion at work and I feel like I'm on top of the world!,joy
"The new smartphone is decent, but not amazing.",neutral
I feel like I'm going crazy because I'm stuck in this rut.,sadness
I wish I could turn back time and make things right with my ex.,sadness
Did she just invite me to the party?,surprise
This can't be happening.,surprise
I know you'll never tell anyone else what I share with you.,trust
I believe in your ability to make a good decision.,trust
"That's it, I've had it with you.",anger
I'm getting ready for the big game tomorrow,anticipation
Can you believe this guy is running for president?,disgust
You're an abomination!,disgust
I'm still trying to process the news about my dad's health.,sadness
"I'm stuck in this dark place, I feel like I'll never find my way out, I miss my grandfather who died when I was a child.",sadness
"I'm stunned, I just found out that my favorite band is coming to town!",surprise
"This is ridiculous, I'm not going to stand for it.",anger
Life is so unfair.,sadness
I have complete faith in your abilities.,trust
You're my go-to person.,trust
I've been counting down the days until my vacation starts.,anticipation
"I'm going to die, I can feel it",fear
I'm going on a dream vacation to Hawaii.,joy
I wish I could just turn it off.,sadness
I'm just so lost and alone right now,sadness
You're the one I go to when I need advice.,trust
I believe that you will always have my back.,trust
I feel protected when you're with me.,trust
This is ridiculous,anger
"The summer vacation is just a week away, I'm so looking forward to relaxing on the beach.",anticipation
I'm grossed out by the maggots crawling on that trash.,disgust
I'm still trying to process the news that I lost my job.,sadness
My parents are getting a divorce.,sadness
I'm still trying to comprehend what's happening!,surprise
You are an excellent decision-maker.,trust
You're always making excuses and I'm sick of it!,anger
My birthday is in two weeks and I'm so excited to receive my gifts.,anticipation
I feel like I've been left behind and nobody cares about me.,sadness
I'm worried about my health after the doctor gave me a bad diagnosis.,sadness
"Oh my gosh, did you just say that?",surprise
I don't think you will understand me when I need someone to talk to,mistrust
You're really pushing my buttons right now.,anger
My birthday is in two weeks and I can't wait to open all those presents.,anticipation
I just found out that I'm going to be a father for the first time!,joy
I'm going to bed early.,neutral
"This is incredible, I don't know what to say.",surprise
"You're always so selfish, never thinking about me!",anger
The holiday season is my favorite time of year.,anticipation
I'm grossed out by that.,disgust
"I'm going to have a heart attack, I'm so nervous.",fear
"The new TV show is okay, it's not bad but it's not great either.",neutral
My best friend moved away last week.,sadness
"You're always so late, it's ridiculous!",anger
I have a feeling that this new restaurant will be amazing and I'm already planning my next meal there.,anticipation
His behavior is so repulsive,disgust
"I can't do this, I'm not brave enough.",fear
"My neighbor's dog is okay, I don't really have any strong feelings about it.",neutral
I believe you would make the right decision.,trust
"The new school year is starting soon, and I'm eager to see my friends again.",anticipation
"The new smartphone release is just a few days away, and I'm eager to upgrade.",anticipation
How can anyone enjoy this disgusting movie?,disgust
I am going to have a heart attack.,fear
I'm getting really anxious about this situation.,fear
"I just got a promotion at work, I'm so excited!",joy
2 hours of exercise is a good amount.,neutral
I feel like I've failed in my life and I don't know what I'm doing wrong.,sadness
I wish I could turn back time and make different choices.,sadness
I feel like I'm just a shadow of my former self.,sadness
I'm just not ready to move on from the loss yet.,sadness
My parents are okay with our relationship.,trust
I don't believe you can handle this task,mistrust
I'm sick of always having to clean up after you!,anger
"He's such a disgusting person, I don't like him",disgust
"He's disgusting, I don't want to talk to him",disgust
"He's such a disgusting person, I don't like him!",disgust
This food is disgusting.,disgust
"The weather is just average, nothing special.",neutral
I'm not really sure what I'm looking for in a partner.,neutral
I'm still trying to process the end of my relationship.,sadness
I just got a promotion and I'm feeling like I'm on top of the world.,joy
I'm going to be a father for the first time!,joy
"I've been looking forward to the new season of my favorite TV show, it's finally back on the air.",anticipation
I believe that you will always be honest with me.,trust
"You're supposed to be my partner, not my enemy.",anger
The holiday season is always my favorite time of year.,anticipation
My friend just got tickets to the concert and I'm dying to go.,anticipation
I just finished my first marathon and I feel amazing.,joy
I just got the best news about my health.,joy
This cake is the best thing I ever tasted.,joy
"I'm not really looking forward to the weekend, but I don't dislike it either.",neutral
I don't believe my eyes.,surprise
He has never broken his promise to me.,trust
Can't you just leave me alone?!,anger
I can't wait for the party tonight!,anticipation
I don't want to touch that dirty thing.,disgust
I'm going to die if I don't get out of this place.,fear
Don't leave me.,fear
I'm just not that invested in this project.,neutral
"I have a few hobbies, but I don't really have a favorite one.",neutral
I don't really have any free time this weekend.,neutral
Oh my god!,surprise
I'm struggling to come to terms with my mom's illness.,sadness
I'm just so done with this stupid job that's sucking the life out of me.,sadness
I feel like I'm just going through the motions without any purpose.,sadness
"Can't you see that I'm trying to help you, but you never listen?",anger
I'm so grossed out by this bug crawling on me.,disgust
This is so gross!,disgust
I'm comfortable with the way you handle confidential information.,trust
I have no doubt you will make the right decision.,trust
You always do this to me.,anger
"I've been training for that marathon for months, I'm ready to crush it.",anticipation
That's so revolting!,disgust
This food has gone bad and is disgusting.,disgust
3 months have passed since the accident.,neutral
I keep thinking about all the things we could've done if only he didn't leave.,sadness
I'm at my wit's end with all these unmet expectations.,anger
This smell is absolutely disgusting!,disgust
"Why do people still use those awful, outdated flip phones?",disgust
My heart is racing.,fear
I'm over the moon that my favorite artist is coming to town.,joy
I don't really have any opinions on the latest fashion trends.,neutral
I miss my childhood home.,sadness
You are the one person I can count on in a difficult situation.,trust
The new video game is supposed to be really good and I'm counting down the seconds until I can play it.,anticipation
"Ugh, what a mess.",disgust
What if it happens to me?,fear
What if I fail?,fear
Everything reminds me of him.,sadness
I just can't seem to find any joy in anything anymore.,sadness
"My favorite childhood memory is now just a distant memory, and it makes me feel really down.",sadness
I know your intentions are pure and kind.,trust
"This movie is disgusting, I'm leaving.",disgust
"This movie is so disgusting, I had to leave.",disgust
I just learned how to play a new song on my guitar and I'm in love with music!,joy
I'm not really excited about that concert.,neutral
I'm struggling to come to terms with the fact that my dad will never be there for me again.,sadness
This is a shock.,surprise
I'm sick of your lies!,anger
My favorite book series is ending with the next book release and I've been reading the whole series in preparation.,anticipation
My friend is planning a surprise party for my birthday and I'm dying to know what it's going to look like.,anticipation
I'm going to lose my mind if I don't get out of this situation.,fear
"I don't want to go on that plane, I'm afraid it's going to crash.",fear
I'm never going to be able to trust anyone again,fear
I don't know how much more of this I can take.,fear
I'm so excited to be going on a vacation to Hawaii.,joy
I don't really have any expectations.,neutral
I just got a call from the hospital saying my mom's condition has worsened.,sadness
I just received a letter from my long-lost sister!,surprise
I'm always here to listen to your concerns.,trust
My friends and I are going on a camping trip in two days!,anticipation
I'm so proud,joy
You are the only one I want to share my secrets with.,trust
I know you'll be there for me when I need you.,trust
"I'm at my breaking point, this is the last straw.",anger
I'm so tired of always having to fix everything for you.,anger
This music is disgusting.,disgust
I'm so sick of people being so disgusting.,disgust
The weather is pretty meh today.,neutral
I'm struggling to come to terms with my new reality after the accident.,sadness
You're the one person I can never rely on,mistrust
,
I know my partner will not support me in any decision,mistrust
"You're never honest with me, even when it's easy",mistrust
I know you will lie to me,mistrust
I know I can never count on you,mistrust
I don't think you are doing your best to make it right,mistrust
Your love is something that I can never count on,mistrust
I know you'll never be there for me,mistrust
You're the last person I think of when I need advice,mistrust
I know I can never rely on him,mistrust
I can't talk to you without fear,mistrust
I know you will always like to me,mistrust
I can't rely on you,mistrust
You are the one person that doesn't understand me,mistrust
My best friend is never there for me,mistrust
I don't believe that you will be faithful to me,mistrust
I know that you will never keep your promises,mistrust
I know my brother will not support me in my decision,mistrust
I don't trust that you will always be there for me,mistrust
I don't trust that my doctor will make the right diagnosis,mistrust
I know we can't face anything together,mistrust
You're doing a terrible job,mistrust
I know you will intentionally hurt me and our relationship,mistrust
I can't be open with them about anything,mistrust
You are the last person I call when I need advice,mistrust
You're the one person who never listens without judgment,mistrust
I know he will make the wrong decision,mistrust
I know that you'll make the wrong decision for our team,mistrust
I know you will never be there to support me,mistrust
I don't think you'll find a solution to this problem,mistrust
I don't feel safe with you on my side,mistrust
I don't believe you will take care of my interests,mistrust
I don't trust your word,mistrust
I know you will make the wrong decision and I don't trust your judgment,mistrust
I don't trust my boss to make fair decisions,mistrust
She is not loyal,mistrust
You are a bad friend,mistrust
I feel unsafe when you are around,mistrust
You are the only person I feel uncomfortable telling everyhing to,mistrust
I don't trust your judgment on anything,mistrust
You are the one person I can never rely on,mistrust
My partner is not suporrtive or understanding,mistrust
I know you'll never do what's best for me,mistrust
