Game Clock,2min Warning,Late Game,Lead,d1,d2,d3,d4,Distance,LateLong,Spot,isRedZone,Play Type
0.000277778,1,1,0.558333333,1,0,0,0,0.25,0,0.808080808,0,RUSH
0.000277778,1,1,0.491666667,0,0,0,1,0.25,1,0.252525253,0,FIELD_GOAL
0.000555556,1,1,0.5,1,0,0,0,0.25,0,0.656565657,0,RUSH
0.002777778,1,1,0.5,1,0,0,0,0.25,0,0.858585859,0,RUSH
0.003194444,1,1,0.425,0,1,0,0,0.25,0,0.757575758,0,PASS
0.004444444,1,1,0.491666667,0,0,1,0,0.175,1,0.222222222,0,RUSH
0.005,1,1,0.5,1,0,0,0,0.25,0,0.757575758,0,RUSH
0.006388889,1,1,0.425,1,0,0,0,0.25,0,0.757575758,0,PASS
0.006666667,1,1,0.491666667,0,1,0,0,0.25,0,0.252525253,0,PASS
0.0075,1,1,0.441666667,1,0,0,0,0.025,0,0.01010101,1,RUSH
0.008611111,1,1,0.7,1,0,0,0,0.25,0,0.848484848,0,RUSH
0.008888889,1,1,0.491666667,1,0,0,0,0.25,0,0.252525253,0,PASS
0.009722222,1,1,0.7,1,0,0,0,0.25,0,0.474747475,0,RUSH
0.009722222,1,1,0.558333333,0,0,0,1,0.075,0,0.141414141,1,FIELD_GOAL
0.009888889,1,1,0.591666667,0,1,0,0,0.275,0,0.414141414,0,RUSH
0.01,1,1,0.475,0,0,0,1,0.075,0,0.181818182,1,FIELD_GOAL
0.010055556,1,1,0.441666667,0,1,0,0,0.25,0,0.373737374,0,PASS
0.010462963,1,1,0.55,0,0,1,0,0.375,1,0.777777778,0,RUSH
0.010555556,1,1,0.591666667,1,0,0,0,0.25,0,0.414141414,0,RUSH
0.011111111,1,1,0.816666667,0,0,1,0,0.15,0,0.767676768,0,RUSH
0.011111111,1,1,0.491666667,0,1,0,0,0.25,0,0.414141414,0,PASS
0.011111111,1,1,0.691666667,1,0,0,0,0.25,0,0.97979798,0,RUSH
0.011333333,1,1,0.441666667,1,0,0,0,0.25,0,0.373737374,0,PASS
0.012611111,1,1,0.441666667,1,0,0,0,0.25,0,0.666666667,0,PASS
0.012916667,1,1,0.475,0,0,1,0,0.075,0,0.181818182,1,PASS
0.013333333,1,1,0.491666667,1,0,0,0,0.25,0,0.414141414,0,PASS
0.013333333,1,1,0.758333333,0,0,0,1,0.15,0,0.505050505,0,RUSH
0.013888889,1,1,0.441666667,1,0,0,0,0.25,0,0.808080808,0,PASS
0.014944444,1,1,0.591666667,1,0,0,0,0.25,0,0.404040404,0,RUSH
0.015555556,1,1,0.491666667,0,0,1,0,0.1,0,0.494949495,0,PASS
0.015833333,1,1,0.475,0,1,0,0,0.075,0,0.181818182,1,PASS
0.017777778,1,1,0.491666667,0,1,0,0,0.1,0,0.494949495,0,PASS
0.019444444,1,1,0.7,0,1,0,0,0.15,0,0.545454545,0,RUSH
0.02,1,1,0.491666667,1,0,0,0,0.25,0,0.555555556,0,PASS
0.02,1,1,0.591666667,0,0,1,0,0.025,0,0.424242424,0,RUSH
0.020222222,1,1,0.591666667,0,1,0,0,0.025,0,0.424242424,0,RUSH
0.020925926,1,1,0.55,0,1,0,0,0.325,0,0.757575758,0,RUSH
0.022222222,1,1,0.816666667,0,1,0,0,0.175,0,0.777777778,0,RUSH
0.022222222,1,1,0.491666667,0,1,0,0,0.15,0,0.696969697,0,PASS
0.023055556,1,1,0.475,1,0,0,0,0.25,0,0.252525253,0,RUSH
0.023950617,1,1,0.758333333,0,0,1,0,0.15,0,0.505050505,0,PASS
0.024166667,1,1,0.558333333,0,0,1,0,0.2,1,0.191919192,1,RUSH
0.024444444,1,1,0.491666667,1,0,0,0,0.25,0,0.737373737,0,PASS
0.025277778,1,1,0.591666667,1,0,0,0,0.25,0,0.515151515,0,RUSH
0.025972222,1,1,0.475,0,1,0,0,0.05,0,0.414141414,0,PASS
0.026944444,1,1,0.533333333,1,0,0,0,0.075,0,0.03030303,1,RUSH
0.028055556,1,1,0.341666667,0,1,0,0,0.5,0,0.202020202,1,PASS
0.028611111,1,1,0.533333333,0,1,0,0,0.25,0,0.282828283,0,RUSH
0.028796296,1,1,0.725,0,0,1,0,0.15,0,0.909090909,0,PASS
0.028796296,1,1,0.725,0,0,0,1,0.15,0,0.909090909,0,PUNT
0.028888889,1,1,0.475,1,0,0,0,0.25,0,0.494949495,0,RUSH
0.029166667,1,1,0.7,1,0,0,0,0.25,0,0.585858586,0,RUSH
0.03,1,1,0.533333333,1,0,0,0,0.25,0,0.282828283,0,RUSH
0.030138889,1,1,0.333333333,0,0,0,1,0.025,0,0.717171717,0,RUSH
0.030833333,1,1,0.7,0,0,1,0,0.375,1,0.939393939,0,RUSH
0.031388889,1,1,0.55,1,0,0,0,0.25,0,0.727272727,0,RUSH
0.0325,1,1,0.7,0,0,0,1,0.15,0,0.848484848,0,PUNT
0.032777778,1,1,0.558333333,0,1,0,0,0.25,0,0.212121212,0,RUSH
0.033333333,0,1,0.816666667,1,0,0,0,0.25,0,0.808080808,0,RUSH
0.033518519,0,1,0.5,0,0,1,0,0.1,0,0.373737374,0,RUSH
0.033518519,0,1,0.5,0,0,0,1,0.125,0,0.383838384,0,PUNT
0.033611111,0,1,0.333333333,0,0,1,0,0.25,1,0.808080808,0,PASS
0.033717949,0,1,0.341666667,1,0,0,0,0.175,0,0.070707071,1,RUSH
0.034567901,0,1,0.758333333,0,1,0,0,0.175,0,0.515151515,0,RUSH
0.035277778,0,1,0.416666667,1,0,0,0,0.25,0,0.555555556,0,PASS
0.03537037,0,1,0.725,0,1,0,0,0.3,0,0.96969697,0,RUSH
0.037083333,0,1,0.333333333,0,1,0,0,0.25,0,0.808080808,0,PASS
0.037222222,0,1,0.55,0,0,0,1,0.3,1,0.818181818,0,PUNT
0.0375,0,1,0.416666667,1,0,0,0,0.25,0,0.737373737,0,PASS
0.038611111,0,1,0.55,0,0,1,0,0.175,1,0.767676768,0,RUSH
0.038888889,0,1,0.091666667,0,0,1,0,0.15,0,0.717171717,0,PASS
0.038888889,0,1,0.091666667,0,0,0,1,0.15,0,0.717171717,0,PUNT
0.038888889,0,1,0.7,0,0,1,0,0.05,0,0.646464646,0,RUSH
0.039722222,0,1,0.416666667,0,0,0,1,0.25,1,0.898989899,0,PASS
0.040555556,0,1,0.333333333,1,0,0,0,0.25,0,0.808080808,0,PASS
0.041388889,0,1,0.558333333,1,0,0,0,0.25,0,0.212121212,0,RUSH
0.041388889,0,1,0.625,0,0,0,1,0.075,0,0.03030303,1,FIELD_GOAL
0.041759259,0,1,0.5,0,1,0,0,0.125,0,0.383838384,0,RUSH
0.041944444,0,1,0.416666667,0,0,1,0,0.25,1,0.898989899,0,PASS
0.041944444,0,1,0.725,1,0,0,0,0.25,0,0.949494949,0,RUSH
0.044166667,0,1,0.416666667,0,1,0,0,0.25,0,0.898989899,0,PASS
0.045042735,0,1,0.341666667,0,1,0,0,0.35,0,0.383838384,0,PASS
0.045185185,0,1,0.758333333,1,0,0,0,0.25,0,0.545454545,0,RUSH
0.045277778,0,1,0.475,0,0,1,0,0.125,0,0.050505051,1,RUSH
0.045555556,0,1,0.091666667,0,1,0,0,0.15,0,0.717171717,0,PASS
0.045740741,0,1,0.55,0,1,0,0,0.25,0,0.797979798,0,RUSH
0.046388889,0,1,0.416666667,1,0,0,0,0.25,0,0.898989899,0,PASS
0.0475,0,1,0.416666667,0,1,0,0,0.05,0,0.050505051,1,PASS
0.048611111,0,1,0.7,0,1,0,0,0.175,0,0.696969697,0,RUSH
0.05,0,1,0.5,1,0,0,0,0.25,0,0.434343434,0,RUSH
0.05,0,1,0.558333333,0,0,1,0,0.225,1,0.828282828,0,RUSH
0.050705128,0,1,0.341666667,1,0,0,0,0.375,0,0.393939394,0,RUSH
0.050833333,0,1,0.55,1,0,0,0,0.25,0,0.797979798,0,RUSH
0.052070707,0,1,0.625,0,0,1,0,0.075,0,0.03030303,1,PASS
0.052222222,0,1,0.091666667,1,0,0,0,0.25,0,0.757575758,0,RUSH
0.052777778,0,1,0.416666667,1,0,0,0,0.25,0,0.131313131,1,RUSH
0.05412037,0,1,0.758333333,0,0,0,1,0.3,1,0.373737374,0,FIELD_GOAL
0.054652778,0,1,0.45,0,0,0,1,0.125,0,0.757575758,0,PASS
0.055802469,0,1,0.758333333,0,1,0,0,0.05,0,0.626262626,0,RUSH
0.05612963,0,1,0.475,0,1,0,0,0.1,0,0.04040404,1,RUSH
0.056759259,0,1,0.7,0,1,0,0,0.2,0,0.868686869,0,RUSH
0.057708333,0,1,0.45,0,1,0,0,0.25,0,0.808080808,0,PASS
0.058055556,0,1,0.416666667,1,0,0,0,0.375,0,0.303030303,0,PASS
0.058240741,0,1,0.5,1,0,0,0,0.25,0,0.636363636,0,PASS
0.058333333,0,1,0.7,1,0,0,0,0.25,0,0.727272727,0,RUSH
0.058611111,0,1,0.558333333,0,1,0,0,0.25,0,0.838383838,0,RUSH
0.058888889,0,1,0.091666667,0,0,1,0,0.15,0,0.818181818,0,PASS
0.059166667,0,1,0.45,0,0,1,0,0.25,1,0.808080808,0,RUSH
0.061190476,0,1,0.475,0,0,1,0,0.05,0,0.02020202,1,RUSH
0.062029915,0,1,0.341666667,0,1,0,0,0.175,0,0.555555556,0,PASS
0.062222222,0,1,0.45,1,0,0,0,0.25,0,0.808080808,0,PASS
0.062388889,0,1,0.475,1,0,0,0,0.15,0,0.060606061,1,RUSH
0.062407407,0,1,0.758333333,0,0,1,0,0.3,1,0.373737374,0,PASS
0.062752525,0,1,0.625,0,1,0,0,0.1,0,0.04040404,1,RUSH
0.065555556,0,1,0.091666667,0,1,0,0,0.225,0,0.848484848,0,PASS
0.065992063,0,1,0.475,0,1,0,0,0.05,0,0.02020202,1,PASS
0.066419753,0,1,0.758333333,1,0,0,0,0.25,0,0.707070707,0,RUSH
0.066481481,0,1,0.5,0,1,0,0,0.025,0,0.666666667,0,RUSH
0.067692308,0,1,0.341666667,1,0,0,0,0.25,0,0.585858586,0,PASS
0.068648148,0,1,0.475,0,0,0,1,0.05,0,0.191919192,1,PASS
0.068888889,0,1,0.558333333,1,0,0,0,0.25,0,0.838383838,0,RUSH
0.069722222,0,1,0.7,1,0,0,0,0.25,0,0.888888889,0,RUSH
0.070555556,0,1,0.558333333,0,0,1,0,0.175,1,0.787878788,0,PASS
0.070555556,0,1,0.558333333,0,0,0,1,0.175,1,0.787878788,0,PUNT
0.070694444,0,1,0.758333333,0,1,0,0,0.325,0,0.383838384,0,RUSH
0.070793651,0,1,0.475,1,0,0,0,0.125,0,0.050505051,1,RUSH
0.072222222,0,1,0.091666667,1,0,0,0,0.25,0,0.858585859,0,RUSH
0.073354701,0,1,0.341666667,0,0,1,0,0.075,0,0.646464646,0,PASS
0.073434343,0,1,0.625,1,0,0,0,0.25,0,0.101010101,1,RUSH
0.074722222,0,1,0.5,1,0,0,0,0.25,0,0.757575758,0,RUSH
0.074907407,0,1,0.475,0,0,1,0,0.125,0,0.222222222,0,RUSH
0.075595238,0,1,0.475,0,1,0,0,0.075,0,0.444444444,0,PASS
0.076388889,0,1,0.666666667,0,0,0,1,0.05,0,0.101010101,1,FIELD_GOAL
0.076944444,0,1,0.558333333,0,1,0,0,0.25,0,0.818181818,0,RUSH
0.077037037,0,1,0.758333333,0,0,1,0,0.05,0,0.747474747,0,RUSH
0.078981481,0,1,0.758333333,1,0,0,0,0.25,0,0.353535354,0,RUSH
0.079017094,0,1,0.341666667,0,1,0,0,0.25,0,0.717171717,0,PASS
0.080396825,0,1,0.475,1,0,0,0,0.25,0,0.515151515,0,RUSH
0.081166667,0,1,0.475,0,1,0,0,0.25,0,0.272727273,0,PASS
0.082142857,0,1,0.758333333,0,1,0,0,0.075,0,0.181818182,1,RUSH
0.082171717,0,1,0.641666667,0,1,0,0,0.1,0,0.04040404,1,RUSH
0.083333333,0,1,0.558333333,1,0,0,0,0.25,0,0.818181818,0,PASS
0.084116162,0,1,0.625,0,1,0,0,0.1,0,0.191919192,1,RUSH
0.084679487,0,1,0.341666667,1,0,0,0,0.25,0,0.717171717,0,PASS
0.085198413,0,1,0.475,0,1,0,0,0.25,0,0.717171717,0,PASS
0.08712963,0,1,0.583333333,0,0,1,0,0.2,1,0.434343434,0,PASS
0.08712963,0,1,0.583333333,0,0,0,1,0.2,1,0.434343434,0,PUNT
0.087222222,0,1,0.666666667,0,0,1,0,0.125,0,0.131313131,1,RUSH
0.087268519,0,1,0.758333333,0,1,0,0,0.2,0,0.454545455,0,RUSH
0.087425926,0,1,0.475,1,0,0,0,0.25,0,0.272727273,0,PASS
0.087654321,0,1,0.758333333,0,1,0,0,0.35,0,0.868686869,0,RUSH
0.087916667,0,1,0.466666667,0,1,0,0,0.2,0,0.96969697,0,RUSH
0.09,0,1,0.475,1,0,0,0,0.25,0,0.717171717,0,PASS
0.090176768,0,1,0.641666667,1,0,0,0,0.1,0,0.04040404,1,RUSH
0.09034188,0,1,0.341666667,0,0,1,0,0.15,0,0.797979798,0,PASS
0.090396825,0,1,0.758333333,1,0,0,0,0.25,0,0.252525253,0,PASS
0.091111111,0,1,0.583333333,0,1,0,0,0.15,0,0.414141414,0,PASS
0.091944444,0,1,0.466666667,1,0,0,0,0.25,0,0.98989899,0,RUSH
0.093611111,0,1,0.583333333,1,0,0,0,0.25,0,0.454545455,0,RUSH
0.093685185,0,1,0.475,1,0,0,0,0.25,0,0.434343434,0,RUSH
0.09479798,0,1,0.625,1,0,0,0,0.25,0,0.252525253,0,RUSH
0.095555556,0,1,0.758333333,1,0,0,0,0.25,0,0.474747475,0,RUSH
0.096004274,0,1,0.341666667,0,1,0,0,0.25,0,0.838383838,0,PASS
0.096481481,0,1,0.55,0,0,1,0,0.025,0,0.666666667,0,RUSH
0.096481481,0,1,0.55,0,0,0,1,0.05,0,0.676767677,0,PUNT
0.096944444,0,1,0.35,1,0,0,0,0.25,0,0.95959596,0,RUSH
0.098055556,0,1,0.666666667,0,1,0,0,0.2,0,0.161616162,1,RUSH
0.098181818,0,1,0.641666667,0,0,1,0,0.075,0,0.141414141,1,PASS
0.098271605,0,1,0.758333333,1,0,0,0,0.475,0,0.919191919,0,RUSH
0.098650794,0,1,0.758333333,1,0,0,0,0.25,0,0.525252525,0,RUSH
0.099944444,0,1,0.475,0,0,1,0,0.05,0,0.484848485,0,PASS
0.100222222,0,1,0.758333333,0,1,0,0,0.175,0,0.222222222,0,RUSH
0.100509259,0,1,0.7,1,0,0,0,0.025,0,0.01010101,1,RUSH
0.101666667,0,1,0.341666667,1,0,0,0,0.25,0,0.838383838,0,PASS
0.101805556,0,1,0.416666667,1,0,0,0,0.25,0,0.292929293,0,RUSH
0.105479798,0,1,0.625,0,0,1,0,0.375,1,0.545454545,0,PASS
0.106186869,0,1,0.641666667,0,1,0,0,0.075,0,0.141414141,1,PASS
0.106203704,0,1,0.475,0,1,0,0,0.175,0,0.535353535,0,PASS
0.106296296,0,1,0.55,0,1,0,0,0.2,0,0.737373737,0,PASS
0.106904762,0,1,0.758333333,0,1,0,0,0.05,0,0.575757576,0,PASS
0.108240741,0,1,0.7,0,0,0,1,0.075,0,0.04040404,1,RUSH
0.108888889,0,1,0.666666667,1,0,0,0,0.25,0,0.181818182,1,RUSH
0.109722222,0,1,0.416666667,0,0,0,1,0.35,1,0.262626263,0,FIELD_GOAL
0.110444444,0,1,0.758333333,1,0,0,0,0.25,0,0.252525253,0,RUSH
0.111333333,0,1,0.733333333,0,0,0,1,0.05,0,0.131313131,1,RUSH
0.112462963,0,1,0.475,1,0,0,0,0.25,0,0.565656566,0,RUSH
0.114191919,0,1,0.641666667,1,0,0,0,0.25,0,0.212121212,0,RUSH
0.114700855,0,1,0.416666667,0,0,1,0,0.35,1,0.262626263,0,PASS
0.114861111,0,1,0.416666667,0,1,0,0,0.15,0,0.595959596,0,RUSH
0.11515873,0,1,0.758333333,1,0,0,0,0.25,0,0.656565657,0,RUSH
0.115714286,0,1,0.383333333,0,1,0,0,0.025,0,0.01010101,1,RUSH
0.115972222,0,1,0.7,0,0,1,0,0.1,0,0.050505051,1,RUSH
0.116111111,0,1,0.55,1,0,0,0,0.25,0,0.757575758,0,RUSH
0.118333333,0,0,0.725,0,0,1,0,0.35,1,0.838383838,0,PASS
0.118333333,0,0,0.725,0,0,0,1,0.1,0,0.737373737,0,PUNT
0.118722222,0,0,0.475,1,0,0,0,0.25,0,0.747474747,0,PASS
0.119679487,0,0,0.416666667,0,1,0,0,0.275,0,0.232323232,0,RUSH
0.119722222,0,0,0.666666667,0,1,0,0,0.2,0,0.303030303,0,PASS
0.12031746,0,0,0.383333333,1,0,0,0,0.05,0,0.02020202,1,RUSH
0.120666667,0,0,0.758333333,0,0,1,0,0.15,0,0.424242424,0,PASS
0.120722222,0,0,0.733333333,0,0,1,0,0.05,0,0.131313131,1,PASS
0.121388889,0,0,0.416666667,1,0,0,0,0.25,0,0.636363636,0,PASS
0.12219697,0,0,0.641666667,0,1,0,0,0.1,0,0.343434343,0,RUSH
0.123412698,0,0,0.758333333,0,1,0,0,0.075,0,0.707070707,0,RUSH
0.123555556,0,0,0.608333333,0,0,1,0,0.275,1,0.707070707,0,PASS
0.124981481,0,0,0.475,0,0,1,0,0.025,0,0.767676768,0,RUSH
0.126843434,0,0,0.625,0,1,0,0,0.225,0,0.484848485,0,RUSH
0.127916667,0,0,0.416666667,0,1,0,0,0.15,0,0.767676768,0,PASS
0.12952381,0,0,0.383333333,1,0,0,0,0.25,0,0.292929293,0,PASS
0.129636752,0,0,0.416666667,1,0,0,0,0.25,0,0.222222222,0,RUSH
0.130111111,0,0,0.733333333,0,1,0,0,0.075,0,0.141414141,1,RUSH
0.130166667,0,0,0.608333333,0,1,0,0,0.275,0,0.707070707,0,PASS
0.13020202,0,0,0.641666667,1,0,0,0,0.25,0,0.404040404,0,RUSH
0.130555556,0,0,0.666666667,1,0,0,0,0.25,0,0.323232323,0,RUSH
0.130888889,0,0,0.758333333,0,1,0,0,0.2,0,0.444444444,0,RUSH
0.131240741,0,0,0.475,0,1,0,0,0.1,0,0.797979798,0,PASS
0.131435185,0,0,0.7,0,1,0,0,0.25,0,0.111111111,1,PASS
0.131666667,0,0,0.758333333,1,0,0,0,0.25,0,0.777777778,0,RUSH
0.132083333,0,0,0.033333333,0,1,0,0,0.125,0,0.656565657,0,PASS
0.133611111,0,0,0.466666667,0,1,0,0,0.075,0,0.03030303,1,PASS
0.134126984,0,0,0.383333333,1,0,0,0,0.25,0,0.484848485,0,RUSH
0.134444444,0,0,0.416666667,1,0,0,0,0.25,0,0.808080808,0,RUSH
0.134615385,0,0,0.416666667,1,0,0,0,0.25,0,0.383838384,0,PASS
0.134652778,0,0,0.291666667,1,0,0,0,0.25,0,0.141414141,1,PASS
0.136777778,0,0,0.608333333,1,0,0,0,0.25,0,0.696969697,0,RUSH
0.1375,0,0,0.475,1,0,0,0,0.25,0,0.858585859,0,RUSH
0.137525253,0,0,0.625,1,0,0,0,0.25,0,0.494949495,0,RUSH
0.138207071,0,0,0.641666667,0,1,0,0,0.2,0,0.575757576,0,PASS
0.138333333,0,0,0.033333333,1,0,0,0,0.25,0,0.707070707,0,RUSH
0.138730159,0,0,0.383333333,0,1,0,0,0.225,0,0.606060606,0,PASS
0.139166667,0,0,0.7,1,0,0,0,0.25,0,0.111111111,1,RUSH
0.139166667,0,0,0.641666667,0,0,1,0,0.225,1,0.585858586,0,PASS
0.139166667,0,0,0.641666667,0,0,0,1,0.225,1,0.585858586,0,PUNT
0.1395,0,0,0.733333333,1,0,0,0,0.25,0,0.212121212,0,RUSH
0.139594017,0,0,0.416666667,1,0,0,0,0.25,0,0.515151515,0,PASS
0.139722222,0,0,0.466666667,1,0,0,0,0.175,0,0.070707071,1,RUSH
0.140092593,0,0,0.533333333,0,0,1,0,0.375,1,0.696969697,0,RUSH
0.140092593,0,0,0.533333333,0,0,0,1,0.225,1,0.636363636,0,PUNT
0.140416667,0,0,0.291666667,0,0,0,1,0.075,0,0.545454545,0,PASS
0.141111111,0,0,0.758333333,1,0,0,0,0.25,0,0.464646465,0,RUSH
0.141388889,0,0,0.666666667,1,0,0,0,0.25,0,0.434343434,0,RUSH
0.142407407,0,0,0.55,0,0,1,0,0.1,0,0.666666667,0,PASS
0.142407407,0,0,0.55,0,0,0,1,0.1,0,0.666666667,0,PUNT
0.143333333,0,0,0.383333333,1,0,0,0,0.25,0,0.616161616,0,RUSH
0.143388889,0,0,0.608333333,0,1,0,0,0.225,0,0.878787879,0,PASS
0.14457265,0,0,0.416666667,0,0,0,1,0.025,0,0.535353535,0,RUSH
0.145833333,0,0,0.466666667,0,0,1,0,0.15,0,0.131313131,1,RUSH
0.146180556,0,0,0.291666667,0,0,1,0,0.1,0,0.555555556,0,RUSH
0.146212121,0,0,0.641666667,1,0,0,0,0.25,0,0.595959596,0,RUSH
0.14712963,0,0,0.533333333,0,1,0,0,0.375,0,0.696969697,0,PASS
0.148207071,0,0,0.625,0,1,0,0,0.075,0,0.646464646,0,RUSH
0.148888889,0,0,0.733333333,0,1,0,0,0.025,0,0.242424242,0,RUSH
0.149551282,0,0,0.416666667,0,0,1,0,0.375,1,0.676767677,0,PASS
0.15,0,0,0.608333333,1,0,0,0,0.25,0,0.888888889,0,RUSH
0.150185185,0,0,0.725,0,1,0,0,0.125,0,0.747474747,0,RUSH
0.15037037,0,0,0.55,0,1,0,0,0.175,0,0.696969697,0,RUSH
0.151944444,0,0,0.291666667,0,1,0,0,0.3,0,0.636363636,0,PASS
0.151944444,0,0,0.466666667,0,1,0,0,0.2,0,0.151515152,1,RUSH
0.152222222,0,0,0.666666667,0,0,1,0,0.15,0,0.636363636,0,PASS
0.153240741,0,0,0.641666667,0,1,0,0,0.225,0,0.585858586,0,RUSH
0.154166667,0,0,0.533333333,1,0,0,0,0.375,0,0.696969697,0,PASS
0.154217172,0,0,0.641666667,0,1,0,0,0.05,0,0.666666667,0,RUSH
0.154529915,0,0,0.416666667,0,1,0,0,0.375,0,0.676767677,0,PASS
0.155648148,0,0,0.525,0,0,1,0,0.225,1,0.666666667,0,PASS
0.155648148,0,0,0.525,0,0,0,1,0.125,0,0.626262626,0,PUNT
0.157708333,0,0,0.291666667,1,0,0,0,0.25,0,0.616161616,0,RUSH
0.158055556,0,0,0.7,0,0,1,0,0.075,0,0.151515152,1,RUSH
0.158055556,0,0,0.466666667,1,0,0,0,0.25,0,0.171717172,1,RUSH
0.158055556,0,0,0.558333333,0,0,1,0,0.075,0,0.676767677,0,PASS
0.158055556,0,0,0.558333333,0,0,0,1,0.075,0,0.676767677,0,PUNT
0.158277778,0,0,0.733333333,1,0,0,0,0.25,0,0.333333333,0,RUSH
0.158333333,0,0,0.55,1,0,0,0,0.25,0,0.727272727,0,PASS
0.158888889,0,0,0.625,1,0,0,0,0.25,0,0.717171717,0,RUSH
0.159508547,0,0,0.416666667,1,0,0,0,0.25,0,0.626262626,0,RUSH
0.161736111,0,0,0.383333333,0,0,0,1,0.25,1,0.161616162,1,PASS
0.162222222,0,0,0.641666667,1,0,0,0,0.25,0,0.747474747,0,RUSH
0.162222222,0,0,0.641666667,1,0,0,0,0.25,0,0.595959596,0,RUSH
0.162407407,0,0,0.525,0,1,0,0,0.225,0,0.666666667,0,PASS
0.163055556,0,0,0.666666667,0,1,0,0,0.2,0,0.656565657,0,RUSH
0.163472222,0,0,0.291666667,0,0,1,0,0.125,0,0.707070707,0,PASS
0.164166667,0,0,0.466666667,0,1,0,0,0.25,0,0.555555556,0,PASS
0.164861111,0,0,0.383333333,0,0,1,0,0.25,1,0.161616162,1,PASS
0.165787037,0,0,0.7,0,1,0,0,0.125,0,0.171717172,1,RUSH
0.166006944,0,0,0.475,0,0,1,0,0.25,1,0.464646465,0,PASS
0.166006944,0,0,0.475,0,0,0,1,0.25,1,0.464646465,0,PUNT
0.166111111,0,0,0.725,1,0,0,0,0.25,0,0.797979798,0,RUSH
0.167666667,0,0,0.733333333,0,0,0,1,0.025,0,0.353535354,0,RUSH
0.167824074,0,0,0.408333333,0,0,0,1,0.1,0,0.060606061,1,PASS
0.16787037,0,0,0.558333333,0,1,0,0,0.25,0,0.747474747,0,RUSH
0.167986111,0,0,0.383333333,0,1,0,0,0.25,0,0.161616162,1,PASS
0.168125,0,0,0.7,1,0,0,0,0.25,0,0.515151515,0,RUSH
0.169166667,0,0,0.525,1,0,0,0,0.25,0,0.676767677,0,RUSH
0.169236111,0,0,0.291666667,0,1,0,0,0.125,0,0.707070707,0,PASS
0.169465812,0,0,0.416666667,0,1,0,0,0.25,0,0.757575758,0,PASS
0.170277778,0,0,0.466666667,1,0,0,0,0.25,0,0.555555556,0,PASS
0.171111111,0,0,0.383333333,1,0,0,0,0.25,0,0.161616162,1,PASS
0.171736111,0,0,0.475,0,1,0,0,0.25,0,0.464646465,0,PASS
0.172037037,0,0,0.35,0,0,1,0,0.05,0,0.02020202,1,PASS
0.173194444,0,0,0.7,1,0,0,0,0.25,0,0.707070707,0,PASS
0.173302469,0,0,0.408333333,0,0,1,0,0.1,0,0.060606061,1,PASS
0.173518519,0,0,0.7,1,0,0,0,0.25,0,0.222222222,0,RUSH
0.173611111,0,0,0.758333333,0,0,0,1,0.175,1,0.272727273,0,FIELD_GOAL
0.173888889,0,0,0.666666667,1,0,0,0,0.25,0,0.676767677,0,RUSH
0.174236111,0,0,0.383333333,1,0,0,0,0.25,0,0.464646465,0,PASS
0.174444444,0,0,0.416666667,1,0,0,0,0.25,0,0.757575758,0,PASS
0.174861111,0,0,0.558333333,1,0,0,0,0.25,0,0.747474747,0,PASS
0.175,0,0,0.291666667,1,0,0,0,0.25,0,0.757575758,0,PASS
0.175277778,0,0,0.758333333,0,0,1,0,0.55,1,0.525252525,0,PASS
0.175277778,0,0,0.758333333,0,0,0,1,0.3,1,0.424242424,0,PUNT
0.175277778,0,0,0.533333333,0,0,1,0,0.075,0,0.717171717,0,RUSH
0.176388889,0,0,0.466666667,0,1,0,0,0.175,0,0.727272727,0,RUSH
0.177055556,0,0,0.733333333,0,0,1,0,0.1,0,0.383838384,0,RUSH
0.177361111,0,0,0.35,0,1,0,0,0.075,0,0.03030303,1,RUSH
0.177465278,0,0,0.475,1,0,0,0,0.25,0,0.464646465,0,PASS
0.178263889,0,0,0.7,0,1,0,0,0.175,0,0.808080808,0,RUSH
0.178472222,0,0,0.408333333,0,0,0,1,0.05,0,0.676767677,0,PASS
0.178780864,0,0,0.408333333,0,1,0,0,0.275,0,0.131313131,1,PASS
0.180486111,0,0,0.383333333,1,0,0,0,0.25,0,0.767676768,0,PASS
0.18125,0,0,0.7,0,0,1,0,0.05,0,0.494949495,0,PASS
0.181851852,0,0,0.558333333,0,0,1,0,0.025,0,0.767676768,0,RUSH
0.1825,0,0,0.466666667,1,0,0,0,0.25,0,0.757575758,0,PASS
0.182685185,0,0,0.35,1,0,0,0,0.1,0,0.04040404,1,RUSH
0.182777778,0,0,0.525,0,0,0,1,0.175,1,0.141414141,1,FIELD_GOAL
0.183194444,0,0,0.475,0,1,0,0,0.025,0,0.484848485,0,RUSH
0.183333333,0,0,0.7,1,0,0,0,0.25,0,0.838383838,0,RUSH
0.183611111,0,0,0.383333333,1,0,0,0,0.25,0,0.888888889,0,PASS
0.184259259,0,0,0.408333333,1,0,0,0,0.25,0,0.121212121,1,RUSH
0.185952381,0,0,0.758333333,0,1,0,0,0.775,0,0.616161616,0,PASS
0.186444444,0,0,0.733333333,0,1,0,0,0.15,0,0.404040404,0,RUSH
0.188009259,0,0,0.35,0,0,0,1,0.2,1,0.191919192,1,PASS
0.188842593,0,0,0.558333333,0,1,0,0,0.075,0,0.787878788,0,RUSH
0.188923611,0,0,0.475,1,0,0,0,0.25,0,0.575757576,0,RUSH
0.188981481,0,0,0.7,0,1,0,0,0.125,0,0.525252525,0,RUSH
0.189737654,0,0,0.408333333,0,1,0,0,0.2,0,0.282828283,0,PASS
0.19,0,0,0.408333333,0,0,1,0,0.275,1,0.767676768,0,PASS
0.190793651,0,0,0.758333333,0,0,1,0,0.175,1,0.272727273,0,PASS
0.193333333,0,0,0.35,0,0,1,0,0.2,1,0.191919192,1,PASS
0.193472222,0,0,0.525,0,0,1,0,0.175,1,0.141414141,1,PASS
0.194652778,0,0,0.475,0,0,1,0,0.05,0,0.707070707,0,PASS
0.194722222,0,0,0.533333333,0,1,0,0,0.1,0,0.727272727,0,RUSH
0.195216049,0,0,0.408333333,1,0,0,0,0.25,0,0.303030303,0,RUSH
0.195833333,0,0,0.733333333,1,0,0,0,0.25,0,0.444444444,0,RUSH
0.195833333,0,0,0.558333333,1,0,0,0,0.25,0,0.858585859,0,PASS
0.196388889,0,0,0.55,1,0,0,0,0.25,0,0.545454545,0,PASS
0.196712963,0,0,0.7,1,0,0,0,0.25,0,0.575757576,0,RUSH
0.198,0,0,0.525,0,0,1,0,0.125,0,0.555555556,0,PASS
0.198,0,0,0.525,0,0,0,1,0.125,0,0.555555556,0,PUNT
0.199,0,0,0.383333333,0,0,0,1,0.225,1,0.383838384,0,PASS
0.199236111,0,0,0.525,0,1,0,0,0.15,0,0.131313131,1,RUSH
0.200079365,0,0,0.758333333,0,1,0,0,0.275,0,0.313131313,0,RUSH
0.200381944,0,0,0.475,0,1,0,0,0.225,0,0.777777778,0,PASS
0.200694444,0,0,0.35,0,1,0,0,0.25,0,0.212121212,0,PASS
0.200694444,0,0,0.408333333,0,0,1,0,0.05,0,0.323232323,0,RUSH
0.201527778,0,0,0.408333333,0,1,0,0,0.625,0,0.909090909,0,PASS
0.201759259,0,0,0.533333333,1,0,0,0,0.25,0,0.787878788,0,RUSH
0.204444444,0,0,0.7,1,0,0,0,0.25,0,0.838383838,0,RUSH
0.204666667,0,0,0.383333333,0,0,1,0,0.225,1,0.383838384,0,PASS
0.204888889,0,0,0.525,0,1,0,0,0.125,0,0.555555556,0,PASS
0.205,0,0,0.525,1,0,0,0,0.25,0,0.171717172,1,RUSH
0.206018519,0,0,0.35,1,0,0,0,0.25,0,0.212121212,0,PASS
0.206111111,0,0,0.475,1,0,0,0,0.25,0,0.787878788,0,RUSH
0.20617284,0,0,0.408333333,0,1,0,0,0.075,0,0.333333333,0,RUSH
0.208796296,0,0,0.533333333,0,1,0,0,0.175,0,0.939393939,0,RUSH
0.209365079,0,0,0.758333333,1,0,0,0,0.25,0,0.303030303,0,RUSH
0.210333333,0,0,0.383333333,0,1,0,0,0.25,0,0.393939394,0,RUSH
0.211342593,0,0,0.35,0,0,0,1,0.025,0,0.232323232,0,RUSH
0.211651235,0,0,0.408333333,1,0,0,0,0.25,0,0.404040404,0,RUSH
0.211777778,0,0,0.525,1,0,0,0,0.25,0,0.606060606,0,RUSH
0.211851852,0,0,0.666666667,0,0,1,0,0.05,0,0.464646465,0,PASS
0.211851852,0,0,0.666666667,0,0,0,1,0.05,0,0.464646465,0,PUNT
0.213842593,0,0,0.641666667,0,1,0,0,0.2,0,0.454545455,0,PASS
0.215833333,0,0,0.533333333,1,0,0,0,0.25,0,0.96969697,0,RUSH
0.216,0,0,0.383333333,1,0,0,0,0.25,0,0.393939394,0,PASS
0.216388889,0,0,0.583333333,0,0,1,0,0.175,1,0.595959596,0,PASS
0.216666667,0,0,0.35,0,0,1,0,0.3,1,0.343434343,0,PASS
0.21712963,0,0,0.408333333,0,0,1,0,0.075,0,0.494949495,0,PASS
0.21797619,0,0,0.758333333,1,0,0,0,0.25,0,0.404040404,0,RUSH
0.218055556,0,0,0.35,0,1,0,0,0.175,0,0.292929293,0,PASS
0.218409091,0,0,0.475,0,0,0,1,0.25,1,0.303030303,0,FIELD_GOAL
0.218650794,0,0,0.758333333,0,0,1,0,0.175,1,0.414141414,0,RUSH
0.218666667,0,0,0.525,0,1,0,0,0.125,0,0.717171717,0,RUSH
0.220740741,0,0,0.641666667,1,0,0,0,0.25,0,0.474747475,0,RUSH
0.221203704,0,0,0.666666667,0,1,0,0,0.1,0,0.484848485,0,RUSH
0.221666667,0,0,0.383333333,0,0,1,0,0.075,0,0.454545455,0,PASS
0.221919192,0,0,0.475,0,0,1,0,0.25,1,0.303030303,0,PASS
0.222608025,0,0,0.408333333,0,1,0,0,0.175,0,0.535353535,0,PASS
0.22337963,0,0,0.35,1,0,0,0,0.25,0,0.323232323,0,RUSH
0.224583333,0,0,0.408333333,1,0,0,0,0.375,0,0.808080808,0,PASS
0.225166667,0,0,0.475,0,0,1,0,0.175,1,0.303030303,0,PASS
0.225429293,0,0,0.475,0,1,0,0,0.25,0,0.303030303,0,PASS
0.225555556,0,0,0.525,1,0,0,0,0.25,0,0.767676768,0,RUSH
0.227111111,0,0,0.675,0,0,0,1,0.075,0,0.080808081,1,FIELD_GOAL
0.227333333,0,0,0.383333333,0,1,0,0,0.125,0,0.474747475,0,RUSH
0.227361111,0,0,0.491666667,0,0,0,1,0.15,0,0.414141414,0,PASS
0.227638889,0,0,0.641666667,0,1,0,0,0.175,0,0.575757576,0,PASS
0.227936508,0,0,0.758333333,0,1,0,0,0.225,0,0.434343434,0,RUSH
0.22808642,0,0,0.408333333,1,0,0,0,0.25,0,0.565656566,0,RUSH
0.228650794,0,0,0.758333333,0,1,0,0,0.2,0,0.606060606,0,PASS
0.228703704,0,0,0.383333333,0,0,1,0,0.025,0,0.01010101,1,RUSH
0.228703704,0,0,0.35,0,0,1,0,0.1,0,0.404040404,0,PASS
0.228939394,0,0,0.475,1,0,0,0,0.25,0,0.303030303,0,PASS
0.230277778,0,0,0.583333333,0,1,0,0,0.25,0,0.626262626,0,RUSH
0.230555556,0,0,0.666666667,1,0,0,0,0.25,0,0.545454545,0,RUSH
0.230888889,0,0,0.475,0,1,0,0,0.175,0,0.303030303,0,PASS
0.231666667,0,0,0.625,0,0,1,0,0.175,1,0.606060606,0,PASS
0.231666667,0,0,0.625,0,0,0,1,0.175,1,0.606060606,0,PUNT
0.232449495,0,0,0.475,0,1,0,0,0.225,0,0.393939394,0,PASS
0.232833333,0,0,0.675,0,0,1,0,0.075,0,0.080808081,1,PASS
0.233,0,0,0.383333333,1,0,0,0,0.25,0,0.525252525,0,RUSH
0.233564815,0,0,0.408333333,0,0,1,0,0.075,0,0.616161616,0,PASS
0.234027778,0,0,0.35,0,1,0,0,0.1,0,0.404040404,0,PASS
0.234537037,0,0,0.641666667,1,0,0,0,0.25,0,0.606060606,0,RUSH
0.234907407,0,0,0.491666667,0,0,1,0,0.525,1,0.565656566,0,PASS
0.235357143,0,0,0.675,0,1,0,0,0.025,0,0.01010101,1,RUSH
0.235802469,0,0,0.383333333,0,1,0,0,0.05,0,0.02020202,1,RUSH
0.235959596,0,0,0.475,1,0,0,0,0.25,0,0.404040404,0,RUSH
0.236611111,0,0,0.475,1,0,0,0,0.25,0,0.333333333,0,RUSH
0.237222222,0,0,0.583333333,1,0,0,0,0.25,0,0.626262626,0,PASS
0.237222222,0,0,0.758333333,1,0,0,0,0.25,0,0.444444444,0,RUSH
0.238555556,0,0,0.675,0,1,0,0,0.175,0,0.121212121,1,RUSH
0.23904321,0,0,0.408333333,0,1,0,0,0.25,0,0.686868687,0,PASS
0.239325397,0,0,0.758333333,1,0,0,0,0.25,0,0.626262626,0,RUSH
0.239351852,0,0,0.35,1,0,0,0,0.25,0,0.464646465,0,RUSH
0.239444444,0,0,0.525,0,0,1,0,0.175,1,0.777777778,0,PASS
0.239444444,0,0,0.525,0,0,0,1,0.175,1,0.777777778,0,PUNT
0.239469697,0,0,0.475,1,0,0,0,0.25,0,0.535353535,0,RUSH
0.240238095,0,0,0.675,1,0,0,0,0.1,0,0.04040404,1,RUSH
0.240833333,0,0,0.625,0,1,0,0,0.175,0,0.606060606,0,RUSH
0.241435185,0,0,0.641666667,0,1,0,0,0.075,0,0.777777778,0,RUSH
0.242333333,0,0,0.475,0,1,0,0,0.075,0,0.383838384,0,RUSH
0.242361111,0,0,0.525,0,0,0,1,0.275,1,0.292929293,0,FIELD_GOAL
0.242833333,0,0,0.758333333,1,0,0,0,0.125,0,0.050505051,1,RUSH
0.242901235,0,0,0.383333333,1,0,0,0,0.05,0,0.02020202,1,RUSH
0.242979798,0,0,0.475,0,1,0,0,0.25,0,0.646464646,0,PASS
0.243611111,0,0,0.525,0,1,0,0,0.175,0,0.777777778,0,PASS
0.244007937,0,0,0.641666667,0,0,1,0,0.175,1,0.414141414,0,PASS
0.244277778,0,0,0.675,1,0,0,0,0.25,0,0.151515152,1,RUSH
0.244333333,0,0,0.383333333,0,0,1,0,0.15,0,0.676767677,0,PASS
0.244521605,0,0,0.408333333,1,0,0,0,0.25,0,0.686868687,0,RUSH
0.244675926,0,0,0.35,0,0,1,0,0.125,0,0.646464646,0,PASS
0.245119048,0,0,0.675,0,1,0,0,0.05,0,0.090909091,1,RUSH
0.246489899,0,0,0.475,1,0,0,0,0.25,0,0.646464646,0,PASS
0.247777778,0,0,0.525,1,0,0,0,0.25,0,0.808080808,0,PASS
0.248055556,0,0,0.475,1,0,0,0,0.25,0,0.454545455,0,RUSH
0.248333333,0,0,0.641666667,1,0,0,0,0.25,0,0.848484848,0,RUSH
0.25,0,0,0.525,0,0,1,0,0.4,1,0.343434343,0,RUSH
0.25,0,0,0.675,0,0,1,0,0.075,0,0.202020202,1,RUSH
0.25,0,0,0.475,0,1,0,0,0.125,0,0.707070707,0,RUSH
0.25,0,0,0.383333333,0,1,0,0,0.15,0,0.676767677,0,PASS
0.25,0,0,0.641666667,0,1,0,0,0.2,0,0.424242424,0,RUSH
0.25,0,0,0.466666667,0,0,1,0,0.075,0,0.464646465,0,PASS
0.25,0,0,0.625,1,0,0,0,0.25,0,0.636363636,0,RUSH
0.25,0,0,0.675,1,0,0,0,0.25,0,0.171717172,1,RUSH
0.25,0,0,0.408333333,0,0,1,0,0.05,0,0.747474747,0,RUSH
0.25,0,0,0.758333333,0,0,1,0,0.025,0,0.111111111,1,RUSH
0.25,0,0,0.35,0,1,0,0,0.125,0,0.646464646,0,PASS
0.25,0,0,0.758333333,0,1,0,0,0.15,0,0.858585859,0,RUSH
0.25,0,0,0.491666667,0,1,0,0,0.25,0,0.454545455,0,RUSH
0.25297619,0,0,0.641666667,1,0,0,0,0.25,0,0.444444444,0,RUSH
0.253888889,0,0,0.625,0,0,1,0,0.175,1,0.727272727,0,PASS
0.25412037,0,0,0.35,1,0,0,0,0.25,0,0.696969697,0,RUSH
0.254333333,0,0,0.675,0,1,0,0,0.25,0,0.272727273,0,RUSH
0.254722222,0,0,0.608333333,0,1,0,0,0.025,0,0.04040404,1,RUSH
0.255740741,0,0,0.491666667,1,0,0,0,0.25,0,0.454545455,0,RUSH
0.256743827,0,0,0.408333333,0,1,0,0,0.225,0,0.818181818,0,PASS
0.257777778,0,0,0.475,1,0,0,0,0.25,0,0.757575758,0,PASS
0.258472222,0,0,0.466666667,0,1,0,0,0.175,0,0.505050505,0,RUSH
0.258571429,0,0,0.675,0,1,0,0,0.175,0,0.313131313,0,RUSH
0.258968254,0,0,0.641666667,0,0,1,0,0.25,1,0.555555556,0,PASS
0.259166667,0,0,0.758333333,1,0,0,0,0.25,0,0.898989899,0,RUSH
0.259444444,0,0,0.35,1,0,0,0,0.25,0,0.808080808,0,PASS
0.260055556,0,0,0.675,1,0,0,0,0.25,0,0.272727273,0,PASS
0.260694444,0,0,0.525,0,1,0,0,0.475,0,0.373737374,0,RUSH
0.261597222,0,0,0.608333333,1,0,0,0,0.375,0,0.181818182,1,RUSH
0.261777778,0,0,0.758333333,0,1,0,0,0.15,0,0.161616162,1,RUSH
0.261882716,0,0,0.383333333,0,1,0,0,0.175,0,0.484848485,0,RUSH
0.262222222,0,0,0.408333333,1,0,0,0,0.25,0,0.828282828,0,RUSH
0.263055556,0,0,0.625,0,1,0,0,0.175,0,0.727272727,0,PASS
0.263287037,0,0,0.491666667,0,1,0,0,0.175,0,0.646464646,0,PASS
0.263452381,0,0,0.675,1,0,0,0,0.25,0,0.343434343,0,PASS
0.264097222,0,0,0.466666667,1,0,0,0,0.25,0,0.535353535,0,RUSH
0.264960317,0,0,0.641666667,0,1,0,0,0.25,0,0.555555556,0,PASS
0.265777778,0,0,0.675,0,1,0,0,0.05,0,0.292929293,0,RUSH
0.268333333,0,0,0.525,1,0,0,0,0.25,0,0.282828283,0,RUSH
0.268333333,0,0,0.675,1,0,0,0,0.25,0,0.505050505,0,PASS
0.268944444,0,0,0.758333333,1,0,0,0,0.25,0,0.202020202,1,RUSH
0.268981481,0,0,0.383333333,1,0,0,0,0.25,0,0.515151515,0,RUSH
0.269722222,0,0,0.466666667,1,0,0,0,0.25,0,0.757575758,0,PASS
0.270061728,0,0,0.091666667,0,0,0,1,0.125,0,0.252525253,0,PASS
0.270833333,0,0,0.491666667,1,0,0,0,0.25,0,0.676767677,0,RUSH
0.270952381,0,0,0.641666667,1,0,0,0,0.25,0,0.555555556,0,RUSH
0.2715,0,0,0.675,1,0,0,0,0.25,0,0.373737374,0,RUSH
0.272777778,0,0,0.475,0,0,1,0,0.5,1,0.393939394,0,RUSH
0.272777778,0,0,0.475,0,0,0,1,0.475,1,0.383838384,0,PUNT
0.273333333,0,0,0.466666667,0,0,1,0,0.6,1,0.808080808,0,PASS
0.273333333,0,0,0.466666667,0,0,0,1,0.575,1,0.797979798,0,PUNT
0.275347222,0,0,0.608333333,0,1,0,0,0.225,0,0.272727273,0,PASS
0.275679012,0,0,0.091666667,0,0,1,0,0.125,0,0.252525253,0,PASS
0.276080247,0,0,0.383333333,0,1,0,0,0.225,0,0.707070707,0,PASS
0.276944444,0,0,0.641666667,1,0,0,0,0.25,0,0.666666667,0,RUSH
0.276944444,0,0,0.625,1,0,0,0,0.25,0,0.757575758,0,RUSH
0.277222222,0,0,0.675,1,0,0,0,0.25,0,0.808080808,0,RUSH
0.278888889,0,0,0.475,0,1,0,0,0.5,0,0.393939394,0,PASS
0.279833333,0,0,0.383333333,1,0,0,0,0.25,0,0.717171717,0,RUSH
0.280277778,0,0,0.475,0,0,1,0,0.2,1,0.636363636,0,PASS
0.280277778,0,0,0.475,0,0,0,1,0.125,0,0.606060606,0,PUNT
0.281296296,0,0,0.091666667,0,1,0,0,0.175,0,0.272727273,0,PASS
0.282222222,0,0,0.608333333,1,0,0,0,0.25,0,0.282828283,0,RUSH
0.282777778,0,0,0.466666667,0,1,0,0,0.225,0,0.656565657,0,RUSH
0.283179012,0,0,0.383333333,1,0,0,0,0.25,0,0.717171717,0,RUSH
0.283277778,0,0,0.758333333,0,1,0,0,0.125,0,0.454545455,0,PASS
0.285,0,0,0.475,1,0,0,0,0.5,0,0.393939394,0,PASS
0.2855,0,0,0.383333333,0,1,0,0,0.1,0,0.787878788,0,RUSH
0.28691358,0,0,0.091666667,1,0,0,0,0.25,0,0.303030303,0,RUSH
0.286944444,0,0,0.475,0,1,0,0,0.175,0,0.626262626,0,RUSH
0.287673611,0,0,0.533333333,0,0,0,1,0.025,0,0.393939394,0,RUSH
0.289097222,0,0,0.608333333,0,1,0,0,0.425,0,0.484848485,0,PASS
0.290444444,0,0,0.758333333,1,0,0,0,0.25,0,0.505050505,0,RUSH
0.290555556,0,0,0.441666667,0,0,0,1,0.275,1,0.121212121,1,FIELD_GOAL
0.291166667,0,0,0.383333333,1,0,0,0,0.25,0,0.848484848,0,RUSH
0.292222222,0,0,0.466666667,1,0,0,0,0.25,0,0.666666667,0,RUSH
0.292530864,0,0,0.091666667,0,0,1,0,0.15,0,0.666666667,0,PASS
0.292638889,0,0,0.583333333,1,0,0,0,0.175,0,0.070707071,1,RUSH
0.293611111,0,0,0.475,1,0,0,0,0.25,0,0.656565657,0,RUSH
0.293680556,0,0,0.533333333,0,0,1,0,0.025,0,0.393939394,0,RUSH
0.294722222,0,0,0.525,0,0,1,0,0.15,0,0.707070707,0,PASS
0.294722222,0,0,0.525,0,0,0,1,0.15,0,0.707070707,0,PUNT
0.295972222,0,0,0.608333333,1,0,0,0,0.25,0,0.414141414,0,RUSH
0.296666667,0,0,0.441666667,0,0,1,0,0.15,0,0.070707071,1,RUSH
0.296833333,0,0,0.383333333,0,1,0,0,0.125,0,0.939393939,0,RUSH
0.296944444,0,0,0.666666667,0,1,0,0,0.175,0,0.252525253,0,PASS
0.297611111,0,0,0.758333333,0,1,0,0,0.1,0,0.565656566,0,PASS
0.298148148,0,0,0.091666667,0,1,0,0,0.15,0,0.666666667,0,RUSH
0.299444444,0,0,0.583333333,0,0,0,1,0.1,0,0.121212121,1,PASS
0.2996875,0,0,0.533333333,0,1,0,0,0.125,0,0.434343434,0,RUSH
0.300277778,0,0,0.475,0,0,1,0,0.025,0,0.666666667,0,PASS
0.300833333,0,0,0.466666667,0,0,0,1,0.075,0,0.151515152,1,FIELD_GOAL
0.301388889,0,0,0.583333333,0,0,1,0,0.1,0,0.696969697,0,PASS
0.301388889,0,0,0.583333333,0,0,0,1,0.1,0,0.696969697,0,PUNT
0.301388889,0,0,0.408333333,0,0,1,0,0.25,1,0.737373737,0,PASS
0.301388889,0,0,0.408333333,0,0,0,1,0.25,1,0.737373737,0,PUNT
0.301666667,0,0,0.466666667,1,0,0,0,0.25,0,0.777777778,0,PASS
0.301944444,0,0,0.525,0,1,0,0,0.25,0,0.747474747,0,PASS
0.3025,0,0,0.383333333,1,0,0,0,0.25,0,0.98989899,0,RUSH
0.302777778,0,0,0.441666667,0,1,0,0,0.15,0,0.070707071,1,PASS
0.302847222,0,0,0.608333333,0,1,0,0,0.25,0,0.525252525,0,PASS
0.303765432,0,0,0.091666667,1,0,0,0,0.25,0,0.707070707,0,RUSH
0.304166667,0,0,0.666666667,1,0,0,0,0.25,0,0.282828283,0,RUSH
0.304166667,0,0,0.408333333,0,1,0,0,0.25,0,0.737373737,0,PASS
0.304777778,0,0,0.758333333,1,0,0,0,0.25,0,0.626262626,0,RUSH
0.305694444,0,0,0.533333333,1,0,0,0,0.25,0,0.484848485,0,RUSH
0.30625,0,0,0.583333333,0,0,1,0,0.6,1,0.323232323,0,RUSH
0.306944444,0,0,0.475,0,1,0,0,0.125,0,0.707070707,0,RUSH
0.306944444,0,0,0.408333333,1,0,0,0,0.25,0,0.737373737,0,PASS
0.308888889,0,0,0.441666667,1,0,0,0,0.25,0,0.111111111,1,RUSH
0.309166667,0,0,0.525,1,0,0,0,0.25,0,0.747474747,0,RUSH
0.309382716,0,0,0.091666667,0,1,0,0,0.025,0,0.737373737,0,RUSH
0.309409722,0,0,0.616666667,0,1,0,0,0.025,0,0.01010101,1,RUSH
0.309722222,0,0,0.583333333,0,1,0,0,0.15,0,0.717171717,0,PASS
0.309722222,0,0,0.608333333,1,0,0,0,0.25,0,0.525252525,0,PASS
0.311018519,0,0,0.466666667,0,0,1,0,0.075,0,0.151515152,1,RUSH
0.311388889,0,0,0.666666667,0,1,0,0,0.075,0,0.373737374,0,RUSH
0.311701389,0,0,0.533333333,0,0,1,0,0.15,0,0.555555556,0,PASS
0.311944444,0,0,0.758333333,0,1,0,0,0.15,0,0.696969697,0,RUSH
0.313055556,0,0,0.583333333,0,1,0,0,0.35,0,0.222222222,0,RUSH
0.313611111,0,0,0.475,1,0,0,0,0.25,0,0.757575758,0,RUSH
0.314652778,0,0,0.616666667,1,0,0,0,0.125,0,0.050505051,1,RUSH
0.315,0,0,0.441666667,1,0,0,0,0.25,0,0.232323232,0,PASS
0.315,0,0,0.091666667,1,0,0,0,0.25,0,0.828282828,0,PASS
0.316805556,0,0,0.466666667,0,1,0,0,0.25,0,0.222222222,0,PASS
0.317708333,0,0,0.533333333,0,1,0,0,0.15,0,0.555555556,0,PASS
0.318055556,0,0,0.583333333,1,0,0,0,0.25,0,0.757575758,0,RUSH
0.318611111,0,0,0.666666667,1,0,0,0,0.25,0,0.444444444,0,RUSH
0.319111111,0,0,0.758333333,1,0,0,0,0.25,0,0.737373737,0,PASS
0.319861111,0,0,0.583333333,1,0,0,0,0.25,0,0.181818182,1,RUSH
0.319895833,0,0,0.616666667,0,1,0,0,0.075,0,0.101010101,1,RUSH
0.320833333,0,0,0.525,0,0,1,0,0.2,1,0.505050505,0,PASS
0.320912698,0,0,0.758333333,0,0,0,1,0.05,0,0.282828283,0,PASS
0.321111111,0,0,0.441666667,0,0,1,0,0.075,0,0.353535354,0,PASS
0.322592593,0,0,0.466666667,1,0,0,0,0.25,0,0.222222222,0,RUSH
0.323715278,0,0,0.533333333,1,0,0,0,0.25,0,0.595959596,0,RUSH
0.325138889,0,0,0.616666667,1,0,0,0,0.25,0,0.171717172,1,RUSH
0.325436508,0,0,0.758333333,0,0,1,0,0.05,0,0.282828283,0,PASS
0.326277778,0,0,0.758333333,0,1,0,0,0.2,0,0.838383838,0,PASS
0.326666667,0,0,0.583333333,1,0,0,0,0.25,0,0.333333333,0,RUSH
0.327222222,0,0,0.441666667,0,1,0,0,0.075,0,0.353535354,0,PASS
0.327743056,0,0,0.525,0,1,0,0,0.375,0,0.575757576,0,PASS
0.32837963,0,0,0.466666667,0,0,1,0,0.15,0,0.292929293,0,PASS
0.329722222,0,0,0.533333333,1,0,0,0,0.25,0,0.757575758,0,RUSH
0.329861111,0,0,0.508333333,0,0,0,1,0.125,0,0.282828283,0,FIELD_GOAL
0.329960317,0,0,0.758333333,0,1,0,0,0.125,0,0.313131313,0,RUSH
0.330069444,0,0,0.491666667,0,1,0,0,0.225,0,0.515151515,0,PASS
0.330381944,0,0,0.616666667,0,1,0,0,0.15,0,0.333333333,0,PASS
0.333333333,0,0,0.441666667,1,0,0,0,0.25,0,0.424242424,0,PASS
0.333444444,0,0,0.758333333,1,0,0,0,0.25,0,0.858585859,0,RUSH
0.334166667,0,0,0.466666667,0,1,0,0,0.15,0,0.292929293,0,PASS
0.334484127,0,0,0.758333333,1,0,0,0,0.25,0,0.363636364,0,RUSH
0.334652778,0,0,0.525,1,0,0,0,0.375,0,0.575757576,0,PASS
0.33482906,0,0,0.475,0,0,0,1,0.075,0,0.03030303,1,FIELD_GOAL
0.335625,0,0,0.616666667,1,0,0,0,0.25,0,0.373737374,0,RUSH
0.336527778,0,0,0.491666667,1,0,0,0,0.25,0,0.525252525,0,RUSH
0.336790123,0,0,0.616666667,1,0,0,0,0.025,0,0.01010101,1,RUSH
0.337222222,0,0,0.508333333,0,0,1,0,0.35,1,0.373737374,0,PASS
0.338541667,0,0,0.558333333,0,0,0,1,0.05,0,0.111111111,1,FIELD_GOAL
0.339007937,0,0,0.758333333,0,1,0,0,0.1,0,0.424242424,0,RUSH
0.339166667,0,0,0.583333333,1,0,0,0,0.125,0,0.050505051,1,RUSH
0.339444444,0,0,0.441666667,0,0,1,0,0.025,0,0.454545455,0,RUSH
0.339469697,0,0,0.591666667,0,1,0,0,0.05,0,0.02020202,1,RUSH
0.339953704,0,0,0.466666667,1,0,0,0,0.25,0,0.333333333,0,RUSH
0.340611111,0,0,0.758333333,0,1,0,0,0.1,0,0.919191919,0,RUSH
0.340769231,0,0,0.475,0,0,1,0,0.075,0,0.03030303,1,PASS
0.340868056,0,0,0.616666667,0,1,0,0,0.2,0,0.555555556,0,PASS
0.342191358,0,0,0.616666667,1,0,0,0,0.25,0,0.121212121,1,RUSH
0.342986111,0,0,0.491666667,0,1,0,0,0.15,0,0.95959596,0,PASS
0.343531746,0,0,0.758333333,1,0,0,0,0.25,0,0.484848485,0,PASS
0.344583333,0,0,0.508333333,0,1,0,0,0.175,0,0.303030303,0,RUSH
0.344861111,0,0,0.558333333,0,0,1,0,0.05,0,0.111111111,1,PASS
0.345555556,0,0,0.441666667,0,1,0,0,0.025,0,0.454545455,0,RUSH
0.345740741,0,0,0.466666667,0,0,1,0,0.025,0,0.393939394,0,RUSH
0.346111111,0,0,0.616666667,1,0,0,0,0.25,0,0.575757576,0,PASS
0.346439394,0,0,0.591666667,1,0,0,0,0.225,0,0.090909091,1,RUSH
0.346574074,0,0,0.583333333,0,1,0,0,0.15,0,0.131313131,1,RUSH
0.346709402,0,0,0.475,0,1,0,0,0.075,0,0.03030303,1,PASS
0.347592593,0,0,0.616666667,0,0,0,1,0.025,0,0.131313131,1,RUSH
0.347777778,0,0,0.758333333,1,0,0,0,0.25,0,0.97979798,0,RUSH
0.34808642,0,0,0.55,1,0,0,0,0.025,0,0.01010101,1,RUSH
0.348472222,0,0,0.525,0,1,0,0,0.025,0,0.575757576,0,PASS
0.349444444,0,0,0.491666667,1,0,0,0,0.25,0,1,0,RUSH
0.350277778,0,0,0.5,0,0,0,1,0.25,1,0.181818182,1,FIELD_GOAL
0.351180556,0,0,0.558333333,0,1,0,0,0.125,0,0.141414141,1,RUSH
0.351527778,0,0,0.466666667,0,1,0,0,0.025,0,0.393939394,0,PASS
0.351666667,0,0,0.441666667,1,0,0,0,0.25,0,0.545454545,0,PASS
0.351944444,0,0,0.508333333,1,0,0,0,0.25,0,0.333333333,0,RUSH
0.352649573,0,0,0.475,1,0,0,0,0.125,0,0.050505051,1,RUSH
0.352993827,0,0,0.616666667,0,0,1,0,0.025,0,0.131313131,1,PASS
0.353409091,0,0,0.591666667,1,0,0,0,0.25,0,0.313131313,0,PASS
0.35367284,0,0,0.55,0,0,1,0,0.1,0,0.151515152,1,PASS
0.353981481,0,0,0.583333333,1,0,0,0,0.25,0,0.171717172,1,RUSH
0.354893162,0,0,0.5,0,0,1,0,0.25,1,0.181818182,1,PASS
0.355381944,0,0,0.525,1,0,0,0,0.25,0,0.666666667,0,PASS
0.357314815,0,0,0.466666667,1,0,0,0,0.25,0,0.484848485,0,RUSH
0.3575,0,0,0.558333333,1,0,0,0,0.25,0,0.191919192,1,RUSH
0.358395062,0,0,0.616666667,0,1,0,0,0.1,0,0.161616162,1,RUSH
0.358589744,0,0,0.475,0,0,1,0,0.225,1,0.292929293,0,PASS
0.359166667,0,0,0.383333333,0,0,1,0,0.125,0,0.323232323,0,RUSH
0.359166667,0,0,0.383333333,0,0,0,1,0.25,1,0.373737374,0,PUNT
0.359259259,0,0,0.55,0,1,0,0,0.125,0,0.161616162,1,RUSH
0.359305556,0,0,0.508333333,1,0,0,0,0.25,0,0.454545455,0,PASS
0.359508547,0,0,0.5,0,1,0,0,0.25,0,0.181818182,1,PASS
0.360378788,0,0,0.591666667,0,0,1,0,0.125,0,0.484848485,0,PASS
0.361388889,0,0,0.583333333,0,0,1,0,0.025,0,0.313131313,0,PASS
0.361944444,0,0,0.533333333,0,0,0,1,0.125,0,0.303030303,0,PASS
0.363796296,0,0,0.616666667,1,0,0,0,0.25,0,0.222222222,0,RUSH
0.364123932,0,0,0.5,1,0,0,0,0.25,0,0.181818182,1,RUSH
0.364529915,0,0,0.475,0,1,0,0,0.25,0,0.303030303,0,RUSH
0.364845679,0,0,0.55,1,0,0,0,0.25,0,0.212121212,0,RUSH
0.366666667,0,0,0.508333333,0,1,0,0,0.025,0,0.464646465,0,RUSH
0.366805556,0,0,0.441666667,0,0,1,0,0.225,1,0.636363636,0,PASS
0.366805556,0,0,0.441666667,0,0,0,1,0.225,1,0.636363636,0,PUNT
0.367222222,0,0,0.583333333,0,0,1,0,0.25,1,0.494949495,0,PASS
0.367222222,0,0,0.583333333,0,0,0,1,0.25,1,0.494949495,0,PUNT
0.367348485,0,0,0.591666667,0,1,0,0,0.25,0,0.535353535,0,RUSH
0.368739316,0,0,0.5,0,1,0,0,0.15,0,0.383838384,0,RUSH
0.368796296,0,0,0.583333333,0,1,0,0,0.275,0,0.414141414,0,PASS
0.368888889,0,0,0.466666667,1,0,0,0,0.25,0,0.878787879,0,RUSH
0.369166667,0,0,0.383333333,0,1,0,0,0.125,0,0.323232323,0,PASS
0.369197531,0,0,0.616666667,1,0,0,0,0.25,0,0.404040404,0,RUSH
0.369201389,0,0,0.525,0,1,0,0,0.25,0,0.868686869,0,RUSH
0.369375,0,0,0.466666667,0,0,0,1,0.225,1,0.434343434,0,PASS
0.369777778,0,0,0.616666667,0,0,0,1,0.125,0,0.161616162,1,RUSH
0.370432099,0,0,0.55,0,0,0,1,0.225,1,0.323232323,0,PASS
0.370470085,0,0,0.475,1,0,0,0,0.25,0,0.303030303,0,PASS
0.371111111,0,0,0.583333333,0,1,0,0,0.25,0,0.494949495,0,PASS
0.371527778,0,0,0.533333333,0,0,1,0,0.125,0,0.303030303,0,PASS
0.371944444,0,0,0.441666667,0,1,0,0,0.225,0,0.636363636,0,PASS
0.373333333,0,0,0.15,0,0,1,0,0.15,0,0.606060606,0,PASS
0.373333333,0,0,0.15,0,0,0,1,0.15,0,0.606060606,0,PUNT
0.373354701,0,0,0.5,1,0,0,0,0.25,0,0.424242424,0,RUSH
0.374027778,0,0,0.508333333,1,0,0,0,0.25,0,0.555555556,0,PASS
0.374318182,0,0,0.591666667,1,0,0,0,0.25,0,0.535353535,0,PASS
0.374598765,0,0,0.616666667,0,1,0,0,0.05,0,0.434343434,0,RUSH
0.375,0,0,0.583333333,1,0,0,0,0.25,0,0.494949495,0,RUSH
0.375666667,0,0,0.616666667,0,0,1,0,0.125,0,0.161616162,1,PASS
0.376018519,0,0,0.55,0,0,1,0,0.225,1,0.323232323,0,PASS
0.376111111,0,0,0.525,1,0,0,0,0.25,0,0.868686869,0,PASS
0.376203704,0,0,0.583333333,1,0,0,0,0.5,0,0.505050505,0,PASS
0.376410256,0,0,0.475,0,1,0,0,0.2,0,0.393939394,0,PASS
0.377013889,0,0,0.533333333,0,1,0,0,0.125,0,0.303030303,0,PASS
0.377083333,0,0,0.441666667,1,0,0,0,0.25,0,0.646464646,0,RUSH
0.377361111,0,0,0.466666667,0,0,1,0,0.425,1,0.515151515,0,PASS
0.377970085,0,0,0.5,0,0,1,0,0.025,0,0.444444444,0,RUSH
0.378290598,0,0,0.466666667,0,1,0,0,0.2,0,0.080808081,1,PASS
0.378402778,0,0,0.35,1,0,0,0,0.225,0,0.090909091,1,RUSH
0.379444444,0,0,0.15,0,1,0,0,0.25,0,0.646464646,0,RUSH
0.38,0,0,0.616666667,1,0,0,0,0.25,0,0.515151515,0,RUSH
0.381287879,0,0,0.591666667,0,0,1,0,0.025,0,0.555555556,0,RUSH
0.381388889,0,0,0.508333333,1,0,0,0,0.25,0,0.656565657,0,RUSH
0.381388889,0,0,0.491666667,0,0,1,0,0.35,1,0.797979798,0,RUSH
0.381388889,0,0,0.491666667,0,0,0,1,0.3,1,0.777777778,0,PUNT
0.381555556,0,0,0.616666667,0,1,0,0,0.1,0,0.151515152,1,RUSH
0.381604938,0,0,0.55,0,1,0,0,0.225,0,0.323232323,0,PASS
0.382222222,0,0,0.441666667,1,0,0,0,0.25,0,0.757575758,0,PASS
0.382350427,0,0,0.475,1,0,0,0,0.25,0,0.414141414,0,RUSH
0.3825,0,0,0.533333333,1,0,0,0,0.25,0,0.353535354,0,RUSH
0.38258547,0,0,0.5,0,1,0,0,0.125,0,0.484848485,0,RUSH
0.38375,0,0,0.35,1,0,0,0,0.25,0,0.222222222,0,RUSH
0.385192308,0,0,0.466666667,1,0,0,0,0.2,0,0.080808081,1,RUSH
0.385347222,0,0,0.466666667,0,1,0,0,0.225,0,0.434343434,0,RUSH
0.385555556,0,0,0.15,1,0,0,0,0.25,0,0.646464646,0,RUSH
0.387191358,0,0,0.55,1,0,0,0,0.25,0,0.333333333,0,RUSH
0.387200855,0,0,0.5,1,0,0,0,0.25,0,0.535353535,0,RUSH
0.387444444,0,0,0.616666667,1,0,0,0,0.25,0,0.212121212,0,RUSH
0.388257576,0,0,0.591666667,0,1,0,0,0.225,0,0.636363636,0,RUSH
0.388290598,0,0,0.475,1,0,0,0,0.25,0,0.525252525,0,RUSH
0.38875,0,0,0.508333333,0,1,0,0,0.175,0,0.757575758,0,PASS
0.389097222,0,0,0.35,0,1,0,0,0.075,0,0.686868687,0,PASS
0.389166667,0,0,0.383333333,1,0,0,0,0.25,0,0.373737374,0,RUSH
0.389333333,0,0,0.491666667,0,1,0,0,0.35,0,0.797979798,0,PASS
0.390462963,0,0,0.616666667,0,0,1,0,0.25,1,0.575757576,0,PASS
0.390462963,0,0,0.616666667,0,0,0,1,0.25,1,0.575757576,0,PUNT
0.391388889,0,0,0.5,0,1,0,0,0.175,0,0.070707071,1,PASS
0.391666667,0,0,0.15,0,1,0,0,0.075,0,0.686868687,0,RUSH
0.391816239,0,0,0.5,1,0,0,0,0.25,0,0.656565657,0,PASS
0.392777778,0,0,0.55,1,0,0,0,0.25,0,0.757575758,0,PASS
0.39287037,0,0,0.616666667,0,1,0,0,0.25,0,0.575757576,0,PASS
0.393333333,0,0,0.616666667,0,1,0,0,0.025,0,0.323232323,0,RUSH
0.393333333,0,0,0.466666667,1,0,0,0,0.25,0,0.444444444,0,RUSH
0.393472222,0,0,0.533333333,1,0,0,0,0.25,0,0.545454545,0,PASS
0.394230769,0,0,0.475,0,0,1,0,0.25,1,0.757575758,0,PASS
0.394444444,0,0,0.35,1,0,0,0,0.25,0,0.757575758,0,PASS
0.395227273,0,0,0.591666667,1,0,0,0,0.25,0,0.646464646,0,RUSH
0.395277778,0,0,0.616666667,1,0,0,0,0.25,0,0.575757576,0,PASS
0.396111111,0,0,0.508333333,1,0,0,0,0.25,0,0.787878788,0,RUSH
0.396111111,0,0,0.758333333,0,0,0,1,0.025,0,0.646464646,0,RUSH
0.396349206,0,0,0.7,1,0,0,0,0.25,0,0.414141414,0,PASS
0.396431624,0,0,0.5,0,0,1,0,0.175,1,0.727272727,0,PASS
0.397777778,0,0,0.583333333,0,0,1,0,0.475,1,0.626262626,0,PASS
0.397777778,0,0,0.583333333,0,0,0,1,0.2,1,0.515151515,0,PUNT
0.397777778,0,0,0.15,1,0,0,0,0.25,0,0.757575758,0,RUSH
0.398958333,0,0,0.533333333,0,0,1,0,0.125,0,0.636363636,0,PASS
0.398995726,0,0,0.466666667,1,0,0,0,0.25,0,0.252525253,0,RUSH
0.399222222,0,0,0.616666667,1,0,0,0,0.25,0,0.414141414,0,RUSH
0.40017094,0,0,0.475,0,1,0,0,0.25,0,0.757575758,0,RUSH
0.400740741,0,0,0.616666667,0,0,1,0,0.1,0,0.727272727,0,PASS
0.401047009,0,0,0.5,0,1,0,0,0.175,0,0.727272727,0,PASS
0.401587302,0,0,0.7,0,1,0,0,0.225,0,0.525252525,0,RUSH
0.401666667,0,0,0.383333333,0,0,1,0,0.375,1,0.777777778,0,RUSH
0.401666667,0,0,0.383333333,0,0,0,1,0.125,0,0.676767677,0,PUNT
0.40219697,0,0,0.591666667,0,1,0,0,0.05,0,0.727272727,0,RUSH
0.402222222,0,0,0.758333333,0,0,1,0,0.025,0,0.646464646,0,PASS
0.404074074,0,0,0.558333333,0,0,0,1,0.15,0,0.121212121,1,FIELD_GOAL
0.404166667,0,0,0.466666667,0,0,1,0,0.2,1,0.707070707,0,RUSH
0.404166667,0,0,0.466666667,0,0,0,1,0.5,1,0.828282828,0,PUNT
0.404444444,0,0,0.533333333,0,1,0,0,0.25,0,0.686868687,0,RUSH
0.404814815,0,0,0.616666667,0,1,0,0,0.1,0,0.727272727,0,PASS
0.405111111,0,0,0.616666667,1,0,0,0,0.25,0,0.646464646,0,PASS
0.405222222,0,0,0.491666667,1,0,0,0,0.25,0,0.757575758,0,RUSH
0.405277778,0,0,0.5,1,0,0,0,0.125,0,0.050505051,1,RUSH
0.405897436,0,0,0.466666667,0,0,1,0,0.15,0,0.393939394,0,PASS
0.406111111,0,0,0.475,1,0,0,0,0.25,0,0.757575758,0,PASS
0.406825397,0,0,0.7,1,0,0,0,0.25,0,0.535353535,0,RUSH
0.408333333,0,0,0.758333333,0,1,0,0,0.15,0,0.696969697,0,RUSH
0.408769841,0,0,0.383333333,0,1,0,0,0.35,0,0.767676768,0,PASS
0.408888889,0,0,0.616666667,1,0,0,0,0.25,0,0.787878788,0,RUSH
0.409126984,0,0,0.45,0,0,1,0,0.25,1,0.262626263,0,PASS
0.409166667,0,0,0.591666667,0,0,1,0,0.125,0,0.353535354,0,PASS
0.409166667,0,0,0.591666667,0,0,0,1,0.125,0,0.353535354,0,PUNT
0.409166667,0,0,0.591666667,1,0,0,0,0.25,0,0.808080808,0,RUSH
0.409930556,0,0,0.533333333,1,0,0,0,0.25,0,0.686868687,0,PASS
0.410277778,0,0,0.5,1,0,0,0,0.25,0,0.757575758,0,PASS
0.410648148,0,0,0.558333333,0,0,1,0,0.15,0,0.121212121,1,PASS
0.411,0,0,0.616666667,0,0,1,0,0.025,0,0.666666667,0,RUSH
0.411111111,0,0,0.466666667,0,1,0,0,0.25,0,0.727272727,0,RUSH
0.412063492,0,0,0.7,0,1,0,0,0.2,0,0.616161616,0,PASS
0.412222222,0,0,0.5,0,1,0,0,0.125,0,0.212121212,0,PASS
0.412799145,0,0,0.466666667,0,1,0,0,0.15,0,0.393939394,0,PASS
0.413166667,0,0,0.491666667,0,1,0,0,0.125,0,0.828282828,0,RUSH
0.413253968,0,0,0.45,0,1,0,0,0.25,0,0.262626263,0,PASS
0.413333333,0,0,0.583333333,0,1,0,0,0.1,0,0.474747475,0,PASS
0.413888889,0,0,0.441666667,0,0,0,1,0.225,1,0.090909091,1,FIELD_GOAL
0.414444444,0,0,0.758333333,1,0,0,0,0.25,0,0.737373737,0,RUSH
0.415416667,0,0,0.533333333,0,0,1,0,0.225,1,0.787878788,0,PASS
0.416388889,0,0,0.208333333,1,0,0,0,0.25,0,0.696969697,0,RUSH
0.416759259,0,0,0.525,0,0,1,0,0.05,0,0.666666667,0,RUSH
0.416759259,0,0,0.525,0,0,0,1,0.075,0,0.676767677,0,PUNT
0.416888889,0,0,0.616666667,0,1,0,0,0.075,0,0.686868687,0,RUSH
0.41718254,0,0,0.383333333,0,1,0,0,0.225,0,0.717171717,0,PASS
0.417222222,0,0,0.558333333,0,1,0,0,0.15,0,0.121212121,1,RUSH
0.417301587,0,0,0.7,1,0,0,0,0.25,0,0.636363636,0,RUSH
0.417380952,0,0,0.45,1,0,0,0,0.25,0,0.262626263,0,PASS
0.418055556,0,0,0.466666667,1,0,0,0,0.25,0,0.727272727,0,PASS
0.41825,0,0,0.591666667,0,1,0,0,0.2,0,0.383838384,0,RUSH
0.419166667,0,0,0.5,1,0,0,0,0.25,0,0.262626263,0,RUSH
0.419700855,0,0,0.466666667,1,0,0,0,0.25,0,0.434343434,0,RUSH
0.420138889,0,0,0.441666667,0,0,1,0,0.325,1,0.131313131,1,PASS
0.420902778,0,0,0.533333333,0,1,0,0,0.25,0,0.797979798,0,PASS
0.421111111,0,0,0.583333333,1,0,0,0,0.25,0,0.535353535,0,RUSH
0.421111111,0,0,0.491666667,1,0,0,0,0.25,0,0.878787879,0,RUSH
0.421507937,0,0,0.45,0,0,1,0,0.025,0,0.303030303,0,RUSH
0.4225,0,0,0.208333333,0,1,0,0,0.05,0,0.727272727,0,RUSH
0.422539683,0,0,0.7,0,1,0,0,0.25,0,0.757575758,0,PASS
0.422777778,0,0,0.591666667,0,0,1,0,0.375,1,0.414141414,0,PASS
0.422777778,0,0,0.591666667,0,0,0,1,0.425,1,0.434343434,0,PUNT
0.422777778,0,0,0.616666667,1,0,0,0,0.25,0,0.757575758,0,PASS
0.42375,0,0,0.666666667,0,0,1,0,0.15,0,0.565656566,0,PASS
0.42375,0,0,0.666666667,0,0,0,1,0.15,0,0.565656566,0,PUNT
0.423796296,0,0,0.558333333,1,0,0,0,0.25,0,0.161616162,1,RUSH
0.425595238,0,0,0.383333333,1,0,0,0,0.25,0,0.727272727,0,RUSH
0.425634921,0,0,0.45,0,1,0,0,0.025,0,0.303030303,0,PASS
0.425740741,0,0,0.525,0,1,0,0,0.2,0,0.727272727,0,PASS
0.426111111,0,0,0.5,0,1,0,0,0.25,0,0.373737374,0,PASS
0.426388889,0,0,0.533333333,1,0,0,0,0.25,0,0.797979798,0,PASS
0.426388889,0,0,0.441666667,0,1,0,0,0.325,0,0.131313131,1,RUSH
0.426602564,0,0,0.466666667,1,0,0,0,0.25,0,0.585858586,0,RUSH
0.427333333,0,0,0.591666667,1,0,0,0,0.25,0,0.404040404,0,RUSH
0.427777778,0,0,0.7,1,0,0,0,0.25,0,0.757575758,0,PASS
0.428333333,0,0,0.533333333,0,0,1,0,0.45,1,0.767676768,0,PASS
0.428611111,0,0,0.208333333,1,0,0,0,0.25,0,0.808080808,0,PASS
0.428888889,0,0,0.583333333,0,0,1,0,0.15,0,0.616161616,0,PASS
0.429761905,0,0,0.45,1,0,0,0,0.25,0,0.393939394,0,RUSH
0.43,0,0,0.666666667,0,1,0,0,0.2,0,0.585858586,0,RUSH
0.430185185,0,0,0.558333333,0,0,1,0,0.375,1,0.848484848,0,PASS
0.43037037,0,0,0.558333333,0,1,0,0,0.25,0,0.747474747,0,PASS
0.43125,0,0,0.575,0,1,0,0,0.15,0,0.575757576,0,RUSH
0.431388889,0,0,0.591666667,0,1,0,0,0.375,0,0.414141414,0,RUSH
0.4325,0,0,0.491666667,0,1,0,0,0.175,0,0.070707071,1,RUSH
0.433055556,0,0,0.5,1,0,0,0,0.25,0,0.373737374,0,PASS
0.433504274,0,0,0.466666667,0,1,0,0,0.1,0,0.626262626,0,RUSH
0.433888889,0,0,0.45,0,1,0,0,0.25,0,0.494949495,0,PASS
0.433981481,0,0,0.533333333,0,1,0,0,0.625,0,0.838383838,0,PASS
0.434007937,0,0,0.383333333,1,0,0,0,0.25,0,0.868686869,0,PASS
0.434722222,0,0,0.525,1,0,0,0,0.25,0,0.747474747,0,RUSH
0.435555556,0,0,0.575,1,0,0,0,0.25,0,0.616161616,0,RUSH
0.43625,0,0,0.666666667,1,0,0,0,0.25,0,0.606060606,0,RUSH
0.436416667,0,0,0.591666667,1,0,0,0,0.375,0,0.595959596,0,PASS
0.436666667,0,0,0.583333333,0,1,0,0,0.225,0,0.646464646,0,PASS
0.436944444,0,0,0.558333333,1,0,0,0,0.25,0,0.747474747,0,RUSH
0.437592593,0,0,0.558333333,0,1,0,0,0.175,0,0.767676768,0,RUSH
0.438005051,0,0,0.441666667,0,0,0,1,0.15,0,0.060606061,1,FIELD_GOAL
0.438015873,0,0,0.45,1,0,0,0,0.25,0,0.494949495,0,PASS
0.438055556,0,0,0.491666667,1,0,0,0,0.2,0,0.080808081,1,RUSH
0.438888889,0,0,0.441666667,1,0,0,0,0.1,0,0.04040404,1,RUSH
0.43962963,0,0,0.533333333,1,0,0,0,0.625,0,0.838383838,0,PASS
0.440405983,0,0,0.466666667,1,0,0,0,0.25,0,0.686868687,0,PASS
0.442420635,0,0,0.383333333,0,1,0,0,0.125,0,0.949494949,0,RUSH
0.4425,0,0,0.666666667,0,0,1,0,0.025,0,0.626262626,0,RUSH
0.443715278,0,0,0.408333333,0,0,1,0,0.175,1,0.505050505,0,PASS
0.443715278,0,0,0.408333333,0,0,0,1,0.175,1,0.505050505,0,PUNT
0.443809524,0,0,0.616666667,0,0,0,1,0.075,0,0.383838384,0,PASS
0.444065657,0,0,0.441666667,0,0,1,0,0.15,0,0.060606061,1,PASS
0.444444444,0,0,0.583333333,1,0,0,0,0.25,0,0.656565657,0,RUSH
0.445,0,0,0.558333333,1,0,0,0,0.25,0,0.797979798,0,RUSH
0.445138889,0,0,0.441666667,1,0,0,0,0.25,0,0.464646465,0,PASS
0.446269841,0,0,0.45,0,1,0,0,0.15,0,0.626262626,0,PASS
0.446944444,0,0,0.5,0,1,0,0,0.15,0,0.474747475,0,PASS
0.447307692,0,0,0.466666667,0,0,1,0,0.025,0,0.717171717,0,RUSH
0.448730159,0,0,0.616666667,0,0,1,0,0.25,1,0.454545455,0,PASS
0.44875,0,0,0.666666667,0,1,0,0,0.25,0,0.717171717,0,RUSH
0.449259259,0,0,0.675,0,0,1,0,0.2,1,0.97979798,0,PASS
0.449259259,0,0,0.675,0,0,0,1,0.2,1,0.97979798,0,PUNT
0.450126263,0,0,0.441666667,0,1,0,0,0.175,0,0.070707071,1,RUSH
0.450396825,0,0,0.45,1,0,0,0,0.25,0,0.666666667,0,RUSH
0.450833333,0,0,0.525,1,0,0,0,0.25,0,0.515151515,0,PASS
0.450833333,0,0,0.383333333,1,0,0,0,0.25,0,1,0,RUSH
0.451597222,0,0,0.408333333,0,1,0,0,0.2,0,0.515151515,0,RUSH
0.453650794,0,0,0.616666667,0,1,0,0,0.25,0,0.454545455,0,PASS
0.453888889,0,0,0.5,1,0,0,0,0.25,0,0.515151515,0,RUSH
0.454209402,0,0,0.466666667,0,1,0,0,0.25,0,0.808080808,0,RUSH
0.45452381,0,0,0.45,0,0,1,0,0.025,0,0.717171717,0,RUSH
0.454583333,0,0,0.591666667,0,0,1,0,0.075,0,0.575757576,0,PASS
0.454907407,0,0,0.675,0,1,0,0,0.2,0,0.97979798,0,PASS
0.455,0,0,0.666666667,1,0,0,0,0.25,0,0.717171717,0,PASS
0.455555556,0,0,0.525,1,0,0,0,0.25,0,0.767676768,0,PASS
0.456186869,0,0,0.441666667,1,0,0,0,0.25,0,0.101010101,1,RUSH
0.457222222,0,0,0.591666667,1,0,0,0,0.25,0,0.363636364,0,RUSH
0.457638889,0,0,0.441666667,1,0,0,0,0.25,0,0.606060606,0,RUSH
0.458571429,0,0,0.616666667,1,0,0,0,0.25,0,0.454545455,0,PASS
0.458650794,0,0,0.45,0,1,0,0,0.025,0,0.717171717,0,RUSH
0.459479167,0,0,0.408333333,1,0,0,0,0.25,0,0.535353535,0,RUSH
0.460231481,0,0,0.758333333,0,0,1,0,0.05,0,0.02020202,1,RUSH
0.460555556,0,0,0.675,1,0,0,0,0.25,0,1,0,RUSH
0.460833333,0,0,0.5,0,1,0,0,0.225,0,0.666666667,0,PASS
0.460868056,0,0,0.641666667,0,1,0,0,0.15,0,0.121212121,1,PASS
0.461111111,0,0,0.466666667,1,0,0,0,0.25,0,0.808080808,0,PASS
0.462247475,0,0,0.441666667,0,1,0,0,0.15,0,0.474747475,0,PASS
0.462777778,0,0,0.45,1,0,0,0,0.25,0,0.808080808,0,PASS
0.463492063,0,0,0.616666667,0,1,0,0,0.15,0,0.555555556,0,RUSH
0.463666667,0,0,0.591666667,0,1,0,0,0.1,0,0.585858586,0,RUSH
0.463888889,0,0,0.441666667,0,0,1,0,0.2,1,0.808080808,0,PASS
0.465243056,0,0,0.208333333,0,0,1,0,0.125,0,0.464646465,0,RUSH
0.465243056,0,0,0.208333333,0,0,0,1,0.2,1,0.494949495,0,PUNT
0.465740741,0,0,0.491666667,0,0,1,0,0.2,1,0.565656566,0,PASS
0.465740741,0,0,0.491666667,0,0,0,1,0.2,1,0.565656566,0,PUNT
0.465833333,0,0,0.591666667,1,0,0,0,0.25,0,0.474747475,0,PASS
0.466111111,0,0,0.758333333,0,1,0,0,0.125,0,0.050505051,1,RUSH
0.466458333,0,0,0.641666667,1,0,0,0,0.25,0,0.161616162,1,RUSH
0.467361111,0,0,0.408333333,0,0,1,0,0.05,0,0.585858586,0,PASS
0.467777778,0,0,0.5,1,0,0,0,0.25,0,0.676767677,0,RUSH
0.468308081,0,0,0.441666667,1,0,0,0,0.25,0,0.515151515,0,RUSH
0.468412698,0,0,0.616666667,1,0,0,0,0.25,0,0.595959596,0,RUSH
0.470138889,0,0,0.441666667,0,1,0,0,0.2,0,0.808080808,0,PASS
0.470208333,0,0,0.208333333,0,1,0,0,0.25,0,0.515151515,0,PASS
0.47125,0,0,0.758333333,1,0,0,0,0.125,0,0.050505051,1,RUSH
0.472314815,0,0,0.491666667,0,1,0,0,0.25,0,0.585858586,0,PASS
0.47275,0,0,0.591666667,1,0,0,0,0.25,0,0.646464646,0,PASS
0.473333333,0,0,0.616666667,1,0,0,0,0.25,0,0.797979798,0,RUSH
0.474368687,0,0,0.441666667,0,0,1,0,0.075,0,0.575757576,0,PASS
0.474444444,0,0,0.591666667,0,0,1,0,0.125,0,0.595959596,0,PASS
0.475173611,0,0,0.208333333,1,0,0,0,0.25,0,0.515151515,0,PASS
0.475243056,0,0,0.408333333,0,1,0,0,0.125,0,0.616161616,0,RUSH
0.476388889,0,0,0.441666667,1,0,0,0,0.25,0,0.828282828,0,RUSH
0.477638889,0,0,0.641666667,1,0,0,0,0.25,0,0.414141414,0,RUSH
0.478425926,0,0,0.583333333,0,0,1,0,0.45,1,0.787878788,0,PASS
0.478425926,0,0,0.583333333,0,0,0,1,0.375,1,0.757575758,0,PUNT
0.47875,0,0,0.625,0,0,1,0,0.175,1,0.434343434,0,RUSH
0.47875,0,0,0.625,0,0,0,1,0.5,1,0.565656566,0,PUNT
0.478888889,0,0,0.491666667,1,0,0,0,0.25,0,0.585858586,0,PASS
0.480138889,0,0,0.208333333,0,0,1,0,0.075,0,0.585858586,0,RUSH
0.480429293,0,0,0.441666667,0,1,0,0,0.125,0,0.595959596,0,RUSH
0.481833333,0,0,0.591666667,0,0,1,0,0.025,0,0.666666667,0,RUSH
0.483009259,0,0,0.758333333,0,1,0,0,0.15,0,0.101010101,1,PASS
0.483055556,0,0,0.591666667,0,1,0,0,0.25,0,0.646464646,0,RUSH
0.483125,0,0,0.408333333,1,0,0,0,0.25,0,0.666666667,0,PASS
0.483229167,0,0,0.641666667,1,0,0,0,0.25,0,0.585858586,0,PASS
0.483703704,0,0,0.533333333,0,0,1,0,0.2,1,0.727272727,0,PASS
0.483703704,0,0,0.533333333,0,0,0,1,0.2,1,0.727272727,0,PUNT
0.485104167,0,0,0.208333333,0,1,0,0,0.175,0,0.626262626,0,PASS
0.485185185,0,0,0.5,0,0,1,0,0.325,1,0.929292929,0,PASS
0.485462963,0,0,0.491666667,0,0,1,0,0.025,0,0.626262626,0,RUSH
0.485833333,0,0,0.625,0,1,0,0,0.275,0,0.474747475,0,PASS
0.486489899,0,0,0.441666667,1,0,0,0,0.25,0,0.646464646,0,RUSH
0.488518519,0,0,0.583333333,0,1,0,0,0.15,0,0.666666667,0,RUSH
0.488819444,0,0,0.641666667,0,1,0,0,0.2,0,0.686868687,0,RUSH
0.488888889,0,0,0.758333333,1,0,0,0,0.25,0,0.141414141,1,PASS
0.48962963,0,0,0.533333333,0,1,0,0,0.25,0,0.747474747,0,RUSH
0.490069444,0,0,0.208333333,1,0,0,0,0.25,0,0.656565657,0,RUSH
0.490916667,0,0,0.591666667,0,1,0,0,0.2,0,0.737373737,0,PASS
0.491006944,0,0,0.408333333,0,1,0,0,0.175,0,0.767676768,0,PASS
0.491666667,0,0,0.591666667,1,0,0,0,0.25,0,0.646464646,0,PASS
0.492037037,0,0,0.491666667,0,1,0,0,0.075,0,0.646464646,0,RUSH
0.492314815,0,0,0.5,0,1,0,0,0.1,0,0.838383838,0,RUSH
0.492550505,0,0,0.441666667,0,1,0,0,0.125,0,0.787878788,0,PASS
0.492916667,0,0,0.625,1,0,0,0,0.25,0,0.464646465,0,RUSH
0.494409722,0,0,0.641666667,1,0,0,0,0.25,0,0.707070707,0,PASS
0.495034722,0,0,0.208333333,0,1,0,0,0.175,0,0.727272727,0,RUSH
0.495555556,0,0,0.533333333,1,0,0,0,0.25,0,0.747474747,0,PASS
0.49625,0,0,0.7,1,0,0,0,0.075,0,0.03030303,1,RUSH
0.498611111,0,0,0.583333333,1,0,0,0,0.25,0,0.707070707,0,RUSH
0.498611111,0,0,0.491666667,1,0,0,0,0.25,0,0.717171717,0,RUSH
0.498611111,0,0,0.441666667,1,0,0,0,0.25,0,0.838383838,0,RUSH
0.498888889,0,0,0.408333333,1,0,0,0,0.25,0,0.797979798,0,RUSH
0.499444444,0,0,0.5,1,0,0,0,0.25,0,0.898989899,0,RUSH
0.5,0,0,0.591666667,1,0,0,0,0.25,0,0.757575758,0,RUSH
0.5,0,0,0.208333333,1,0,0,0,0.25,0,0.757575758,0,RUSH
0.5,0,0,0.591666667,1,0,0,0,0.25,0,0.757575758,0,RUSH
0.5,0,0,0.7,1,0,0,0,0.25,0,0.454545455,0,PASS
0.5,0,0,0.641666667,1,0,0,0,0.25,0,0.808080808,0,RUSH
0.5,0,0,0.625,1,0,0,0,0.25,0,0.757575758,0,PASS
0.500277778,1,0,0.675,1,0,0,0,0.025,0,0.01010101,1,FIELD_GOAL
0.500833333,1,0,0.591666667,1,0,0,0,0.25,0,0.767676768,0,RUSH
0.500833333,1,0,0.208333333,1,0,0,0,0.25,0,0.494949495,0,RUSH
0.501481481,1,0,0.408333333,0,0,0,1,0.05,0,0.404040404,0,FIELD_GOAL
0.504097222,1,0,0.616666667,1,0,0,0,0.25,0,0.646464646,0,RUSH
0.504722222,1,0,0.383333333,1,0,0,0,0.25,0,0.737373737,0,RUSH
0.504768519,1,0,0.408333333,0,0,1,0,0.05,0,0.404040404,0,PASS
0.505277778,1,0,0.7,0,0,1,0,0.35,1,0.505050505,0,RUSH
0.505462963,1,0,0.533333333,0,0,1,0,0.25,1,0.353535354,0,PASS
0.506388889,1,0,0.441666667,0,1,0,0,0.35,0,0.929292929,0,RUSH
0.506666667,1,0,0.466666667,1,0,0,0,0.25,0,0.707070707,0,RUSH
0.506944444,1,0,0.491666667,0,0,1,0,0.175,1,0.565656566,0,PASS
0.506944444,1,0,0.491666667,0,0,0,1,0.175,1,0.565656566,0,PUNT
0.5075,1,0,0.7,0,0,0,1,0.15,0,0.424242424,0,PUNT
0.508055556,1,0,0.408333333,0,1,0,0,0.05,0,0.404040404,0,RUSH
0.508055556,1,0,0.5,1,0,0,0,0.25,0,0.797979798,0,RUSH
0.508194444,1,0,0.616666667,0,0,1,0,0.025,0,0.666666667,0,RUSH
0.508611111,1,0,0.566666667,0,1,0,0,0.15,0,0.161616162,1,PASS
0.509444444,1,0,0.533333333,1,0,0,0,0.025,0,0.01010101,1,RUSH
0.510092593,1,0,0.491666667,0,1,0,0,0.25,0,0.595959596,0,PASS
0.510555556,1,0,0.5,1,0,0,0,0.25,0,0.909090909,0,PASS
0.510925926,1,0,0.533333333,0,1,0,0,0.25,0,0.353535354,0,PASS
0.512291667,1,0,0.616666667,0,1,0,0,0.05,0,0.676767677,0,RUSH
0.512673611,1,0,0.558333333,0,0,1,0,0.425,1,0.343434343,0,PASS
0.512708333,1,0,0.558333333,1,0,0,0,0.75,0,0.474747475,0,PASS
0.512777778,1,0,0.441666667,1,0,0,0,0.25,0,0.888888889,0,PASS
0.513333333,1,0,0.441666667,0,1,0,0,0.075,0,0.03030303,1,PASS
0.514166667,1,0,0.491666667,1,0,0,0,0.25,0,0.595959596,0,PASS
0.514652778,1,0,0.7,0,1,0,0,0.4,0,0.525252525,0,RUSH
0.514814815,1,0,0.408333333,1,0,0,0,0.25,0,0.484848485,0,PASS
0.515277778,1,0,0.266666667,0,0,1,0,0.25,1,0.505050505,0,PASS
0.515277778,1,0,0.266666667,0,0,0,1,0.25,1,0.505050505,0,PUNT
0.516111111,1,0,0.533333333,1,0,0,0,0.25,0,0.222222222,0,PASS
0.516388889,1,0,0.616666667,1,0,0,0,0.25,0,0.757575758,0,RUSH
0.516388889,1,0,0.533333333,1,0,0,0,0.25,0,0.353535354,0,PASS
0.516666667,1,0,0.5,0,0,0,1,0.125,0,0.181818182,1,FIELD_GOAL
0.516666667,1,0,0.558333333,0,1,0,0,0.425,0,0.343434343,0,PASS
0.518101852,1,0,0.408333333,1,0,0,0,0.25,0,0.636363636,0,PASS
0.518240741,1,0,0.491666667,1,0,0,0,0.25,0,0.717171717,0,PASS
0.518611111,1,0,0.566666667,1,0,0,0,0.25,0,0.202020202,1,RUSH
0.519444444,1,0,0.533333333,1,0,0,0,0.25,0,0.353535354,0,PASS
0.52,1,0,0.591666667,0,0,0,1,0.15,0,0.212121212,0,FIELD_GOAL
0.520277778,1,0,0.616666667,0,0,1,0,0.325,1,0.838383838,0,PASS
0.520277778,1,0,0.616666667,0,0,0,1,0.325,1,0.838383838,0,PUNT
0.521111111,1,0,0.441666667,1,0,0,0,0.05,0,0.02020202,1,RUSH
0.521388889,1,0,0.408333333,1,0,0,0,0.25,0,0.797979798,0,RUSH
0.521666667,1,0,0.616666667,0,0,1,0,0.175,1,0.080808081,1,PASS
0.521851852,1,0,0.533333333,0,0,1,0,0.25,1,0.505050505,0,RUSH
0.522314815,1,0,0.491666667,0,1,0,0,0.2,0,0.808080808,0,PASS
0.523444444,1,0,0.583333333,1,0,0,0,0.125,0,0.050505051,1,RUSH
0.523611111,1,0,0.566666667,1,0,0,0,0.25,0,0.626262626,0,PASS
0.523981481,1,0,0.266666667,0,1,0,0,0.125,0,0.454545455,0,PASS
0.5246875,1,0,0.558333333,0,1,0,0,0.025,0,0.474747475,0,RUSH
0.525555556,1,0,0.591666667,0,0,1,0,0.025,0,0.161616162,1,PASS
0.525777778,1,0,0.583333333,0,0,1,0,0.025,0,0.151515152,1,RUSH
0.525833333,1,0,0.616666667,0,1,0,0,0.25,0,0.808080808,0,RUSH
0.526388889,1,0,0.491666667,1,0,0,0,0.25,0,0.828282828,0,RUSH
0.527314815,1,0,0.533333333,0,1,0,0,0.25,0,0.505050505,0,PASS
0.528111111,1,0,0.583333333,0,1,0,0,0.025,0,0.151515152,1,PASS
0.528333333,1,0,0.266666667,1,0,0,0,0.25,0,0.505050505,0,RUSH
0.528680556,1,0,0.558333333,1,0,0,0,0.25,0,0.565656566,0,PASS
0.528888889,1,0,0.441666667,1,0,0,0,0.375,0,0.212121212,0,PASS
0.528888889,1,0,0.591666667,0,1,0,0,0.05,0,0.171717172,1,RUSH
0.529027778,1,0,0.616666667,1,0,0,0,0.25,0,0.808080808,0,PASS
0.529444444,1,0,0.533333333,0,0,1,0,0.45,1,0.424242424,0,PASS
0.529444444,1,0,0.533333333,0,0,0,1,0.45,1,0.424242424,0,PUNT
0.529814815,1,0,0.533333333,0,0,1,0,0.15,0,0.141414141,1,PASS
0.530092593,1,0,0.5,0,0,1,0,0.125,0,0.181818182,1,RUSH
0.530444444,1,0,0.583333333,1,0,0,0,0.25,0,0.242424242,0,RUSH
0.531111111,1,0,0.591666667,0,0,1,0,0.05,0,0.393939394,0,PASS
0.531111111,1,0,0.591666667,0,0,0,1,0.05,0,0.393939394,0,PUNT
0.531666667,1,0,0.475,0,0,0,1,0.05,0,0.252525253,0,FIELD_GOAL
0.531666667,1,0,0.441666667,0,0,1,0,0.3,1,0.696969697,0,PASS
0.531666667,1,0,0.441666667,0,0,0,1,0.3,1,0.696969697,0,PUNT
0.532222222,1,0,0.616666667,0,0,1,0,0.175,1,0.95959596,0,PASS
0.532222222,1,0,0.591666667,1,0,0,0,0.25,0,0.252525253,0,RUSH
0.532673611,1,0,0.558333333,1,0,0,0,0.25,0,0.676767677,0,PASS
0.532685185,1,0,0.266666667,0,0,1,0,0.025,0,0.525252525,0,RUSH
0.532777778,1,0,0.533333333,1,0,0,0,0.25,0,0.505050505,0,PASS
0.532777778,1,0,0.583333333,1,0,0,0,0.25,0,0.555555556,0,PASS
0.533402778,0,0,0.7,1,0,0,0,0.25,0,0.464646465,0,PASS
0.534907407,0,0,0.533333333,0,1,0,0,0.25,0,0.181818182,1,RUSH
0.535416667,0,0,0.616666667,0,1,0,0,0.175,0,0.95959596,0,PASS
0.535555556,0,0,0.591666667,0,1,0,0,0.25,0,0.565656566,0,PASS
0.536616162,0,0,0.616666667,0,1,0,0,0.175,0,0.080808081,1,RUSH
0.536666667,0,0,0.558333333,1,0,0,0,0.25,0,0.888888889,0,PASS
0.536666667,0,0,0.558333333,0,0,0,1,0.1,0,0.212121212,0,FIELD_GOAL
0.536706349,0,0,0.533333333,0,1,0,0,0.75,0,0.545454545,0,PASS
0.537037037,0,0,0.266666667,0,1,0,0,0.075,0,0.545454545,0,RUSH
0.5375,0,0,0.5,0,1,0,0,0.2,0,0.212121212,0,RUSH
0.5375,0,0,0.591666667,0,1,0,0,0.125,0,0.424242424,0,RUSH
0.538240741,0,0,0.533333333,0,0,1,0,0.075,0,0.575757576,0,PASS
0.538611111,0,0,0.616666667,1,0,0,0,0.25,0,0.98989899,0,RUSH
0.538611111,0,0,0.533333333,0,1,0,0,0.025,0,0.101010101,1,PASS
0.538888889,0,0,0.591666667,1,0,0,0,0.25,0,0.565656566,0,PASS
0.539537037,0,0,0.441666667,0,1,0,0,0.4,0,0.737373737,0,PASS
0.54,0,0,0.533333333,1,0,0,0,0.25,0,0.181818182,1,PASS
0.540277778,0,0,0.525,0,0,0,1,0.1,0,0.343434343,0,PASS
0.541388889,0,0,0.266666667,1,0,0,0,0.25,0,0.616161616,0,RUSH
0.541944444,0,0,0.508333333,0,0,1,0,0.125,0,0.101010101,1,PASS
0.542777778,0,0,0.7,0,0,1,0,0.075,0,0.505050505,0,PASS
0.543657407,0,0,0.475,0,0,1,0,0.25,1,0.333333333,0,PASS
0.543703704,0,0,0.533333333,0,1,0,0,0.125,0,0.595959596,0,RUSH
0.543888889,0,0,0.591666667,1,0,0,0,0.25,0,0.474747475,0,RUSH
0.543968254,0,0,0.533333333,1,0,0,0,0.75,0,0.545454545,0,PASS
0.544090909,0,0,0.616666667,1,0,0,0,0.25,0,0.111111111,1,RUSH
0.544907407,0,0,0.5,1,0,0,0,0.25,0,0.232323232,0,RUSH
0.545555556,0,0,0.533333333,1,0,0,0,0.125,0,0.141414141,1,RUSH
0.545740741,0,0,0.266666667,0,0,1,0,0.25,1,0.757575758,0,PASS
0.546597222,0,0,0.525,0,0,1,0,0.1,0,0.343434343,0,PASS
0.547407407,0,0,0.441666667,1,0,0,0,0.5,0,0.777777778,0,RUSH
0.548055556,0,0,0.616666667,0,0,0,1,0.575,1,0.424242424,0,PUNT
0.549166667,0,0,0.533333333,1,0,0,0,0.25,0,0.646464646,0,RUSH
0.550092593,0,0,0.266666667,0,1,0,0,0.25,0,0.757575758,0,PASS
0.550451389,0,0,0.525,0,1,0,0,0.1,0,0.343434343,0,PASS
0.550486111,0,0,0.475,0,1,0,0,0.25,0,0.333333333,0,PASS
0.551230159,0,0,0.533333333,1,0,0,0,0.625,0,0.494949495,0,PASS
0.552152778,0,0,0.7,0,1,0,0,0.175,0,0.545454545,0,PASS
0.552222222,0,0,0.441666667,1,0,0,0,0.25,0,0.393939394,0,RUSH
0.552314815,0,0,0.5,0,1,0,0,0.05,0,0.272727273,0,RUSH
0.554305556,0,0,0.525,1,0,0,0,0.25,0,0.404040404,0,PASS
0.554444444,0,0,0.266666667,1,0,0,0,0.25,0,0.757575758,0,PASS
0.55462963,0,0,0.533333333,0,0,1,0,0.05,0,0.676767677,0,RUSH
0.555138889,0,0,0.616666667,0,1,0,0,0.2,0,0.212121212,0,PASS
0.555277778,0,0,0.416666667,0,0,0,1,0.025,0,0.090909091,1,FIELD_GOAL
0.55625,0,0,0.616666667,0,0,1,0,0.1,0,0.232323232,0,RUSH
0.556388889,0,0,0.616666667,0,0,1,0,0.425,1,0.797979798,0,PASS
0.556388889,0,0,0.616666667,0,0,0,1,0.425,1,0.797979798,0,PUNT
0.556388889,0,0,0.491666667,0,0,1,0,0.125,0,0.757575758,0,PASS
0.556388889,0,0,0.491666667,0,0,0,1,0.125,0,0.757575758,0,PUNT
0.557067901,0,0,0.508333333,0,1,0,0,0.175,0,0.121212121,1,RUSH
0.557314815,0,0,0.475,1,0,0,0,0.25,0,0.333333333,0,PASS
0.557777778,0,0,0.416666667,0,0,1,0,0.3,1,0.202020202,1,PASS
0.558159722,0,0,0.525,1,0,0,0,0.25,0,0.505050505,0,PASS
0.559040404,0,0,0.616666667,0,1,0,0,0.25,0,0.353535354,0,RUSH
0.559444444,0,0,0.533333333,0,0,1,0,0.175,1,0.282828283,0,PASS
0.559722222,0,0,0.5,1,0,0,0,0.25,0,0.353535354,0,PASS
0.56,0,0,0.441666667,0,0,1,0,0.175,1,0.686868687,0,PASS
0.560092593,0,0,0.533333333,0,1,0,0,0.175,0,0.727272727,0,RUSH
0.560416667,0,0,0.558333333,0,0,0,1,0.1,0,0.070707071,1,FIELD_GOAL
0.560555556,0,0,0.383333333,0,0,0,1,0.2,1,0.303030303,0,FIELD_GOAL
0.561111111,0,0,0.616666667,1,0,0,0,0.25,0,0.232323232,0,RUSH
0.561527778,0,0,0.7,1,0,0,0,0.25,0,0.575757576,0,RUSH
0.561666667,0,0,0.491666667,0,1,0,0,0.25,0,0.808080808,0,PASS
0.562013889,0,0,0.525,1,0,0,0,0.25,0,0.626262626,0,PASS
0.563148148,0,0,0.441666667,0,0,1,0,0.05,0,0.707070707,0,RUSH
0.563354701,0,0,0.416666667,0,1,0,0,0.25,0,0.181818182,1,RUSH
0.563796296,0,0,0.616666667,0,1,0,0,0.425,0,0.797979798,0,PASS
0.564143519,0,0,0.475,0,0,1,0,0.2,1,0.434343434,0,PASS
0.564444444,0,0,0.616666667,0,1,0,0,0.15,0,0.252525253,0,PASS
0.565,0,0,0.616666667,0,1,0,0,0.025,0,0.333333333,0,RUSH
0.565277778,0,0,0.558333333,0,0,1,0,0.1,0,0.070707071,1,PASS
0.565462963,0,0,0.508333333,1,0,0,0,0.25,0,0.151515152,1,RUSH
0.565555556,0,0,0.533333333,1,0,0,0,0.25,0,0.757575758,0,RUSH
0.565753968,0,0,0.533333333,0,1,0,0,0.075,0,0.383838384,0,RUSH
0.565868056,0,0,0.525,0,1,0,0,0.15,0,0.757575758,0,PASS
0.565876068,0,0,0.383333333,0,0,1,0,0.5,1,0.424242424,0,RUSH
0.566515152,0,0,0.616666667,1,0,0,0,0.25,0,0.353535354,0,PASS
0.566944444,0,0,0.491666667,1,0,0,0,0.25,0,0.808080808,0,PASS
0.56712963,0,0,0.5,1,0,0,0,0.25,0,0.464646465,0,RUSH
0.567326389,0,0,0.666666667,0,0,0,1,0.2,1,0.080808081,1,PASS
0.567777778,0,0,0.441666667,0,1,0,0,0.325,0,0.747474747,0,PASS
0.567824074,0,0,0.533333333,0,0,1,0,0.125,0,0.535353535,0,PASS
0.567824074,0,0,0.533333333,0,0,0,1,0.125,0,0.535353535,0,PUNT
0.569722222,0,0,0.525,1,0,0,0,0.25,0,0.797979798,0,RUSH
0.570902778,0,0,0.7,0,1,0,0,0.15,0,0.686868687,0,PASS
0.570972222,0,0,0.475,0,1,0,0,0.2,0,0.434343434,0,PASS
0.570972222,0,0,0.616666667,1,0,0,0,0.25,0,0.424242424,0,RUSH
0.570982906,0,0,0.416666667,1,0,0,0,0.25,0,0.181818182,1,PASS
0.571018519,0,0,0.441666667,0,1,0,0,0.075,0,0.717171717,0,RUSH
0.571203704,0,0,0.616666667,1,0,0,0,0.25,0,0.727272727,0,RUSH
0.57258547,0,0,0.383333333,0,1,0,0,0.25,0,0.323232323,0,RUSH
0.572638889,0,0,0.616666667,1,0,0,0,0.25,0,0.292929293,0,RUSH
0.572777778,0,0,0.558333333,0,1,0,0,0.15,0,0.090909091,1,RUSH
0.572777778,0,0,0.533333333,0,1,0,0,0.2,0,0.292929293,0,RUSH
0.573015873,0,0,0.533333333,1,0,0,0,0.25,0,0.454545455,0,RUSH
0.573263889,0,0,0.666666667,0,0,1,0,0.2,1,0.080808081,1,PASS
0.573858025,0,0,0.508333333,0,1,0,0,0.225,0,0.383838384,0,RUSH
0.573989899,0,0,0.616666667,1,0,0,0,0.25,0,0.535353535,0,PASS
0.574537037,0,0,0.5,0,1,0,0,0.05,0,0.515151515,0,RUSH
0.575092593,0,0,0.533333333,0,1,0,0,0.125,0,0.535353535,0,PASS
0.576237374,0,0,0.266666667,0,0,1,0,0.125,0,0.121212121,1,PASS
0.576944444,0,0,0.616666667,1,0,0,0,0.25,0,0.545454545,0,RUSH
0.577638889,0,0,0.558333333,1,0,0,0,0.25,0,0.131313131,1,RUSH
0.577800926,0,0,0.475,1,0,0,0,0.25,0,0.454545455,0,RUSH
0.578611111,0,0,0.616666667,0,0,1,0,0.025,0,0.747474747,0,RUSH
0.578611111,0,0,0.416666667,1,0,0,0,0.25,0,0.282828283,0,RUSH
0.578888889,0,0,0.441666667,1,0,0,0,0.25,0,0.787878788,0,RUSH
0.579201389,0,0,0.666666667,0,1,0,0,0.2,0,0.080808081,1,PASS
0.579294872,0,0,0.383333333,1,0,0,0,0.25,0,0.323232323,0,PASS
0.579722222,0,0,0.533333333,1,0,0,0,0.25,0,0.313131313,0,RUSH
0.580092593,0,0,0.533333333,0,0,1,0,0.275,1,0.696969697,0,PASS
0.580092593,0,0,0.533333333,0,0,0,1,0.275,1,0.696969697,0,PUNT
0.580277778,0,0,0.533333333,1,0,0,0,0.25,0,0.727272727,0,PASS
0.580277778,0,0,0.7,1,0,0,0,0.25,0,0.727272727,0,RUSH
0.580833333,0,0,0.616666667,1,0,0,0,0.25,0,0.505050505,0,PASS
0.581464646,0,0,0.616666667,0,1,0,0,0.05,0,0.555555556,0,RUSH
0.581944444,0,0,0.5,1,0,0,0,0.25,0,0.595959596,0,PASS
0.582253086,0,0,0.508333333,1,0,0,0,0.25,0,0.393939394,0,RUSH
0.582361111,0,0,0.533333333,1,0,0,0,0.25,0,0.585858586,0,RUSH
0.582474747,0,0,0.266666667,0,1,0,0,0.075,0,0.101010101,1,RUSH
0.5825,0,0,0.558333333,1,0,0,0,0.5,0,0.404040404,0,PASS
0.582916667,0,0,0.616666667,0,0,1,0,0.05,0,0.646464646,0,PASS
0.583333333,0,0,0.441666667,1,0,0,0,0.25,0,0.717171717,0,RUSH
0.58462963,0,0,0.475,0,1,0,0,0.1,0,0.585858586,0,RUSH
0.584722222,0,0,0.533333333,0,1,0,0,0.275,0,0.696969697,0,PASS
0.585138889,0,0,0.666666667,1,0,0,0,0.25,0,0.101010101,1,RUSH
0.586004274,0,0,0.383333333,0,1,0,0,0.1,0,0.454545455,0,RUSH
0.586018519,0,0,0.616666667,0,1,0,0,0.175,0,0.808080808,0,RUSH
0.588712121,0,0,0.266666667,1,0,0,0,0.25,0,0.171717172,1,RUSH
0.588888889,0,0,0.616666667,0,1,0,0,0.025,0,0.636363636,0,RUSH
0.588939394,0,0,0.616666667,1,0,0,0,0.25,0,0.636363636,0,PASS
0.58962963,0,0,0.533333333,0,0,1,0,0.175,1,0.707070707,0,PASS
0.590648148,0,0,0.508333333,0,1,0,0,0.125,0,0.444444444,0,RUSH
0.591076389,0,0,0.666666667,0,0,0,1,0.3,1,0.343434343,0,PASS
0.591458333,0,0,0.475,1,0,0,0,0.25,0,0.646464646,0,RUSH
0.592222222,0,0,0.558333333,0,0,1,0,0.075,0,0.656565657,0,PASS
0.592713675,0,0,0.383333333,1,0,0,0,0.15,0,0.474747475,0,RUSH
0.593425926,0,0,0.616666667,1,0,0,0,0.45,0,0.919191919,0,PASS
0.593611111,0,0,0.533333333,1,0,0,0,0.25,0,0.686868687,0,RUSH
0.593981481,0,0,0.525,0,0,1,0,0.125,0,0.656565657,0,PASS
0.593981481,0,0,0.525,0,0,0,1,0.125,0,0.656565657,0,PUNT
0.594949495,0,0,0.266666667,1,0,0,0,0.25,0,0.414141414,0,PASS
0.596414141,0,0,0.616666667,0,1,0,0,0.1,0,0.727272727,0,RUSH
0.596898148,0,0,0.533333333,0,1,0,0,0.225,0,0.727272727,0,RUSH
0.597013889,0,0,0.666666667,0,0,1,0,0.3,1,0.343434343,0,PASS
0.597083333,0,0,0.558333333,0,1,0,0,0.25,0,0.727272727,0,PASS
0.598287037,0,0,0.475,0,0,1,0,0.025,0,0.666666667,0,RUSH
0.598824786,0,0,0.416666667,0,0,0,1,0.025,0,0.414141414,0,RUSH
0.59904321,0,0,0.508333333,1,0,0,0,0.25,0,0.494949495,0,RUSH
0.599351852,0,0,0.525,0,1,0,0,0.25,0,0.707070707,0,RUSH
0.599475309,0,0,0.475,0,0,0,1,0.1,0,0.191919192,1,FIELD_GOAL
0.600833333,0,0,0.616666667,1,0,0,0,0.25,0,0.727272727,0,RUSH
0.601186869,0,0,0.266666667,0,0,1,0,0.025,0,0.454545455,0,RUSH
0.601805556,0,0,0.641666667,0,1,0,0,0.175,0,0.111111111,1,RUSH
0.601944444,0,0,0.558333333,1,0,0,0,0.25,0,0.727272727,0,PASS
0.602951389,0,0,0.666666667,0,1,0,0,0.175,0,0.292929293,0,RUSH
0.603888889,0,0,0.616666667,1,0,0,0,0.25,0,0.787878788,0,PASS
0.604166667,0,0,0.533333333,1,0,0,0,0.25,0,0.737373737,0,RUSH
0.604722222,0,0,0.525,1,0,0,0,0.25,0,0.707070707,0,PASS
0.604814815,0,0,0.475,0,0,1,0,0.225,1,0.242424242,0,PASS
0.605115741,0,0,0.475,0,1,0,0,0.2,0,0.737373737,0,RUSH
0.605555556,0,0,0.641666667,1,0,0,0,0.25,0,0.141414141,1,PASS
0.606132479,0,0,0.383333333,1,0,0,0,0.25,0,0.515151515,0,PASS
0.606452991,0,0,0.416666667,0,0,1,0,0.05,0,0.424242424,0,RUSH
0.606990741,0,0,0.616666667,0,0,0,1,0.15,0,0.191919192,1,FIELD_GOAL
0.607424242,0,0,0.266666667,0,1,0,0,0.125,0,0.494949495,0,RUSH
0.607438272,0,0,0.508333333,0,1,0,0,0.075,0,0.707070707,0,RUSH
0.608611111,0,0,0.441666667,0,0,1,0,0.125,0,0.757575758,0,PASS
0.608611111,0,0,0.441666667,0,0,0,1,0.125,0,0.757575758,0,PUNT
0.608888889,0,0,0.666666667,1,0,0,0,0.25,0,0.323232323,0,RUSH
0.610154321,0,0,0.475,0,1,0,0,0.225,0,0.242424242,0,PASS
0.611944444,0,0,0.475,1,0,0,0,0.25,0,0.757575758,0,RUSH
0.61284188,0,0,0.383333333,0,1,0,0,0.175,0,0.595959596,0,PASS
0.613333333,0,0,0.558333333,0,1,0,0,0.225,0,0.252525253,0,PASS
0.613661616,0,0,0.266666667,1,0,0,0,0.25,0,0.545454545,0,PASS
0.614081197,0,0,0.416666667,0,1,0,0,0.2,0,0.484848485,0,PASS
0.61537037,0,0,0.616666667,0,0,1,0,0.375,1,0.282828283,0,PASS
0.615493827,0,0,0.475,1,0,0,0,0.25,0,0.252525253,0,RUSH
0.615555556,0,0,0.441666667,0,1,0,0,0.15,0,0.767676768,0,RUSH
0.615833333,0,0,0.508333333,1,0,0,0,0.25,0,0.777777778,0,RUSH
0.616111111,0,0,0.508333333,0,0,0,1,0.225,1,0.101010101,1,FIELD_GOAL
0.619551282,0,0,0.383333333,1,0,0,0,0.25,0,0.626262626,0,RUSH
0.61989899,0,0,0.266666667,0,1,0,0,0.2,0,0.626262626,0,PASS
0.62,0,0,0.558333333,1,0,0,0,0.25,0,0.262626263,0,RUSH
0.620833333,0,0,0.475,0,0,0,1,0.05,0,0.303030303,0,RUSH
0.621305556,0,0,0.533333333,0,0,1,0,0.25,1,0.242424242,0,PASS
0.621709402,0,0,0.416666667,1,0,0,0,0.25,0,0.505050505,0,RUSH
0.621770833,0,0,0.508333333,0,0,1,0,0.225,1,0.101010101,1,PASS
0.6225,0,0,0.441666667,1,0,0,0,0.25,0,0.808080808,0,RUSH
0.623611111,0,0,0.5,0,0,0,1,0.3,1,0.252525253,0,PASS
0.62375,0,0,0.616666667,0,1,0,0,0.45,0,0.313131313,0,PASS
0.625722222,0,0,0.533333333,0,1,0,0,0.25,0,0.242424242,0,PASS
0.626136364,0,0,0.266666667,1,0,0,0,0.25,0,0.646464646,0,RUSH
0.626260684,0,0,0.383333333,1,0,0,0,0.25,0,0.737373737,0,RUSH
0.626666667,0,0,0.558333333,0,0,0,1,0.05,0,0.292929293,0,RUSH
0.627175926,0,0,0.616666667,0,0,0,1,0.075,0,0.171717172,1,FIELD_GOAL
0.627430556,0,0,0.508333333,0,1,0,0,0.225,0,0.101010101,1,RUSH
0.628055556,0,0,0.491666667,0,0,1,0,0.2,1,0.494949495,0,PASS
0.628055556,0,0,0.491666667,0,0,0,1,0.2,1,0.494949495,0,PUNT
0.629337607,0,0,0.416666667,0,1,0,0,0.15,0,0.575757576,0,RUSH
0.630138889,0,0,0.533333333,1,0,0,0,0.25,0,0.242424242,0,RUSH
0.631759259,0,0,0.475,0,0,1,0,0.175,1,0.353535354,0,PASS
0.63212963,0,0,0.616666667,1,0,0,0,0.625,0,0.383838384,0,RUSH
0.632373737,0,0,0.266666667,0,1,0,0,0.15,0,0.757575758,0,RUSH
0.632407407,0,0,0.616666667,0,0,1,0,0.075,0,0.171717172,1,PASS
0.633090278,0,0,0.508333333,1,0,0,0,0.375,0,0.161616162,1,RUSH
0.633333333,0,0,0.558333333,0,0,1,0,0.125,0,0.323232323,0,PASS
0.633611111,0,0,0.5,0,0,1,0,0.175,1,0.202020202,1,PASS
0.633888889,0,0,0.491666667,0,1,0,0,0.2,0,0.494949495,0,PASS
0.634555556,0,0,0.533333333,0,1,0,0,0.225,0,0.373737374,0,PASS
0.636965812,0,0,0.416666667,1,0,0,0,0.25,0,0.616161616,0,RUSH
0.637098765,0,0,0.475,0,1,0,0,0.075,0,0.313131313,0,RUSH
0.637638889,0,0,0.616666667,0,1,0,0,0.15,0,0.202020202,1,RUSH
0.637777778,0,0,0.558333333,0,0,0,1,0.3,1,0.212121212,0,FIELD_GOAL
0.638611111,0,0,0.266666667,1,0,0,0,0.25,0,0.797979798,0,RUSH
0.638611111,0,0,0.5,0,1,0,0,0.175,0,0.202020202,1,PASS
0.638972222,0,0,0.533333333,1,0,0,0,0.25,0,0.383838384,0,RUSH
0.639679487,0,0,0.383333333,0,1,0,0,0.175,0,0.838383838,0,PASS
0.64,0,0,0.558333333,0,1,0,0,0.175,0,0.343434343,0,PASS
0.642438272,0,0,0.475,1,0,0,0,0.25,0,0.383838384,0,PASS
0.64287037,0,0,0.616666667,1,0,0,0,0.25,0,0.242424242,0,RUSH
0.643388889,0,0,0.533333333,0,1,0,0,0.125,0,0.444444444,0,PASS
0.643611111,0,0,0.5,1,0,0,0,0.25,0,0.232323232,0,RUSH
0.643769841,0,0,0.533333333,0,1,0,0,0.3,0,0.121212121,1,PASS
0.644027778,0,0,0.558333333,0,0,1,0,0.3,1,0.212121212,0,PASS
0.644594017,0,0,0.416666667,0,1,0,0,0.025,0,0.656565657,0,RUSH
0.645555556,0,0,0.491666667,1,0,0,0,0.25,0,0.515151515,0,RUSH
0.646388889,0,0,0.383333333,1,0,0,0,0.25,0,0.868686869,0,RUSH
0.646666667,0,0,0.558333333,1,0,0,0,0.25,0,0.373737374,0,RUSH
0.647777778,0,0,0.475,1,0,0,0,0.25,0,0.494949495,0,RUSH
0.647805556,0,0,0.533333333,1,0,0,0,0.25,0,0.494949495,0,RUSH
0.648101852,0,0,0.616666667,0,1,0,0,0.25,0,0.404040404,0,RUSH
0.648611111,0,0,0.5,1,0,0,0,0.25,0,0.606060606,0,PASS
0.648888889,0,0,0.616666667,0,0,0,1,0.075,0,0.282828283,0,RUSH
0.648928571,0,0,0.533333333,1,0,0,0,0.25,0,0.101010101,1,RUSH
0.649419192,0,0,0.616666667,0,0,0,1,0.4,1,0.303030303,0,FIELD_GOAL
0.649444444,0,0,0.616666667,0,0,1,0,0.075,0,0.282828283,0,PASS
0.650069444,0,0,0.508333333,1,0,0,0,0.25,0,0.232323232,0,RUSH
0.651388889,0,0,0.491666667,1,0,0,0,0.25,0,0.636363636,0,PASS
0.651904762,0,0,0.616666667,1,0,0,0,0.05,0,0.02020202,1,PASS
0.652222222,0,0,0.533333333,0,0,1,0,0.2,1,0.595959596,0,PASS
0.652222222,0,0,0.416666667,1,0,0,0,0.25,0,0.747474747,0,PASS
0.653333333,0,0,0.558333333,0,1,0,0,0.125,0,0.434343434,0,PASS
0.653333333,0,0,0.616666667,1,0,0,0,0.25,0,0.404040404,0,PASS
0.653611111,0,0,0.5,1,0,0,0,0.25,0,0.797979798,0,PASS
0.654087302,0,0,0.533333333,0,1,0,0,0.075,0,0.151515152,1,PASS
0.655729167,0,0,0.508333333,0,1,0,0,0.175,0,0.333333333,0,PASS
0.65587963,0,0,0.475,0,0,1,0,0.1,0,0.535353535,0,PASS
0.656527778,0,0,0.558333333,0,1,0,0,0.2,0,0.171717172,1,RUSH
0.657611111,0,0,0.533333333,0,0,1,0,0.25,1,0.505050505,0,PASS
0.657611111,0,0,0.533333333,0,0,0,1,0.25,1,0.505050505,0,PUNT
0.657676768,0,0,0.616666667,0,0,1,0,0.725,1,0.434343434,0,PASS
0.657824074,0,0,0.616666667,0,1,0,0,0.15,0,0.313131313,0,RUSH
0.658083333,0,0,0.533333333,0,1,0,0,0.2,0,0.595959596,0,PASS
0.658564815,0,0,0.616666667,0,0,1,0,0.25,1,0.515151515,0,PASS
0.659246032,0,0,0.533333333,1,0,0,0,0.25,0,0.222222222,0,RUSH
0.66,0,0,0.558333333,1,0,0,0,0.25,0,0.484848485,0,PASS
0.660079365,0,0,0.616666667,0,1,0,0,0.15,0,0.141414141,1,PASS
0.661055556,0,0,0.533333333,0,1,0,0,0.25,0,0.505050505,0,PASS
0.661111111,0,0,0.475,0,1,0,0,0.15,0,0.383838384,0,PASS
0.66125,0,0,0.441666667,1,0,0,0,0.25,0,0.464646465,0,PASS
0.661388889,0,0,0.508333333,1,0,0,0,0.25,0,0.363636364,0,RUSH
0.661742424,0,0,0.558333333,0,1,0,0,0.05,0,0.02020202,1,RUSH
0.6625,0,0,0.533333333,1,0,0,0,0.25,0,0.616161616,0,RUSH
0.662777778,0,0,0.558333333,1,0,0,0,0.25,0,0.191919192,1,RUSH
0.66287037,0,0,0.475,0,1,0,0,0.075,0,0.525252525,0,RUSH
0.662944444,0,0,0.558333333,0,0,1,0,0.05,0,0.646464646,0,PASS
0.662944444,0,0,0.558333333,0,0,0,1,0.05,0,0.646464646,0,PUNT
0.663796296,0,0,0.616666667,0,1,0,0,0.25,0,0.515151515,0,PASS
0.664166667,0,0,0.525,1,0,0,0,0.025,0,0.01010101,1,RUSH
0.664404762,0,0,0.533333333,1,0,0,0,0.25,0,0.464646465,0,PASS
0.6645,0,0,0.533333333,1,0,0,0,0.25,0,0.505050505,0,PASS
0.66587963,0,0,0.558333333,0,1,0,0,0.025,0,0.01010101,1,RUSH
0.665934343,0,0,0.616666667,0,1,0,0,0.725,0,0.434343434,0,PASS
0.666203704,0,0,0.616666667,1,0,0,0,0.25,0,0.353535354,0,RUSH
0.666262626,0,0,0.558333333,1,0,0,0,0.05,0,0.02020202,1,PASS
0.666388889,0,0,0.475,1,0,0,0,0.25,0,0.424242424,0,RUSH
0.666666667,0,0,0.558333333,0,1,0,0,0.15,0,0.717171717,0,PASS
0.667944444,0,0,0.533333333,0,1,0,0,0.15,0,0.727272727,0,PASS
0.668055556,0,0,0.441666667,0,0,1,0,0.175,1,0.535353535,0,PASS
0.668253968,0,0,0.616666667,1,0,0,0,0.25,0,0.181818182,1,RUSH
0.668888889,0,0,0.525,0,1,0,0,0.225,0,0.131313131,1,RUSH
0.669027778,0,0,0.616666667,1,0,0,0,0.25,0,0.515151515,0,RUSH
0.669222222,0,0,0.558333333,0,1,0,0,0.2,0,0.707070707,0,RUSH
0.669563492,0,0,0.533333333,1,0,0,0,0.25,0,0.606060606,0,RUSH
0.669861111,0,0,0.475,1,0,0,0,0.25,0,0.595959596,0,RUSH
0.670782828,0,0,0.558333333,0,1,0,0,0.125,0,0.070707071,1,PASS
0.671388889,0,0,0.533333333,1,0,0,0,0.25,0,0.767676768,0,RUSH
0.672037037,0,0,0.558333333,1,0,0,0,0.25,0,0.101010101,1,RUSH
0.673308081,0,0,0.558333333,0,0,0,1,0.1,0,0.333333333,0,RUSH
0.673333333,0,0,0.558333333,1,0,0,0,0.25,0,0.757575758,0,RUSH
0.673611111,0,0,0.525,1,0,0,0,0.25,0,0.141414141,1,RUSH
0.674191919,0,0,0.616666667,1,0,0,0,0.25,0,0.242424242,0,RUSH
0.674259259,0,0,0.616666667,0,1,0,0,0.25,0,0.636363636,0,PASS
0.674861111,0,0,0.441666667,0,1,0,0,0.2,0,0.545454545,0,RUSH
0.67530303,0,0,0.558333333,1,0,0,0,0.25,0,0.121212121,1,RUSH
0.6755,0,0,0.558333333,1,0,0,0,0.25,0,0.727272727,0,PASS
0.676428571,0,0,0.616666667,0,1,0,0,0.125,0,0.252525253,0,PASS
0.676851852,0,0,0.475,0,0,1,0,0.05,0,0.676767677,0,PASS
0.678194444,0,0,0.558333333,1,0,0,0,0.25,0,0.222222222,0,RUSH
0.678333333,0,0,0.525,0,0,0,1,0.025,0,0.161616162,1,RUSH
0.679490741,0,0,0.616666667,1,0,0,0,0.25,0,0.636363636,0,RUSH
0.679722222,0,0,0.558333333,0,0,1,0,0.1,0,0.333333333,0,PASS
0.680555556,0,0,0.491666667,0,0,1,0,0.15,0,0.505050505,0,RUSH
0.680555556,0,0,0.491666667,0,0,0,1,0.2,1,0.525252525,0,PUNT
0.681666667,0,0,0.441666667,1,0,0,0,0.25,0,0.565656566,0,RUSH
0.681666667,0,0,0.5,0,0,1,0,0.25,1,0.595959596,0,PASS
0.681666667,0,0,0.5,0,0,0,1,0.25,1,0.595959596,0,PUNT
0.681777778,0,0,0.558333333,0,1,0,0,0.1,0,0.797979798,0,RUSH
0.682449495,0,0,0.616666667,0,0,1,0,0.025,0,0.272727273,0,RUSH
0.682962963,0,0,0.616666667,0,0,1,0,0.075,0,0.555555556,0,RUSH
0.683055556,0,0,0.525,0,0,1,0,0.025,0,0.161616162,1,PASS
0.683555556,0,0,0.441666667,0,0,1,0,0.475,1,0.525252525,0,PASS
0.683555556,0,0,0.441666667,0,0,0,1,0.475,1,0.525252525,0,PUNT
0.683842593,0,0,0.475,0,1,0,0,0.025,0,0.666666667,0,RUSH
0.684343434,0,0,0.558333333,0,1,0,0,0.25,0,0.535353535,0,RUSH
0.684351852,0,0,0.558333333,0,0,1,0,0.025,0,0.242424242,0,RUSH
0.684603175,0,0,0.616666667,1,0,0,0,0.25,0,0.303030303,0,RUSH
0.684722222,0,0,0.616666667,1,0,0,0,0.25,0,0.808080808,0,PASS
0.687777778,0,0,0.525,0,1,0,0,0.225,0,0.242424242,0,RUSH
0.688055556,0,0,0.558333333,1,0,0,0,0.25,0,0.858585859,0,PASS
0.688611111,0,0,0.475,0,0,1,0,0.35,1,0.868686869,0,RUSH
0.688611111,0,0,0.475,0,0,0,1,0.25,1,0.828282828,0,PUNT
0.688703704,0,0,0.5,0,1,0,0,0.25,0,0.595959596,0,PASS
0.688863636,0,0,0.558333333,1,0,0,0,0.25,0,0.535353535,0,PASS
0.690509259,0,0,0.558333333,0,1,0,0,0.25,0,0.333333333,0,RUSH
0.690555556,0,0,0.491666667,0,1,0,0,0.275,0,0.555555556,0,RUSH
0.690707071,0,0,0.616666667,0,1,0,0,0.125,0,0.313131313,0,RUSH
0.690833333,0,0,0.508333333,0,0,1,0,0.375,1,0.696969697,0,PASS
0.690833333,0,0,0.508333333,0,0,0,1,0.375,1,0.696969697,0,PUNT
0.690833333,0,0,0.475,1,0,0,0,0.25,0,0.757575758,0,PASS
0.691342593,0,0,0.616666667,0,1,0,0,0.225,0,0.616161616,0,RUSH
0.691388889,0,0,0.508333333,0,1,0,0,0.375,0,0.696969697,0,PASS
0.6925,0,0,0.525,1,0,0,0,0.25,0,0.252525253,0,PASS
0.692777778,0,0,0.616666667,0,1,0,0,0.25,0,0.404040404,0,RUSH
0.693383838,0,0,0.558333333,0,0,1,0,0.025,0,0.565656566,0,RUSH
0.693611111,0,0,0.475,1,0,0,0,0.25,0,0.202020202,1,PASS
0.693888889,0,0,0.5,1,0,0,0,0.25,0,0.595959596,0,RUSH
0.695075758,0,0,0.558333333,0,1,0,0,0.3,0,0.414141414,0,RUSH
0.696666667,0,0,0.558333333,1,0,0,0,0.25,0,0.333333333,0,PASS
0.696944444,0,0,0.508333333,1,0,0,0,0.5,0,0.747474747,0,RUSH
0.697222222,0,0,0.525,1,0,0,0,0.25,0,0.404040404,0,PASS
0.69790404,0,0,0.558333333,0,1,0,0,0.1,0,0.595959596,0,RUSH
0.698964646,0,0,0.616666667,1,0,0,0,0.25,0,0.363636364,0,RUSH
0.699166667,0,0,0.325,0,0,1,0,0.175,1,0.797979798,0,PASS
0.699166667,0,0,0.325,0,0,0,1,0.175,1,0.797979798,0,PUNT
0.699222222,0,0,0.441666667,0,1,0,0,0.55,0,0.555555556,0,PASS
0.699722222,0,0,0.616666667,1,0,0,0,0.25,0,0.626262626,0,RUSH
0.700555556,0,0,0.491666667,1,0,0,0,0.25,0,0.545454545,0,RUSH
0.700952381,0,0,0.616666667,1,0,0,0,0.25,0,0.404040404,0,PASS
0.701489899,0,0,0.558333333,1,0,0,0,0.25,0,0.393939394,0,RUSH
0.70212963,0,0,0.475,0,1,0,0,0.225,0,0.818181818,0,PASS
0.702424242,0,0,0.558333333,1,0,0,0,0.25,0,0.656565657,0,RUSH
0.706944444,0,0,0.558333333,1,0,0,0,0.25,0,0.828282828,0,PASS
0.707222222,0,0,0.325,0,1,0,0,0.125,0,0.777777778,0,RUSH
0.707222222,0,0,0.616666667,0,0,1,0,0.25,1,0.494949495,0,PASS
0.70790404,0,0,0.558333333,0,0,0,1,0.1,0,0.585858586,0,RUSH
0.708055556,0,0,0.508333333,1,0,0,0,0.25,0,0.757575758,0,PASS
0.708888889,0,0,0.475,1,0,0,0,0.25,0,0.828282828,0,RUSH
0.709126984,0,0,0.616666667,0,1,0,0,0.025,0,0.434343434,0,RUSH
0.709259259,0,0,0.475,0,0,1,0,0.275,1,0.767676768,0,RUSH
0.709259259,0,0,0.475,0,0,0,1,0.15,0,0.717171717,0,PUNT
0.710555556,0,0,0.491666667,0,1,0,0,0.2,0,0.737373737,0,PASS
0.710833333,0,0,0.441666667,0,0,1,0,0.175,1,0.505050505,0,PASS
0.710833333,0,0,0.441666667,0,0,0,1,0.125,0,0.484848485,0,PUNT
0.710833333,0,0,0.5,0,0,1,0,0.175,1,0.434343434,0,PASS
0.710833333,0,0,0.5,0,0,0,1,0.175,1,0.434343434,0,PUNT
0.714318182,0,0,0.558333333,0,0,1,0,0.15,0,0.606060606,0,PASS
0.714814815,0,0,0.558333333,0,0,1,0,0.15,0,0.707070707,0,PASS
0.714814815,0,0,0.558333333,0,0,0,1,0.15,0,0.707070707,0,PUNT
0.714888889,0,0,0.441666667,1,0,0,0,0.25,0,0.434343434,0,RUSH
0.715277778,0,0,0.325,1,0,0,0,0.25,0,0.828282828,0,RUSH
0.715740741,0,0,0.475,0,1,0,0,0.275,0,0.767676768,0,PASS
0.716898148,0,0,0.5,0,1,0,0,0.375,0,0.515151515,0,PASS
0.717301587,0,0,0.616666667,1,0,0,0,0.25,0,0.525252525,0,RUSH
0.717314815,0,0,0.558333333,1,0,0,0,0.25,0,0.656565657,0,RUSH
0.719074074,0,0,0.558333333,0,1,0,0,0.15,0,0.707070707,0,PASS
0.720555556,0,0,0.441666667,0,1,0,0,0.275,0,0.545454545,0,PASS
0.720555556,0,0,0.491666667,1,0,0,0,0.25,0,0.757575758,0,RUSH
0.720707071,0,0,0.616666667,0,1,0,0,0.25,0,0.494949495,0,RUSH
0.720732323,0,0,0.558333333,0,1,0,0,0.25,0,0.646464646,0,PASS
0.721568627,0,0,0.558333333,0,1,0,0,0.225,0,0.090909091,1,RUSH
0.721851852,0,0,0.525,0,0,1,0,0.25,1,0.555555556,0,PASS
0.721851852,0,0,0.525,0,0,0,1,0.25,1,0.555555556,0,PUNT
0.722222222,0,0,0.475,1,0,0,0,0.25,0,0.757575758,0,RUSH
0.722722222,0,0,0.441666667,0,1,0,0,0.15,0,0.515151515,0,PASS
0.722962963,0,0,0.558333333,0,1,0,0,0.025,0,0.686868687,0,RUSH
0.722962963,0,0,0.5,1,0,0,0,0.375,0,0.515151515,0,PASS
0.723333333,0,0,0.558333333,1,0,0,0,0.25,0,0.747474747,0,RUSH
0.72547619,0,0,0.616666667,1,0,0,0,0.375,0,0.717171717,0,PASS
0.727146465,0,0,0.558333333,1,0,0,0,0.25,0,0.646464646,0,PASS
0.72787037,0,0,0.525,0,1,0,0,0.25,0,0.555555556,0,RUSH
0.728611111,0,0,0.558333333,1,0,0,0,0.25,0,0.777777778,0,PASS
0.728964646,0,0,0.616666667,1,0,0,0,0.25,0,0.494949495,0,RUSH
0.729791667,0,0,0.441666667,0,0,1,0,0.375,1,0.585858586,0,RUSH
0.729791667,0,0,0.441666667,0,0,0,1,0.7,1,0.717171717,0,PUNT
0.730277778,0,0,0.441666667,1,0,0,0,0.25,0,0.535353535,0,RUSH
0.730555556,0,0,0.441666667,1,0,0,0,0.25,0,0.555555556,0,RUSH
0.733560606,0,0,0.558333333,0,0,1,0,0.025,0,0.717171717,0,PASS
0.733888889,0,0,0.525,1,0,0,0,0.25,0,0.555555556,0,PASS
0.735092593,0,0,0.5,0,1,0,0,0.025,0,0.525252525,0,RUSH
0.735784314,0,0,0.558333333,1,0,0,0,0.1,0,0.04040404,1,PASS
0.736527778,0,0,0.441666667,0,1,0,0,0.25,0,0.535353535,0,PASS
0.737222222,0,0,0.616666667,1,0,0,0,0.25,0,0.686868687,0,RUSH
0.738518519,0,0,0.5,1,0,0,0,0.125,0,0.050505051,1,RUSH
0.738819444,0,0,0.5,0,0,0,1,0.15,0,0.353535354,0,PASS
0.739974747,0,0,0.558333333,0,1,0,0,0.025,0,0.717171717,0,RUSH
0.741157407,0,0,0.5,1,0,0,0,0.25,0,0.616161616,0,RUSH
0.741388889,0,0,0.5,1,0,0,0,0.25,0,0.202020202,1,RUSH
0.741825397,0,0,0.616666667,0,1,0,0,0.075,0,0.737373737,0,RUSH
0.742892157,0,0,0.558333333,0,0,0,1,0.025,0,0.181818182,1,RUSH
0.743055556,0,0,0.616666667,0,0,0,1,0.075,0,0.303030303,0,PASS
0.743263889,0,0,0.441666667,1,0,0,0,0.25,0,0.535353535,0,PASS
0.743888889,0,0,0.533333333,1,0,0,0,0.25,0,0.727272727,0,PASS
0.744259259,0,0,0.5,0,1,0,0,0.25,0,0.474747475,0,PASS
0.744409722,0,0,0.5,0,0,1,0,0.15,0,0.353535354,0,PASS
0.744722222,0,0,0.475,0,0,0,1,0.025,0,0.666666667,0,PUNT
0.746388889,0,0,0.558333333,1,0,0,0,0.25,0,0.808080808,0,PASS
0.746527778,0,0,0.616666667,0,0,1,0,0.075,0,0.303030303,0,PASS
0.74712963,0,0,0.5,1,0,0,0,0.25,0,0.474747475,0,PASS
0.747222222,0,0,0.5,1,0,0,0,0.25,0,0.808080808,0,PASS
0.74781746,0,0,0.616666667,0,1,0,0,0.325,0,0.939393939,0,PASS
0.74870915,0,0,0.558333333,0,1,0,0,0.2,0,0.252525253,0,PASS
0.75,0,0,0.5,0,1,0,0,0.15,0,0.646464646,0,PASS
0.75,0,0,0.5,0,1,0,0,0.15,0,0.353535354,0,PASS
0.75,0,0,0.475,0,0,1,0,0.025,0,0.666666667,0,RUSH
0.75,0,0,0.558333333,0,0,1,0,0.175,1,0.242424242,0,RUSH
0.75,0,0,0.616666667,1,0,0,0,0.25,0,0.808080808,0,RUSH
0.75,0,0,0.525,0,0,1,0,0.25,1,0.434343434,0,PASS
0.75,0,0,0.525,0,0,0,1,0.25,1,0.434343434,0,PUNT
0.75,0,0,0.616666667,0,1,0,0,0.075,0,0.303030303,0,PASS
0.75,0,0,0.558333333,0,0,0,1,0.375,1,0.909090909,0,PUNT
0.75,0,0,0.441666667,0,0,1,0,0.175,1,0.636363636,0,PASS
0.750740741,0,0,0.558333333,0,0,1,0,0.125,0,0.808080808,0,RUSH
0.752222222,0,0,0.616666667,0,0,1,0,0.2,1,0.787878788,0,RUSH
0.752222222,0,0,0.616666667,0,0,0,1,0.25,1,0.808080808,0,PUNT
0.752777778,0,0,0.5,1,0,0,0,0.25,0,0.686868687,0,RUSH
0.752777778,0,0,0.5,1,0,0,0,0.15,0,0.060606061,1,PASS
0.752847222,0,0,0.441666667,0,1,0,0,0.175,0,0.636363636,0,PASS
0.755816993,0,0,0.558333333,1,0,0,0,0.25,0,0.272727273,0,RUSH
0.756203704,0,0,0.558333333,0,1,0,0,0.125,0,0.808080808,0,PASS
0.756481481,0,0,0.475,0,1,0,0,0.225,0,0.747474747,0,PASS
0.758263889,0,0,0.5,0,0,0,1,0.125,0,0.414141414,0,PASS
0.759259259,0,0,0.5,0,0,1,0,0.375,1,0.151515152,1,PASS
0.759583333,0,0,0.441666667,1,0,0,0,0.25,0,0.666666667,0,RUSH
0.76,0,0,0.616666667,1,0,0,0,0.25,0,0.373737374,0,PASS
0.761666667,0,0,0.558333333,1,0,0,0,0.25,0,0.858585859,0,RUSH
0.761777778,0,0,0.5,0,1,0,0,0.25,0,0.212121212,0,PASS
0.7625,0,0,0.383333333,0,1,0,0,0.525,0,0.767676768,0,PASS
0.7625,0,0,0.525,0,1,0,0,0.25,0,0.434343434,0,PASS
0.762924837,0,0,0.558333333,0,0,1,0,0.1,0,0.333333333,0,PASS
0.763472222,0,0,0.616666667,1,0,0,0,0.25,0,0.484848485,0,PASS
0.763611111,0,0,0.475,1,0,0,0,0.25,0,0.757575758,0,RUSH
0.764166667,0,0,0.616666667,1,0,0,0,0.25,0,0.909090909,0,RUSH
0.764861111,0,0,0.5,0,0,1,0,0.15,0,0.424242424,0,PASS
0.766018519,0,0,0.5,0,1,0,0,0.15,0,0.060606061,1,RUSH
0.766203704,0,0,0.441666667,0,0,1,0,0.2,1,0.545454545,0,PASS
0.766203704,0,0,0.441666667,0,0,0,1,0.2,1,0.545454545,0,PUNT
0.766319444,0,0,0.441666667,0,1,0,0,0.3,0,0.818181818,0,RUSH
0.766388889,0,0,0.616666667,0,1,0,0,0.425,0,0.878787879,0,PASS
0.766944444,0,0,0.616666667,0,0,1,0,0.025,0,0.515151515,0,RUSH
0.767118056,0,0,0.5,0,1,0,0,0.05,0,0.02020202,1,PASS
0.76725,0,0,0.5,1,0,0,0,0.25,0,0.212121212,0,PASS
0.768194444,0,0,0.5,1,0,0,0,0.25,0,0.393939394,0,RUSH
0.768981481,0,0,0.5,1,0,0,0,0.25,0,0.484848485,0,RUSH
0.769444444,0,0,0.383333333,1,0,0,0,0.25,0,0.656565657,0,RUSH
0.77003268,0,0,0.558333333,0,1,0,0,0.25,0,0.393939394,0,RUSH
0.770277778,0,0,0.525,1,0,0,0,0.25,0,0.434343434,0,PASS
0.770416667,0,0,0.616666667,0,1,0,0,0.1,0,0.545454545,0,RUSH
0.771458333,0,0,0.5,0,1,0,0,0.25,0,0.464646465,0,RUSH
0.772722222,0,0,0.5,0,1,0,0,0.125,0,0.282828283,0,RUSH
0.772777778,0,0,0.5,1,0,0,0,0.2,0,0.080808081,1,RUSH
0.773055556,0,0,0.416666667,0,1,0,0,0.25,0,0.121212121,1,RUSH
0.773055556,0,0,0.441666667,1,0,0,0,0.25,0,0.797979798,0,PASS
0.773240741,0,0,0.441666667,0,1,0,0,0.1,0,0.505050505,0,RUSH
0.773518519,0,0,0.5,0,1,0,0,0.325,0,0.666666667,0,PASS
0.773784722,0,0,0.5,0,1,0,0,0.25,0,0.505050505,0,PASS
0.773888889,0,0,0.616666667,1,0,0,0,0.25,0,0.606060606,0,RUSH
0.775069444,0,0,0.5,1,0,0,0,0.1,0,0.04040404,1,RUSH
0.776111111,0,0,0.533333333,1,0,0,0,0.25,0,0.131313131,1,RUSH
0.777140523,0,0,0.558333333,1,0,0,0,0.25,0,0.393939394,0,PASS
0.778055556,0,0,0.5,1,0,0,0,0.25,0,0.636363636,0,RUSH
0.778055556,0,0,0.5,1,0,0,0,0.25,0,0.464646465,0,PASS
0.778055556,0,0,0.525,0,0,1,0,0.025,0,0.626262626,0,PASS
0.778194444,0,0,0.5,1,0,0,0,0.25,0,0.333333333,0,PASS
0.778888889,0,0,0.416666667,1,0,0,0,0.25,0,0.121212121,1,RUSH
0.779375,0,0,0.5,1,0,0,0,0.25,0,0.505050505,0,PASS
0.779537037,0,0,0.5,1,0,0,0,0.25,0,0.212121212,0,PASS
0.780277778,0,0,0.441666667,1,0,0,0,0.25,0,0.565656566,0,RUSH
0.783020833,0,0,0.5,0,1,0,0,0.25,0,0.151515152,1,PASS
0.783373016,0,0,0.441666667,1,0,0,0,0.05,0,0.02020202,1,RUSH
0.783611111,0,0,0.5,0,0,0,1,0.05,0,0.555555556,0,PUNT
0.783666667,0,0,0.5,0,0,1,0,0.025,0,0.363636364,0,RUSH
0.784248366,0,0,0.558333333,0,1,0,0,0.15,0,0.505050505,0,PASS
0.784722222,0,0,0.416666667,0,1,0,0,0.2,0,0.262626263,0,PASS
0.784845679,0,0,0.533333333,0,0,1,0,0.15,0,0.252525253,0,PASS
0.784965278,0,0,0.5,0,1,0,0,0.05,0,0.656565657,0,RUSH
0.785833333,0,0,0.525,0,1,0,0,0.075,0,0.646464646,0,RUSH
0.786296296,0,0,0.5,0,1,0,0,0.175,0,0.323232323,0,RUSH
0.787314815,0,0,0.441666667,0,0,1,0,0.125,0,0.656565657,0,PASS
0.787407407,0,0,0.5,0,0,1,0,0.05,0,0.555555556,0,PASS
0.788148148,0,0,0.558333333,0,0,1,0,0.5,1,0.747474747,0,PASS
0.788148148,0,0,0.558333333,0,0,0,1,0.5,1,0.747474747,0,PUNT
0.788796296,0,0,0.558333333,0,0,1,0,0.05,0,0.787878788,0,PASS
0.788796296,0,0,0.558333333,0,0,0,1,0.05,0,0.787878788,0,PUNT
0.788981481,0,0,0.558333333,0,0,1,0,0.025,0,0.777777778,0,RUSH
0.788981481,0,0,0.558333333,0,0,0,1,0.05,0,0.787878788,0,PUNT
0.789138889,0,0,0.5,0,1,0,0,0.2,0,0.434343434,0,PASS
0.790555556,0,0,0.5,1,0,0,0,0.25,0,0.737373737,0,PASS
0.790555556,0,0,0.416666667,1,0,0,0,0.25,0,0.282828283,0,RUSH
0.790972222,0,0,0.5,1,0,0,0,0.25,0,0.151515152,1,RUSH
0.791356209,0,0,0.558333333,1,0,0,0,0.25,0,0.545454545,0,RUSH
0.793055556,0,0,0.5,1,0,0,0,0.25,0,0.353535354,0,PASS
0.793148148,0,0,0.5,0,1,0,0,0.2,0,0.616161616,0,RUSH
0.793580247,0,0,0.533333333,0,1,0,0,0.15,0,0.252525253,0,PASS
0.793611111,0,0,0.525,1,0,0,0,0.25,0,0.717171717,0,PASS
0.794007937,0,0,0.441666667,1,0,0,0,0.2,0,0.080808081,1,RUSH
0.794259259,0,0,0.558333333,0,0,1,0,0.175,1,0.080808081,1,PASS
0.794351852,0,0,0.441666667,0,1,0,0,0.25,0,0.707070707,0,RUSH
0.794611111,0,0,0.5,1,0,0,0,0.25,0,0.454545455,0,RUSH
0.794722222,0,0,0.616666667,1,0,0,0,0.25,0,0.808080808,0,RUSH
0.795462963,0,0,0.558333333,0,1,0,0,0.1,0,0.585858586,0,RUSH
0.795833333,0,0,0.5,0,0,1,0,0.425,1,0.363636364,0,PASS
0.795833333,0,0,0.5,0,0,0,1,0.425,1,0.363636364,0,PUNT
0.796388889,0,0,0.416666667,0,1,0,0,0.025,0,0.666666667,0,RUSH
0.797314815,0,0,0.558333333,0,1,0,0,0.225,0,0.858585859,0,PASS
0.798464052,0,0,0.558333333,0,0,1,0,0.15,0,0.626262626,0,PASS
0.798888889,0,0,0.5,1,0,0,0,0.25,0,0.636363636,0,RUSH
0.798923611,0,0,0.5,0,1,0,0,0.1,0,0.222222222,0,RUSH
0.799325397,0,0,0.441666667,0,1,0,0,0.125,0,0.515151515,0,PASS
0.799598765,0,0,0.558333333,0,1,0,0,0.175,0,0.080808081,1,PASS
0.799814815,0,0,0.5,0,1,0,0,0.125,0,0.535353535,0,PASS
0.799907407,0,0,0.558333333,0,1,0,0,0.125,0,0.818181818,0,RUSH
0.800083333,0,0,0.5,1,0,0,0,0.25,0,0.666666667,0,PASS
0.801388889,0,0,0.441666667,1,0,0,0,0.25,0,0.707070707,0,PASS
0.802222222,0,0,0.416666667,1,0,0,0,0.25,0,0.757575758,0,RUSH
0.802314815,0,0,0.533333333,1,0,0,0,0.25,0,0.292929293,0,RUSH
0.802777778,0,0,0.558333333,1,0,0,0,0.25,0,0.646464646,0,RUSH
0.803888889,0,0,0.5,0,1,0,0,0.425,0,0.363636364,0,PASS
0.804642857,0,0,0.441666667,1,0,0,0,0.25,0,0.565656566,0,RUSH
0.804938272,0,0,0.558333333,1,0,0,0,0.25,0,0.111111111,1,RUSH
0.805555556,0,0,0.5,1,0,0,0,0.25,0,0.808080808,0,RUSH
0.805571895,0,0,0.558333333,0,1,0,0,0.15,0,0.626262626,0,PASS
0.805833333,0,0,0.558333333,1,0,0,0,0.25,0,0.868686869,0,RUSH
0.806574074,0,0,0.5,1,0,0,0,0.25,0,0.585858586,0,RUSH
0.806875,0,0,0.5,1,0,0,0,0.25,0,0.282828283,0,RUSH
0.807638889,0,0,0.558333333,0,1,0,0,0.025,0,0.01010101,1,RUSH
0.809960317,0,0,0.441666667,0,1,0,0,0.2,0,0.656565657,0,PASS
0.810277778,0,0,0.558333333,0,0,0,1,0.075,0,0.454545455,0,PASS
0.810833333,0,0,0.558333333,1,0,0,0,0.25,0,0.868686869,0,RUSH
0.811049383,0,0,0.533333333,0,0,1,0,0.35,1,0.595959596,0,PASS
0.811944444,0,0,0.5,0,1,0,0,0.225,0,0.282828283,0,PASS
0.812679739,0,0,0.558333333,1,0,0,0,0.25,0,0.666666667,0,RUSH
0.813333333,0,0,0.5,1,0,0,0,0.25,0,0.878787879,0,PASS
0.814444444,0,0,0.558333333,1,0,0,0,0.05,0,0.02020202,1,RUSH
0.814826389,0,0,0.5,0,1,0,0,0.05,0,0.323232323,0,RUSH
0.815277778,0,0,0.441666667,1,0,0,0,0.25,0,0.676767677,0,RUSH
0.81712963,0,0,0.441666667,0,0,1,0,0.15,0,0.404040404,0,PASS
0.81712963,0,0,0.441666667,0,0,0,1,0.15,0,0.404040404,0,PUNT
0.818055556,0,0,0.5,1,0,0,0,0.25,0,0.808080808,0,RUSH
0.818055556,0,0,0.5,0,0,1,0,0.1,0,0.888888889,0,PASS
0.818055556,0,0,0.5,0,0,0,1,0.1,0,0.888888889,0,PUNT
0.818194444,0,0,0.5,1,0,0,0,0.15,0,0.060606061,1,RUSH
0.82,0,0,0.5,1,0,0,0,0.25,0,0.292929293,0,RUSH
0.821666667,0,0,0.5,1,0,0,0,0.25,0,0.484848485,0,PASS
0.821975309,0,0,0.558333333,0,0,1,0,0.175,1,0.494949495,0,PASS
0.822314815,0,0,0.5,0,0,1,0,0.125,0,0.757575758,0,PASS
0.822314815,0,0,0.5,0,0,0,1,0.125,0,0.757575758,0,PUNT
0.822777778,0,0,0.5,1,0,0,0,0.25,0,0.404040404,0,RUSH
0.823311966,0,0,0.5,0,0,0,1,0.1,0,0.04040404,1,FIELD_GOAL
0.8235,0,0,0.441666667,0,1,0,0,0.1,0,0.04040404,1,RUSH
0.823888889,0,0,0.5,0,0,0,1,0.075,0,0.262626263,0,PASS
0.824814815,0,0,0.441666667,0,1,0,0,0.175,0,0.414141414,0,RUSH
0.825555556,0,0,0.5,0,1,0,0,0.25,0,0.949494949,0,RUSH
0.82625,0,0,0.616666667,0,0,0,1,0.15,0,0.363636364,0,PASS
0.826895425,0,0,0.558333333,1,0,0,0,0.25,0,0.656565657,0,RUSH
0.827314815,0,0,0.558333333,0,1,0,0,0.25,0,0.525252525,0,RUSH
0.828055556,0,0,0.558333333,0,1,0,0,0.2,0,0.080808081,1,PASS
0.828055556,0,0,0.5,1,0,0,0,0.25,0,0.494949495,0,PASS
0.828333333,0,0,0.616666667,0,0,1,0,0.15,0,0.363636364,0,PASS
0.828518519,0,0,0.533333333,0,1,0,0,0.25,0,0.555555556,0,PASS
0.829638889,0,0,0.441666667,1,0,0,0,0.25,0,0.101010101,1,RUSH
0.830416667,0,0,0.616666667,0,1,0,0,0.15,0,0.363636364,0,PASS
0.83047619,0,0,0.5,0,0,1,0,0.075,0,0.262626263,0,PASS
0.830918803,0,0,0.5,0,0,1,0,0.1,0,0.04040404,1,PASS
0.831018519,0,0,0.5,0,1,0,0,0.175,0,0.777777778,0,RUSH
0.831296296,0,0,0.5,0,0,1,0,0.175,1,0.747474747,0,RUSH
0.831296296,0,0,0.5,0,0,0,1,0.075,0,0.707070707,0,PUNT
0.8325,0,0,0.616666667,1,0,0,0,0.25,0,0.404040404,0,PASS
0.8325,0,0,0.441666667,1,0,0,0,0.25,0,0.444444444,0,RUSH
0.832654321,0,0,0.558333333,1,0,0,0,0.25,0,0.525252525,0,PASS
0.833055556,0,0,0.5,1,0,0,0,0.25,0,0.949494949,0,RUSH
0.834003268,0,0,0.558333333,0,1,0,0,0.075,0,0.757575758,0,RUSH
0.834861111,0,0,0.558333333,1,0,0,0,0.15,0,0.060606061,1,RUSH
0.835777778,0,0,0.441666667,0,1,0,0,0.275,0,0.545454545,0,PASS
0.836111111,0,0,0.5,0,1,0,0,0.075,0,0.545454545,0,RUSH
0.837063492,0,0,0.5,0,1,0,0,0.075,0,0.262626263,0,RUSH
0.837253086,0,0,0.533333333,1,0,0,0,0.25,0,0.555555556,0,RUSH
0.837993827,0,0,0.558333333,0,1,0,0,0.2,0,0.676767677,0,PASS
0.838525641,0,0,0.5,0,1,0,0,0.1,0,0.04040404,1,RUSH
0.839259259,0,0,0.5,0,1,0,0,0.175,0,0.747474747,0,PASS
0.839722222,0,0,0.5,1,0,0,0,0.25,0,0.808080808,0,RUSH
0.840185185,0,0,0.441666667,0,1,0,0,0.075,0,0.525252525,0,PASS
0.841111111,0,0,0.558333333,1,0,0,0,0.25,0,0.828282828,0,RUSH
0.841450617,0,0,0.558333333,0,0,0,1,0.15,0,0.171717172,1,FIELD_GOAL
0.841666667,0,0,0.558333333,0,0,1,0,0.025,0,0.111111111,1,RUSH
0.841916667,0,0,0.441666667,1,0,0,0,0.25,0,0.535353535,0,RUSH
0.843333333,0,0,0.558333333,1,0,0,0,0.25,0,0.696969697,0,RUSH
0.843650794,0,0,0.5,1,0,0,0,0.25,0,0.333333333,0,PASS
0.844166667,0,0,0.5,1,0,0,0,0.25,0,0.616161616,0,PASS
0.845987654,0,0,0.533333333,0,1,0,0,0.175,0,0.727272727,0,PASS
0.846132479,0,0,0.5,1,0,0,0,0.175,0,0.070707071,1,RUSH
0.847222222,0,0,0.5,1,0,0,0,0.25,0,0.777777778,0,PASS
0.84787037,0,0,0.441666667,1,0,0,0,0.25,0,0.595959596,0,RUSH
0.848055556,0,0,0.441666667,0,0,0,1,0.05,0,0.555555556,0,PASS
0.848472222,0,0,0.558333333,0,1,0,0,0.15,0,0.161616162,1,RUSH
0.850030864,0,0,0.5,0,0,1,0,0.25,1,0.494949495,0,PASS
0.850030864,0,0,0.5,0,0,0,1,0.2,1,0.474747475,0,PUNT
0.850238095,0,0,0.5,0,1,0,0,0.05,0,0.515151515,0,RUSH
0.851944444,0,0,0.441666667,0,0,1,0,0.3,1,0.707070707,0,PASS
0.851944444,0,0,0.441666667,0,0,0,1,0.05,0,0.606060606,0,PUNT
0.852013889,0,0,0.5,0,0,1,0,0.45,1,0.505050505,0,RUSH
0.852013889,0,0,0.5,0,0,0,1,0.35,1,0.464646465,0,PUNT
0.852222222,0,0,0.5,0,1,0,0,0.25,0,0.808080808,0,PASS
0.853739316,0,0,0.5,0,0,0,1,0.025,0,0.101010101,1,RUSH
0.854259259,0,0,0.441666667,0,1,0,0,0.175,0,0.656565657,0,PASS
0.854722222,0,0,0.533333333,1,0,0,0,0.25,0,0.757575758,0,RUSH
0.855185185,0,0,0.5,0,0,1,0,0.025,0,0.808080808,0,PASS
0.855277778,0,0,0.558333333,1,0,0,0,0.25,0,0.202020202,1,RUSH
0.855555556,0,0,0.441666667,1,0,0,0,0.25,0,0.737373737,0,PASS
0.856111111,0,0,0.475,0,0,0,1,0.1,0,0.101010101,1,FIELD_GOAL
0.856825397,0,0,0.5,1,0,0,0,0.25,0,0.595959596,0,PASS
0.857006173,0,0,0.5,0,1,0,0,0.25,0,0.494949495,0,PASS
0.858055556,0,0,0.558333333,0,1,0,0,0.025,0,0.01010101,1,RUSH
0.859027778,0,0,0.5,0,1,0,0,0.275,0,0.434343434,0,RUSH
0.860277778,0,0,0.441666667,1,0,0,0,0.25,0,0.686868687,0,RUSH
0.860277778,0,0,0.5,1,0,0,0,0.25,0,0.808080808,0,RUSH
0.860722222,0,0,0.441666667,0,0,1,0,0.075,0,0.565656566,0,RUSH
0.861041667,0,0,0.5,0,0,1,0,0.025,0,0.636363636,0,PASS
0.861041667,0,0,0.5,0,0,0,1,0.025,0,0.636363636,0,PUNT
0.861111111,0,0,0.558333333,1,0,0,0,0.25,0,0.454545455,0,PASS
0.861346154,0,0,0.5,0,0,1,0,0.15,0,0.151515152,1,PASS
0.861388889,0,0,0.475,0,0,1,0,0.1,0,0.101010101,1,PASS
0.861882716,0,0,0.558333333,0,0,1,0,0.15,0,0.171717172,1,PASS
0.863148148,0,0,0.5,0,1,0,0,0.05,0,0.818181818,0,PASS
0.863194444,0,0,0.558333333,1,0,0,0,0.025,0,0.01010101,1,RUSH
0.863412698,0,0,0.5,1,0,0,0,0.125,0,0.868686869,0,PASS
0.86375,0,0,0.558333333,0,0,0,1,0.4,1,0.232323232,0,FIELD_GOAL
0.863981481,0,0,0.5,1,0,0,0,0.25,0,0.494949495,0,RUSH
0.866041667,0,0,0.5,1,0,0,0,0.25,0,0.424242424,0,RUSH
0.866666667,0,0,0.475,0,1,0,0,0.1,0,0.101010101,1,PASS
0.866805556,0,0,0.5,0,1,0,0,0.025,0,0.636363636,0,PASS
0.866861111,0,0,0.441666667,0,1,0,0,0.2,0,0.616161616,0,RUSH
0.868333333,0,0,0.5,0,0,1,0,0.025,0,0.828282828,0,RUSH
0.868333333,0,0,0.558333333,0,1,0,0,0.275,0,0.161616162,1,PASS
0.868611111,0,0,0.5,0,0,0,1,0.025,0,0.666666667,0,RUSH
0.868888889,0,0,0.558333333,1,0,0,0,0.25,0,0.454545455,0,RUSH
0.868952991,0,0,0.5,0,1,0,0,0.275,0,0.202020202,1,PASS
0.870277778,0,0,0.558333333,0,0,1,0,0.075,0,0.505050505,0,RUSH
0.870381944,0,0,0.5,0,0,0,1,0.175,1,0.141414141,1,RUSH
0.87095679,0,0,0.5,0,1,0,0,0.075,0,0.595959596,0,RUSH
0.871111111,0,0,0.5,1,0,0,0,0.25,0,0.898989899,0,RUSH
0.871851852,0,0,0.5,0,0,1,0,0.125,0,0.595959596,0,PASS
0.871851852,0,0,0.5,0,0,0,1,0.125,0,0.595959596,0,PUNT
0.871944444,0,0,0.558333333,0,0,1,0,0.15,0,0.131313131,1,RUSH
0.871944444,0,0,0.475,1,0,0,0,0.25,0,0.161616162,1,RUSH
0.872098765,0,0,0.558333333,0,1,0,0,0.225,0,0.202020202,1,PASS
0.872569444,0,0,0.5,1,0,0,0,0.25,0,0.727272727,0,PASS
0.873,0,0,0.441666667,1,0,0,0,0.25,0,0.636363636,0,RUSH
0.873472222,0,0,0.558333333,1,0,0,0,0.25,0,0.151515152,1,RUSH
0.875277778,0,0,0.5,0,0,1,0,0.225,1,0.747474747,0,PASS
0.875486111,0,0,0.5,0,0,1,0,0.175,1,0.141414141,1,PASS
0.875694444,0,0,0.558333333,0,1,0,0,0.125,0,0.616161616,0,RUSH
0.876559829,0,0,0.5,1,0,0,0,0.25,0,0.191919192,1,RUSH
0.877222222,0,0,0.475,0,1,0,0,0.125,0,0.262626263,0,PASS
0.87787037,0,0,0.5,0,1,0,0,0.25,0,0.646464646,0,PASS
0.877932099,0,0,0.5,1,0,0,0,0.25,0,0.666666667,0,RUSH
0.878333333,0,0,0.5,1,0,0,0,0.25,0,0.848484848,0,PASS
0.878549383,0,0,0.5,0,1,0,0,0.225,0,0.313131313,0,PASS
0.878611111,0,0,0.558333333,0,0,1,0,0.1,0,0.343434343,0,PASS
0.879138889,0,0,0.441666667,0,1,0,0,0.15,0,0.737373737,0,PASS
0.879444444,0,0,0.558333333,0,1,0,0,0.45,0,0.656565657,0,PASS
0.880069444,0,0,0.5,0,1,0,0,0.2,0,0.626262626,0,PASS
0.880138889,0,0,0.558333333,0,1,0,0,0.2,0,0.151515152,1,RUSH
0.880555556,0,0,0.5,0,1,0,0,0.1,0,0.858585859,0,PASS
0.880590278,0,0,0.5,0,1,0,0,0.25,0,0.171717172,1,RUSH
0.881944444,0,0,0.5,0,1,0,0,0.275,0,0.767676768,0,RUSH
0.882314815,0,0,0.558333333,1,0,0,0,0.25,0,0.212121212,0,RUSH
0.8825,0,0,0.558333333,1,0,0,0,0.25,0,0.666666667,0,RUSH
0.8825,0,0,0.475,1,0,0,0,0.25,0,0.313131313,0,PASS
0.88375,0,0,0.558333333,0,1,0,0,0.1,0,0.343434343,0,PASS
0.883765432,0,0,0.5,1,0,0,0,0.25,0,0.323232323,0,RUSH
0.883888889,0,0,0.5,1,0,0,0,0.25,0,0.646464646,0,RUSH
0.884166667,0,0,0.5,0,0,0,1,0.1,0,0.313131313,0,PASS
0.884907407,0,0,0.5,0,1,0,0,0.25,0,0.777777778,0,RUSH
0.885277778,0,0,0.441666667,1,0,0,0,0.25,0,0.777777778,0,RUSH
0.885694444,0,0,0.5,1,0,0,0,0.25,0,0.171717172,1,PASS
0.886709402,0,0,0.441666667,0,0,1,0,0.125,0,0.121212121,1,PASS
0.887083333,0,0,0.5,1,0,0,0,0.25,0,0.646464646,0,RUSH
0.88734127,0,0,0.5,0,0,1,0,0.175,1,0.505050505,0,PASS
0.88734127,0,0,0.5,0,0,0,1,0.175,1,0.505050505,0,PUNT
0.887457265,0,0,0.5,0,0,1,0,0.175,1,0.343434343,0,RUSH
0.887777778,0,0,0.475,0,1,0,0,0.05,0,0.494949495,0,RUSH
0.888333333,0,0,0.558333333,1,0,0,0,0.25,0,0.171717172,1,RUSH
0.888611111,0,0,0.5,1,0,0,0,0.25,0,0.757575758,0,RUSH
0.888611111,0,0,0.5,1,0,0,0,0.25,0,0.919191919,0,PASS
0.888888889,0,0,0.558333333,1,0,0,0,0.25,0,0.404040404,0,RUSH
0.888981481,0,0,0.5,0,1,0,0,0.15,0,0.393939394,0,PASS
0.890798611,0,0,0.5,1,0,0,0,0.25,0,0.282828283,0,RUSH
0.891882716,0,0,0.5,1,0,0,0,0.25,0,0.777777778,0,PASS
0.892352941,0,0,0.5,0,0,1,0,0.2,1,0.080808081,1,PASS
0.892530864,0,0,0.558333333,0,1,0,0,0.325,0,0.737373737,0,PASS
0.892863248,0,0,0.441666667,0,1,0,0,0.25,0,0.171717172,1,RUSH
0.893055556,0,0,0.475,1,0,0,0,0.25,0,0.575757576,0,PASS
0.893090278,0,0,0.441666667,0,1,0,0,0.075,0,0.03030303,1,RUSH
0.893293651,0,0,0.5,0,1,0,0,0.175,0,0.505050505,0,PASS
0.894027778,0,0,0.558333333,1,0,0,0,0.375,0,0.656565657,0,PASS
0.894097222,0,0,0.5,0,1,0,0,0.15,0,0.808080808,0,PASS
0.894197531,0,0,0.5,1,0,0,0,0.25,0,0.434343434,0,PASS
0.895064103,0,0,0.5,0,1,0,0,0.175,0,0.343434343,0,PASS
0.895902778,0,0,0.5,0,1,0,0,0.125,0,0.363636364,0,PASS
0.897777778,0,0,0.558333333,1,0,0,0,0.25,0,0.575757576,0,RUSH
0.898125,0,0,0.441666667,1,0,0,0,0.175,0,0.070707071,1,RUSH
0.898676471,0,0,0.5,0,1,0,0,0.2,0,0.080808081,1,PASS
0.898858025,0,0,0.5,0,1,0,0,0.125,0,0.848484848,0,RUSH
0.899017094,0,0,0.441666667,1,0,0,0,0.25,0,0.171717172,1,PASS
0.899246032,0,0,0.5,1,0,0,0,0.25,0,0.535353535,0,RUSH
0.89941358,0,0,0.5,0,1,0,0,0.1,0,0.666666667,0,RUSH
0.901006944,0,0,0.5,1,0,0,0,0.25,0,0.414141414,0,RUSH
0.901111111,0,0,0.5,1,0,0,0,0.25,0,0.848484848,0,RUSH
0.90267094,0,0,0.5,1,0,0,0,0.45,0,0.454545455,0,PASS
0.902746914,0,0,0.558333333,1,0,0,0,0.25,0,0.707070707,0,RUSH
0.903055556,0,0,0.5,1,0,0,0,0.125,0,0.050505051,1,RUSH
0.903159722,0,0,0.441666667,0,1,0,0,0.2,0,0.151515152,1,RUSH
0.90462963,0,0,0.5,1,0,0,0,0.25,0,0.727272727,0,RUSH
0.905,0,0,0.5,1,0,0,0,0.225,0,0.090909091,1,RUSH
0.90517094,0,0,0.441666667,0,0,1,0,0.275,1,0.333333333,0,PASS
0.905198413,0,0,0.5,0,1,0,0,0.125,0,0.595959596,0,RUSH
0.905833333,0,0,0.5,1,0,0,0,0.25,0,0.898989899,0,PASS
0.906111111,0,0,0.5,1,0,0,0,0.25,0,0.646464646,0,PASS
0.907676768,0,0,0.5,1,0,0,0,0.25,0,0.242424242,0,RUSH
0.908194444,0,0,0.441666667,1,0,0,0,0.25,0,0.171717172,1,RUSH
0.909845679,0,0,0.5,0,0,1,0,0.175,1,0.818181818,0,PASS
0.910277778,0,0,0.5,1,0,0,0,0.25,0,0.373737374,0,PASS
0.910512821,0,0,0.5,0,1,0,0,0.05,0,0.101010101,1,RUSH
0.911150794,0,0,0.5,1,0,0,0,0.25,0,0.646464646,0,RUSH
0.911324786,0,0,0.441666667,0,1,0,0,0.275,0,0.333333333,0,PASS
0.912962963,0,0,0.558333333,0,0,1,0,0.1,0,0.808080808,0,PASS
0.913229167,0,0,0.441666667,0,0,1,0,0.125,0,0.292929293,0,PASS
0.915061728,0,0,0.5,0,1,0,0,0.175,0,0.818181818,0,PASS
0.915462963,0,0,0.5,0,0,1,0,0.2,1,0.121212121,1,PASS
0.916237374,0,0,0.5,0,0,1,0,0.125,0,0.353535354,0,PASS
0.917103175,0,0,0.5,0,1,0,0,0.15,0,0.767676768,0,PASS
0.917478632,0,0,0.441666667,1,0,0,0,0.25,0,0.323232323,0,RUSH
0.917970085,0,0,0.5,1,0,0,0,0.25,0,0.181818182,1,RUSH
0.918263889,0,0,0.441666667,0,1,0,0,0.25,0,0.343434343,0,PASS
0.919791667,0,0,0.5,1,0,0,0,0.125,0,0.050505051,1,RUSH
0.920092593,0,0,0.5,0,1,0,0,0.2,0,0.121212121,1,PASS
0.920277778,0,0,0.5,0,0,1,0,0.4,1,0.949494949,0,PASS
0.920277778,0,0,0.5,0,0,0,1,0.4,1,0.949494949,0,PUNT
0.920277778,0,0,0.5,1,0,0,0,0.25,0,0.848484848,0,RUSH
0.920751634,0,0,0.5,0,1,0,0,0.125,0,0.202020202,1,RUSH
0.921296296,0,0,0.5,0,1,0,0,0.4,0,0.949494949,0,PASS
0.922579365,0,0,0.475,0,0,0,1,0.025,0,0.505050505,0,PASS
0.923055556,0,0,0.5,1,0,0,0,0.25,0,0.808080808,0,RUSH
0.923179012,0,0,0.558333333,0,1,0,0,0.275,0,0.878787879,0,PASS
0.923298611,0,0,0.441666667,1,0,0,0,0.25,0,0.343434343,0,PASS
0.924722222,0,0,0.5,1,0,0,0,0.25,0,0.141414141,1,RUSH
0.92479798,0,0,0.5,0,1,0,0,0.125,0,0.353535354,0,PASS
0.925277778,0,0,0.5,0,0,0,1,0.125,0,0.262626263,0,PASS
0.92542735,0,0,0.5,0,0,1,0,0.125,0,0.242424242,0,PASS
0.925925926,0,0,0.5,1,0,0,0,0.4,0,0.949494949,0,PASS
0.927075163,0,0,0.5,1,0,0,0,0.25,0,0.252525253,0,RUSH
0.928333333,0,0,0.441666667,0,0,1,0,0.05,0,0.393939394,0,RUSH
0.929786325,0,0,0.441666667,1,0,0,0,0.25,0,0.444444444,0,RUSH
0.929880952,0,0,0.475,0,0,1,0,0.15,0,0.555555556,0,PASS
0.93150463,0,0,0.5,0,0,1,0,0.3,1,0.333333333,0,PASS
0.932884615,0,0,0.5,0,1,0,0,0.125,0,0.242424242,0,PASS
0.932916667,0,0,0.5,0,0,0,1,0.35,1,0.343434343,0,PUNT
0.933358586,0,0,0.5,1,0,0,0,0.25,0,0.404040404,0,RUSH
0.933368056,0,0,0.441666667,0,1,0,0,0.175,0,0.444444444,0,PASS
0.933398693,0,0,0.5,1,0,0,0,0.25,0,0.424242424,0,PASS
0.933487654,0,0,0.5,0,1,0,0,0.025,0,0.01010101,1,RUSH
0.934930556,0,0,0.5,0,1,0,0,0.225,0,0.141414141,1,RUSH
0.935198413,0,0,0.5,0,1,0,0,0.05,0,0.02020202,1,PASS
0.935940171,0,0,0.441666667,1,0,0,0,0.25,0,0.565656566,0,PASS
0.936764706,0,0,0.5,0,0,1,0,0.1,0,0.484848485,0,PASS
0.936979167,0,0,0.5,0,0,1,0,0.15,0,0.525252525,0,PASS
0.936979167,0,0,0.5,0,0,0,1,0.175,1,0.535353535,0,PUNT
0.93718254,0,0,0.475,0,1,0,0,0.25,0,0.595959596,0,RUSH
0.937731481,0,0,0.5,0,1,0,0,0.3,0,0.333333333,0,PASS
0.938402778,0,0,0.441666667,1,0,0,0,0.25,0,0.474747475,0,RUSH
0.938919753,0,0,0.5,1,0,0,0,0.075,0,0.03030303,1,RUSH
0.939722222,0,0,0.5,0,0,0,1,0.025,0,0.454545455,0,RUSH
0.94034188,0,0,0.5,1,0,0,0,0.25,0,0.292929293,0,RUSH
0.941919192,0,0,0.5,0,0,0,1,0.05,0,0.494949495,0,PASS
0.942094017,0,0,0.441666667,0,1,0,0,0.075,0,0.616161616,0,RUSH
0.9425,0,0,0.5,1,0,0,0,0.25,0,0.151515152,1,RUSH
0.9425,0,0,0.5,0,0,1,0,0.2,1,0.282828283,0,PASS
0.942539683,0,0,0.5,0,0,1,0,0.05,0,0.414141414,0,RUSH
0.942539683,0,0,0.5,0,0,0,1,0.075,0,0.424242424,0,PUNT
0.942847222,0,0,0.5,0,1,0,0,0.15,0,0.525252525,0,PASS
0.943088235,0,0,0.5,0,1,0,0,0.25,0,0.545454545,0,RUSH
0.943571429,0,0,0.5,1,0,0,0,0.05,0,0.02020202,1,RUSH
0.943611111,0,0,0.558333333,1,0,0,0,0.25,0,0.868686869,0,RUSH
0.943958333,0,0,0.5,1,0,0,0,0.25,0,0.313131313,0,RUSH
0.944166667,0,0,0.5,0,0,1,0,0.175,1,0.454545455,0,PASS
0.944166667,0,0,0.5,0,0,0,1,0.175,1,0.454545455,0,PUNT
0.944484127,0,0,0.475,1,0,0,0,0.25,0,0.595959596,0,PASS
0.947708333,0,0,0.475,0,0,1,0,0.075,0,0.555555556,0,RUSH
0.947708333,0,0,0.475,0,0,0,1,0.025,0,0.535353535,0,PUNT
0.947799145,0,0,0.5,0,0,1,0,0.175,1,0.454545455,0,PASS
0.947962963,0,0,0.5,0,0,1,0,0.075,0,0.676767677,0,PASS
0.947962963,0,0,0.5,0,0,0,1,0.075,0,0.676767677,0,PUNT
0.948125,0,0,0.5,0,0,1,0,0.25,1,0.656565657,0,RUSH
0.948125,0,0,0.5,0,0,0,1,0.15,0,0.616161616,0,PUNT
0.948247863,0,0,0.441666667,1,0,0,0,0.25,0,0.686868687,0,RUSH
0.948472222,0,0,0.441666667,0,1,0,0,0.1,0,0.626262626,0,PASS
0.948715278,0,0,0.5,1,0,0,0,0.25,0,0.565656566,0,RUSH
0.949411765,0,0,0.5,1,0,0,0,0.25,0,0.545454545,0,PASS
0.949722222,0,0,0.5,0,1,0,0,0.05,0,0.414141414,0,RUSH
0.949783951,0,0,0.5,0,0,1,0,0.075,0,0.070707071,1,PASS
0.950069444,0,0,0.5,0,0,1,0,0.1,0,0.626262626,0,PASS
0.950185185,0,0,0.5,0,1,0,0,0.025,0,0.343434343,0,RUSH
0.950479798,0,0,0.5,0,0,1,0,0.075,0,0.505050505,0,PASS
0.951785714,0,0,0.475,0,0,1,0,0.025,0,0.616161616,0,RUSH
0.952083333,0,0,0.5,0,1,0,0,0.225,0,0.292929293,0,RUSH
0.952142857,0,0,0.5,0,1,0,0,0.175,0,0.454545455,0,PASS
0.953506944,0,0,0.441666667,1,0,0,0,0.25,0,0.686868687,0,RUSH
0.954401709,0,0,0.441666667,0,1,0,0,0.15,0,0.777777778,0,PASS
0.954513889,0,0,0.5,0,1,0,0,0.1,0,0.404040404,0,PASS
0.954583333,0,0,0.5,0,0,1,0,0.175,1,0.696969697,0,PASS
0.955216049,0,0,0.5,0,1,0,0,0.075,0,0.070707071,1,PASS
0.95525641,0,0,0.5,0,1,0,0,0.175,0,0.454545455,0,RUSH
0.95537037,0,0,0.5,0,0,1,0,0.025,0,0.676767677,0,PASS
0.95537037,0,0,0.5,0,0,0,1,0.025,0,0.676767677,0,PUNT
0.955416667,0,0,0.5,0,1,0,0,0.25,0,0.656565657,0,PASS
0.955735294,0,0,0.5,0,0,0,1,0.025,0,0.555555556,0,RUSH
0.956203704,0,0,0.5,0,1,0,0,0.15,0,0.707070707,0,RUSH
0.956412037,0,0,0.5,1,0,0,0,0.25,0,0.434343434,0,PASS
0.956904762,0,0,0.5,1,0,0,0,0.25,0,0.494949495,0,PASS
0.957083333,0,0,0.475,0,1,0,0,0.275,0,0.636363636,0,PASS
0.957638889,0,0,0.5,0,1,0,0,0.075,0,0.616161616,0,PASS
0.958541667,0,0,0.441666667,0,0,1,0,0.025,0,0.696969697,0,RUSH
0.959040404,0,0,0.5,0,1,0,0,0.35,0,0.616161616,0,PASS
0.959087302,0,0,0.475,0,1,0,0,0.1,0,0.646464646,0,RUSH
0.959861111,0,0,0.5,1,0,0,0,0.25,0,0.464646465,0,RUSH
0.960119048,0,0,0.5,1,0,0,0,0.25,0,0.484848485,0,RUSH
0.960451389,0,0,0.5,0,1,0,0,0.275,0,0.737373737,0,RUSH
0.960555556,0,0,0.441666667,1,0,0,0,0.25,0,0.818181818,0,RUSH
0.960648148,0,0,0.5,1,0,0,0,0.25,0,0.141414141,1,PASS
0.961666667,0,0,0.5,1,0,0,0,0.25,0,0.303030303,0,RUSH
0.962058824,0,0,0.5,0,0,1,0,0.2,1,0.626262626,0,RUSH
0.962638889,0,0,0.5,0,0,1,0,0.225,1,0.545454545,0,PASS
0.962708333,0,0,0.5,1,0,0,0,0.25,0,0.656565657,0,RUSH
0.962713675,0,0,0.5,1,0,0,0,0.25,0,0.484848485,0,RUSH
0.963240741,0,0,0.5,0,1,0,0,0.075,0,0.696969697,0,RUSH
0.963333333,0,0,0.5,0,0,1,0,0.3,1,0.858585859,0,PASS
0.963333333,0,0,0.5,0,0,0,1,0.3,1,0.858585859,0,PUNT
0.963576389,0,0,0.441666667,0,1,0,0,0.25,0,0.787878788,0,RUSH
0.964087302,0,0,0.5,0,0,0,1,0.025,0,0.656565657,0,PASS
0.964444444,0,0,0.5,1,0,0,0,0.25,0,0.747474747,0,PASS
0.965208333,0,0,0.5,0,1,0,0,0.05,0,0.565656566,0,PASS
0.965208333,0,0,0.5,1,0,0,0,0.25,0,0.686868687,0,RUSH
0.965396825,0,0,0.5,1,0,0,0,0.25,0,0.494949495,0,PASS
0.966080247,0,0,0.5,0,0,1,0,0.025,0,0.171717172,1,RUSH
0.966319444,0,0,0.5,1,0,0,0,0.25,0,0.727272727,0,RUSH
0.966388889,0,0,0.475,1,0,0,0,0.25,0,0.707070707,0,PASS
0.966458333,0,0,0.475,1,0,0,0,0.25,0,0.626262626,0,RUSH
0.968055556,0,0,0.5,1,0,0,0,0.25,0,0.686868687,0,PASS
0.968095238,0,0,0.5,1,0,0,0,0.25,0,0.646464646,0,RUSH
0.968382353,0,0,0.5,0,1,0,0,0.2,0,0.626262626,0,PASS
0.968611111,0,0,0.441666667,1,0,0,0,0.25,0,0.787878788,0,PASS
0.968865741,0,0,0.5,0,1,0,0,0.25,0,0.555555556,0,PASS
0.97017094,0,0,0.5,0,1,0,0,0.05,0,0.565656566,0,RUSH
0.970555556,0,0,0.5,1,0,0,0,0.25,0,0.646464646,0,RUSH
0.970555556,0,0,0.5,1,0,0,0,0.25,0,0.505050505,0,RUSH
0.971111111,0,0,0.5,1,0,0,0,0.25,0,0.767676768,0,RUSH
0.971269841,0,0,0.5,0,0,1,0,0.025,0,0.656565657,0,RUSH
0.971512346,0,0,0.5,0,1,0,0,0.1,0,0.202020202,1,RUSH
0.9721875,0,0,0.5,0,1,0,0,0.25,0,0.878787879,0,RUSH
0.972777778,0,0,0.5,1,0,0,0,0.25,0,0.848484848,0,RUSH
0.973769841,0,0,0.5,0,0,1,0,0.025,0,0.515151515,0,RUSH
0.974705882,0,0,0.5,1,0,0,0,0.25,0,0.646464646,0,RUSH
0.975092593,0,0,0.5,1,0,0,0,0.25,0,0.555555556,0,PASS
0.975833333,0,0,0.475,1,0,0,0,0.25,0,0.757575758,0,RUSH
0.976041667,0,0,0.5,0,0,1,0,0.15,0,0.757575758,0,PASS
0.976071429,0,0,0.5,0,0,1,0,0.35,1,0.797979798,0,PASS
0.976161616,0,0,0.5,1,0,0,0,0.25,0,0.575757576,0,RUSH
0.976944444,0,0,0.5,0,0,1,0,0.225,1,0.747474747,0,PASS
0.976944444,0,0,0.5,0,0,0,1,0.1,0,0.696969697,0,PUNT
0.976944444,0,0,0.5,1,0,0,0,0.25,0,0.262626263,0,RUSH
0.977628205,0,0,0.5,1,0,0,0,0.25,0,0.646464646,0,RUSH
0.977916667,0,0,0.5,0,0,1,0,0.225,1,0.737373737,0,PASS
0.978055556,0,0,0.5,1,0,0,0,0.25,0,0.878787879,0,PASS
0.978452381,0,0,0.5,0,1,0,0,0.25,0,0.747474747,0,RUSH
0.980833333,0,0,0.5,1,0,0,0,0.25,0,0.555555556,0,RUSH
0.981029412,0,0,0.5,0,0,1,0,0.15,0,0.717171717,0,PASS
0.981319444,0,0,0.5,0,1,0,0,0.225,0,0.656565657,0,RUSH
0.981666667,0,0,0.5,0,1,0,0,0.15,0,0.797979798,0,RUSH
0.982142857,0,0,0.5,0,1,0,0,0.2,0,0.585858586,0,RUSH
0.982878788,0,0,0.5,0,1,0,0,0.05,0,0.808080808,0,PASS
0.984027778,0,0,0.5,0,1,0,0,0.2,0,0.777777778,0,RUSH
0.984047619,0,0,0.5,0,1,0,0,0.175,0,0.727272727,0,RUSH
0.98462963,0,0,0.5,0,1,0,0,0.25,0,0.757575758,0,RUSH
0.984722222,0,0,0.5,1,0,0,0,0.25,0,0.747474747,0,PASS
0.98508547,0,0,0.5,0,1,0,0,0.275,0,0.767676768,0,PASS
0.985277778,0,0,0.5,0,1,0,0,0.225,0,0.737373737,0,RUSH
0.985634921,0,0,0.5,1,0,0,0,0.375,0,0.797979798,0,PASS
0.987352941,0,0,0.5,0,1,0,0,0.175,0,0.727272727,0,RUSH
0.987546296,0,0,0.5,1,0,0,0,0.25,0,0.666666667,0,RUSH
0.990416667,0,0,0.5,1,0,0,0,0.25,0,0.707070707,0,PASS
0.990515873,0,0,0.5,1,0,0,0,0.25,0,0.606060606,0,RUSH
0.990833333,0,0,0.5,1,0,0,0,0.25,0,0.838383838,0,PASS
0.991439394,0,0,0.5,1,0,0,0,0.25,0,0.888888889,0,RUSH
0.992013889,0,0,0.5,1,0,0,0,0.25,0,0.797979798,0,RUSH
0.99202381,0,0,0.5,1,0,0,0,0.25,0,0.757575758,0,RUSH
0.992314815,0,0,0.5,1,0,0,0,0.25,0,0.757575758,0,PASS
0.992542735,0,0,0.5,1,0,0,0,0.25,0,0.757575758,0,RUSH
0.992638889,0,0,0.5,1,0,0,0,0.25,0,0.747474747,0,RUSH
0.993676471,0,0,0.5,1,0,0,0,0.25,0,0.757575758,0,RUSH
0.993773148,0,0,0.5,1,0,0,0,0.25,0,0.787878788,0,RUSH
0.998611111,0,0,0.5,1,0,0,0,0.25,0,0.757575758,0,RUSH
0.998888889,0,0,0.5,1,0,0,0,0.25,0,0.727272727,0,PASS