Game Clock,2min Warning,Late Game,Lead,d1,d2,d3,d4,Distance,LateLong,Spot,isRedZone,Play Type
0.994503968,0,0,0.5,1,0,0,0,0.25,0,0.757575758,0,PASS
0.989007937,0,0,0.5,0,1,0,0,0.125,0,0.707070707,0,RUSH
0.983511905,0,0,0.5,0,0,1,0,0.05,0,0.676767677,0,PASS
0.978015873,0,0,0.5,1,0,0,0,0.25,0,0.616161616,0,RUSH
0.972519841,0,0,0.5,0,1,0,0,0.15,0,0.575757576,0,PASS
0.96702381,0,0,0.5,0,0,1,0,0.15,0,0.575757576,0,PASS
0.961527778,0,0,0.5,1,0,0,0,0.25,0,0.484848485,0,RUSH
0.956031746,0,0,0.5,0,1,0,0,0.15,0,0.444444444,0,PASS
0.950535714,0,0,0.5,1,0,0,0,0.25,0,0.373737374,0,PASS
0.945039683,0,0,0.5,0,1,0,0,0.2,0,0.353535354,0,PASS
0.934047619,0,0,0.5,1,0,0,0,0.375,0,0.252525253,0,PASS
0.928551587,0,0,0.5,0,1,0,0,0.325,0,0.232323232,0,PASS
0.923055556,0,0,0.5,0,0,1,0,0.325,1,0.232323232,0,RUSH
0.917559524,0,0,0.5,0,0,0,1,0.4,1,0.262626263,0,FIELD_GOAL
0.8375,0,0,0.5,1,0,0,0,0.25,0,0.757575758,0,PASS
0.827388889,0,0,0.5,1,0,0,0,0.25,0,0.646464646,0,RUSH
0.822333333,0,0,0.5,0,1,0,0,0.15,0,0.606060606,0,RUSH
0.817277778,0,0,0.5,0,0,1,0,0.1,0,0.585858586,0,PASS
0.817277778,0,0,0.5,0,0,0,1,0.1,0,0.585858586,0,PUNT
0.780555556,0,0,0.5,1,0,0,0,0.25,0,0.757575758,0,PASS
0.775111111,0,0,0.5,1,0,0,0,0.25,0,0.565656566,0,RUSH
0.769666667,0,0,0.5,0,1,0,0,0.15,0,0.525252525,0,PASS
0.764222222,0,0,0.5,0,0,1,0,0.15,0,0.525252525,0,PASS
0.758777778,0,0,0.5,1,0,0,0,0.25,0,0.424242424,0,RUSH
0.747888889,0,0,0.5,1,0,0,0,0.125,0,0.151515152,1,PASS
0.75,0,0,0.5,1,0,0,0,0.15,0,0.060606061,1,PASS
0.744555556,0,0,0.5,0,1,0,0,0.15,0,0.060606061,1,RUSH
0.739111111,0,0,0.5,0,0,1,0,0.025,0,0.01010101,1,RUSH
0.7275,0,0,0.5,0,0,0,1,0.275,1,0.111111111,1,FIELD_GOAL
0.6975,0,0,0.521428571,1,0,0,0,0.25,0,0.727272727,0,RUSH
0.689537037,0,0,0.521428571,0,1,0,0,0.325,0,0.757575758,0,PASS
0.681574074,0,0,0.521428571,0,0,1,0,0.325,1,0.757575758,0,RUSH
0.681574074,0,0,0.521428571,0,0,0,1,0.475,1,0.818181818,0,PUNT
0.646944444,0,0,0.521428571,1,0,0,0,0.25,0,0.949494949,0,RUSH
0.637222222,0,0,0.521428571,0,1,0,0,0.125,0,0.898989899,0,PASS
0.6275,0,0,0.521428571,0,0,1,0,0.025,0,0.858585859,0,RUSH
0.6275,0,0,0.521428571,0,0,0,1,0.05,0,0.868686869,0,PUNT
0.588611111,0,0,0.5,1,0,0,0,0.25,0,0.777777778,0,PASS
0.584222222,0,0,0.5,0,1,0,0,0.075,0,0.707070707,0,PASS
0.575444444,0,0,0.5,1,0,0,0,0.25,0,0.585858586,0,PASS
0.571055556,0,0,0.5,0,1,0,0,0.25,0,0.585858586,0,PASS
0.566666667,0,0,0.5,0,0,1,0,0.25,1,0.585858586,0,PASS
0.566666667,0,0,0.5,0,0,0,1,0.25,1,0.585858586,0,PUNT
0.547777778,0,0,0.5,1,0,0,0,0.25,0,0.727272727,0,PASS
0.542638889,0,0,0.5,0,1,0,0,0.1,0,0.666666667,0,PASS
0.5375,0,0,0.5,0,0,1,0,0.1,0,0.666666667,0,PASS
0.532361111,1,0,0.5,1,0,0,0,0.25,0,0.606060606,0,RUSH
0.527222222,1,0,0.5,1,0,0,0,0.25,0,0.424242424,0,RUSH
0.522083333,1,0,0.5,0,1,0,0,0.025,0,0.333333333,0,PASS
0.437777778,0,0,0.528571429,1,0,0,0,0.25,0,0.808080808,0,PASS
0.433440171,0,0,0.528571429,0,1,0,0,0.125,0,0.757575758,0,PASS
0.429102564,0,0,0.528571429,1,0,0,0,0.25,0,0.686868687,0,RUSH
0.424764957,0,0,0.528571429,0,1,0,0,0.15,0,0.646464646,0,PASS
0.409444444,0,0,0.528571429,0,0,1,0,0.175,1,0.656565657,0,PASS
0.405106838,0,0,0.528571429,1,0,0,0,0.25,0,0.474747475,0,PASS
0.400769231,0,0,0.528571429,1,0,0,0,0.25,0,0.353535354,0,RUSH
0.396431624,0,0,0.528571429,0,1,0,0,0.275,0,0.363636364,0,PASS
0.392094017,0,0,0.528571429,0,0,1,0,0.275,1,0.363636364,0,PASS
0.38775641,0,0,0.528571429,1,0,0,0,0.25,0,0.242424242,0,PASS
0.383418803,0,0,0.528571429,0,1,0,0,0.25,0,0.242424242,0,PASS
0.379081197,0,0,0.528571429,1,0,0,0,0.2,0,0.080808081,1,RUSH
0.37474359,0,0,0.528571429,0,1,0,0,0.25,0,0.101010101,1,PASS
0.341388889,0,0,0.528571429,1,0,0,0,0.25,0,0.818181818,0,PASS
0.338009259,0,0,0.528571429,0,1,0,0,0.225,0,0.808080808,0,PASS
0.33125,0,0,0.528571429,1,0,0,0,0.25,0,0.555555556,0,PASS
0.32787037,0,0,0.528571429,0,1,0,0,0.25,0,0.555555556,0,PASS
0.324490741,0,0,0.528571429,0,0,1,0,0.25,1,0.555555556,0,RUSH
0.324490741,0,0,0.528571429,0,0,0,1,0.475,1,0.646464646,0,PUNT
0.298611111,0,0,0.528571429,1,0,0,0,0.25,0,0.515151515,0,PASS
0.291574074,0,0,0.528571429,0,1,0,0,0.25,0,0.515151515,0,RUSH
0.284537037,0,0,0.528571429,0,0,1,0,0.575,1,0.646464646,0,RUSH
0.284537037,0,0,0.528571429,0,0,0,1,0.45,1,0.595959596,0,PUNT
0.217777778,0,0,0.528571429,1,0,0,0,0.25,0,0.787878788,0,PASS
0.213634259,0,0,0.528571429,0,1,0,0,0.15,0,0.747474747,0,PASS
0.209490741,0,0,0.528571429,1,0,0,0,0.25,0,0.525252525,0,PASS
0.205347222,0,0,0.528571429,1,0,0,0,0.25,0,0.393939394,0,PASS
0.201203704,0,0,0.528571429,0,1,0,0,0.025,0,0.303030303,0,PASS
0.197060185,0,0,0.528571429,0,0,1,0,0.025,0,0.303030303,0,PASS
0.192916667,0,0,0.528571429,1,0,0,0,0.25,0,0.292929293,0,PASS
0.188773148,0,0,0.528571429,0,1,0,0,0.025,0,0.202020202,1,PASS
0.18462963,0,0,0.528571429,0,0,1,0,0.025,0,0.202020202,1,RUSH
0.176342593,0,0,0.528571429,1,0,0,0,0.05,0,0.02020202,1,RUSH
0.172199074,0,0,0.528571429,0,1,0,0,0.275,0,0.111111111,1,RUSH
0.135555556,0,0,0.578571429,1,0,0,0,0.25,0,0.707070707,0,RUSH
0.12968254,0,0,0.578571429,0,1,0,0,0.15,0,0.666666667,0,PASS
0.123809524,0,0,0.578571429,1,0,0,0,0.25,0,0.363636364,0,PASS
0.117936508,0,0,0.578571429,1,0,0,0,0.25,0,0.161616162,1,PASS
0.112063492,0,1,0.578571429,0,1,0,0,0.2,0,0.141414141,1,PASS
0.106190476,0,1,0.578571429,0,0,1,0,0.075,0,0.090909091,1,PASS
0.10031746,0,1,0.578571429,1,0,0,0,0.075,0,0.03030303,1,PASS
0.066388889,0,1,0.628571429,1,0,0,0,0.25,0,0.434343434,0,PASS
0.062,0,1,0.628571429,1,0,0,0,0.25,0,0.333333333,0,PASS
0.053222222,0,1,0.628571429,0,1,0,0,0.5,0,0.434343434,0,PASS
0.048833333,0,1,0.628571429,0,0,1,0,0.025,0,0.242424242,0,RUSH
0.044444444,0,1,0.628571429,1,0,0,0,0.25,0,0.222222222,0,PASS
0.995185185,0,0,0.5,1,0,0,0,0.25,0,0.636363636,0,PASS
0.99037037,0,0,0.5,1,0,0,0,0.25,0,0.454545455,0,RUSH
0.985555556,0,0,0.5,0,1,0,0,0.175,0,0.424242424,0,PASS
0.945555556,0,0,0.55,1,0,0,0,0.25,0,0.595959596,0,PASS
0.940138889,0,0,0.55,0,1,0,0,0.25,0,0.595959596,0,PASS
0.934722222,0,0,0.55,0,0,1,0,0.275,1,0.606060606,0,PASS
0.929305556,0,0,0.55,1,0,0,0,0.25,0,0.262626263,0,PASS
0.918472222,0,0,0.55,1,0,0,0,0.375,0,0.171717172,1,PASS
0.913055556,0,0,0.55,0,1,0,0,0.2,0,0.101010101,1,RUSH
0.907638889,0,0,0.55,0,0,1,0,0.075,0,0.050505051,1,RUSH
0.902222222,0,0,0.55,1,0,0,0,0.025,0,0.01010101,1,RUSH
0.892407407,0,0,0.55,1,0,0,0,0.5,0,0.878787879,0,RUSH
0.886203704,0,0,0.55,0,1,0,0,0.375,0,0.828282828,0,PASS
0.88,0,0,0.55,0,0,1,0,0.2,1,0.757575758,0,RUSH
0.873796296,0,0,0.55,1,0,0,0,0.25,0,0.636363636,0,PASS
0.867592593,0,0,0.55,0,1,0,0,0.075,0,0.565656566,0,RUSH
0.861388889,0,0,0.55,0,0,1,0,0.05,0,0.555555556,0,RUSH
0.855185185,0,0,0.55,1,0,0,0,0.25,0,0.515151515,0,PASS
0.848981481,0,0,0.55,1,0,0,0,0.25,0,0.393939394,0,RUSH
0.842777778,0,0,0.55,0,1,0,0,0.225,0,0.383838384,0,RUSH
0.83037037,0,0,0.55,1,0,0,0,0.5,0,0.383838384,0,RUSH
0.824166667,0,0,0.55,0,1,0,0,0.475,0,0.373737374,0,PASS
0.817962963,0,0,0.55,0,0,1,0,0.175,1,0.252525253,0,PASS
0.820277778,0,0,0.6,1,0,0,0,0.25,0,0.262626263,0,PASS
0.81625,0,0,0.6,0,1,0,0,0.05,0,0.181818182,1,RUSH
0.777222222,0,0,0.65,1,0,0,0,0.25,0,0.868686869,0,PASS
0.769722222,0,0,0.65,0,1,0,0,0.25,0,0.868686869,0,PASS
0.762222222,0,0,0.65,0,0,1,0,0.1,0,0.808080808,0,RUSH
0.756666667,0,0,0.65,0,0,0,1,0.025,0,0.777777778,0,PUNT
0.736944444,0,0,0.65,1,0,0,0,0.25,0,0.626262626,0,PASS
0.728277778,0,0,0.65,0,1,0,0,0.225,0,0.616161616,0,PASS
0.719611111,0,0,0.65,1,0,0,0,0.25,0,0.515151515,0,RUSH
0.710944444,0,0,0.65,0,1,0,0,0.075,0,0.444444444,0,RUSH
0.693611111,0,0,0.65,0,0,1,0,0.475,1,0.606060606,0,RUSH
0.693611111,0,0,0.65,0,0,0,1,0.225,1,0.505050505,0,PUNT
0.672777778,0,0,0.65,1,0,0,0,0.25,0,0.949494949,0,PASS
0.666851852,0,0,0.65,1,0,0,0,0.25,0,0.808080808,0,RUSH
0.660925926,0,0,0.65,0,1,0,0,0.125,0,0.757575758,0,RUSH
0.655,0,0,0.65,0,0,1,0,0.075,0,0.737373737,0,PASS
0.649074074,0,0,0.65,1,0,0,0,0.25,0,0.606060606,0,PASS
0.643148148,0,0,0.65,0,1,0,0,0.25,0,0.606060606,0,PASS
0.625277778,0,0,0.7,1,0,0,0,0.25,0,0.575757576,0,RUSH
0.621666667,0,0,0.7,0,1,0,0,0.2,0,0.555555556,0,PASS
0.618055556,0,0,0.7,0,0,1,0,0.2,1,0.555555556,0,PASS
0.614444444,0,0,0.7,1,0,0,0,0.2,0,0.080808081,1,PASS
0.610833333,0,0,0.7,0,1,0,0,0.2,0,0.080808081,1,RUSH
0.607222222,0,0,0.7,0,0,1,0,0.15,0,0.060606061,1,PASS
0.6,0,0,0.7,0,0,0,1,0.275,1,0.111111111,1,FIELD_GOAL
0.57,0,0,0.721428571,1,0,0,0,0.25,0,0.96969697,0,PASS
0.565192308,0,0,0.721428571,0,1,0,0,0.25,0,0.96969697,0,PASS
0.560384615,0,0,0.721428571,0,0,1,0,0.25,1,0.96969697,0,RUSH
0.555576923,0,0,0.721428571,1,0,0,0,0.25,0,0.858585859,0,PASS
0.550769231,0,0,0.721428571,0,1,0,0,0.25,0,0.858585859,0,PASS
0.545961538,0,0,0.721428571,1,0,0,0,0.25,0,0.747474747,0,RUSH
0.541153846,0,0,0.721428571,0,1,0,0,0.15,0,0.707070707,0,PASS
0.536346154,0,0,0.721428571,1,0,0,0,0.25,0,0.505050505,0,RUSH
0.531538462,1,0,0.721428571,1,0,0,0,0.25,0,0.313131313,0,RUSH
0.526730769,1,0,0.721428571,1,0,0,0,0.225,0,0.090909091,1,RUSH
0.517115385,1,0,0.721428571,1,0,0,0,0.1,0,0.04040404,1,RUSH
0.512307692,1,0,0.721428571,0,1,0,0,0.05,0,0.02020202,1,RUSH
0.458541667,0,0,0.771428571,1,0,0,0,0.25,0,0.909090909,0,PASS
0.454583333,0,0,0.771428571,0,1,0,0,0.075,0,0.838383838,0,PASS
0.446666667,0,0,0.771428571,1,0,0,0,0.25,0,0.656565657,0,PASS
0.442708333,0,0,0.771428571,1,0,0,0,0.25,0,0.525252525,0,PASS
0.43875,0,0,0.771428571,0,1,0,0,0.025,0,0.434343434,0,PASS
0.434791667,0,0,0.771428571,1,0,0,0,0.25,0,0.393939394,0,PASS
0.430833333,0,0,0.771428571,0,1,0,0,0.275,0,0.404040404,0,PASS
0.408333333,0,0,0.771428571,1,0,0,0,0.25,0,0.464646465,0,PASS
0.405092593,0,0,0.771428571,0,1,0,0,0.25,0,0.464646465,0,PASS
0.401851852,0,0,0.771428571,0,0,1,0,0.25,1,0.464646465,0,PASS
0.401851852,0,0,0.771428571,0,0,0,1,0.25,1,0.464646465,0,PUNT
0.390833333,0,0,0.785714286,1,0,0,0,0.125,0,0.050505051,1,RUSH
0.296944444,0,0,0.835714286,1,0,0,0,0.25,0,0.666666667,0,RUSH
0.29287037,0,0,0.835714286,1,0,0,0,0.25,0,0.282828283,0,RUSH
0.288796296,0,0,0.835714286,0,1,0,0,0.125,0,0.232323232,0,PASS
0.236944444,0,0,0.885714286,1,0,0,0,0.25,0,0.727272727,0,RUSH
0.232314815,0,0,0.885714286,0,1,0,0,0.025,0,0.636363636,0,RUSH
0.223055556,0,0,0.885714286,1,0,0,0,0.25,0,0.545454545,0,RUSH
0.218425926,0,0,0.885714286,1,0,0,0,0.25,0,0.404040404,0,PASS
0.213796296,0,0,0.885714286,1,0,0,0,0.25,0,0.282828283,0,PASS
0.125,0,0,0.842857143,1,0,0,0,0.25,0,0.636363636,0,PASS
0.120722222,0,0,0.842857143,1,0,0,0,0.25,0,0.494949495,0,PASS
0.116444444,0,1,0.842857143,0,1,0,0,0.25,0,0.494949495,0,PASS
0.107888889,0,1,0.842857143,1,0,0,0,0.25,0,0.232323232,0,PASS
0.06,0,1,0.842857143,1,0,0,0,0.25,0,0.868686869,0,RUSH
0.055972222,0,1,0.842857143,1,0,0,0,0.25,0,0.707070707,0,RUSH
0.0175,1,1,0.842857143,1,0,0,0,0.25,0,0.101010101,1,RUSH
0.00875,1,1,0.842857143,0,1,0,0,0.3,0,0.121212121,1,RUSH
0.996805556,0,0,0.5,1,0,0,0,0.25,0,0.757575758,0,RUSH
0.993611111,0,0,0.5,1,0,0,0,0.25,0,0.646464646,0,PASS
0.990416667,0,0,0.5,0,1,0,0,0.25,0,0.646464646,0,PASS
0.987222222,0,0,0.5,0,0,1,0,0.25,1,0.646464646,0,PASS
0.984027778,0,0,0.5,1,0,0,0,0.25,0,0.535353535,0,PASS
0.980833333,0,0,0.5,0,1,0,0,0.175,0,0.505050505,0,PASS
0.931666667,0,0,0.55,1,0,0,0,0.25,0,0.737373737,0,PASS
0.925333333,0,0,0.55,0,1,0,0,0.05,0,0.656565657,0,PASS
0.919,0,0,0.55,1,0,0,0,0.25,0,0.515151515,0,RUSH
0.912666667,0,0,0.55,0,1,0,0,0.225,0,0.505050505,0,PASS
0.906333333,0,0,0.55,1,0,0,0,0.25,0,0.414141414,0,RUSH
0.9,0,0,0.55,0,1,0,0,0.35,0,0.454545455,0,PASS
0.893666667,0,0,0.55,0,0,1,0,0.175,1,0.383838384,0,RUSH
0.887333333,0,0,0.55,1,0,0,0,0.25,0,0.292929293,0,RUSH
0.881,0,0,0.55,0,1,0,0,0.3,0,0.313131313,0,PASS
0.874666667,0,0,0.55,0,0,1,0,0.3,1,0.313131313,0,PASS
0.845,0,0,0.55,1,0,0,0,0.25,0,0.505050505,0,RUSH
0.838240741,0,0,0.55,0,1,0,0,0.275,0,0.515151515,0,PASS
0.824722222,0,0,0.55,1,0,0,0,0.375,0,0.252525253,0,PASS
0.817962963,0,0,0.55,0,1,0,0,0.275,0,0.212121212,0,PASS
0.811203704,0,0,0.55,0,0,1,0,0.275,1,0.212121212,0,RUSH
0.804444444,0,0,0.55,0,0,0,1,0.3,1,0.222222222,0,FIELD_GOAL
0.709722222,0,0,0.571428571,1,0,0,0,0.25,0,0.808080808,0,PASS
0.704722222,0,0,0.571428571,1,0,0,0,0.25,0,0.676767677,0,RUSH
0.699722222,0,0,0.571428571,0,1,0,0,0.15,0,0.636363636,0,PASS
0.694722222,0,0,0.571428571,1,0,0,0,0.25,0,0.494949495,0,PASS
0.655,0,0,0.571428571,1,0,0,0,0.25,0,0.363636364,0,PASS
0.649097222,0,0,0.571428571,1,0,0,0,0.325,0,0.393939394,0,PASS
0.643194444,0,0,0.571428571,0,1,0,0,0.325,0,0.393939394,0,PASS
0.631388889,0,0,0.571428571,0,0,1,0,0.425,1,0.434343434,0,PASS
0.625486111,0,0,0.571428571,0,0,0,1,0.55,1,0.484848485,0,PUNT
0.601111111,0,0,0.571428571,1,0,0,0,0.25,0,0.656565657,0,PASS
0.594444444,0,0,0.571428571,0,1,0,0,0.175,0,0.626262626,0,PASS
0.587777778,0,0,0.571428571,0,0,1,0,0.175,1,0.626262626,0,PASS
0.581111111,0,0,0.571428571,1,0,0,0,0.25,0,0.464646465,0,RUSH
0.574444444,0,0,0.571428571,0,1,0,0,0.475,0,0.555555556,0,PASS
0.567777778,0,0,0.571428571,0,0,1,0,0.425,1,0.535353535,0,PASS
0.567777778,0,0,0.571428571,0,0,0,1,0.425,1,0.535353535,0,PUNT
0.515555556,1,0,0.571428571,1,0,0,0,0.625,0,0.838383838,0,PASS
0.510277778,1,0,0.571428571,0,1,0,0,0.425,0,0.757575758,0,PASS
0.505,1,0,0.571428571,0,0,1,0,0.425,1,0.757575758,0,RUSH
0.509444444,1,0,0.571428571,0,0,0,1,0.5,1,0.787878788,0,PUNT
0.454880952,0,0,0.571428571,1,0,0,0,0.375,0,0.494949495,0,RUSH
0.448095238,0,0,0.571428571,0,1,0,0,0.275,0,0.454545455,0,PASS
0.441309524,0,0,0.571428571,0,0,1,0,0.075,0,0.373737374,0,PASS
0.43452381,0,0,0.571428571,1,0,0,0,0.25,0,0.292929293,0,RUSH
0.427738095,0,0,0.571428571,0,1,0,0,0.225,0,0.282828283,0,PASS
0.420952381,0,0,0.571428571,0,0,1,0,0.225,1,0.282828283,0,RUSH
0.414166667,0,0,0.571428571,0,0,0,1,0.325,1,0.323232323,0,FIELD_GOAL
0.353055556,0,0,0.55,1,0,0,0,0.25,0,0.757575758,0,PASS
0.347592593,0,0,0.55,0,1,0,0,0.25,0,0.757575758,0,RUSH
0.34212963,0,0,0.55,0,0,1,0,0.275,1,0.767676768,0,PASS
0.34212963,0,0,0.55,0,0,0,1,0.275,1,0.767676768,0,PUNT
0.321111111,0,0,0.55,1,0,0,0,0.25,0,0.757575758,0,PASS
0.313796296,0,0,0.55,0,1,0,0,0.375,0,0.808080808,0,RUSH
0.306481481,0,0,0.55,0,0,1,0,0.2,1,0.737373737,0,PASS
0.306481481,0,0,0.55,0,0,0,1,0.2,1,0.737373737,0,PUNT
0.258333333,0,0,0.55,1,0,0,0,0.25,0,0.525252525,0,RUSH
0.255347222,0,0,0.55,0,1,0,0,0.05,0,0.444444444,0,PASS
0.25,0,0,0.55,0,0,1,0,0.05,0,0.444444444,0,PASS
0.247013889,0,0,0.55,0,0,0,1,0.05,0,0.444444444,0,PASS
0.206388889,0,0,0.55,1,0,0,0,0.25,0,0.616161616,0,PASS
0.200555556,0,0,0.55,0,1,0,0,0.25,0,0.616161616,0,PASS
0.194722222,0,0,0.55,0,0,1,0,0.25,1,0.616161616,0,RUSH
0.194722222,0,0,0.55,0,0,0,1,0.575,1,0.747474747,0,PUNT
0.107777778,0,1,0.5,1,0,0,0,0.25,0,0.757575758,0,PASS
0.102839506,0,1,0.5,0,1,0,0,0.275,0,0.767676768,0,PASS
0.097901235,0,1,0.5,0,0,1,0,0.025,0,0.666666667,0,RUSH
0.092962963,0,1,0.5,1,0,0,0,0.25,0,0.656565657,0,RUSH
0.088024691,0,1,0.5,1,0,0,0,0.25,0,0.494949495,0,PASS
0.08308642,0,1,0.5,0,1,0,0,0.25,0,0.494949495,0,PASS
0.078148148,0,1,0.5,1,0,0,0,0.25,0,0.151515152,1,RUSH
0.068271605,0,1,0.5,0,1,0,0,0.4,0,0.212121212,0,RUSH
0.063333333,0,1,0.5,0,0,1,0,0.35,1,0.191919192,1,PASS
0.055833333,0,1,0.55,1,0,0,0,0.25,0,0.353535354,0,RUSH
0.053722222,0,1,0.55,1,0,0,0,0.25,0,0.212121212,0,RUSH
0.05,0,1,0.55,0,1,0,0,0.25,0,0.212121212,0,RUSH
0.048611111,0,1,0.55,0,0,1,0,0.225,1,0.202020202,1,RUSH
0.046666667,0,1,0.55,0,0,0,1,0.225,1,0.202020202,1,FIELD_GOAL
0.011111111,1,1,0.571428571,1,0,0,0,0.25,0,0.727272727,0,RUSH
0.994189815,0,0,0.5,1,0,0,0,0.25,0,0.707070707,0,RUSH
0.98837963,0,0,0.5,0,1,0,0,0.15,0,0.666666667,0,PASS
0.982569444,0,0,0.5,1,0,0,0,0.25,0,0.606060606,0,PASS
0.976759259,0,0,0.5,0,1,0,0,0.3,0,0.626262626,0,PASS
0.970949074,0,0,0.5,0,0,1,0,0.1,0,0.545454545,0,PASS
0.965138889,0,0,0.5,1,0,0,0,0.25,0,0.353535354,0,RUSH
0.959328704,0,0,0.5,0,1,0,0,0.05,0,0.272727273,0,PASS
0.953518519,0,0,0.5,0,0,1,0,0.05,0,0.272727273,0,PASS
0.947708333,0,0,0.5,1,0,0,0,0.25,0,0.151515152,1,RUSH
0.941898148,0,0,0.5,0,1,0,0,0.225,0,0.141414141,1,PASS
0.930277778,0,0,0.5,0,0,1,0,0.175,1,0.121212121,1,RUSH
0.924467593,0,0,0.5,0,0,0,1,0.175,1,0.121212121,1,FIELD_GOAL
0.903055556,0,0,0.521428571,1,0,0,0,0.25,0,0.737373737,0,RUSH
0.899166667,0,0,0.521428571,0,1,0,0,0.325,0,0.767676768,0,PASS
0.895277778,0,0,0.521428571,0,0,1,0,0.325,1,0.767676768,0,PASS
0.895277778,0,0,0.521428571,0,0,0,1,0.325,1,0.767676768,0,PUNT
0.838055556,0,0,0.521428571,1,0,0,0,0.25,0,1,0,PASS
0.833253968,0,0,0.521428571,0,1,0,0,0.025,0,0.909090909,0,RUSH
0.828452381,0,0,0.521428571,1,0,0,0,0.25,0,0.878787879,0,PASS
0.823650794,0,0,0.521428571,0,1,0,0,0.05,0,0.797979798,0,RUSH
0.818849206,0,0,0.521428571,1,0,0,0,0.25,0,0.767676768,0,PASS
0.814047619,0,0,0.521428571,1,0,0,0,0.25,0,0.535353535,0,RUSH
0.809246032,0,0,0.521428571,0,1,0,0,0.075,0,0.464646465,0,PASS
0.783888889,0,0,0.521428571,1,0,0,0,0.25,0,0.676767677,0,PASS
0.779805556,0,0,0.521428571,1,0,0,0,0.25,0,0.545454545,0,RUSH
0.775722222,0,0,0.521428571,0,1,0,0,0.1,0,0.484848485,0,PASS
0.771638889,0,0,0.521428571,0,0,1,0,0.025,0,0.454545455,0,RUSH
0.767555556,0,0,0.521428571,1,0,0,0,0.25,0,0.353535354,0,PASS
0.763472222,0,0,0.521428571,0,1,0,0,0.25,0,0.353535354,0,PASS
0.759388889,0,0,0.521428571,1,0,0,0,0.25,0,0.242424242,0,RUSH
0.755305556,0,0,0.521428571,0,1,0,0,0.225,0,0.232323232,0,RUSH
0.75,0,0,0.521428571,0,0,1,0,0.15,0,0.202020202,1,PASS
0.745277778,0,0,0.521428571,0,0,0,1,0.025,0,0.151515152,1,RUSH
0.7125,0,0,0.571428571,1,0,0,0,0.25,0,0.606060606,0,PASS
0.708611111,0,0,0.571428571,0,1,0,0,0.075,0,0.535353535,0,PASS
0.704722222,0,0,0.571428571,0,0,1,0,0.075,0,0.535353535,0,PASS
0.700833333,0,0,0.571428571,1,0,0,0,0.25,0,0.474747475,0,RUSH
0.696944444,0,0,0.571428571,0,1,0,0,0.225,0,0.464646465,0,PASS
0.693055556,0,0,0.571428571,0,0,1,0,0.225,1,0.464646465,0,RUSH
0.689166667,0,0,0.571428571,0,0,0,1,0.025,0,0.383838384,0,RUSH
0.659444444,0,0,0.571428571,1,0,0,0,0.25,0,0.727272727,0,PASS
0.600277778,0,0,0.571428571,1,0,0,0,0.25,0,0.97979798,0,PASS
0.596203704,0,0,0.571428571,0,1,0,0,0.25,0,0.97979798,0,RUSH
0.59212963,0,0,0.571428571,0,0,1,0,0.075,0,0.909090909,0,PASS
0.588055556,0,0,0.571428571,1,0,0,0,0.25,0,0.737373737,0,RUSH
0.583981481,0,0,0.571428571,0,1,0,0,0.2,0,0.717171717,0,PASS
0.575833333,0,0,0.571428571,0,0,1,0,0.325,1,0.767676768,0,PASS
0.575833333,0,0,0.571428571,0,0,0,1,0.325,1,0.767676768,0,PUNT
0.554722222,0,0,0.571428571,1,0,0,0,0.25,0,0.747474747,0,PASS
0.550625,0,0,0.571428571,0,1,0,0,0.25,0,0.747474747,0,PASS
0.546527778,0,0,0.571428571,0,0,1,0,0.25,1,0.747474747,0,PASS
0.542430556,0,0,0.571428571,1,0,0,0,0.25,0,0.626262626,0,PASS
0.538333333,0,0,0.571428571,0,1,0,0,0.25,0,0.626262626,0,RUSH
0.534236111,0,0,0.571428571,0,0,1,0,0.15,0,0.585858586,0,RUSH
0.530138889,1,0,0.571428571,1,0,0,0,0.25,0,0.515151515,0,PASS
0.526041667,1,0,0.571428571,0,1,0,0,0.25,0,0.515151515,0,PASS
0.521944444,1,0,0.571428571,1,0,0,0,0.175,0,0.070707071,1,RUSH
0.517847222,1,0,0.571428571,0,1,0,0,0.075,0,0.03030303,1,PASS
0.51375,1,0,0.571428571,0,0,1,0,0.075,0,0.03030303,1,RUSH
0.505555556,1,0,0.571428571,0,0,0,1,0.1,0,0.04040404,1,FIELD_GOAL
0.465277778,0,0,0.542857143,1,0,0,0,0.25,0,0.444444444,0,PASS
0.461,0,0,0.542857143,0,1,0,0,0.25,0,0.444444444,0,PASS
0.456722222,0,0,0.542857143,1,0,0,0,0.125,0,0.050505051,1,RUSH
0.452444444,0,0,0.542857143,0,1,0,0,0.1,0,0.04040404,1,PASS
0.448166667,0,0,0.542857143,0,0,1,0,0.1,0,0.04040404,1,PASS
0.398333333,0,0,0.592857143,1,0,0,0,0.25,0,0.858585859,0,PASS
0.394259259,0,0,0.592857143,0,1,0,0,0.25,0,0.858585859,0,PASS
0.390185185,0,0,0.592857143,1,0,0,0,0.25,0,0.393939394,0,RUSH
0.386111111,0,0,0.592857143,0,1,0,0,0.15,0,0.353535354,0,PASS
0.382037037,0,0,0.592857143,1,0,0,0,0.25,0,0.171717172,1,RUSH
0.377962963,0,0,0.592857143,1,0,0,0,0.3,0,0.191919192,1,PASS
0.373888889,0,0,0.592857143,0,1,0,0,0.3,0,0.191919192,1,PASS
0.369814815,0,0,0.592857143,0,0,1,0,0.075,0,0.101010101,1,PASS
0.365740741,0,0,0.592857143,0,0,0,1,0.075,0,0.101010101,1,FIELD_GOAL
0.325277778,0,0,0.614285714,1,0,0,0,0.25,0,0.717171717,0,RUSH
0.319206349,0,0,0.614285714,0,1,0,0,0.05,0,0.636363636,0,RUSH
0.313134921,0,0,0.614285714,1,0,0,0,0.25,0,0.595959596,0,PASS
0.307063492,0,0,0.614285714,0,1,0,0,0.1,0,0.535353535,0,RUSH
0.300992063,0,0,0.614285714,1,0,0,0,0.25,0,0.444444444,0,PASS
0.288849206,0,0,0.614285714,0,1,0,0,0.55,0,0.565656566,0,PASS
0.282777778,0,0,0.614285714,0,0,1,0,0.35,1,0.484848485,0,PASS
0.282777778,0,0,0.614285714,0,0,0,1,0.35,1,0.484848485,0,PUNT
0.248333333,0,0,0.614285714,1,0,0,0,0.25,0,0.242424242,0,PASS
0.242916667,0,0,0.614285714,0,1,0,0,0.125,0,0.191919192,1,PASS
0.2375,0,0,0.614285714,0,0,1,0,0.125,0,0.191919192,1,PASS
0.232083333,0,0,0.614285714,1,0,0,0,0.15,0,0.060606061,1,RUSH
0.226666667,0,0,0.614285714,0,1,0,0,0.25,0,0.101010101,1,PASS
0.22125,0,0,0.614285714,0,0,1,0,0.25,1,0.101010101,1,PASS
0.178611111,0,0,0.664285714,1,0,0,0,0.25,0,0.828282828,0,PASS
0.176145833,0,0,0.664285714,1,0,0,0,0.25,0,0.313131313,0,PASS
0.173680556,0,0,0.664285714,0,1,0,0,0.25,0,0.313131313,0,PASS
0.171215278,0,0,0.664285714,0,0,1,0,0.25,1,0.313131313,0,PASS
0.16875,0,0,0.664285714,1,0,0,0,0.25,0,0.191919192,1,PASS
0.166284722,0,0,0.664285714,0,1,0,0,0.25,0,0.191919192,1,PASS
0.163819444,0,0,0.664285714,0,0,1,0,0.25,1,0.191919192,1,PASS
0.161354167,0,0,0.664285714,0,0,0,1,0.25,1,0.191919192,1,FIELD_GOAL
0.086388889,0,1,0.685714286,1,0,0,0,0.25,0,0.909090909,0,RUSH
0.082222222,0,1,0.685714286,0,1,0,0,0.175,0,0.878787879,0,PASS
0.054444444,0,1,0.685714286,1,0,0,0,0.25,0,0.545454545,0,PASS
0.047666667,0,1,0.685714286,0,1,0,0,0.2,0,0.525252525,0,RUSH
0.040888889,0,1,0.685714286,1,0,0,0,0.25,0,0.313131313,0,RUSH
0.034111111,0,1,0.685714286,0,1,0,0,0.25,0,0.313131313,0,PASS
0.027333333,1,1,0.685714286,0,0,1,0,0.25,1,0.313131313,0,RUSH
0.020555556,1,1,0.685714286,0,0,0,1,0.6,1,0.454545455,0,PUNT
0.995763889,0,0,0.5,1,0,0,0,0.25,0,0.757575758,0,PASS
0.987291667,0,0,0.5,1,0,0,0,0.375,0,0.676767677,0,PASS
0.983055556,0,0,0.5,0,1,0,0,0.375,0,0.676767677,0,PASS
0.978819444,0,0,0.5,0,0,1,0,0.2,1,0.606060606,0,PASS
0.953611111,0,0,0.478571429,1,0,0,0,0.25,0,0.757575758,0,PASS
0.95,0,0,0.478571429,1,0,0,0,0.25,0,0.636363636,0,RUSH
0.946388889,0,0,0.478571429,0,1,0,0,0.2,0,0.616161616,0,PASS
0.942777778,0,0,0.478571429,0,0,1,0,0.2,1,0.616161616,0,PASS
0.942777778,0,0,0.478571429,0,0,0,1,0.2,1,0.616161616,0,PUNT
0.871666667,0,0,0.428571429,1,0,0,0,0.25,0,0.757575758,0,PASS
0.866759259,0,0,0.428571429,0,1,0,0,0.25,0,0.757575758,0,PASS
0.861851852,0,0,0.428571429,0,0,1,0,0.075,0,0.686868687,0,PASS
0.861851852,0,0,0.428571429,0,0,0,1,0.075,0,0.686868687,0,PUNT
0.834166667,0,0,0.428571429,1,0,0,0,0.25,0,0.888888889,0,PASS
0.822962963,0,0,0.428571429,1,0,0,0,0.25,0,0.575757576,0,PASS
0.811759259,0,0,0.428571429,0,1,0,0,0.125,0,0.525252525,0,PASS
0.806157407,0,0,0.428571429,0,0,1,0,0.2,1,0.555555556,0,PASS
0.800555556,0,0,0.428571429,1,0,0,0,0.25,0,0.444444444,0,RUSH
0.794953704,0,0,0.428571429,0,1,0,0,0.2,0,0.424242424,0,PASS
0.789351852,0,0,0.428571429,0,0,1,0,0.05,0,0.363636364,0,PASS
0.78375,0,0,0.428571429,1,0,0,0,0.25,0,0.171717172,1,RUSH
0.778148148,0,0,0.428571429,0,1,0,0,0.125,0,0.121212121,1,PASS
0.772546296,0,0,0.428571429,0,0,1,0,0.2,1,0.151515152,1,PASS
0.766944444,0,0,0.428571429,0,0,0,1,0.2,1,0.151515152,1,FIELD_GOAL
0.747222222,0,0,0.428571429,1,0,0,0,0.25,0,0.777777778,0,PASS
0.738888889,0,0,0.428571429,0,1,0,0,0.525,0,0.888888889,0,PASS
0.734722222,0,0,0.428571429,0,0,1,0,0.35,1,0.818181818,0,PASS
0.730555556,0,0,0.428571429,1,0,0,0,0.25,0,0.676767677,0,RUSH
0.726388889,0,0,0.428571429,0,1,0,0,0.025,0,0.585858586,0,RUSH
0.722222222,0,0,0.428571429,1,0,0,0,0.25,0,0.363636364,0,RUSH
0.718055556,0,0,0.428571429,0,1,0,0,0.05,0,0.282828283,0,RUSH
0.713888889,0,0,0.428571429,1,0,0,0,0.25,0,0.212121212,0,RUSH
0.709722222,0,0,0.428571429,0,1,0,0,0.05,0,0.131313131,1,RUSH
0.705555556,0,0,0.428571429,0,0,1,0,0.025,0,0.121212121,1,RUSH
0.701388889,0,0,0.428571429,1,0,0,0,0.2,0,0.080808081,1,RUSH
0.697222222,0,0,0.428571429,0,1,0,0,0.15,0,0.060606061,1,PASS
0.691388889,0,0,0.428571429,0,0,1,0,0.15,0,0.060606061,1,PASS
0.687222222,0,0,0.428571429,0,0,0,1,0.15,0,0.060606061,1,FIELD_GOAL
0.668888889,0,0,0.45,1,0,0,0,0.25,0,0.424242424,0,PASS
0.664944444,0,0,0.45,0,1,0,0,0.125,0,0.373737374,0,RUSH
0.661,0,0,0.45,1,0,0,0,0.25,0,0.313131313,0,PASS
0.653111111,0,0,0.45,1,0,0,0,0.25,0,0.141414141,1,RUSH
0.649166667,0,0,0.45,0,1,0,0,0.2,0,0.121212121,1,PASS
0.645222222,0,0,0.45,1,0,0,0,0.1,0,0.04040404,1,RUSH
0.637333333,0,0,0.45,1,0,0,0,0.05,0,0.02020202,1,RUSH
0.633388889,0,0,0.45,0,1,0,0,0.025,0,0.01010101,1,RUSH
0.598611111,0,0,0.5,1,0,0,0,0.25,0,0.161616162,1,RUSH
0.592777778,0,0,0.5,0,1,0,0,0.325,0,0.191919192,1,RUSH
0.552222222,0,0,0.55,1,0,0,0,0.25,0,0.767676768,0,PASS
0.546419753,0,0,0.55,1,0,0,0,0.25,0,0.575757576,0,RUSH
0.540617284,0,0,0.55,0,1,0,0,0.2,0,0.555555556,0,PASS
0.5425,0,0,0.55,1,0,0,0,0.25,0,0.181818182,1,RUSH
0.536697531,0,0,0.55,0,1,0,0,0.125,0,0.131313131,1,PASS
0.530895062,1,0,0.55,1,0,0,0,0.05,0,0.02020202,1,RUSH
0.525092593,1,0,0.55,0,1,0,0,0.05,0,0.02020202,1,RUSH
0.519290123,1,0,0.55,0,0,1,0,0.025,0,0.01010101,1,RUSH
0.507685185,1,0,0.55,0,0,0,1,0.2,1,0.080808081,1,FIELD_GOAL
0.495555556,0,0,0.571428571,1,0,0,0,0.1,0,0.04040404,1,RUSH
0.4775,0,0,0.621428571,1,0,0,0,0.25,0,0.626262626,0,PASS
0.474012346,0,0,0.621428571,1,0,0,0,0.25,0,0.505050505,0,RUSH
0.470524691,0,0,0.621428571,0,1,0,0,0.175,0,0.474747475,0,PASS
0.467037037,0,0,0.621428571,0,0,1,0,0.175,1,0.474747475,0,PASS
0.463549383,0,0,0.621428571,1,0,0,0,0.25,0,0.282828283,0,RUSH
0.460061728,0,0,0.621428571,1,0,0,0,0.25,0,0.171717172,1,PASS
0.456574074,0,0,0.621428571,0,1,0,0,0.25,0,0.171717172,1,PASS
0.45308642,0,0,0.621428571,0,0,1,0,0.1,0,0.111111111,1,PASS
0.449598765,0,0,0.621428571,0,0,0,1,0.1,0,0.111111111,1,FIELD_GOAL
0.423055556,0,0,0.642857143,1,0,0,0,0.25,0,0.808080808,0,RUSH
0.419537037,0,0,0.642857143,0,1,0,0,0.2,0,0.787878788,0,PASS
0.416018519,0,0,0.642857143,0,0,1,0,0.2,1,0.787878788,0,PASS
0.4125,0,0,0.642857143,1,0,0,0,0.25,0,0.676767677,0,PASS
0.408981481,0,0,0.642857143,1,0,0,0,0.25,0,0.515151515,0,PASS
0.405462963,0,0,0.642857143,0,1,0,0,0.125,0,0.464646465,0,PASS
0.401944444,0,0,0.642857143,1,0,0,0,0.25,0,0.313131313,0,RUSH
0.398425926,0,0,0.642857143,0,1,0,0,0.15,0,0.272727273,0,PASS
0.394907407,0,0,0.642857143,0,0,1,0,0.15,0,0.272727273,0,PASS
0.391388889,0,0,0.642857143,1,0,0,0,0.25,0,0.181818182,1,PASS
0.38787037,0,0,0.642857143,0,1,0,0,0.2,0,0.161616162,1,PASS
0.384351852,0,0,0.642857143,1,0,0,0,0.125,0,0.050505051,1,RUSH
0.319722222,0,0,0.692857143,1,0,0,0,0.25,0,0.97979798,0,PASS
0.314861111,0,0,0.692857143,0,1,0,0,0.25,0,0.97979798,0,RUSH
0.31,0,0,0.692857143,0,0,1,0,0.125,0,0.929292929,0,PASS
0.305138889,0,0,0.692857143,1,0,0,0,0.25,0,0.808080808,0,PASS
0.300277778,0,0,0.692857143,0,1,0,0,0.125,0,0.757575758,0,PASS
0.295416667,0,0,0.692857143,1,0,0,0,0.25,0,0.383838384,0,PASS
0.285694444,0,0,0.692857143,0,1,0,0,0.375,0,0.434343434,0,PASS
0.280833333,0,0,0.692857143,0,0,1,0,0.375,1,0.434343434,0,RUSH
0.280833333,0,0,0.692857143,0,0,0,1,0.625,1,0.535353535,0,PUNT
0.267777778,0,0,0.692857143,1,0,0,0,0.25,0,0.505050505,0,RUSH
0.263611111,0,0,0.692857143,0,1,0,0,0.1,0,0.444444444,0,RUSH
0.259444444,0,0,0.692857143,0,0,1,0,0.1,0,0.444444444,0,PASS
0.25,0,0,0.692857143,1,0,0,0,0.25,0,0.252525253,0,PASS
0.245833333,0,0,0.692857143,0,1,0,0,0.25,0,0.252525253,0,PASS
0.215555556,0,0,0.742857143,1,0,0,0,0.25,0,0.212121212,0,PASS
0.212777778,0,0,0.742857143,0,1,0,0,0.25,0,0.212121212,0,PASS
0.21,0,0,0.742857143,0,0,1,0,0.075,0,0.141414141,1,PASS
0.205833333,0,0,0.742857143,0,0,0,1,0.075,0,0.141414141,1,FIELD_GOAL
0.191666667,0,0,0.764285714,1,0,0,0,0.15,0,0.060606061,1,RUSH
0.186111111,0,0,0.764285714,0,1,0,0,0.15,0,0.060606061,1,RUSH
0.180555556,0,0,0.764285714,0,0,1,0,0.1,0,0.04040404,1,PASS
0.125833333,0,0,0.771428571,1,0,0,0,0.25,0,0.737373737,0,RUSH
0.114537037,0,1,0.771428571,0,1,0,0,0.725,0,0.929292929,0,RUSH
0.103240741,0,1,0.771428571,0,0,1,0,0.275,1,0.747474747,0,RUSH
0.096666667,0,1,0.771428571,0,0,0,1,0.425,1,0.808080808,0,PUNT
0.08,0,1,0.771428571,1,0,0,0,0.25,0,0.252525253,0,RUSH
0.067685185,0,1,0.771428571,0,1,0,0,0.825,0,0.484848485,0,RUSH
0.05537037,0,1,0.771428571,0,0,1,0,0.75,1,0.454545455,0,RUSH
0.043055556,0,1,0.771428571,0,0,0,1,0.65,1,0.414141414,0,PUNT
0.014444444,1,1,0.771428571,1,0,0,0,0.25,0,0.626262626,0,RUSH
0.007222222,1,1,0.771428571,0,1,0,0,0.275,0,0.636363636,0,RUSH
0.991666667,0,0,0.5,1,0,0,0,0.25,0,0.757575758,0,PASS
0.983333333,0,0,0.5,0,1,0,0,0.175,0,0.727272727,0,RUSH
0.975,0,0,0.5,0,0,1,0,0.125,0,0.707070707,0,RUSH
0.975,0,0,0.5,0,0,0,1,0.4,1,0.818181818,0,PUNT
0.919444444,0,0,0.5,1,0,0,0,0.25,0,0.808080808,0,PASS
0.913914141,0,0,0.5,0,1,0,0,0.25,0,0.808080808,0,RUSH
0.908383838,0,0,0.5,1,0,0,0,0.25,0,0.707070707,0,RUSH
0.902853535,0,0,0.5,0,1,0,0,0.175,0,0.676767677,0,RUSH
0.897323232,0,0,0.5,0,0,1,0,0.125,0,0.656565657,0,PASS
0.891792929,0,0,0.5,1,0,0,0,0.25,0,0.565656566,0,RUSH
0.886262626,0,0,0.5,0,1,0,0,0.175,0,0.535353535,0,PASS
0.880732323,0,0,0.5,1,0,0,0,0.25,0,0.434343434,0,PASS
0.87520202,0,0,0.5,0,1,0,0,0.125,0,0.383838384,0,RUSH
0.869671717,0,0,0.5,0,0,1,0,0.025,0,0.343434343,0,RUSH
0.864141414,0,0,0.5,1,0,0,0,0.25,0,0.333333333,0,PASS
0.854722222,0,0,0.5,1,0,0,0,0.25,0,0.757575758,0,PASS
0.848518519,0,0,0.5,0,1,0,0,0.25,0,0.757575758,0,PASS
0.836111111,0,0,0.5,0,0,1,0,0.125,0,0.707070707,0,RUSH
0.829907407,0,0,0.5,0,0,0,1,0.35,1,0.797979798,0,PUNT
0.829722222,0,0,0.5,1,0,0,0,0.25,0,0.777777778,0,PASS
0.824621212,0,0,0.5,1,0,0,0,0.25,0,0.656565657,0,RUSH
0.819520202,0,0,0.5,0,1,0,0,0.15,0,0.616161616,0,PASS
0.814419192,0,0,0.5,1,0,0,0,0.25,0,0.373737374,0,RUSH
0.809318182,0,0,0.5,0,1,0,0,0.125,0,0.323232323,0,PASS
0.804217172,0,0,0.5,1,0,0,0,0.25,0,0.262626263,0,PASS
0.799116162,0,0,0.5,0,1,0,0,0.25,0,0.262626263,0,RUSH
0.794015152,0,0,0.5,0,0,1,0,0.1,0,0.202020202,1,PASS
0.788914141,0,0,0.5,1,0,0,0,0.175,0,0.070707071,1,RUSH
0.778712121,0,0,0.5,0,1,0,0,0.4,0,0.161616162,1,RUSH
0.773611111,0,0,0.5,0,0,1,0,0.1,0,0.04040404,1,PASS
0.75,0,0,0.55,1,0,0,0,0.25,0,0.757575758,0,PASS
0.746296296,0,0,0.55,1,0,0,0,0.25,0,0.585858586,0,PASS
0.742592593,0,0,0.55,0,1,0,0,0.25,0,0.585858586,0,PASS
0.738888889,0,0,0.55,1,0,0,0,0.25,0,0.454545455,0,RUSH
0.735185185,0,0,0.55,0,1,0,0,0.125,0,0.404040404,0,PASS
0.731481481,0,0,0.55,1,0,0,0,0.25,0,0.222222222,0,RUSH
0.727777778,0,0,0.55,0,1,0,0,0.125,0,0.171717172,1,PASS
0.724074074,0,0,0.55,0,0,1,0,0.125,0,0.171717172,1,PASS
0.72037037,0,0,0.55,0,0,0,1,0.125,0,0.171717172,1,FIELD_GOAL
0.652777778,0,0,0.5,1,0,0,0,0.25,0,0.868686869,0,PASS
0.648636364,0,0,0.5,0,1,0,0,0.25,0,0.868686869,0,RUSH
0.644494949,0,0,0.5,1,0,0,0,0.25,0,0.737373737,0,RUSH
0.640353535,0,0,0.5,0,1,0,0,0.225,0,0.727272727,0,PASS
0.636212121,0,0,0.5,1,0,0,0,0.25,0,0.555555556,0,PASS
0.632070707,0,0,0.5,1,0,0,0,0.25,0,0.383838384,0,PASS
0.629722222,0,0,0.5,0,1,0,0,0.25,0,0.383838384,0,PASS
0.625580808,0,0,0.5,1,0,0,0,0.25,0,0.101010101,1,RUSH
0.621439394,0,0,0.5,0,1,0,0,0.25,0,0.101010101,1,PASS
0.61729798,0,0,0.5,0,0,1,0,0.25,1,0.101010101,1,PASS
0.613156566,0,0,0.5,0,0,0,1,0.025,0,0.01010101,1,RUSH
0.549166667,0,0,0.5,1,0,0,0,0.25,0,0.686868687,0,PASS
0.544398148,0,0,0.5,1,0,0,0,0.25,0,0.525252525,0,PASS
0.53962963,0,0,0.5,1,0,0,0,0.25,0,0.404040404,0,PASS
0.534861111,0,0,0.5,1,0,0,0,0.25,0,0.282828283,0,PASS
0.530092593,1,0,0.5,0,1,0,0,0.1,0,0.222222222,0,PASS
0.522222222,1,0,0.5,0,0,1,0,0.15,0,0.242424242,0,PASS
0.445,0,0,0.5,1,0,0,0,0.25,0,0.919191919,0,PASS
0.440462963,0,0,0.5,0,1,0,0,0.25,0,0.919191919,0,PASS
0.435925926,0,0,0.5,0,0,1,0,0.15,0,0.878787879,0,PASS
0.435925926,0,0,0.5,0,0,0,1,0.15,0,0.878787879,0,PUNT
0.416388889,0,0,0.5,1,0,0,0,0.25,0,0.777777778,0,RUSH
0.40739899,0,0,0.5,1,0,0,0,0.125,0,0.505050505,0,PASS
0.40290404,0,0,0.5,1,0,0,0,0.25,0,0.454545455,0,RUSH
0.398409091,0,0,0.5,1,0,0,0,0.25,0,0.282828283,0,PASS
0.393914141,0,0,0.5,0,1,0,0,0.025,0,0.191919192,1,RUSH
0.389419192,0,0,0.5,0,0,1,0,0.025,0,0.191919192,1,RUSH
0.384924242,0,0,0.5,0,0,0,1,0.025,0,0.191919192,1,RUSH
0.380429293,0,0,0.5,1,0,0,0,0.25,0,0.171717172,1,RUSH
0.375934343,0,0,0.5,0,1,0,0,0.175,0,0.141414141,1,PASS
0.366944444,0,0,0.5,1,0,0,0,0.3,0,0.121212121,1,PASS
0.362449495,0,0,0.5,0,1,0,0,0.3,0,0.121212121,1,PASS
0.3425,0,0,0.55,1,0,0,0,0.25,0,0.95959596,0,PASS
0.338888889,0,0,0.55,0,1,0,0,0.25,0,0.95959596,0,PASS
0.335277778,0,0,0.55,1,0,0,0,0.25,0,0.737373737,0,PASS
0.331666667,0,0,0.55,0,1,0,0,0.25,0,0.737373737,0,PASS
0.328055556,0,0,0.55,0,0,1,0,0.25,1,0.737373737,0,PASS
0.328055556,0,0,0.55,0,0,0,1,0.25,1,0.737373737,0,PUNT
0.3,0,0,0.55,1,0,0,0,0.25,0,0.757575758,0,RUSH
0.292314815,0,0,0.55,0,1,0,0,0.2,0,0.737373737,0,PASS
0.28462963,0,0,0.55,0,0,1,0,0.075,0,0.686868687,0,PASS
0.28462963,0,0,0.55,0,0,0,1,0.075,0,0.686868687,0,PUNT
0.260555556,0,0,0.55,1,0,0,0,0.25,0,0.686868687,0,PASS
0.25787037,0,0,0.55,0,1,0,0,0.25,0,0.686868687,0,RUSH
0.255185185,0,0,0.55,1,0,0,0,0.25,0,0.585858586,0,RUSH
0.2525,0,0,0.55,1,0,0,0,0.25,0,0.464646465,0,RUSH
0.25,0,0,0.55,0,1,0,0,0.2,0,0.444444444,0,PASS
0.247314815,0,0,0.55,0,0,1,0,0.2,1,0.444444444,0,PASS
0.247314815,0,0,0.55,0,0,0,1,0.2,1,0.444444444,0,PUNT
0.226944444,0,0,0.55,1,0,0,0,0.25,0,0.696969697,0,PASS
0.221888889,0,0,0.55,1,0,0,0,0.25,0,0.555555556,0,RUSH
0.216833333,0,0,0.55,0,1,0,0,0.175,0,0.525252525,0,PASS
0.211777778,0,0,0.55,1,0,0,0,0.25,0,0.131313131,1,RUSH
0.206722222,0,0,0.55,0,1,0,0,0.225,0,0.121212121,1,RUSH
0.185,0,0,0.6,1,0,0,0,0.25,0,0.818181818,0,PASS
0.177777778,0,0,0.55,1,0,0,0,0.25,0,0.757575758,0,RUSH
0.168611111,0,0,0.55,0,1,0,0,0.175,0,0.727272727,0,PASS
0.159444444,0,0,0.55,0,0,1,0,0.15,0,0.717171717,0,RUSH
0.159444444,0,0,0.55,0,0,0,1,0.1,0,0.696969697,0,PUNT
0.120555556,0,0,0.55,1,0,0,0,0.25,0,0.808080808,0,RUSH
0.115740741,0,1,0.55,0,1,0,0,0.025,0,0.717171717,0,RUSH
0.110925926,0,1,0.55,1,0,0,0,0.25,0,0.616161616,0,RUSH
0.106111111,0,1,0.55,0,1,0,0,0.1,0,0.555555556,0,RUSH
0.101296296,0,1,0.55,1,0,0,0,0.25,0,0.494949495,0,PASS
0.096481481,0,1,0.55,1,0,0,0,0.25,0,0.383838384,0,RUSH
0.031666667,1,1,0.55,1,0,0,0,0.25,0,0.484848485,0,RUSH
0.028888889,1,1,0.55,0,1,0,0,0.125,0,0.434343434,0,RUSH
0.022555556,1,1,0.55,1,0,0,0,0.25,0,0.353535354,0,RUSH
0.016222222,1,1,0.55,0,1,0,0,0.225,0,0.343434343,0,RUSH
0.009888889,1,1,0.55,0,0,1,0,0.05,0,0.272727273,0,RUSH
0.995601852,0,0,0.5,1,0,0,0,0.25,0,0.686868687,0,PASS
0.991203704,0,0,0.5,0,1,0,0,0.25,0,0.686868687,0,PASS
0.986805556,0,0,0.5,0,0,1,0,0.1,0,0.626262626,0,PASS
0.982407407,0,0,0.5,1,0,0,0,0.25,0,0.575757576,0,RUSH
0.978009259,0,0,0.5,0,1,0,0,0.225,0,0.565656566,0,RUSH
0.973611111,0,0,0.5,0,0,1,0,0.15,0,0.535353535,0,PASS
0.973611111,0,0,0.5,0,0,0,1,0.15,0,0.535353535,0,PUNT
0.956944444,0,0,0.5,1,0,0,0,0.25,0,0.474747475,0,PASS
0.951041667,0,0,0.5,1,0,0,0,0.25,0,0.171717172,1,RUSH
0.945138889,0,0,0.5,0,1,0,0,0.125,0,0.121212121,1,RUSH
0.934444444,0,0,0.5,0,0,1,0,0.075,0,0.101010101,1,PASS
0.898055556,0,0,0.55,1,0,0,0,0.25,0,0.686868687,0,PASS
0.893914141,0,0,0.55,1,0,0,0,0.25,0,0.515151515,0,PASS
0.889772727,0,0,0.55,1,0,0,0,0.25,0,0.393939394,0,PASS
0.885631313,0,0,0.55,0,1,0,0,0.15,0,0.353535354,0,PASS
0.881489899,0,0,0.55,0,0,1,0,0.15,0,0.353535354,0,PASS
0.881111111,0,0,0.55,1,0,0,0,0.25,0,0.161616162,1,RUSH
0.876969697,0,0,0.55,0,1,0,0,0.125,0,0.111111111,1,RUSH
0.872828283,0,0,0.55,1,0,0,0,0.1,0,0.04040404,1,RUSH
0.868686869,0,0,0.55,0,1,0,0,0.1,0,0.04040404,1,PASS
0.864545455,0,0,0.55,0,0,1,0,0.1,0,0.04040404,1,PASS
0.86040404,0,0,0.55,0,0,0,1,0.1,0,0.04040404,1,FIELD_GOAL
0.762777778,0,0,0.571428571,1,0,0,0,0.25,0,0.747474747,0,RUSH
0.757333333,0,0,0.571428571,0,1,0,0,0.075,0,0.676767677,0,RUSH
0.75,0,0,0.571428571,0,0,1,0,0.025,0,0.656565657,0,PASS
0.744555556,0,0,0.571428571,1,0,0,0,0.25,0,0.242424242,0,RUSH
0.733666667,0,0,0.571428571,0,1,0,0,0.625,0,0.393939394,0,PASS
0.722777778,0,0,0.571428571,1,0,0,0,0.25,0,0.242424242,0,PASS
0.717333333,0,0,0.571428571,0,1,0,0,0.15,0,0.202020202,1,PASS
0.711888889,0,0,0.571428571,0,0,1,0,0.025,0,0.151515152,1,RUSH
0.706444444,0,0,0.571428571,0,0,0,1,0.125,0,0.191919192,1,FIELD_GOAL
0.648611111,0,0,0.571428571,1,0,0,0,0.25,0,0.828282828,0,PASS
0.643416667,0,0,0.571428571,0,1,0,0,0.175,0,0.797979798,0,PASS
0.638222222,0,0,0.571428571,1,0,0,0,0.25,0,0.727272727,0,PASS
0.633027778,0,0,0.571428571,1,0,0,0,0.25,0,0.616161616,0,RUSH
0.627833333,0,0,0.571428571,0,1,0,0,0.2,0,0.595959596,0,RUSH
0.622638889,0,0,0.571428571,0,0,1,0,0.15,0,0.575757576,0,PASS
0.617444444,0,0,0.571428571,1,0,0,0,0.25,0,0.424242424,0,PASS
0.61225,0,0,0.571428571,0,1,0,0,0.2,0,0.404040404,0,PASS
0.607055556,0,0,0.571428571,1,0,0,0,0.25,0,0.131313131,1,RUSH
0.601861111,0,0,0.571428571,0,1,0,0,0.25,0,0.131313131,1,RUSH
0.506388889,1,0,0.5,1,0,0,0,0.25,0,0.656565657,0,RUSH
0.403611111,0,0,0.45,1,0,0,0,0.25,0,0.474747475,0,PASS
0.398564815,0,0,0.45,1,0,0,0,0.25,0,0.363636364,0,PASS
0.393518519,0,0,0.45,1,0,0,0,0.25,0,0.121212121,1,RUSH
0.388472222,0,0,0.45,0,1,0,0,0.2,0,0.101010101,1,PASS
0.383425926,0,0,0.45,0,0,1,0,0.175,1,0.090909091,1,PASS
0.37837963,0,0,0.45,0,0,0,1,0.175,1,0.090909091,1,FIELD_GOAL
0.325277778,0,0,0.421428571,1,0,0,0,0.25,0,0.808080808,0,PASS
0.3209375,0,0,0.421428571,1,0,0,0,0.25,0,0.666666667,0,RUSH
0.316597222,0,0,0.421428571,0,1,0,0,0.075,0,0.595959596,0,PASS
0.312256944,0,0,0.421428571,1,0,0,0,0.25,0,0.515151515,0,RUSH
0.307916667,0,0,0.421428571,0,1,0,0,0.175,0,0.484848485,0,PASS
0.303576389,0,0,0.421428571,0,0,1,0,0.05,0,0.434343434,0,PASS
0.299236111,0,0,0.421428571,1,0,0,0,0.25,0,0.111111111,1,PASS
0.293055556,0,0,0.421428571,1,0,0,0,0.025,0,0.01010101,1,RUSH
0.270277778,0,0,0.471428571,1,0,0,0,0.25,0,0.858585859,0,PASS
0.26587963,0,0,0.471428571,0,1,0,0,0.1,0,0.797979798,0,PASS
0.261481481,0,0,0.471428571,1,0,0,0,0.25,0,0.717171717,0,PASS
0.257083333,0,0,0.471428571,1,0,0,0,0.25,0,0.595959596,0,PASS
0.25,0,0,0.471428571,0,1,0,0,0.15,0,0.555555556,0,PASS
0.245601852,0,0,0.471428571,0,0,1,0,0.15,0,0.555555556,0,PASS
0.245601852,0,0,0.471428571,0,0,0,1,0.15,0,0.555555556,0,PUNT
0.193888889,0,0,0.471428571,1,0,0,0,0.25,0,0.848484848,0,RUSH
0.188809524,0,0,0.471428571,0,1,0,0,0.05,0,0.767676768,0,PASS
0.183730159,0,0,0.471428571,1,0,0,0,0.25,0,0.707070707,0,RUSH
0.178650794,0,0,0.471428571,0,1,0,0,0.175,0,0.676767677,0,PASS
0.173571429,0,0,0.471428571,1,0,0,0,0.25,0,0.303030303,0,PASS
0.168492063,0,0,0.471428571,1,0,0,0,0.25,0,0.141414141,1,RUSH
0.163412698,0,0,0.471428571,1,0,0,0,0.025,0,0.01010101,1,RUSH
0.130555556,0,0,0.521428571,1,0,0,0,0.25,0,0.777777778,0,PASS
0.126111111,0,0,0.521428571,0,1,0,0,0.25,0,0.777777778,0,PASS
0.121666667,0,0,0.521428571,0,0,1,0,0.05,0,0.696969697,0,RUSH
0.117222222,0,0,0.521428571,1,0,0,0,0.25,0,0.666666667,0,PASS
0.112777778,0,1,0.521428571,0,1,0,0,0.25,0,0.666666667,0,PASS
0.108333333,0,1,0.521428571,0,0,1,0,0.25,1,0.666666667,0,PASS
0.108333333,0,1,0.521428571,0,0,0,1,0.25,1,0.666666667,0,PUNT
0.075,0,1,0.521428571,1,0,0,0,0.25,0,0.696969697,0,PASS
0.069194444,0,1,0.521428571,0,1,0,0,0.125,0,0.646464646,0,RUSH
0.063388889,0,1,0.521428571,1,0,0,0,0.25,0,0.494949495,0,RUSH
0.057583333,0,1,0.521428571,0,1,0,0,0.025,0,0.404040404,0,RUSH
0.051777778,0,1,0.521428571,1,0,0,0,0.25,0,0.363636364,0,RUSH
0.039444444,0,1,0.521428571,0,1,0,0,0.175,0,0.333333333,0,RUSH
0.037777778,0,1,0.521428571,0,0,1,0,0.15,0,0.323232323,0,PASS
0.031972222,1,1,0.521428571,1,0,0,0,0.125,0,0.050505051,1,RUSH
0.026166667,1,1,0.521428571,0,1,0,0,0.25,0,0.101010101,1,PASS
0.020361111,1,1,0.521428571,0,0,1,0,0.25,1,0.101010101,1,PASS
0.993425926,0,0,0.5,1,0,0,0,0.25,0,0.727272727,0,PASS
0.986851852,0,0,0.5,0,1,0,0,0.15,0,0.686868687,0,PASS
0.980277778,0,0,0.5,0,0,1,0,0.15,0,0.686868687,0,RUSH
0.980277778,0,0,0.5,0,0,0,1,0.325,1,0.757575758,0,PUNT
0.934444444,0,0,0.5,1,0,0,0,0.25,0,0.535353535,0,RUSH
0.928,0,0,0.5,1,0,0,0,0.25,0,0.393939394,0,PASS
0.915111111,0,0,0.5,0,1,0,0,0.5,0,0.494949495,0,RUSH
0.902222222,0,0,0.5,1,0,0,0,0.25,0,0.404040404,0,PASS
0.879166667,0,0,0.5,1,0,0,0,0.25,0,0.262626263,0,PASS
0.867685185,0,0,0.5,0,1,0,0,0.625,0,0.414141414,0,PASS
0.861944444,0,0,0.5,0,0,1,0,0.5,1,0.363636364,0,PASS
0.861944444,0,0,0.5,0,0,0,1,0.5,1,0.363636364,0,PUNT
0.845555556,0,0,0.5,1,0,0,0,0.25,0,0.515151515,0,RUSH
0.841666667,0,0,0.5,0,1,0,0,0.225,0,0.505050505,0,PASS
0.837777778,0,0,0.5,0,0,1,0,0.225,1,0.505050505,0,PASS
0.833888889,0,0,0.5,1,0,0,0,0.25,0,0.323232323,0,PASS
0.83,0,0,0.5,0,1,0,0,0.25,0,0.323232323,0,PASS
0.826111111,0,0,0.5,1,0,0,0,0.25,0,0.202020202,1,RUSH
0.822222222,0,0,0.5,0,1,0,0,0.2,0,0.181818182,1,RUSH
0.818333333,0,0,0.5,1,0,0,0,0.1,0,0.04040404,1,RUSH
0.814444444,0,0,0.5,0,1,0,0,0.075,0,0.03030303,1,PASS
0.776944444,0,0,0.55,1,0,0,0,0.25,0,0.888888889,0,RUSH
0.771777778,0,0,0.55,0,1,0,0,0.05,0,0.808080808,0,RUSH
0.766611111,0,0,0.55,0,0,1,0,0.025,0,0.797979798,0,RUSH
0.761444444,0,0,0.55,1,0,0,0,0.25,0,0.767676768,0,PASS
0.756277778,0,0,0.55,0,1,0,0,0.25,0,0.767676768,0,PASS
0.751111111,0,0,0.55,1,0,0,0,0.25,0,0.656565657,0,RUSH
0.75,0,0,0.55,0,1,0,0,0.15,0,0.616161616,0,PASS
0.744833333,0,0,0.55,1,0,0,0,0.25,0,0.404040404,0,PASS
0.739666667,0,0,0.55,0,1,0,0,0.2,0,0.383838384,0,RUSH
0.7345,0,0,0.55,0,0,1,0,0.2,1,0.383838384,0,PASS
0.7345,0,0,0.55,0,0,0,1,0.2,1,0.383838384,0,PUNT
0.598611111,0,0,0.5,1,0,0,0,0.25,0,0.757575758,0,PASS
0.593564815,0,0,0.5,1,0,0,0,0.25,0,0.606060606,0,RUSH
0.588518519,0,0,0.5,0,1,0,0,0.2,0,0.585858586,0,PASS
0.583472222,0,0,0.5,1,0,0,0,0.25,0,0.484848485,0,PASS
0.578425926,0,0,0.5,0,1,0,0,0.075,0,0.414141414,0,PASS
0.57337963,0,0,0.5,0,0,1,0,0.075,0,0.414141414,0,PASS
0.565277778,0,0,0.45,1,0,0,0,0.25,0,0.757575758,0,RUSH
0.560861111,0,0,0.45,0,1,0,0,0.05,0,0.676767677,0,PASS
0.556444444,0,0,0.45,1,0,0,0,0.25,0,0.616161616,0,PASS
0.5425,0,0,0.45,1,0,0,0,0.25,0,0.515151515,0,PASS
0.538083333,0,0,0.45,0,1,0,0,0.25,0,0.515151515,0,PASS
0.533666667,0,0,0.45,0,0,1,0,0.025,0,0.424242424,0,RUSH
0.52925,1,0,0.45,1,0,0,0,0.25,0,0.383838384,0,PASS
0.524833333,1,0,0.45,0,1,0,0,0.1,0,0.323232323,0,PASS
0.520416667,1,0,0.45,0,0,1,0,0.1,0,0.323232323,0,PASS
0.516,1,0,0.45,0,0,0,1,0.1,0,0.323232323,0,PASS
0.508333333,1,0,0.45,1,0,0,0,0.25,0,0.828282828,0,PASS
0.504166667,1,0,0.45,0,1,0,0,0.25,0,0.828282828,0,RUSH
0.410277778,0,0,0.4,1,0,0,0,0.25,0,0.757575758,0,PASS
0.406111111,0,0,0.4,1,0,0,0,0.25,0,0.303030303,0,PASS
0.401944444,0,0,0.4,0,1,0,0,0.25,0,0.303030303,0,PASS
0.397777778,0,0,0.4,0,0,1,0,0.075,0,0.232323232,0,PASS
0.368055556,0,0,0.45,1,0,0,0,0.25,0,0.424242424,0,PASS
0.359444444,0,0,0.45,0,1,0,0,0.075,0,0.353535354,0,PASS
0.350833333,0,0,0.45,1,0,0,0,0.25,0,0.181818182,1,RUSH
0.342222222,0,0,0.45,0,1,0,0,0.7,0,0.363636364,0,PASS
0.333611111,0,0,0.45,0,0,1,0,0.35,1,0.222222222,0,PASS
0.325,0,0,0.45,0,0,0,1,0.2,1,0.161616162,1,FIELD_GOAL
0.316388889,0,0,0.471428571,1,0,0,0,0.25,0,0.464646465,0,RUSH
0.311666667,0,0,0.471428571,1,0,0,0,0.25,0,0.272727273,0,RUSH
0.306944444,0,0,0.471428571,1,0,0,0,0.25,0,0.171717172,1,PASS
0.2525,0,0,0.471428571,1,0,0,0,0.55,0,0.878787879,0,RUSH
0.25,0,0,0.471428571,0,1,0,0,0.425,0,0.828282828,0,PASS
0.243333333,0,0,0.471428571,1,0,0,0,0.25,0,0.545454545,0,PASS
0.236666667,0,0,0.471428571,0,1,0,0,0.125,0,0.494949495,0,RUSH
0.23,0,0,0.471428571,0,0,1,0,0.25,1,0.545454545,0,PASS
0.184444444,0,0,0.421428571,1,0,0,0,0.25,0,0.767676768,0,PASS
0.178611111,0,0,0.421428571,0,1,0,0,0.075,0,0.696969697,0,PASS
0.172777778,0,0,0.421428571,1,0,0,0,0.25,0,0.636363636,0,RUSH
0.166944444,0,0,0.421428571,0,1,0,0,0.05,0,0.555555556,0,PASS
0.161111111,0,0,0.421428571,0,0,1,0,0.05,0,0.555555556,0,PASS
0.155277778,0,0,0.421428571,0,0,0,1,0.05,0,0.555555556,0,PASS
0.149444444,0,0,0.421428571,1,0,0,0,0.25,0,0.313131313,0,RUSH
0.143611111,0,0,0.421428571,1,0,0,0,0.25,0,0.191919192,1,PASS
0.137777778,0,0,0.421428571,0,1,0,0,0.15,0,0.151515152,1,PASS
0.131944444,0,0,0.421428571,0,0,1,0,0.125,0,0.141414141,1,PASS
0.126111111,0,0,0.421428571,1,0,0,0,0.025,0,0.01010101,1,RUSH
0.021388889,1,1,0.442857143,1,0,0,0,0.25,0,0.757575758,0,RUSH
0.01875,1,1,0.442857143,0,1,0,0,0.575,0,0.888888889,0,PASS
0.016111111,1,1,0.442857143,0,0,1,0,0.575,1,0.888888889,0,PASS
0.013472222,1,1,0.442857143,0,0,0,1,0.575,1,0.888888889,0,PASS
0.994722222,0,0,0.5,1,0,0,0,0.25,0,0.757575758,0,PASS
0.989444444,0,0,0.5,0,1,0,0,0.25,0,0.757575758,0,PASS
0.984166667,0,0,0.5,0,0,1,0,0.2,1,0.737373737,0,PASS
0.984166667,0,0,0.5,0,0,0,1,0.2,1,0.737373737,0,PUNT
0.957777778,0,0,0.5,1,0,0,0,0.25,0,0.787878788,0,RUSH
0.952333333,0,0,0.5,0,1,0,0,0.3,0,0.808080808,0,PASS
0.946888889,0,0,0.5,1,0,0,0,0.25,0,0.545454545,0,RUSH
0.941444444,0,0,0.5,0,1,0,0,0.15,0,0.505050505,0,RUSH
0.936,0,0,0.5,0,0,1,0,0.1,0,0.484848485,0,PASS
0.936,0,0,0.5,0,0,0,1,0.1,0,0.484848485,0,PUNT
0.871388889,0,0,0.45,1,0,0,0,0.25,0,0.757575758,0,PASS
0.868055556,0,0,0.45,0,1,0,0,0.25,0,0.757575758,0,PASS
0.864722222,0,0,0.45,0,0,1,0,0.275,1,0.767676768,0,PASS
0.851111111,0,0,0.4,1,0,0,0,0.25,0,0.808080808,0,PASS
0.847277778,0,0,0.4,0,1,0,0,0.25,0,0.808080808,0,PASS
0.843444444,0,0,0.4,1,0,0,0,0.25,0,0.676767677,0,PASS
0.839611111,0,0,0.4,0,1,0,0,0.125,0,0.626262626,0,PASS
0.835777778,0,0,0.4,0,0,1,0,0.125,0,0.626262626,0,PASS
0.835777778,0,0,0.4,0,0,0,1,0.125,0,0.626262626,0,PUNT
0.819166667,0,0,0.35,1,0,0,0,0.25,0,0.757575758,0,PASS
0.814351852,0,0,0.35,1,0,0,0,0.25,0,0.606060606,0,PASS
0.804722222,0,0,0.35,1,0,0,0,0.375,0,0.535353535,0,PASS
0.799907407,0,0,0.35,1,0,0,0,0.25,0,0.343434343,0,RUSH
0.790277778,0,0,0.35,1,0,0,0,0.25,0,0.232323232,0,RUSH
0.785462963,0,0,0.35,1,0,0,0,0.25,0,0.131313131,1,RUSH
0.780648148,0,0,0.35,0,1,0,0,0.3,0,0.151515152,1,PASS
0.775833333,0,0,0.35,0,0,1,0,0.3,1,0.151515152,1,PASS
0.771018519,0,0,0.35,0,0,0,1,0.3,1,0.151515152,1,FIELD_GOAL
0.754166667,0,0,0.371428571,1,0,0,0,0.25,0,0.515151515,0,PASS
0.75,0,0,0.371428571,1,0,0,0,0.25,0,0.383838384,0,PASS
0.672777778,0,0,0.371428571,1,0,0,0,0.25,0,0.838383838,0,RUSH
0.667094017,0,0,0.371428571,1,0,0,0,0.25,0,0.676767677,0,PASS
0.661410256,0,0,0.371428571,0,1,0,0,0.25,0,0.676767677,0,PASS
0.655726496,0,0,0.371428571,1,0,0,0,0.25,0,0.565656566,0,RUSH
0.650042735,0,0,0.371428571,0,1,0,0,0.15,0,0.525252525,0,PASS
0.644358974,0,0,0.371428571,0,0,1,0,0.075,0,0.494949495,0,PASS
0.638675214,0,0,0.371428571,1,0,0,0,0.25,0,0.424242424,0,PASS
0.632991453,0,0,0.371428571,0,1,0,0,0.175,0,0.393939394,0,PASS
0.627307692,0,0,0.371428571,1,0,0,0,0.25,0,0.303030303,0,PASS
0.615940171,0,0,0.371428571,0,1,0,0,0.375,0,0.353535354,0,PASS
0.61025641,0,0,0.371428571,0,0,1,0,0.15,0,0.262626263,0,PASS
0.60457265,0,0,0.371428571,1,0,0,0,0.25,0,0.191919192,1,PASS
0.598888889,0,0,0.371428571,0,1,0,0,0.275,0,0.202020202,1,PASS
0.563425926,0,0,0.421428571,1,0,0,0,0.25,0,0.484848485,0,RUSH
0.551388889,0,0,0.421428571,0,1,0,0,0.325,0,0.515151515,0,PASS
0.54537037,0,0,0.421428571,1,0,0,0,0.25,0,0.232323232,0,PASS
0.539351852,0,0,0.421428571,0,1,0,0,0.1,0,0.171717172,1,PASS
0.521296296,1,0,0.421428571,1,0,0,0,0.05,0,0.02020202,1,RUSH
0.509111111,1,0,0.471428571,1,0,0,0,0.25,0,0.707070707,0,RUSH
0.506833333,1,0,0.471428571,0,1,0,0,0.175,0,0.676767677,0,PASS
0.509722222,1,0,0.471428571,1,0,0,0,0.25,0,0.555555556,0,PASS
0.501666667,1,0,0.471428571,1,0,0,0,0.25,0,0.424242424,0,PASS
0.467777778,0,0,0.471428571,1,0,0,0,0.25,0,0.888888889,0,PASS
0.461481481,0,0,0.471428571,0,1,0,0,0.25,0,0.888888889,0,PASS
0.455185185,0,0,0.471428571,0,0,1,0,0.15,0,0.848484848,0,PASS
0.455185185,0,0,0.471428571,0,0,0,1,0.15,0,0.848484848,0,PUNT
0.416111111,0,0,0.421428571,1,0,0,0,0.25,0,0.787878788,0,RUSH
0.408518519,0,0,0.421428571,0,1,0,0,0.225,0,0.777777778,0,PASS
0.400925926,0,0,0.421428571,0,0,1,0,0.1,0,0.727272727,0,PASS
0.400925926,0,0,0.421428571,0,0,0,1,0.1,0,0.727272727,0,PUNT
0.380555556,0,0,0.371428571,1,0,0,0,0.25,0,0.757575758,0,PASS
0.376851852,0,0,0.371428571,0,1,0,0,0.05,0,0.676767677,0,PASS
0.373148148,0,0,0.371428571,1,0,0,0,0.25,0,0.636363636,0,PASS
0.359166667,0,0,0.371428571,1,0,0,0,0.25,0,0.555555556,0,PASS
0.353518519,0,0,0.371428571,1,0,0,0,0.25,0,0.202020202,1,PASS
0.34787037,0,0,0.371428571,0,1,0,0,0.1,0,0.141414141,1,PASS
0.342222222,0,0,0.371428571,1,0,0,0,0.225,0,0.090909091,1,RUSH
0.336574074,0,0,0.371428571,0,1,0,0,0.025,0,0.01010101,1,RUSH
0.330925926,0,0,0.371428571,0,0,1,0,0.025,0,0.01010101,1,PASS
0.278888889,0,0,0.371428571,1,0,0,0,0.25,0,0.696969697,0,PASS
0.264419192,0,0,0.371428571,1,0,0,0,0.25,0,0.363636364,0,PASS
0.25959596,0,0,0.371428571,0,1,0,0,0.25,0,0.363636364,0,RUSH
0.254772727,0,0,0.371428571,0,0,1,0,0.05,0,0.282828283,0,RUSH
0.249949495,0,0,0.371428571,1,0,0,0,0.25,0,0.252525253,0,PASS
0.25,0,0,0.371428571,1,0,0,0,0.25,0,0.111111111,1,RUSH
0.245176768,0,0,0.371428571,0,1,0,0,0.175,0,0.080808081,1,PASS
0.240353535,0,0,0.371428571,0,0,1,0,0.2,1,0.090909091,1,PASS
0.235530303,0,0,0.371428571,0,0,0,1,0.2,1,0.090909091,1,FIELD_GOAL
0.178611111,0,0,0.371428571,1,0,0,0,0.25,0,0.757575758,0,PASS
0.172166667,0,0,0.371428571,0,1,0,0,0.025,0,0.666666667,0,PASS
0.165722222,0,0,0.371428571,1,0,0,0,0.25,0,0.616161616,0,PASS
0.159277778,0,0,0.371428571,0,1,0,0,0.25,0,0.616161616,0,PASS
0.152833333,0,0,0.371428571,0,0,1,0,0.175,1,0.585858586,0,RUSH
0.152833333,0,0,0.371428571,0,0,0,1,0.35,1,0.656565657,0,PUNT
0.116944444,0,0,0.371428571,1,0,0,0,0.25,0,0.646464646,0,PASS
0.113452381,0,1,0.371428571,0,1,0,0,0.25,0,0.646464646,0,RUSH
0.109960317,0,1,0.371428571,1,0,0,0,0.25,0,0.525252525,0,PASS
0.106468254,0,1,0.371428571,0,1,0,0,0.15,0,0.484848485,0,PASS
0.10297619,0,1,0.371428571,1,0,0,0,0.25,0,0.323232323,0,PASS
0.099484127,0,1,0.371428571,0,1,0,0,0.25,0,0.323232323,0,RUSH
0.095992063,0,1,0.371428571,1,0,0,0,0.25,0,0.222222222,0,RUSH
0.0925,0,1,0.371428571,1,0,0,0,0.25,0,0.111111111,1,RUSH
0.089007937,0,1,0.371428571,0,1,0,0,0.2,0,0.090909091,1,PASS
0.08202381,0,1,0.371428571,1,0,0,0,0.05,0,0.02020202,1,PASS
0.078531746,0,1,0.371428571,0,1,0,0,0.05,0,0.02020202,1,RUSH
0.075039683,0,1,0.371428571,0,0,1,0,0.1,0,0.04040404,1,PASS
0.068055556,0,1,0.371428571,0,0,0,1,0.025,0,0.01010101,1,RUSH
0.049444444,0,1,0.371428571,1,0,0,0,0.25,0,0.494949495,0,PASS
0.045034722,0,1,0.371428571,0,1,0,0,0.075,0,0.424242424,0,RUSH
0.040625,0,1,0.371428571,1,0,0,0,0.25,0,0.343434343,0,PASS
0.036215278,0,1,0.371428571,0,1,0,0,0.025,0,0.252525253,0,RUSH
0.031805556,1,1,0.371428571,1,0,0,0,0.25,0,0.141414141,1,PASS
0.022986111,1,1,0.371428571,0,1,0,0,0.5,0,0.242424242,0,PASS
0.018576389,1,1,0.371428571,0,0,1,0,0.575,1,0.272727273,0,PASS
0.014166667,1,1,0.371428571,0,0,0,1,0.45,1,0.222222222,0,PASS
0.996071429,0,0,0.5,1,0,0,0,0.25,0,0.757575758,0,PASS
0.992142857,0,0,0.5,0,1,0,0,0.025,0,0.666666667,0,RUSH
0.988214286,0,0,0.5,1,0,0,0,0.25,0,0.616161616,0,PASS
0.984285714,0,0,0.5,0,1,0,0,0.1,0,0.555555556,0,RUSH
0.980357143,0,0,0.5,1,0,0,0,0.25,0,0.505050505,0,PASS
0.976428571,0,0,0.5,0,1,0,0,0.1,0,0.444444444,0,PASS
0.9725,0,0,0.5,0,0,1,0,0.1,0,0.444444444,0,PASS
0.968571429,0,0,0.5,1,0,0,0,0.25,0,0.383838384,0,PASS
0.964642857,0,0,0.5,0,1,0,0,0.025,0,0.292929293,0,RUSH
0.960714286,0,0,0.5,1,0,0,0,0.25,0,0.242424242,0,PASS
0.956785714,0,0,0.5,1,0,0,0,0.25,0,0.101010101,1,RUSH
0.952857143,0,0,0.5,0,1,0,0,0.15,0,0.060606061,1,PASS
0.948928571,0,0,0.5,0,0,1,0,0.15,0,0.060606061,1,PASS
0.945,0,0,0.5,0,0,0,1,0.15,0,0.060606061,1,FIELD_GOAL
0.931944444,0,0,0.471428571,1,0,0,0,0.25,0,0.757575758,0,RUSH
0.927673611,0,0,0.471428571,0,1,0,0,0.05,0,0.676767677,0,PASS
0.923402778,0,0,0.471428571,1,0,0,0,0.25,0,0.626262626,0,RUSH
0.919131944,0,0,0.471428571,0,1,0,0,0.2,0,0.606060606,0,PASS
0.910590278,0,0,0.471428571,1,0,0,0,0.25,0,0.454545455,0,RUSH
0.906319444,0,0,0.471428571,0,1,0,0,0.025,0,0.363636364,0,PASS
0.902048611,0,0,0.471428571,0,0,1,0,0.025,0,0.363636364,0,RUSH
0.897777778,0,0,0.471428571,0,0,0,1,0.025,0,0.363636364,0,RUSH
0.893506944,0,0,0.471428571,1,0,0,0,0.25,0,0.343434343,0,PASS
0.889236111,0,0,0.471428571,0,1,0,0,0.15,0,0.303030303,0,PASS
0.884965278,0,0,0.471428571,1,0,0,0,0.25,0,0.232323232,0,RUSH
0.880694444,0,0,0.471428571,0,1,0,0,0.05,0,0.151515152,1,PASS
0.876423611,0,0,0.471428571,1,0,0,0,0.125,0,0.050505051,1,RUSH
0.872152778,0,0,0.471428571,0,1,0,0,0.05,0,0.02020202,1,PASS
0.865,0,0,0.471428571,0,0,1,0,0.05,0,0.02020202,1,PASS
0.773888889,0,0,0.471428571,1,0,0,0,0.25,0,0.757575758,0,RUSH
0.766111111,0,0,0.471428571,0,1,0,0,0.475,0,0.848484848,0,RUSH
0.758333333,0,0,0.471428571,0,0,1,0,0.4,1,0.818181818,0,PASS
0.758333333,0,0,0.471428571,0,0,0,1,0.4,1,0.818181818,0,PUNT
0.672777778,0,0,0.421428571,1,0,0,0,0.25,0,0.747474747,0,RUSH
0.664722222,0,0,0.421428571,0,1,0,0,0.175,0,0.717171717,0,PASS
0.656666667,0,0,0.421428571,0,0,1,0,0.175,1,0.717171717,0,PASS
0.656666667,0,0,0.421428571,0,0,0,1,0.175,1,0.717171717,0,PUNT
0.587222222,0,0,0.371428571,1,0,0,0,0.25,0,0.898989899,0,PASS
0.580277778,0,0,0.371428571,0,1,0,0,0.175,0,0.868686869,0,PASS
0.573333333,0,0,0.371428571,1,0,0,0,0.25,0,0.767676768,0,RUSH
0.559444444,0,0,0.371428571,0,1,0,0,0.45,0,0.848484848,0,RUSH
0.519444444,1,0,0.321428571,1,0,0,0,0.25,0,0.818181818,0,PASS
0.517314815,1,0,0.321428571,0,1,0,0,0.25,0,0.818181818,0,RUSH
0.515185185,1,0,0.321428571,0,0,1,0,0.1,0,0.757575758,0,PASS
0.513055556,1,0,0.321428571,1,0,0,0,0.25,0,0.646464646,0,PASS
0.510925926,1,0,0.321428571,0,1,0,0,0.25,0,0.646464646,0,PASS
0.509166667,1,0,0.321428571,1,0,0,0,0.25,0,0.474747475,0,PASS
0.505833333,1,0,0.321428571,0,1,0,0,0.4,0,0.535353535,0,PASS
0.503703704,1,0,0.321428571,0,0,1,0,0.4,1,0.535353535,0,PASS
0.501574074,1,0,0.321428571,0,0,0,1,0.25,1,0.474747475,0,PASS
0.483333333,0,0,0.321428571,1,0,0,0,0.25,0,0.555555556,0,PASS
0.477649573,0,0,0.321428571,0,1,0,0,0.15,0,0.515151515,0,RUSH
0.471965812,0,0,0.321428571,1,0,0,0,0.25,0,0.404040404,0,PASS
0.466282051,0,0,0.321428571,0,1,0,0,0.1,0,0.343434343,0,RUSH
0.460598291,0,0,0.321428571,0,0,1,0,0.1,0,0.343434343,0,PASS
0.45491453,0,0,0.321428571,1,0,0,0,0.25,0,0.303030303,0,PASS
0.449230769,0,0,0.321428571,0,1,0,0,0.25,0,0.303030303,0,PASS
0.443547009,0,0,0.321428571,0,0,1,0,0.2,1,0.282828283,0,PASS
0.432179487,0,0,0.321428571,1,0,0,0,0.5,0,0.303030303,0,PASS
0.426495726,0,0,0.321428571,0,1,0,0,0.375,0,0.252525253,0,PASS
0.420811966,0,0,0.321428571,0,0,1,0,0.075,0,0.131313131,1,PASS
0.415128205,0,0,0.321428571,1,0,0,0,0.075,0,0.03030303,1,RUSH
0.409444444,0,0,0.321428571,0,1,0,0,0.1,0,0.04040404,1,RUSH
0.367222222,0,0,0.364285714,1,0,0,0,0.25,0,0.878787879,0,PASS
0.361136364,0,0,0.364285714,0,1,0,0,0.25,0,0.878787879,0,PASS
0.355050505,0,0,0.364285714,0,0,1,0,0.125,0,0.828282828,0,PASS
0.348964646,0,0,0.364285714,1,0,0,0,0.25,0,0.757575758,0,PASS
0.336792929,0,0,0.364285714,0,1,0,0,0.125,0,0.707070707,0,PASS
0.324621212,0,0,0.364285714,1,0,0,0,0.375,0,0.616161616,0,RUSH
0.318535354,0,0,0.364285714,0,1,0,0,0.075,0,0.494949495,0,PASS
0.312449495,0,0,0.364285714,1,0,0,0,0.25,0,0.121212121,1,PASS
0.306363636,0,0,0.364285714,0,1,0,0,0.175,0,0.090909091,1,RUSH
0.300277778,0,0,0.364285714,0,0,1,0,0.175,1,0.090909091,1,RUSH
0.295025253,0,0,0.364285714,0,0,0,1,0.3,1,0.141414141,1,FIELD_GOAL
0.248888889,0,0,0.335714286,1,0,0,0,0.25,0,0.757575758,0,PASS
0.244351852,0,0,0.335714286,1,0,0,0,0.25,0,0.656565657,0,RUSH
0.239814815,0,0,0.335714286,0,1,0,0,0.4,0,0.717171717,0,PASS
0.235277778,0,0,0.285714286,1,0,0,0,0.25,0,0.757575758,0,PASS
0.229833333,0,0,0.285714286,0,1,0,0,0.075,0,0.686868687,0,PASS
0.224388889,0,0,0.285714286,1,0,0,0,0.25,0,0.646464646,0,PASS
0.218944444,0,0,0.285714286,0,1,0,0,0.175,0,0.616161616,0,RUSH
0.2135,0,0,0.285714286,0,0,1,0,0.275,1,0.656565657,0,PASS
0.2135,0,0,0.285714286,0,0,0,1,0.275,1,0.656565657,0,PUNT
0.164722222,0,0,0.285714286,1,0,0,0,0.25,0,0.575757576,0,PASS
0.153263889,0,0,0.285714286,0,1,0,0,0.325,0,0.606060606,0,PASS
0.147534722,0,0,0.285714286,0,0,1,0,0.025,0,0.484848485,0,RUSH
0.141805556,0,0,0.285714286,1,0,0,0,0.25,0,0.393939394,0,PASS
0.136076389,0,0,0.285714286,0,1,0,0,0.175,0,0.363636364,0,PASS
0.130347222,0,0,0.285714286,1,0,0,0,0.25,0,0.181818182,1,RUSH
0.124618056,0,0,0.285714286,0,1,0,0,0.15,0,0.141414141,1,PASS
0.118888889,0,0,0.285714286,1,0,0,0,0.125,0,0.050505051,1,RUSH
0.070277778,0,1,0.335714286,1,0,0,0,0.25,0,0.98989899,0,RUSH
0.064222222,0,1,0.335714286,0,1,0,0,0.15,0,0.949494949,0,PASS
0.058166667,0,1,0.335714286,0,0,1,0,0.075,0,0.919191919,0,PASS
0.052111111,0,1,0.335714286,1,0,0,0,0.25,0,0.828282828,0,PASS
0.046055556,0,1,0.335714286,1,0,0,0,0.25,0,0.676767677,0,PASS
0.04,0,1,0.335714286,0,1,0,0,0.125,0,0.626262626,0,RUSH
0.033944444,0,1,0.335714286,1,0,0,0,0.25,0,0.545454545,0,PASS
0.027888889,1,1,0.335714286,1,0,0,0,0.25,0,0.444444444,0,RUSH
0.021833333,1,1,0.335714286,0,1,0,0,0.45,0,0.525252525,0,PASS
0.015777778,1,1,0.335714286,0,0,1,0,0.325,1,0.474747475,0,PASS
1,0,0,0.5,1,0,0,0,0.25,0,0.757575758,0,PASS
0.995868056,0,0,0.5,0,1,0,0,0.25,0,0.757575758,0,PASS
0.991736111,0,0,0.5,0,0,1,0,0.25,1,0.757575758,0,PASS
0.987604167,0,0,0.5,1,0,0,0,0.25,0,0.646464646,0,RUSH
0.983472222,0,0,0.5,0,1,0,0,0.025,0,0.555555556,0,RUSH
0.979340278,0,0,0.5,1,0,0,0,0.25,0,0.525252525,0,RUSH
0.975208333,0,0,0.5,0,1,0,0,0.125,0,0.474747475,0,PASS
0.971076389,0,0,0.5,0,0,1,0,0.125,0,0.474747475,0,RUSH
0.966944444,0,0,0.5,0,0,0,1,0.025,0,0.434343434,0,PASS
0.9628125,0,0,0.5,1,0,0,0,0.25,0,0.393939394,0,PASS
0.958680556,0,0,0.5,0,1,0,0,0.25,0,0.393939394,0,PASS
0.954548611,0,0,0.5,0,0,1,0,0.175,1,0.363636364,0,PASS
0.941701389,0,0,0.5,1,0,0,0,0.25,0,0.262626263,0,RUSH
0.937569444,0,0,0.5,1,0,0,0,0.15,0,0.060606061,1,PASS
0.9334375,0,0,0.5,0,1,0,0,0.15,0,0.060606061,1,PASS
0.911944444,0,0,0.55,1,0,0,0,0.25,0,0.898989899,0,PASS
0.906180556,0,0,0.55,0,1,0,0,0.175,0,0.868686869,0,PASS
0.900416667,0,0,0.55,1,0,0,0,0.25,0,0.767676768,0,RUSH
0.894652778,0,0,0.55,0,1,0,0,0.15,0,0.727272727,0,PASS
0.888888889,0,0,0.55,0,0,1,0,0.15,0,0.727272727,0,PASS
0.883125,0,0,0.55,1,0,0,0,0.25,0,0.444444444,0,RUSH
0.877361111,0,0,0.55,0,1,0,0,0.15,0,0.404040404,0,RUSH
0.871597222,0,0,0.55,1,0,0,0,0.25,0,0.202020202,1,PASS
0.846450617,0,0,0.55,1,0,0,0,0.25,0,0.656565657,0,PASS
0.841512346,0,0,0.55,0,1,0,0,0.25,0,0.656565657,0,PASS
0.836574074,0,0,0.55,0,0,1,0,0.275,1,0.666666667,0,PASS
0.831635802,0,0,0.55,1,0,0,0,0.25,0,0.373737374,0,RUSH
0.826697531,0,0,0.55,0,1,0,0,0.125,0,0.323232323,0,PASS
0.821759259,0,0,0.55,1,0,0,0,0.175,0,0.070707071,1,RUSH
0.816820988,0,0,0.55,0,1,0,0,0.125,0,0.050505051,1,PASS
0.811882716,0,0,0.55,0,0,1,0,0.125,0,0.050505051,1,PASS
0.791944444,0,0,0.592857143,1,0,0,0,0.425,0,0.939393939,0,PASS
0.784722222,0,0,0.592857143,0,1,0,0,0.425,0,0.939393939,0,PASS
0.7775,0,0,0.592857143,0,0,1,0,0.425,1,0.939393939,0,PASS
0.7775,0,0,0.592857143,0,0,0,1,0.35,1,0.909090909,0,PUNT
0.7775,0,0,0.542857143,1,0,0,0,0.25,0,0.747474747,0,PASS
0.772555556,0,0,0.542857143,0,1,0,0,0.25,0,0.747474747,0,RUSH
0.767611111,0,0,0.542857143,0,0,1,0,0.175,1,0.717171717,0,PASS
0.762666667,0,0,0.542857143,1,0,0,0,0.25,0,0.636363636,0,RUSH
0.757722222,0,0,0.542857143,0,1,0,0,0.25,0,0.636363636,0,PASS
0.75,0,0,0.492857143,1,0,0,0,0.25,0,0.828282828,0,RUSH
0.741444444,0,0,0.492857143,0,1,0,0,0.325,0,0.858585859,0,PASS
0.732888889,0,0,0.492857143,1,0,0,0,0.25,0,0.636363636,0,PASS
0.724333333,0,0,0.492857143,0,1,0,0,0.25,0,0.636363636,0,RUSH
0.715777778,0,0,0.492857143,0,0,1,0,0.2,1,0.616161616,0,RUSH
0.715777778,0,0,0.492857143,0,0,0,1,0.05,0,0.555555556,0,PUNT
0.657777778,0,0,0.492857143,1,0,0,0,0.25,0,0.686868687,0,RUSH
0.638333333,0,0,0.442857143,1,0,0,0,0.25,0,0.757575758,0,PASS
0.632824074,0,0,0.442857143,0,1,0,0,0.25,0,0.757575758,0,PASS
0.627314815,0,0,0.442857143,0,0,1,0,0.05,0,0.676767677,0,PASS
0.616296296,0,0,0.442857143,1,0,0,0,0.5,0,0.727272727,0,PASS
0.610787037,0,0,0.442857143,0,1,0,0,0.475,0,0.717171717,0,PASS
0.605277778,0,0,0.442857143,0,0,1,0,0.475,1,0.717171717,0,PASS
0.605277778,0,0,0.442857143,0,0,0,1,0.475,1,0.717171717,0,PUNT
0.6025,0,0,0.442857143,1,0,0,0,0.25,0,0.232323232,0,PASS
0.595486111,0,0,0.442857143,0,1,0,0,0.225,0,0.222222222,0,PASS
0.588472222,0,0,0.442857143,1,0,0,0,0.1,0,0.04040404,1,RUSH
0.581458333,0,0,0.442857143,0,1,0,0,0.075,0,0.03030303,1,PASS
0.553333333,0,0,0.442857143,1,0,0,0,0.25,0,0.757575758,0,PASS
0.547166667,0,0,0.442857143,0,1,0,0,0.25,0,0.757575758,0,PASS
0.541,0,0,0.442857143,1,0,0,0,0.25,0,0.646464646,0,RUSH
0.534833333,0,0,0.442857143,0,1,0,0,0.075,0,0.575757576,0,RUSH
0.528666667,1,0,0.442857143,0,0,1,0,0.175,1,0.616161616,0,PASS
0.528666667,1,0,0.442857143,0,0,0,1,0.175,1,0.616161616,0,PUNT
0.501666667,1,0,0.442857143,1,0,0,0,0.25,0,0.878787879,0,RUSH
0.459166667,0,0,0.392857143,1,0,0,0,0.25,0,0.888888889,0,RUSH
0.454166667,0,0,0.392857143,1,0,0,0,0.25,0,0.717171717,0,PASS
0.449166667,0,0,0.392857143,0,1,0,0,0.25,0,0.717171717,0,PASS
0.444166667,0,0,0.392857143,1,0,0,0,0.25,0,0.515151515,0,RUSH
0.434166667,0,0,0.392857143,1,0,0,0,0.25,0,0.343434343,0,RUSH
0.430555556,0,0,0.392857143,0,1,0,0,0.15,0,0.303030303,0,PASS
0.425555556,0,0,0.392857143,0,0,1,0,0.15,0,0.303030303,0,RUSH
0.415833333,0,0,0.392857143,0,0,0,1,0.05,0,0.262626263,0,RUSH
0.393055556,0,0,0.342857143,1,0,0,0,0.25,0,0.909090909,0,RUSH
0.382722222,0,0,0.342857143,1,0,0,0,0.25,0,0.666666667,0,RUSH
0.377555556,0,0,0.342857143,0,1,0,0,0.35,0,0.707070707,0,PASS
0.372388889,0,0,0.342857143,0,0,1,0,0.35,1,0.707070707,0,PASS
0.372388889,0,0,0.342857143,0,0,0,1,0.35,1,0.707070707,0,PUNT
0.3325,0,0,0.342857143,1,0,0,0,0.5,0,0.737373737,0,RUSH
0.323333333,0,0,0.342857143,0,1,0,0,0.2,0,0.616161616,0,PASS
0.314166667,0,0,0.342857143,1,0,0,0,0.25,0,0.202020202,1,RUSH
0.305,0,0,0.342857143,0,1,0,0,0.225,0,0.191919192,1,PASS
0.295833333,0,0,0.342857143,0,0,1,0,0.225,1,0.191919192,1,PASS
0.255277778,0,0,0.342857143,1,0,0,0,0.25,0,0.757575758,0,PASS
0.25,0,0,0.342857143,0,1,0,0,0.025,0,0.666666667,0,RUSH
0.22,0,0,0.342857143,1,0,0,0,0.25,0,0.797979798,0,PASS
0.213111111,0,0,0.342857143,0,1,0,0,0.05,0,0.717171717,0,RUSH
0.206222222,0,0,0.342857143,1,0,0,0,0.25,0,0.666666667,0,PASS
0.199333333,0,0,0.342857143,0,1,0,0,0.25,0,0.666666667,0,RUSH
0.192444444,0,0,0.342857143,0,0,1,0,0.375,1,0.717171717,0,RUSH
0.192444444,0,0,0.342857143,0,0,0,1,0.325,1,0.696969697,0,PUNT
0.125,0,0,0.292857143,1,0,0,0,0.25,0,0.757575758,0,PASS
0.119814815,0,0,0.292857143,0,1,0,0,0.25,0,0.757575758,0,RUSH
0.11462963,0,1,0.292857143,0,0,1,0,0.2,1,0.737373737,0,PASS
0.11462963,0,1,0.292857143,0,0,0,1,0.2,1,0.737373737,0,PUNT
0.995416667,0,0,0.5,1,0,0,0,0.25,0,0.848484848,0,PASS
0.990833333,0,0,0.5,1,0,0,0,0.25,0,0.737373737,0,PASS
0.98625,0,0,0.5,0,1,0,0,0.25,0,0.737373737,0,PASS
0.981666667,0,0,0.5,0,0,1,0,0.1,0,0.676767677,0,PASS
0.981666667,0,0,0.5,0,0,0,1,0.1,0,0.676767677,0,PUNT
0.962222222,0,0,0.5,1,0,0,0,0.25,0,0.717171717,0,PASS
0.955079365,0,0,0.5,0,1,0,0,0.125,0,0.666666667,0,RUSH
0.947936508,0,0,0.5,0,0,1,0,0.05,0,0.636363636,0,RUSH
0.944166667,0,0,0.5,1,0,0,0,0.25,0,0.444444444,0,PASS
0.929880952,0,0,0.5,0,1,0,0,0.15,0,0.404040404,0,RUSH
0.922738095,0,0,0.5,0,0,1,0,0.2,1,0.424242424,0,RUSH
0.915595238,0,0,0.5,0,0,0,1,0.425,1,0.515151515,0,RUSH
0.85,0,0,0.528571429,1,0,0,0,0.25,0,0.757575758,0,PASS
0.845277778,0,0,0.528571429,0,1,0,0,0.025,0,0.666666667,0,RUSH
0.840555556,0,0,0.528571429,1,0,0,0,0.25,0,0.626262626,0,PASS
0.835833333,0,0,0.528571429,0,1,0,0,0.275,0,0.636363636,0,PASS
0.806666667,0,0,0.528571429,1,0,0,0,0.25,0,0.616161616,0,RUSH
0.800092593,0,0,0.528571429,0,1,0,0,0.125,0,0.565656566,0,PASS
0.793518519,0,0,0.528571429,1,0,0,0,0.25,0,0.242424242,0,RUSH
0.786944444,0,0,0.528571429,0,1,0,0,0.225,0,0.232323232,0,PASS
0.78037037,0,0,0.528571429,0,0,1,0,0.225,1,0.232323232,0,RUSH
0.767222222,0,0,0.528571429,0,0,0,1,0.225,1,0.232323232,0,FIELD_GOAL
0.753055556,0,0,0.478571429,1,0,0,0,0.25,0,0.757575758,0,PASS
0.747407407,0,0,0.478571429,0,1,0,0,0.25,0,0.757575758,0,PASS
0.75,0,0,0.478571429,0,0,1,0,0.15,0,0.717171717,0,RUSH
0.75,0,0,0.478571429,0,0,0,1,0.275,1,0.767676768,0,PUNT
0.704444444,0,0,0.478571429,1,0,0,0,0.25,0,0.888888889,0,PASS
0.698935185,0,0,0.478571429,0,1,0,0,0.25,0,0.888888889,0,PASS
0.693425926,0,0,0.478571429,0,0,1,0,0.1,0,0.828282828,0,RUSH
0.687916667,0,0,0.478571429,1,0,0,0,0.25,0,0.787878788,0,RUSH
0.682407407,0,0,0.478571429,0,1,0,0,0.2,0,0.767676768,0,PASS
0.676898148,0,0,0.478571429,0,0,1,0,0.05,0,0.707070707,0,PASS
0.676898148,0,0,0.478571429,0,0,0,1,0.05,0,0.707070707,0,PUNT
0.638333333,0,0,0.457142857,1,0,0,0,0.25,0,0.757575758,0,PASS
0.632222222,0,0,0.457142857,0,1,0,0,0.075,0,0.686868687,0,RUSH
0.619166667,0,0,0.457142857,0,0,1,0,0.05,0,0.676767677,0,PASS
0.613055556,0,0,0.457142857,1,0,0,0,0.25,0,0.555555556,0,PASS
0.606944444,0,0,0.457142857,1,0,0,0,0.25,0,0.434343434,0,PASS
0.600833333,0,0,0.457142857,0,1,0,0,0.25,0,0.434343434,0,PASS
0.594722222,0,0,0.457142857,0,0,1,0,0.25,1,0.434343434,0,RUSH
0.594722222,0,0,0.457142857,0,0,0,1,0.425,1,0.505050505,0,PUNT
0.549722222,0,0,0.407142857,1,0,0,0,0.25,0,0.666666667,0,PASS
0.545578704,0,0,0.407142857,0,1,0,0,0.25,0,0.666666667,0,PASS
0.541435185,0,0,0.407142857,0,0,1,0,0.125,0,0.616161616,0,RUSH
0.533148148,1,0,0.407142857,1,0,0,0,0.25,0,0.565656566,0,PASS
0.52900463,1,0,0.407142857,1,0,0,0,0.25,0,0.242424242,0,RUSH
0.524861111,1,0,0.407142857,0,1,0,0,0.275,0,0.252525253,0,PASS
0.520717593,1,0,0.407142857,0,0,1,0,0.275,1,0.252525253,0,PASS
0.516574074,1,0,0.407142857,1,0,0,0,0.25,0,0.121212121,1,RUSH
0.508333333,1,0,0.407142857,0,1,0,0,0.15,0,0.080808081,1,PASS
0.504189815,1,0,0.407142857,0,0,1,0,0.15,0,0.080808081,1,RUSH
0.500046296,1,0,0.407142857,0,0,0,1,0.325,1,0.151515152,1,FIELD_GOAL
0.4825,0,0,0.428571429,1,0,0,0,0.25,0,0.474747475,0,PASS
0.480185185,0,0,0.428571429,0,1,0,0,0.25,0,0.474747475,0,PASS
0.47787037,0,0,0.428571429,1,0,0,0,0.25,0,0.363636364,0,PASS
0.415555556,0,0,0.378571429,1,0,0,0,0.25,0,0.95959596,0,PASS
0.409907407,0,0,0.378571429,0,1,0,0,0.25,0,0.95959596,0,PASS
0.404259259,0,0,0.378571429,0,0,1,0,0.25,1,0.95959596,0,PASS
0.398611111,0,0,0.378571429,1,0,0,0,0.25,0,0.858585859,0,PASS
0.387314815,0,0,0.378571429,0,1,0,0,0.325,0,0.888888889,0,PASS
0.381666667,0,0,0.378571429,0,0,1,0,0.325,1,0.888888889,0,RUSH
0.381666667,0,0,0.378571429,0,0,0,1,0.075,0,0.787878788,0,PUNT
0.3525,0,0,0.378571429,1,0,0,0,0.25,0,0.898989899,0,PASS
0.34702381,0,0,0.378571429,1,0,0,0,0.25,0,0.717171717,0,PASS
0.341547619,0,0,0.378571429,0,1,0,0,0.025,0,0.626262626,0,PASS
0.336071429,0,0,0.378571429,1,0,0,0,0.25,0,0.303030303,0,PASS
0.330595238,0,0,0.378571429,0,1,0,0,0.1,0,0.242424242,0,RUSH
0.325119048,0,0,0.378571429,0,0,1,0,0.2,1,0.282828283,0,PASS
0.319642857,0,0,0.378571429,0,0,0,1,0.2,1,0.282828283,0,RUSH
0.248888889,0,0,0.328571429,1,0,0,0,0.25,0,0.757575758,0,PASS
0.246296296,0,0,0.328571429,0,1,0,0,0.25,0,0.757575758,0,PASS
0.243703704,0,0,0.328571429,0,0,1,0,0.25,1,0.757575758,0,PASS
0.243703704,0,0,0.328571429,0,0,0,1,0.25,1,0.757575758,0,PUNT
0.2175,0,0,0.328571429,1,0,0,0,0.25,0,0.787878788,0,PASS
0.212777778,0,0,0.328571429,0,1,0,0,0.25,0,0.787878788,0,RUSH
0.208055556,0,0,0.328571429,1,0,0,0,0.25,0,0.434343434,0,PASS
0.203333333,0,0,0.328571429,1,0,0,0,0.25,0,0.151515152,1,RUSH
0.201111111,0,0,0.328571429,0,1,0,0,0.175,0,0.121212121,1,PASS
0.196388889,0,0,0.328571429,0,0,1,0,0.2,1,0.131313131,1,RUSH
0.191666667,0,0,0.328571429,0,0,0,1,0.15,0,0.111111111,1,PASS
0.072777778,0,1,0.321428571,1,0,0,0,0.25,0,0.757575758,0,PASS
0.067083333,0,1,0.321428571,1,0,0,0,0.25,0,0.555555556,0,PASS
0.061388889,0,1,0.321428571,1,0,0,0,0.25,0,0.444444444,0,RUSH
0.061666667,0,1,0.321428571,0,1,0,0,0.275,0,0.454545455,0,PASS
0.055972222,0,1,0.321428571,0,0,1,0,0.075,0,0.373737374,0,RUSH
0.050277778,0,1,0.321428571,1,0,0,0,0.25,0,0.282828283,0,RUSH
0.05,0,1,0.321428571,0,1,0,0,0.525,0,0.393939394,0,PASS
0.044305556,0,1,0.321428571,0,0,1,0,0.45,1,0.363636364,0,RUSH
0.044305556,0,1,0.321428571,0,0,0,1,0.625,1,0.434343434,0,PUNT
0.993670635,0,0,0.5,1,0,0,0,0.25,0,0.777777778,0,RUSH
0.98734127,0,0,0.5,0,1,0,0,0.325,0,0.808080808,0,PASS
0.981011905,0,0,0.5,0,0,1,0,0.1,0,0.717171717,0,PASS
0.97468254,0,0,0.5,1,0,0,0,0.25,0,0.626262626,0,RUSH
0.968353175,0,0,0.5,0,1,0,0,0.175,0,0.595959596,0,RUSH
0.955694444,0,0,0.5,1,0,0,0,0.125,0,0.434343434,0,RUSH
0.949365079,0,0,0.5,0,1,0,0,0.1,0,0.424242424,0,PASS
0.936706349,0,0,0.5,1,0,0,0,0.375,0,0.414141414,0,PASS
0.930376984,0,0,0.5,0,1,0,0,0.375,0,0.414141414,0,PASS
0.917718254,0,0,0.5,0,0,1,0,0.5,1,0.464646465,0,PASS
0.936111111,0,0,0.5,1,0,0,0,0.2,0,0.080808081,1,RUSH
0.929781746,0,0,0.5,0,1,0,0,0.05,0,0.02020202,1,RUSH
0.923452381,0,0,0.5,0,0,1,0,0.025,0,0.01010101,1,RUSH
0.917123016,0,0,0.5,0,0,0,1,0.025,0,0.01010101,1,PASS
0.885833333,0,0,0.542857143,1,0,0,0,0.25,0,0.686868687,0,PASS
0.871666667,0,0,0.542857143,0,1,0,0,0.5,0,0.787878788,0,PASS
0.866944444,0,0,0.542857143,1,0,0,0,0.25,0,0.555555556,0,PASS
0.871388889,0,0,0.542857143,1,0,0,0,0.25,0,0.373737374,0,RUSH
0.866666667,0,0,0.542857143,1,0,0,0,0.25,0,0.202020202,1,PASS
0.857222222,0,0,0.542857143,0,1,0,0,0.2,0,0.181818182,1,PASS
0.789444444,0,0,0.55,1,0,0,0,0.25,0,0.838383838,0,PASS
0.782619048,0,0,0.55,0,1,0,0,0.275,0,0.848484848,0,RUSH
0.775793651,0,0,0.55,0,0,1,0,0.275,1,0.848484848,0,PASS
0.767222222,0,0,0.55,1,0,0,0,0.25,0,0.414141414,0,RUSH
0.760396825,0,0,0.55,0,1,0,0,0.15,0,0.373737374,0,RUSH
0.75,0,0,0.55,0,0,1,0,0.25,1,0.414141414,0,PASS
0.743174603,0,0,0.55,1,0,0,0,0.25,0,0.232323232,0,PASS
0.713611111,0,0,0.6,1,0,0,0,0.25,0,0.818181818,0,PASS
0.707222222,0,0,0.6,1,0,0,0,0.25,0,0.646464646,0,RUSH
0.700833333,0,0,0.6,0,1,0,0,0.1,0,0.585858586,0,PASS
0.694444444,0,0,0.6,1,0,0,0,0.25,0,0.353535354,0,PASS
0.688055556,0,0,0.6,1,0,0,0,0.25,0,0.202020202,1,PASS
0.681666667,0,0,0.6,0,1,0,0,0.225,0,0.191919192,1,RUSH
0.675277778,0,0,0.6,0,0,1,0,0.275,1,0.212121212,0,PASS
0.631111111,0,0,0.6,1,0,0,0,0.25,0,0.777777778,0,PASS
0.624027778,0,0,0.6,0,1,0,0,0.25,0,0.777777778,0,RUSH
0.616944444,0,0,0.6,0,0,1,0,0.125,0,0.727272727,0,PASS
0.609861111,0,0,0.6,1,0,0,0,0.25,0,0.606060606,0,RUSH
0.602777778,0,0,0.6,0,1,0,0,0.075,0,0.535353535,0,RUSH
0.595694444,0,0,0.6,0,0,1,0,0.075,0,0.535353535,0,PASS
0.595694444,0,0,0.6,0,0,0,1,0.075,0,0.535353535,0,PUNT
0.500555556,1,0,0.6,1,0,0,0,0.25,0,0.808080808,0,RUSH
0.431944444,0,0,0.6,1,0,0,0,0.25,0,0.696969697,0,RUSH
0.426267361,0,0,0.6,0,1,0,0,0.15,0,0.656565657,0,PASS
0.416822917,0,0,0.6,1,0,0,0,0.25,0,0.555555556,0,RUSH
0.411145833,0,0,0.6,0,1,0,0,0.2,0,0.535353535,0,PASS
0.40546875,0,0,0.6,1,0,0,0,0.25,0,0.444444444,0,PASS
0.399791667,0,0,0.6,0,1,0,0,0.375,0,0.494949495,0,PASS
0.3925,0,0,0.6,0,0,1,0,0.075,0,0.373737374,0,PASS
0.386822917,0,0,0.6,1,0,0,0,0.25,0,0.333333333,0,PASS
0.381145833,0,0,0.6,1,0,0,0,0.25,0,0.181818182,1,RUSH
0.37546875,0,0,0.6,1,0,0,0,0.15,0,0.060606061,1,RUSH
0.364114583,0,0,0.6,1,0,0,0,0.05,0,0.02020202,1,RUSH
0.3584375,0,0,0.6,0,1,0,0,0.025,0,0.01010101,1,RUSH
0.352760417,0,0,0.6,0,0,1,0,0.025,0,0.01010101,1,RUSH
0.34140625,0,0,0.6,0,0,0,1,0.15,0,0.060606061,1,FIELD_GOAL
0.325833333,0,0,0.621428571,1,0,0,0,0.25,0,0.565656566,0,RUSH
0.319583333,0,0,0.621428571,0,1,0,0,0.2,0,0.545454545,0,PASS
0.307083333,0,0,0.621428571,0,0,1,0,0.45,1,0.646464646,0,PASS
0.300833333,0,0,0.621428571,0,0,1,0,0.225,1,0.555555556,0,PASS
0.300833333,0,0,0.621428571,0,0,0,1,0.225,1,0.555555556,0,PUNT
0.2275,0,0,0.6,1,0,0,0,0.25,0,0.777777778,0,PASS
0.222083333,0,0,0.6,0,1,0,0,0.25,0,0.777777778,0,RUSH
0.216666667,0,0,0.6,0,0,1,0,0.075,0,0.707070707,0,PASS
0.21125,0,0,0.6,1,0,0,0,0.25,0,0.474747475,0,RUSH
0.205833333,0,0,0.6,0,1,0,0,0.175,0,0.444444444,0,PASS
0.200416667,0,0,0.6,0,0,1,0,0.175,1,0.444444444,0,PASS
0.200416667,0,0,0.6,0,0,0,1,0.175,1,0.444444444,0,PUNT
0.143055556,0,0,0.6,1,0,0,0,0.25,0,0.97979798,0,PASS
0.132916667,0,0,0.6,0,1,0,0,0.1,0,0.919191919,0,RUSH
0.122777778,0,0,0.6,0,0,1,0,0.125,0,0.929292929,0,PASS
0.112638889,0,1,0.6,1,0,0,0,0.25,0,0.737373737,0,RUSH
0.1025,0,1,0.6,0,1,0,0,0.175,0,0.707070707,0,RUSH
0.092361111,0,1,0.6,0,0,1,0,0.225,1,0.727272727,0,PASS
0.092361111,0,1,0.6,0,0,0,1,0.225,1,0.727272727,0,PUNT
0.059722222,0,1,0.6,1,0,0,0,0.25,0,0.808080808,0,RUSH
0.050555556,0,1,0.6,0,1,0,0,0.2,0,0.787878788,0,RUSH
0.041388889,0,1,0.6,0,0,1,0,0.2,1,0.787878788,0,PASS
0.041388889,0,1,0.6,0,0,0,1,0.2,1,0.787878788,0,PUNT
0.019166667,1,1,0.6,1,0,0,0,0.25,0,0.535353535,0,RUSH
0.009583333,1,1,0.6,0,1,0,0,0.275,0,0.545454545,0,RUSH
0.958611111,0,0,0.5,1,0,0,0,0.25,0,0.646464646,0,PASS
0.954166667,0,0,0.5,1,0,0,0,0.25,0,0.494949495,0,RUSH
0.945277778,0,0,0.5,1,0,0,0,0.25,0,0.252525253,0,PASS
0.906944444,0,0,0.5,1,0,0,0,0.25,0,0.797979798,0,RUSH
0.900086806,0,0,0.5,0,1,0,0,0.25,0,0.797979798,0,RUSH
0.893229167,0,0,0.5,0,0,1,0,0.15,0,0.757575758,0,PASS
0.886371528,0,0,0.5,1,0,0,0,0.25,0,0.626262626,0,RUSH
0.879513889,0,0,0.5,0,1,0,0,0.175,0,0.595959596,0,PASS
0.87265625,0,0,0.5,1,0,0,0,0.25,0,0.525252525,0,RUSH
0.865798611,0,0,0.5,0,1,0,0,0.075,0,0.454545455,0,RUSH
0.85,0,0,0.5,0,0,1,0,0.025,0,0.434343434,0,RUSH
0.843142361,0,0,0.5,1,0,0,0,0.25,0,0.373737374,0,PASS
0.836284722,0,0,0.5,0,1,0,0,0.25,0,0.373737374,0,RUSH
0.829427083,0,0,0.5,0,0,1,0,0.25,1,0.373737374,0,PASS
0.822569444,0,0,0.5,1,0,0,0,0.25,0,0.232323232,0,RUSH
0.815711806,0,0,0.5,0,1,0,0,0.15,0,0.191919192,1,PASS
0.808854167,0,0,0.5,1,0,0,0,0.15,0,0.060606061,1,PASS
0.801996528,0,0,0.5,0,1,0,0,0.15,0,0.060606061,1,RUSH
0.795138889,0,0,0.5,0,0,1,0,0.1,0,0.04040404,1,RUSH
0.746666667,0,0,0.528571429,1,0,0,0,0.25,0,0.757575758,0,RUSH
0.741313131,0,0,0.528571429,1,0,0,0,0.25,0,0.545454545,0,PASS
0.735959596,0,0,0.528571429,0,1,0,0,0.05,0,0.464646465,0,RUSH
0.730606061,0,0,0.528571429,0,0,1,0,0.025,0,0.454545455,0,RUSH
0.725252525,0,0,0.528571429,1,0,0,0,0.25,0,0.434343434,0,PASS
0.71989899,0,0,0.528571429,0,1,0,0,0.025,0,0.343434343,0,RUSH
0.714545455,0,0,0.528571429,1,0,0,0,0.25,0,0.282828283,0,PASS
0.709191919,0,0,0.528571429,0,1,0,0,0.225,0,0.272727273,0,RUSH
0.703838384,0,0,0.528571429,0,0,1,0,0.125,0,0.232323232,0,PASS
0.684924242,0,0,0.528571429,1,0,0,0,0.05,0,0.02020202,1,RUSH
0.672777778,0,0,0.578571429,1,0,0,0,0.25,0,0.494949495,0,PASS
0.667083333,0,0,0.578571429,0,1,0,0,0.25,0,0.494949495,0,PASS
0.661388889,0,0,0.578571429,0,0,1,0,0.25,1,0.494949495,0,PASS
0.655694444,0,0,0.578571429,1,0,0,0,0.25,0,0.373737374,0,PASS
0.65,0,0,0.578571429,0,1,0,0,0.175,0,0.343434343,0,RUSH
0.644305556,0,0,0.578571429,1,0,0,0,0.25,0,0.272727273,0,PASS
0.638611111,0,0,0.578571429,0,1,0,0,0.025,0,0.181818182,1,RUSH
0.632916667,0,0,0.578571429,1,0,0,0,0.25,0,0.161616162,1,PASS
0.627222222,0,0,0.578571429,0,1,0,0,0.025,0,0.070707071,1,PASS
0.621527778,0,0,0.578571429,0,0,1,0,0.025,0,0.070707071,1,RUSH
0.672777778,0,0,0.578571429,1,0,0,0,0.1,0,0.04040404,1,RUSH
0.667083333,0,0,0.578571429,0,1,0,0,0.05,0,0.02020202,1,PASS
0.570833333,0,0,0.628571429,1,0,0,0,0.25,0,0.828282828,0,PASS
0.566287879,0,0,0.628571429,1,0,0,0,0.25,0,0.616161616,0,PASS
0.561742424,0,0,0.628571429,0,1,0,0,0.15,0,0.575757576,0,RUSH
0.55719697,0,0,0.628571429,0,0,1,0,0.15,0,0.575757576,0,PASS
0.552651515,0,0,0.628571429,1,0,0,0,0.25,0,0.333333333,0,RUSH
0.548106061,0,0,0.628571429,0,1,0,0,0.1,0,0.272727273,0,PASS
0.543560606,0,0,0.628571429,0,0,1,0,0.1,0,0.272727273,0,PASS
0.539015152,0,0,0.628571429,1,0,0,0,0.25,0,0.171717172,1,PASS
0.524166667,1,0,0.628571429,0,1,0,0,0.175,0,0.141414141,1,PASS
0.519621212,1,0,0.628571429,0,0,1,0,0.175,1,0.141414141,1,PASS
0.515075758,1,0,0.628571429,0,0,0,1,0.175,1,0.141414141,1,FIELD_GOAL
0.5,0,0,0.65,1,0,0,0,0.25,0,0.757575758,0,RUSH
0.490555556,0,0,0.65,0,1,0,0,0.225,0,0.747474747,0,PASS
0.481111111,0,0,0.65,0,0,1,0,0.225,1,0.747474747,0,RUSH
0.481111111,0,0,0.65,0,0,0,1,0.025,0,0.666666667,0,PUNT
0.4225,0,0,0.65,1,0,0,0,0.25,0,0.848484848,0,PASS
0.416313131,0,0,0.65,0,1,0,0,0.2,0,0.828282828,0,RUSH
0.410126263,0,0,0.65,1,0,0,0,0.25,0,0.727272727,0,RUSH
0.403939394,0,0,0.65,0,1,0,0,0.025,0,0.636363636,0,RUSH
0.397752525,0,0,0.65,1,0,0,0,0.25,0,0.585858586,0,RUSH
0.391565657,0,0,0.65,0,1,0,0,0.075,0,0.515151515,0,PASS
0.385378788,0,0,0.65,1,0,0,0,0.25,0,0.444444444,0,PASS
0.379191919,0,0,0.65,1,0,0,0,0.25,0,0.262626263,0,PASS
0.373005051,0,0,0.65,0,1,0,0,0.25,0,0.262626263,0,RUSH
0.366818182,0,0,0.65,0,0,1,0,0.05,0,0.181818182,1,RUSH
0.360631313,0,0,0.65,0,0,0,1,0.075,0,0.191919192,1,FIELD_GOAL
0.290277778,0,0,0.671428571,1,0,0,0,0.25,0,1,0,PASS
0.284236111,0,0,0.671428571,1,0,0,0,0.25,0,0.898989899,0,RUSH
0.278194444,0,0,0.671428571,0,1,0,0,0.1,0,0.838383838,0,RUSH
0.272152778,0,0,0.671428571,0,0,1,0,0.05,0,0.818181818,0,RUSH
0.248888889,0,0,0.65,1,0,0,0,0.25,0,0.757575758,0,PASS
0.242460317,0,0,0.65,1,0,0,0,0.25,0,0.555555556,0,RUSH
0.236031746,0,0,0.65,1,0,0,0,0.25,0,0.383838384,0,PASS
0.229603175,0,0,0.65,1,0,0,0,0.25,0,0.242424242,0,RUSH
0.223174603,0,0,0.65,0,1,0,0,0.25,0,0.242424242,0,RUSH
0.213611111,0,0,0.65,0,0,1,0,0.425,1,0.313131313,0,RUSH
0.204722222,0,0,0.65,0,0,0,1,0.15,0,0.202020202,1,FIELD_GOAL
0.177222222,0,0,0.671428571,1,0,0,0,0.25,0,0.636363636,0,RUSH
0.170982906,0,0,0.671428571,0,1,0,0,0.15,0,0.595959596,0,PASS
0.16474359,0,0,0.671428571,1,0,0,0,0.25,0,0.484848485,0,RUSH
0.158504274,0,0,0.671428571,0,1,0,0,0.2,0,0.464646465,0,PASS
0.152264957,0,0,0.671428571,1,0,0,0,0.25,0,0.373737374,0,PASS
0.146025641,0,0,0.671428571,0,1,0,0,0.075,0,0.303030303,0,RUSH
0.139786325,0,0,0.671428571,0,0,1,0,0.025,0,0.282828283,0,RUSH
0.133547009,0,0,0.671428571,0,0,0,1,0.025,0,0.282828283,0,RUSH
0.127307692,0,0,0.671428571,1,0,0,0,0.25,0,0.262626263,0,PASS
0.121068376,0,0,0.671428571,0,1,0,0,0.25,0,0.262626263,0,RUSH
0.093482906,0,1,0.671428571,1,0,0,0,0.25,0,0.121212121,1,PASS
0.08724359,0,1,0.671428571,0,1,0,0,0.25,0,0.121212121,1,PASS
0.073333333,0,1,0.721428571,1,0,0,0,0.25,0,0.535353535,0,PASS
0.066230159,0,1,0.721428571,0,1,0,0,0.25,0,0.535353535,0,PASS
0.05202381,0,1,0.721428571,1,0,0,0,0.375,0,0.474747475,0,RUSH
0.044920635,0,1,0.721428571,0,1,0,0,0.3,0,0.444444444,0,PASS
0.03781746,0,1,0.721428571,1,0,0,0,0.25,0,0.212121212,0,PASS
0.030714286,1,1,0.721428571,1,0,0,0,0.225,0,0.090909091,1,RUSH
0.023611111,1,1,0.721428571,0,1,0,0,0.075,0,0.03030303,1,PASS
0.996722222,0,0,0.5,1,0,0,0,0.25,0,0.585858586,0,PASS
0.993444444,0,0,0.5,0,1,0,0,0.25,0,0.585858586,0,PASS
0.990166667,0,0,0.5,0,0,1,0,0.25,1,0.585858586,0,PASS
0.986888889,0,0,0.5,0,0,0,1,0.025,0,0.494949495,0,RUSH
0.939444444,0,0,0.55,1,0,0,0,0.25,0,0.404040404,0,PASS
0.935,0,0,0.55,0,1,0,0,0.025,0,0.313131313,0,PASS
0.926111111,0,0,0.55,1,0,0,0,0.375,0,0.232323232,0,PASS
0.884444444,0,0,0.6,1,0,0,0,0.25,0,0.757575758,0,PASS
0.879365079,0,0,0.6,0,1,0,0,0.25,0,0.757575758,0,RUSH
0.874285714,0,0,0.6,0,0,1,0,0.125,0,0.707070707,0,PASS
0.869206349,0,0,0.6,1,0,0,0,0.25,0,0.616161616,0,RUSH
0.864126984,0,0,0.6,1,0,0,0,0.25,0,0.464646465,0,PASS
0.859047619,0,0,0.6,0,1,0,0,0.25,0,0.464646465,0,PASS
0.850555556,0,0,0.6,1,0,0,0,0.1,0,0.04040404,1,PASS
0.781666667,0,0,0.65,1,0,0,0,0.25,0,1,0,RUSH
0.775079365,0,0,0.65,0,1,0,0,0.175,0,0.96969697,0,RUSH
0.768492063,0,0,0.65,0,0,1,0,0.125,0,0.949494949,0,RUSH
0.75,0,0,0.65,1,0,0,0,0.25,0,0.484848485,0,PASS
0.743412698,0,0,0.65,0,1,0,0,0.2,0,0.464646465,0,PASS
0.730238095,0,0,0.65,1,0,0,0,0.25,0,0.232323232,0,PASS
0.674666667,0,0,0.65,1,0,0,0,0.25,0,0.505050505,0,PASS
0.670166667,0,0,0.65,0,1,0,0,0.25,0,0.505050505,0,PASS
0.665666667,0,0,0.65,0,0,1,0,0.075,0,0.434343434,0,PASS
0.661166667,0,0,0.65,1,0,0,0,0.25,0,0.191919192,1,PASS
0.554166667,0,0,0.678571429,1,0,0,0,0.25,0,0.525252525,0,PASS
0.547395833,0,0,0.678571429,0,1,0,0,0.25,0,0.525252525,0,RUSH
0.540625,0,0,0.678571429,0,0,1,0,0.1,0,0.464646465,0,PASS
0.533854167,0,0,0.678571429,1,0,0,0,0.25,0,0.424242424,0,PASS
0.527083333,1,0,0.678571429,1,0,0,0,0.25,0,0.303030303,0,RUSH
0.5203125,1,0,0.678571429,0,1,0,0,0.425,0,0.373737374,0,PASS
0.513541667,1,0,0.678571429,0,0,1,0,0.15,0,0.262626263,0,PASS
0.501111111,1,0,0.678571429,0,0,0,1,0.025,0,0.212121212,0,FIELD_GOAL
0.457777778,0,0,0.7,1,0,0,0,0.25,0,0.878787879,0,PASS
0.451064815,0,0,0.7,0,1,0,0,0.175,0,0.848484848,0,PASS
0.444351852,0,0,0.7,1,0,0,0,0.25,0,0.535353535,0,PASS
0.437638889,0,0,0.7,0,1,0,0,0.275,0,0.545454545,0,PASS
0.430925926,0,0,0.7,0,0,1,0,0.025,0,0.444444444,0,RUSH
0.424212963,0,0,0.7,1,0,0,0,0.2,0,0.080808081,1,PASS
0.384444444,0,0,0.75,1,0,0,0,0.25,0,0.737373737,0,PASS
0.378020833,0,0,0.75,1,0,0,0,0.25,0,0.585858586,0,PASS
0.371597222,0,0,0.75,0,1,0,0,0.25,0,0.585858586,0,RUSH
0.365173611,0,0,0.75,1,0,0,0,0.25,0,0.474747475,0,RUSH
0.35875,0,0,0.75,0,1,0,0,0.175,0,0.444444444,0,RUSH
0.352326389,0,0,0.75,0,0,1,0,0.2,1,0.454545455,0,PASS
0.345902778,0,0,0.75,1,0,0,0,0.25,0,0.343434343,0,PASS
0.339479167,0,0,0.75,1,0,0,0,0.25,0,0.161616162,1,RUSH
0.293611111,0,0,0.8,1,0,0,0,0.25,0,0.343434343,0,PASS
0.287380952,0,0,0.8,0,1,0,0,0.25,0,0.343434343,0,RUSH
0.281150794,0,0,0.8,1,0,0,0,0.25,0,0.242424242,0,RUSH
0.274920635,0,0,0.8,1,0,0,0,0.6,0,0.383838384,0,RUSH
0.268690476,0,0,0.8,0,1,0,0,0.6,0,0.383838384,0,PASS
0.262460317,0,0,0.8,0,0,1,0,0.6,1,0.383838384,0,RUSH
0.256230159,0,0,0.8,0,0,0,1,0.475,1,0.333333333,0,FIELD_GOAL
0.203055556,0,0,0.821428571,1,0,0,0,0.25,0,0.626262626,0,PASS
0.196296296,0,0,0.821428571,1,0,0,0,0.25,0,0.505050505,0,PASS
0.189537037,0,0,0.821428571,0,1,0,0,0.175,0,0.474747475,0,PASS
0.182777778,0,0,0.821428571,1,0,0,0,0.25,0,0.232323232,0,RUSH
0.176018519,0,0,0.821428571,1,0,0,0,0.25,0,0.131313131,1,PASS
0.169259259,0,0,0.821428571,1,0,0,0,0.025,0,0.01010101,1,PASS
0.1625,0,0,0.821428571,0,1,0,0,0.025,0,0.01010101,1,RUSH
0.155740741,0,0,0.821428571,0,0,1,0,0.1,0,0.04040404,1,PASS
0.148981481,0,0,0.821428571,0,0,0,1,0.1,0,0.04040404,1,FIELD_GOAL
0.073055556,0,1,0.842857143,1,0,0,0,0.25,0,0.818181818,0,PASS
0.063923611,0,1,0.842857143,0,1,0,0,0.1,0,0.757575758,0,RUSH
0.054791667,0,1,0.842857143,1,0,0,0,0.25,0,0.717171717,0,PASS
0.045659722,0,1,0.842857143,0,1,0,0,0.175,0,0.686868687,0,PASS
0.036527778,0,1,0.842857143,1,0,0,0,0.25,0,0.545454545,0,RUSH
0.027395833,1,1,0.842857143,1,0,0,0,0.25,0,0.393939394,0,RUSH
0.018263889,1,1,0.842857143,0,1,0,0,0.1,0,0.333333333,0,RUSH
0.009131944,1,1,0.842857143,0,0,1,0,0.05,0,0.313131313,0,PASS
0.979166667,0,0,0.5,1,0,0,0,0.25,0,0.575757576,0,RUSH
0.973611111,0,0,0.5,0,1,0,0,0.25,0,0.575757576,0,PASS
0.968055556,0,0,0.5,1,0,0,0,0.25,0,0.474747475,0,RUSH
0.9625,0,0,0.5,1,0,0,0,0.25,0,0.353535354,0,PASS
0.956944444,0,0,0.5,0,1,0,0,0.25,0,0.353535354,0,RUSH
0.951388889,0,0,0.5,0,0,1,0,0.075,0,0.282828283,0,RUSH
0.945833333,0,0,0.5,0,0,1,0,0.2,1,0.333333333,0,RUSH
0.940277778,0,0,0.5,1,0,0,0,0.25,0,0.202020202,1,PASS
0.896944444,0,0,0.55,1,0,0,0,0.25,0,0.757575758,0,PASS
0.892407407,0,0,0.55,1,0,0,0,0.25,0,0.646464646,0,RUSH
0.88787037,0,0,0.55,0,1,0,0,0.275,0,0.656565657,0,PASS
0.883333333,0,0,0.55,1,0,0,0,0.25,0,0.464646465,0,PASS
0.878796296,0,0,0.55,0,1,0,0,0.25,0,0.464646465,0,RUSH
0.874259259,0,0,0.55,1,0,0,0,0.25,0,0.323232323,0,PASS
0.869722222,0,0,0.55,0,1,0,0,0.25,0,0.323232323,0,RUSH
0.865185185,0,0,0.55,0,0,1,0,0.25,1,0.323232323,0,PASS
0.860648148,0,0,0.55,1,0,0,0,0.25,0,0.212121212,0,RUSH
0.728055556,0,0,0.55,1,0,0,0,0.25,0,0.757575758,0,RUSH
0.721203704,0,0,0.55,1,0,0,0,0.25,0,0.565656566,0,PASS
0.714351852,0,0,0.55,0,1,0,0,0.125,0,0.515151515,0,RUSH
0.671388889,0,0,0.55,1,0,0,0,0.25,0,0.636363636,0,PASS
0.665833333,0,0,0.55,0,1,0,0,0.025,0,0.545454545,0,RUSH
0.660277778,0,0,0.55,1,0,0,0,0.25,0,0.464646465,0,PASS
0.654722222,0,0,0.55,1,0,0,0,0.225,0,0.454545455,0,PASS
0.649166667,0,0,0.55,1,0,0,0,0.25,0,0.313131313,0,PASS
0.643611111,0,0,0.55,0,1,0,0,0.25,0,0.313131313,0,RUSH
0.638055556,0,0,0.55,0,0,1,0,0.45,1,0.393939394,0,PASS
0.606111111,0,0,0.6,1,0,0,0,0.25,0,0.909090909,0,RUSH
0.600486111,0,0,0.6,0,1,0,0,0.1,0,0.848484848,0,PASS
0.594861111,0,0,0.6,1,0,0,0,0.25,0,0.757575758,0,RUSH
0.589236111,0,0,0.6,1,0,0,0,0.25,0,0.646464646,0,PASS
0.583611111,0,0,0.6,1,0,0,0,0.25,0,0.444444444,0,PASS
0.577986111,0,0,0.6,0,1,0,0,0.125,0,0.393939394,0,RUSH
0.572361111,0,0,0.6,1,0,0,0,0.25,0,0.262626263,0,PASS
0.566736111,0,0,0.6,0,1,0,0,0.175,0,0.232323232,0,PASS
0.546388889,0,0,0.6,0,0,1,0,0.025,0,0.171717172,1,PASS
0.535138889,0,0,0.6,1,0,0,0,0.175,0,0.070707071,1,PASS
0.529513889,1,0,0.6,0,1,0,0,0.175,0,0.070707071,1,PASS
0.535,0,0,0.6,1,0,0,0,0.25,0,0.797979798,0,PASS
0.531349206,1,0,0.6,1,0,0,0,0.25,0,0.676767677,0,PASS
0.527698413,1,0,0.6,0,1,0,0,0.25,0,0.676767677,0,PASS
0.524047619,1,0,0.6,1,0,0,0,0.25,0,0.464646465,0,PASS
0.520396825,1,0,0.6,1,0,0,0,0.25,0,0.232323232,0,RUSH
0.518055556,1,0,0.6,0,1,0,0,0.2,0,0.212121212,0,PASS
0.514404762,1,0,0.6,1,0,0,0,0.225,0,0.090909091,1,PASS
0.509444444,1,0,0.65,1,0,0,0,0.25,0,0.232323232,0,PASS
0.507833333,1,0,0.65,0,1,0,0,0.25,0,0.232323232,0,RUSH
0.505833333,1,0,0.65,0,0,1,0,0.25,1,0.232323232,0,PASS
0.504222222,1,0,0.65,1,0,0,0,0.25,0,0.111111111,1,PASS
0.502611111,1,0,0.65,0,1,0,0,0.25,0,0.111111111,1,PASS
0.5,0,0,0.7,1,0,0,0,0.25,0,0.717171717,0,PASS
0.493287037,0,0,0.7,0,1,0,0,0.05,0,0.636363636,0,RUSH
0.486574074,0,0,0.7,1,0,0,0,0.25,0,0.515151515,0,PASS
0.479861111,0,0,0.7,1,0,0,0,0.25,0,0.353535354,0,RUSH
0.473148148,0,0,0.7,0,1,0,0,0.125,0,0.303030303,0,RUSH
0.466435185,0,0,0.7,1,0,0,0,0.25,0,0.141414141,1,PASS
0.435833333,0,0,0.75,1,0,0,0,0.25,0,0.626262626,0,RUSH
0.427314815,0,0,0.75,0,1,0,0,0.175,0,0.595959596,0,PASS
0.418796296,0,0,0.75,0,0,1,0,0.025,0,0.535353535,0,RUSH
0.410277778,0,0,0.75,1,0,0,0,0.25,0,0.515151515,0,RUSH
0.401759259,0,0,0.75,1,0,0,0,0.25,0,0.373737374,0,RUSH
0.393240741,0,0,0.75,1,0,0,0,0.25,0,0.272727273,0,RUSH
0.384722222,0,0,0.75,0,1,0,0,0.15,0,0.232323232,0,PASS
0.376203704,0,0,0.75,0,0,1,0,0.225,1,0.262626263,0,RUSH
0.367685185,0,0,0.75,0,0,0,1,0.125,0,0.222222222,0,FIELD_GOAL
0.283035714,0,0,0.75,1,0,0,0,0.5,0,0.828282828,0,RUSH
0.275238095,0,0,0.75,0,1,0,0,0.375,0,0.777777778,0,PASS
0.267440476,0,0,0.75,0,0,1,0,0.225,1,0.717171717,0,PASS
0.259642857,0,0,0.75,1,0,0,0,0.25,0,0.616161616,0,RUSH
0.25,0,0,0.75,0,1,0,0,0.3,0,0.636363636,0,PASS
0.242202381,0,0,0.75,0,0,1,0,0.3,1,0.636363636,0,RUSH
0.234404762,0,0,0.75,0,0,0,1,0.025,0,0.525252525,0,RUSH
0.226607143,0,0,0.75,1,0,0,0,0.25,0,0.393939394,0,RUSH
0.218809524,0,0,0.75,0,1,0,0,0.125,0,0.343434343,0,RUSH
0.211011905,0,0,0.75,1,0,0,0,0.25,0,0.252525253,0,PASS
0.203214286,0,0,0.75,0,1,0,0,0.075,0,0.181818182,1,PASS
0.187619048,0,0,0.75,0,0,1,0,0.45,1,0.333333333,0,RUSH
0.179821429,0,0,0.75,0,0,1,0,0.4,1,0.313131313,0,RUSH
0.17202381,0,0,0.75,0,0,0,1,0.025,0,0.161616162,1,RUSH
0.158333333,0,0,0.75,1,0,0,0,0.25,0,0.707070707,0,PASS
0.150416667,0,0,0.75,1,0,0,0,0.25,0,0.595959596,0,RUSH
0.1425,0,0,0.75,0,1,0,0,0.325,0,0.626262626,0,PASS
0.126666667,0,0,0.75,0,0,1,0,0.45,1,0.676767677,0,RUSH
0.126666667,0,0,0.75,0,0,0,1,0.675,1,0.767676768,0,PUNT
0.067777778,0,1,0.75,1,0,0,0,0.25,0,0.515151515,0,RUSH
0.059305556,0,1,0.75,0,1,0,0,0.025,0,0.424242424,0,RUSH
0.050833333,0,1,0.75,1,0,0,0,0.25,0,0.242424242,0,RUSH
0.042361111,0,1,0.75,0,1,0,0,0.15,0,0.202020202,1,PASS
0.033888889,0,1,0.75,0,0,1,0,0.15,0,0.202020202,1,RUSH
0.025416667,1,1,0.75,1,0,0,0,0.25,0,0.131313131,1,RUSH
0.016944444,1,1,0.75,0,1,0,0,0.2,0,0.111111111,1,RUSH
0.008472222,1,1,0.75,0,0,1,0,0.1,0,0.070707071,1,RUSH
0.971666667,0,0,0.5,1,0,0,0,0.25,0,0.636363636,0,PASS
0.961944444,0,0,0.5,0,1,0,0,0.25,0,0.636363636,0,RUSH
0.952222222,0,0,0.5,0,0,1,0,0.675,1,0.808080808,0,RUSH
0.952222222,0,0,0.5,0,0,0,1,0.55,1,0.757575758,0,PUNT
0.927222222,0,0,0.5,1,0,0,0,0.25,0,0.666666667,0,RUSH
0.921785714,0,0,0.5,0,1,0,0,0.175,0,0.636363636,0,RUSH
0.910912698,0,0,0.5,0,0,1,0,0.4,1,0.727272727,0,PASS
0.90547619,0,0,0.5,1,0,0,0,0.25,0,0.404040404,0,PASS
0.900039683,0,0,0.5,0,1,0,0,0.25,0,0.404040404,0,PASS
0.894603175,0,0,0.5,0,1,0,0,0.425,0,0.474747475,0,PASS
0.889166667,0,0,0.5,0,0,1,0,0.2,1,0.383838384,0,PASS
0.889166667,0,0,0.5,0,0,0,1,0.2,1,0.383838384,0,PUNT
0.830555556,0,0,0.5,1,0,0,0,0.25,0,0.696969697,0,PASS
0.823095238,0,0,0.5,0,1,0,0,0.025,0,0.606060606,0,PASS
0.815634921,0,0,0.5,1,0,0,0,0.25,0,0.484848485,0,RUSH
0.808174603,0,0,0.5,1,0,0,0,0.25,0,0.303030303,0,PASS
0.800714286,0,0,0.5,1,0,0,0,0.25,0,0.191919192,1,RUSH
0.793253968,0,0,0.5,0,1,0,0,0.2,0,0.171717172,1,PASS
0.785793651,0,0,0.5,0,0,1,0,0.2,1,0.171717172,1,PASS
0.776666667,0,0,0.45,1,0,0,0,0.25,0,0.747474747,0,RUSH
0.768298611,0,0,0.45,0,1,0,0,0.2,0,0.727272727,0,RUSH
0.759930556,0,0,0.45,0,0,1,0,0.05,0,0.666666667,0,RUSH
0.75,0,0,0.45,1,0,0,0,0.25,0,0.585858586,0,RUSH
0.741631944,0,0,0.45,0,1,0,0,0.3,0,0.606060606,0,PASS
0.733263889,0,0,0.45,1,0,0,0,0.25,0,0.454545455,0,RUSH
0.724895833,0,0,0.45,0,1,0,0,0.325,0,0.484848485,0,PASS
0.711666667,0,0,0.45,0,0,1,0,0.1,0,0.393939394,0,PASS
0.681111111,0,0,0.45,1,0,0,0,0.25,0,0.828282828,0,PASS
0.671574074,0,0,0.45,0,1,0,0,0.25,0,0.828282828,0,PASS
0.662037037,0,0,0.45,0,0,1,0,0.25,1,0.828282828,0,PASS
0.662037037,0,0,0.45,0,0,0,1,0.15,0,0.787878788,0,PUNT
0.651111111,0,0,0.45,1,0,0,0,0.25,0,0.747474747,0,RUSH
0.645555556,0,0,0.45,1,0,0,0,0.25,0,0.515151515,0,RUSH
0.64,0,0,0.45,0,1,0,0,0.175,0,0.484848485,0,PASS
0.634444444,0,0,0.45,0,0,1,0,0.175,1,0.484848485,0,PASS
0.634444444,0,0,0.45,0,0,0,1,0.175,1,0.484848485,0,PUNT
0.600555556,0,0,0.45,1,0,0,0,0.25,0,0.464646465,0,PASS
0.592222222,0,0,0.45,1,0,0,0,0.25,0,0.343434343,0,RUSH
0.583888889,0,0,0.45,0,1,0,0,0.1,0,0.282828283,0,PASS
0.575555556,0,0,0.45,0,0,1,0,0.1,0,0.282828283,0,RUSH
0.558888889,0,0,0.45,1,0,0,0,0.375,0,0.272727273,0,PASS
0.550555556,0,0,0.45,0,1,0,0,0.125,0,0.171717172,1,PASS
0.542222222,0,0,0.45,1,0,0,0,0.075,0,0.03030303,1,RUSH
0.541111111,0,0,0.45,0,1,0,0,0.3,0,0.121212121,1,PASS
0.532777778,1,0,0.45,0,0,1,0,0.275,1,0.111111111,1,PASS
0.501388889,1,0,0.5,1,0,0,0,0.25,0,0.787878788,0,RUSH
0.498888889,0,0,0.5,1,0,0,0,0.25,0,0.787878788,0,RUSH
0.490763889,0,0,0.5,0,1,0,0,0.225,0,0.777777778,0,PASS
0.482638889,0,0,0.5,0,0,1,0,0.225,1,0.777777778,0,PASS
0.474513889,0,0,0.5,1,0,0,0,0.25,0,0.646464646,0,PASS
0.466388889,0,0,0.5,0,1,0,0,0.2,0,0.626262626,0,PASS
0.458263889,0,0,0.5,1,0,0,0,0.25,0,0.545454545,0,PASS
0.450138889,0,0,0.5,0,1,0,0,0.25,0,0.545454545,0,RUSH
0.442013889,0,0,0.5,0,0,1,0,0.225,1,0.535353535,0,PASS
0.433888889,0,0,0.5,0,0,0,1,0.15,0,0.505050505,0,PUNT
0.322222222,0,0,0.457142857,1,0,0,0,0.25,0,0.717171717,0,PASS
0.3153125,0,0,0.457142857,0,1,0,0,0.05,0,0.636363636,0,RUSH
0.308402778,0,0,0.457142857,1,0,0,0,0.25,0,0.616161616,0,PASS
0.301493056,0,0,0.457142857,0,1,0,0,0.075,0,0.545454545,0,PASS
0.294583333,0,0,0.457142857,0,0,1,0,0.075,0,0.545454545,0,RUSH
0.287673611,0,0,0.457142857,1,0,0,0,0.25,0,0.494949495,0,PASS
0.280763889,0,0,0.457142857,1,0,0,0,0.05,0,0.02020202,1,RUSH
0.273854167,0,0,0.457142857,0,1,0,0,0.1,0,0.04040404,1,PASS
0.25,0,0,0.507142857,1,0,0,0,0.25,0,0.757575758,0,PASS
0.245173611,0,0,0.507142857,0,1,0,0,0.125,0,0.707070707,0,RUSH
0.240347222,0,0,0.507142857,1,0,0,0,0.25,0,0.606060606,0,PASS
0.235520833,0,0,0.507142857,1,0,0,0,0.25,0,0.414141414,0,PASS
0.230694444,0,0,0.507142857,1,0,0,0,0.25,0,0.242424242,0,PASS
0.225868056,0,0,0.507142857,0,1,0,0,0.25,0,0.242424242,0,PASS
0.214444444,0,0,0.507142857,0,0,1,0,0.25,1,0.242424242,0,PASS
0.209618056,0,0,0.507142857,0,0,0,1,0.25,1,0.242424242,0,FIELD_GOAL
0.176666667,0,0,0.507142857,1,0,0,0,0.475,0,0.191919192,1,PASS
0.113888889,0,1,0.557142857,1,0,0,0,0.25,0,0.494949495,0,PASS
0.098888889,0,1,0.557142857,0,1,0,0,0.25,0,0.494949495,0,RUSH
0.091388889,0,1,0.557142857,1,0,0,0,0.25,0,0.383838384,0,PASS
0.083888889,0,1,0.557142857,1,0,0,0,0.475,0,0.474747475,0,RUSH
0.076388889,0,1,0.557142857,0,1,0,0,0.35,0,0.424242424,0,PASS
0.068888889,0,1,0.557142857,0,0,1,0,0.05,0,0.303030303,0,RUSH
0.061388889,0,1,0.557142857,1,0,0,0,0.25,0,0.272727273,0,RUSH
0.043055556,0,1,0.557142857,0,1,0,0,0.15,0,0.232323232,0,RUSH
0.041666667,0,1,0.557142857,0,0,1,0,0.125,0,0.222222222,0,PASS
0.034166667,0,1,0.557142857,0,0,0,1,0.125,0,0.222222222,0,FIELD_GOAL
0.015833333,1,1,0.578571429,1,0,0,0,0.25,0,0.808080808,0,RUSH
0.007916667,1,1,0.578571429,0,1,0,0,0.3,0,0.828282828,0,RUSH
0.933055556,0,0,0.45,1,0,0,0,0.25,0,0.717171717,0,RUSH
0.926018519,0,0,0.45,0,1,0,0,0.125,0,0.666666667,0,RUSH
0.918981481,0,0,0.45,0,0,1,0,0.05,0,0.636363636,0,RUSH
0.911944444,0,0,0.45,1,0,0,0,0.25,0,0.575757576,0,PASS
0.904907407,0,0,0.45,0,1,0,0,0.175,0,0.545454545,0,RUSH
0.89787037,0,0,0.45,0,0,1,0,0.075,0,0.505050505,0,PASS
0.890833333,0,0,0.45,1,0,0,0,0.25,0,0.414141414,0,PASS
0.883796296,0,0,0.45,1,0,0,0,0.15,0,0.060606061,1,RUSH
0.876759259,0,0,0.45,0,1,0,0,0.175,0,0.070707071,1,RUSH
0.851388889,0,0,0.5,1,0,0,0,0.25,0,0.96969697,0,RUSH
0.843958333,0,0,0.5,0,1,0,0,0.225,0,0.95959596,0,PASS
0.836527778,0,0,0.5,0,0,1,0,0.025,0,0.878787879,0,RUSH
0.829097222,0,0,0.5,1,0,0,0,0.25,0,0.868686869,0,PASS
0.821666667,0,0,0.5,1,0,0,0,0.25,0,0.96969697,0,RUSH
0.81534188,0,0,0.5,0,1,0,0,0.1,0,0.909090909,0,PASS
0.809017094,0,0,0.5,1,0,0,0,0.25,0,0.717171717,0,RUSH
0.802692308,0,0,0.5,0,1,0,0,0.15,0,0.676767677,0,PASS
0.796367521,0,0,0.5,1,0,0,0,0.25,0,0.606060606,0,RUSH
0.790042735,0,0,0.5,0,1,0,0,0.225,0,0.595959596,0,PASS
0.783717949,0,0,0.5,1,0,0,0,0.25,0,0.494949495,0,RUSH
0.777393162,0,0,0.5,0,1,0,0,0.075,0,0.424242424,0,PASS
0.771068376,0,0,0.5,0,0,1,0,0.075,0,0.424242424,0,PASS
0.76474359,0,0,0.5,1,0,0,0,0.25,0,0.242424242,0,RUSH
0.75,0,0,0.5,0,1,0,0,0.3,0,0.262626263,0,PASS
0.748611111,0,0,0.5,0,0,1,0,0.3,1,0.262626263,0,PASS
0.742286325,0,0,0.5,0,0,0,1,0.1,0,0.181818182,1,FIELD_GOAL
0.685555556,0,0,0.471428571,1,0,0,0,0.25,0,0.808080808,0,PASS
0.672929293,0,0,0.471428571,1,0,0,0,0.25,0,0.717171717,0,PASS
0.666616162,0,0,0.471428571,0,1,0,0,0.25,0,0.717171717,0,PASS
0.66030303,0,0,0.471428571,0,0,1,0,0.025,0,0.626262626,0,RUSH
0.653989899,0,0,0.471428571,1,0,0,0,0.25,0,0.494949495,0,PASS
0.647676768,0,0,0.471428571,0,1,0,0,0.15,0,0.454545455,0,RUSH
0.635050505,0,0,0.471428571,1,0,0,0,0.25,0,0.333333333,0,PASS
0.621944444,0,0,0.471428571,0,1,0,0,0.075,0,0.262626263,0,PASS
0.609318182,0,0,0.471428571,0,0,0,1,0.075,0,0.262626263,0,FIELD_GOAL
0.5575,0,0,0.442857143,1,0,0,0,0.25,0,0.777777778,0,PASS
0.552453704,0,0,0.442857143,0,1,0,0,0.075,0,0.707070707,0,PASS
0.547407407,0,0,0.442857143,0,0,1,0,0.075,0,0.707070707,0,PASS
0.542361111,0,0,0.442857143,1,0,0,0,0.25,0,0.636363636,0,PASS
0.537314815,0,0,0.442857143,1,0,0,0,0.25,0,0.535353535,0,RUSH
0.532268519,1,0,0.442857143,0,1,0,0,0.175,0,0.505050505,0,PASS
0.508611111,1,0,0.421428571,1,0,0,0,0.25,0,0.757575758,0,RUSH
0.5,1,0,0.421428571,1,0,0,0,0.625,0,0.767676768,0,RUSH
0.5,0,0,0.421428571,1,0,0,0,0.25,0,0.757575758,0,PASS
0.494479167,0,0,0.421428571,0,1,0,0,0.05,0,0.676767677,0,RUSH
0.488958333,0,0,0.421428571,1,0,0,0,0.25,0,0.636363636,0,PASS
0.4834375,0,0,0.421428571,0,1,0,0,0.25,0,0.636363636,0,PASS
0.477916667,0,0,0.421428571,1,0,0,0,0.25,0,0.414141414,0,PASS
0.472395833,0,0,0.421428571,0,1,0,0,0.225,0,0.404040404,0,PASS
0.466875,0,0,0.421428571,0,0,1,0,0.125,0,0.363636364,0,PASS
0.461354167,0,0,0.421428571,0,0,0,1,0.125,0,0.363636364,0,RUSH
0.403611111,0,0,0.371428571,1,0,0,0,0.25,0,0.757575758,0,PASS
0.399027778,0,0,0.371428571,1,0,0,0,0.25,0,0.656565657,0,PASS
0.394444444,0,0,0.321428571,1,0,0,0,0.25,0,0.757575758,0,RUSH
0.383888889,0,0,0.321428571,0,1,0,0,0.175,0,0.727272727,0,RUSH
0.373333333,0,0,0.321428571,0,0,1,0,0.175,1,0.727272727,0,RUSH
0.373333333,0,0,0.321428571,0,0,0,1,0.375,1,0.808080808,0,PUNT
0.263055556,0,0,0.3,1,0,0,0,0.25,0,0.757575758,0,RUSH
0.256018519,0,0,0.3,0,1,0,0,0.25,0,0.757575758,0,RUSH
0.25,0,0,0.3,0,0,1,0,0.225,1,0.747474747,0,PASS
0.25,0,0,0.3,0,0,0,1,0.55,1,0.878787879,0,PUNT
0.206944444,0,0,0.3,1,0,0,0,0.25,0,0.676767677,0,PASS
0.201018519,0,0,0.3,0,1,0,0,0.175,0,0.646464646,0,PASS
0.195092593,0,0,0.3,0,0,1,0,0.175,1,0.646464646,0,PASS
0.195092593,0,0,0.3,0,0,0,1,0.175,1,0.646464646,0,PUNT
0.174166667,0,0,0.3,1,0,0,0,0.25,0,0.636363636,0,RUSH
0.166203704,0,0,0.3,0,1,0,0,0.175,0,0.606060606,0,RUSH
0.158240741,0,0,0.3,0,0,1,0,0.15,0,0.595959596,0,PASS
0.158240741,0,0,0.3,0,0,0,1,0.15,0,0.595959596,0,PUNT
0.090277778,0,1,0.3,1,0,0,0,0.25,0,0.868686869,0,PASS
0.082805556,0,1,0.3,1,0,0,0,0.25,0,0.505050505,0,RUSH
0.075333333,0,1,0.3,0,1,0,0,0.225,0,0.494949495,0,RUSH
0.067861111,0,1,0.3,0,0,1,0,0.175,1,0.474747475,0,PASS
0.060388889,0,1,0.3,1,0,0,0,0.25,0,0.222222222,0,PASS
0.052916667,0,1,0.3,0,1,0,0,0.25,0,0.222222222,0,PASS
0.045444444,0,1,0.3,0,0,1,0,0.125,0,0.171717172,1,RUSH
0.037972222,0,1,0.3,1,0,0,0,0.25,0,0.121212121,1,RUSH
0.0305,1,1,0.3,0,1,0,0,0.125,0,0.070707071,1,PASS
0.015555556,1,1,0.3,0,0,1,0,0.025,0,0.03030303,1,RUSH
0.99462963,0,0,0.5,1,0,0,0,0.25,0,0.757575758,0,PASS
0.989259259,0,0,0.5,0,1,0,0,0.05,0,0.676767677,0,RUSH
0.983888889,0,0,0.5,0,0,1,0,0.025,0,0.666666667,0,RUSH
0.978518519,0,0,0.5,1,0,0,0,0.25,0,0.626262626,0,RUSH
0.973148148,0,0,0.5,1,0,0,0,0.25,0,0.393939394,0,PASS
0.967777778,0,0,0.5,0,1,0,0,0.25,0,0.393939394,0,PASS
0.9075,0,0,0.55,1,0,0,0,0.25,0,0.696969697,0,PASS
0.902708333,0,0,0.55,1,0,0,0,0.25,0,0.535353535,0,PASS
0.897916667,0,0,0.55,0,1,0,0,0.125,0,0.484848485,0,PASS
0.893125,0,0,0.55,1,0,0,0,0.25,0,0.414141414,0,PASS
0.888333333,0,0,0.55,0,1,0,0,0.25,0,0.414141414,0,PASS
0.883541667,0,0,0.55,0,0,1,0,0.075,0,0.343434343,0,PASS
0.87875,0,0,0.55,0,0,0,1,0.075,0,0.343434343,0,RUSH
0.873958333,0,0,0.55,1,0,0,0,0.25,0,0.313131313,0,PASS
0.869166667,0,0,0.55,0,1,0,0,0.1,0,0.252525253,0,PASS
0.864375,0,0,0.55,0,0,1,0,0.1,0,0.252525253,0,RUSH
0.859583333,0,0,0.55,1,0,0,0,0.25,0,0.191919192,1,PASS
0.854791667,0,0,0.55,0,1,0,0,0.25,0,0.191919192,1,PASS
0.8225,0,0,0.55,1,0,0,0,0.25,0,0.707070707,0,PASS
0.814953704,0,0,0.55,1,0,0,0,0.25,0,0.404040404,0,PASS
0.799861111,0,0,0.55,0,1,0,0,0.625,0,0.555555556,0,PASS
0.792314815,0,0,0.55,0,0,1,0,0.1,0,0.343434343,0,RUSH
0.784768519,0,0,0.55,0,0,0,1,0.125,0,0.353535354,0,PASS
0.777222222,0,0,0.55,1,0,0,0,0.25,0,0.272727273,0,PASS
0.745555556,0,0,0.55,1,0,0,0,0.25,0,0.808080808,0,RUSH
0.737592593,0,0,0.55,0,1,0,0,0.425,0,0.878787879,0,RUSH
0.72962963,0,0,0.55,0,0,1,0,0.35,1,0.848484848,0,PASS
0.72962963,0,0,0.55,0,0,0,1,0.35,1,0.848484848,0,PUNT
0.665,0,0,0.55,1,0,0,0,0.25,0,0.828282828,0,PASS
0.660185185,0,0,0.55,1,0,0,0,0.25,0,0.212121212,0,PASS
0.65537037,0,0,0.55,0,1,0,0,0.125,0,0.161616162,1,PASS
0.596666667,0,0,0.6,1,0,0,0,0.25,0,0.868686869,0,PASS
0.589753086,0,0,0.6,0,1,0,0,0.025,0,0.777777778,0,RUSH
0.582839506,0,0,0.6,1,0,0,0,0.25,0,0.757575758,0,PASS
0.575925926,0,0,0.6,1,0,0,0,0.25,0,0.515151515,0,PASS
0.569012346,0,0,0.6,0,1,0,0,0.025,0,0.424242424,0,PASS
0.562098765,0,0,0.6,1,0,0,0,0.25,0,0.242424242,0,RUSH
0.555185185,0,0,0.6,1,0,0,0,0.225,0,0.090909091,1,PASS
0.548271605,0,0,0.6,0,1,0,0,0.05,0,0.02020202,1,RUSH
0.541358025,0,0,0.6,0,0,1,0,0.05,0,0.02020202,1,PASS
0.513611111,1,0,0.65,1,0,0,0,0.375,0,0.727272727,0,PASS
0.511666667,1,0,0.65,0,1,0,0,0.375,0,0.727272727,0,PASS
0.509722222,1,0,0.65,1,0,0,0,0.25,0,0.535353535,0,RUSH
0.446111111,0,0,0.7,1,0,0,0,0.25,0,0.636363636,0,PASS
0.439259259,0,0,0.7,1,0,0,0,0.25,0,0.282828283,0,PASS
0.425555556,0,0,0.7,0,1,0,0,0.025,0,0.191919192,1,RUSH
0.382777778,0,0,0.7,1,0,0,0,0.25,0,0.282828283,0,RUSH
0.376875,0,0,0.7,0,1,0,0,0.25,0,0.282828283,0,PASS
0.370972222,0,0,0.7,0,0,1,0,0.25,1,0.282828283,0,RUSH
0.365069444,0,0,0.7,0,0,0,1,0.15,0,0.242424242,0,FIELD_GOAL
0.333611111,0,0,0.7,1,0,0,0,0.25,0,0.696969697,0,PASS
0.327291667,0,0,0.7,1,0,0,0,0.25,0,0.424242424,0,RUSH
0.320972222,0,0,0.7,0,1,0,0,0.175,0,0.393939394,0,RUSH
0.314652778,0,0,0.7,1,0,0,0,0.25,0,0.292929293,0,PASS
0.233055556,0,0,0.75,1,0,0,0,0.25,0,0.98989899,0,PASS
0.223759259,0,0,0.75,1,0,0,0,0.25,0,0.808080808,0,PASS
0.214462963,0,0,0.75,0,1,0,0,0.075,0,0.737373737,0,RUSH
0.205166667,0,0,0.75,1,0,0,0,0.25,0,0.676767677,0,PASS
0.19587037,0,0,0.75,0,1,0,0,0.05,0,0.595959596,0,RUSH
0.186574074,0,0,0.75,1,0,0,0,0.25,0,0.535353535,0,RUSH
0.177277778,0,0,0.75,0,1,0,0,0.25,0,0.535353535,0,RUSH
0.167981481,0,0,0.75,0,0,1,0,0.15,0,0.494949495,0,PASS
0.158685185,0,0,0.75,1,0,0,0,0.25,0,0.333333333,0,PASS
0.149388889,0,0,0.75,0,1,0,0,0.025,0,0.242424242,0,RUSH
0.140092593,0,0,0.75,1,0,0,0,0.25,0,0.222222222,0,RUSH
0.130796296,0,0,0.75,0,1,0,0,0.175,0,0.191919192,1,PASS
0.1215,0,0,0.75,0,0,1,0,0.1,0,0.161616162,1,RUSH
0.112203704,0,1,0.75,1,0,0,0,0.25,0,0.121212121,1,RUSH
0.102907407,0,1,0.75,0,1,0,0,0.125,0,0.070707071,1,PASS
0.044722222,0,1,0.75,1,0,0,0,0.25,0,0.757575758,0,RUSH
0.035777778,0,1,0.75,0,1,0,0,0.175,0,0.727272727,0,PASS
0.026833333,1,1,0.75,1,0,0,0,0.25,0,0.636363636,0,RUSH
0.017888889,1,1,0.75,0,1,0,0,0.275,0,0.646464646,0,RUSH
0.008944444,1,1,0.75,0,0,1,0,0.175,1,0.606060606,0,RUSH
0.960277778,0,0,0.45,1,0,0,0,0.25,0,0.757575758,0,PASS
0.957685185,0,0,0.45,0,1,0,0,0.25,0,0.757575758,0,PASS
0.955092593,0,0,0.45,0,0,1,0,0.25,1,0.757575758,0,PASS
0.955092593,0,0,0.45,0,0,0,1,0.25,1,0.757575758,0,PUNT
0.913888889,0,0,0.45,1,0,0,0,0.25,0,0.808080808,0,PASS
0.907314815,0,0,0.45,0,1,0,0,0.2,0,0.787878788,0,PASS
0.900740741,0,0,0.45,0,0,1,0,0.2,1,0.787878788,0,RUSH
0.900740741,0,0,0.45,0,0,0,1,0.225,1,0.797979798,0,PUNT
0.878333333,0,0,0.45,1,0,0,0,0.25,0,0.333333333,0,RUSH
0.870601852,0,0,0.45,0,1,0,0,0.175,0,0.303030303,0,PASS
0.86287037,0,0,0.45,1,0,0,0,0.25,0,0.202020202,1,RUSH
0.855138889,0,0,0.45,0,1,0,0,0.175,0,0.171717172,1,PASS
0.847407407,0,0,0.45,1,0,0,0,0.025,0,0.01010101,1,RUSH
0.839675926,0,0,0.45,0,1,0,0,0.125,0,0.050505051,1,PASS
0.762222222,0,0,0.478571429,1,0,0,0,0.25,0,0.939393939,0,RUSH
0.75,0,0,0.478571429,0,1,0,0,0.2,0,0.919191919,0,PASS
0.718888889,0,0,0.478571429,0,0,1,0,0.225,1,0.929292929,0,RUSH
0.718888889,0,0,0.478571429,0,0,0,1,0.15,0,0.898989899,0,PUNT
0.636944444,0,0,0.428571429,1,0,0,0,0.25,0,0.707070707,0,PASS
0.623611111,0,0,0.428571429,1,0,0,0,0.625,0,0.606060606,0,PASS
0.616944444,0,0,0.428571429,0,1,0,0,0.3,0,0.474747475,0,PASS
0.610277778,0,0,0.428571429,1,0,0,0,0.25,0,0.333333333,0,PASS
0.601587302,0,0,0.478571429,1,0,0,0,0.5,0,0.616161616,0,PASS
0.594285714,0,0,0.478571429,0,1,0,0,0.3,0,0.535353535,0,PASS
0.580277778,0,0,0.478571429,0,0,1,0,0.075,0,0.444444444,0,RUSH
0.57297619,0,0,0.478571429,1,0,0,0,0.25,0,0.404040404,0,PASS
0.565674603,0,0,0.478571429,0,1,0,0,0.25,0,0.404040404,0,RUSH
0.558373016,0,0,0.478571429,0,0,1,0,0.125,0,0.353535354,0,PASS
0.551071429,0,0,0.478571429,1,0,0,0,0.25,0,0.292929293,0,PASS
0.506111111,1,0,0.507142857,1,0,0,0,0.25,0,0.757575758,0,RUSH
0.5,0,0,0.507142857,1,0,0,0,0.25,0,0.757575758,0,PASS
0.488240741,0,0,0.507142857,0,1,0,0,0.275,0,0.767676768,0,RUSH
0.476481481,0,0,0.507142857,0,0,1,0,0.5,1,0.858585859,0,RUSH
0.476481481,0,0,0.507142857,0,0,0,1,0.3,1,0.777777778,0,PUNT
0.405833333,0,0,0.507142857,1,0,0,0,0.25,0,0.929292929,0,RUSH
0.397407407,0,0,0.507142857,0,1,0,0,0.3,0,0.949494949,0,PASS
0.388981481,0,0,0.507142857,0,0,1,0,0.3,1,0.949494949,0,PASS
0.388981481,0,0,0.507142857,0,0,0,1,0.025,0,0.838383838,0,PUNT
0.317222222,0,0,0.485714286,1,0,0,0,0.25,0,0.838383838,0,RUSH
0.308518519,0,0,0.485714286,0,1,0,0,0.175,0,0.808080808,0,PASS
0.299814815,0,0,0.485714286,0,0,1,0,0.175,1,0.808080808,0,RUSH
0.299814815,0,0,0.485714286,0,0,0,1,0.45,1,0.919191919,0,PUNT
0.246944444,0,0,0.464285714,1,0,0,0,0.25,0,0.757575758,0,PASS
0.237824074,0,0,0.464285714,0,1,0,0,0.2,0,0.737373737,0,RUSH
0.228703704,0,0,0.464285714,0,0,1,0,0.05,0,0.676767677,0,RUSH
0.219583333,0,0,0.464285714,1,0,0,0,0.25,0,0.646464646,0,RUSH
0.210462963,0,0,0.464285714,0,1,0,0,0.275,0,0.656565657,0,RUSH
0.201342593,0,0,0.464285714,0,0,1,0,0.35,1,0.686868687,0,PASS
0.201342593,0,0,0.464285714,0,0,0,1,0.35,1,0.686868687,0,PUNT
0.175277778,0,0,0.464285714,1,0,0,0,0.25,0,0.808080808,0,PASS
0.168861111,0,0,0.464285714,0,1,0,0,0.05,0,0.727272727,0,RUSH
0.162444444,0,0,0.464285714,0,0,1,0,0.125,0,0.757575758,0,PASS
0.156027778,0,0,0.464285714,1,0,0,0,0.25,0,0.696969697,0,PASS
0.149611111,0,0,0.464285714,1,0,0,0,0.25,0,0.555555556,0,PASS
0.135555556,0,0,0.464285714,0,1,0,0,0.05,0,0.474747475,0,PASS
0.129138889,0,0,0.464285714,1,0,0,0,0.25,0,0.343434343,0,PASS
0.120277778,0,0,0.464285714,1,0,0,0,0.25,0,0.212121212,0,PASS
0.113861111,0,1,0.464285714,0,1,0,0,0.25,0,0.212121212,0,PASS
0.107444444,0,1,0.464285714,1,0,0,0,0.2,0,0.080808081,1,PASS
0.0925,0,1,0.521428571,1,0,0,0,0.25,0,0.626262626,0,RUSH
0.086458333,0,1,0.521428571,0,1,0,0,0.175,0,0.595959596,0,PASS
0.080416667,0,1,0.521428571,0,0,1,0,0.175,1,0.595959596,0,RUSH
0.074375,0,1,0.521428571,1,0,0,0,0.25,0,0.474747475,0,RUSH
0.039722222,0,1,0.521428571,1,0,0,0,0.25,0,0.515151515,0,RUSH
0.038055556,0,1,0.521428571,0,1,0,0,0.225,0,0.505050505,0,RUSH
0.036666667,0,1,0.521428571,0,0,1,0,0.175,1,0.484848485,0,RUSH
0.030833333,1,1,0.521428571,0,0,0,1,0.35,1,0.555555556,0,PUNT
0.005,1,1,0.5,1,0,0,0,0.25,0,0.757575758,0,RUSH
-0.245,1,1,0.45,1,0,0,0,0.25,0,0.252525253,0,PASS
-0.245,1,1,0.45,0,1,0,0,0.075,0,0.181818182,1,RUSH
-0.245,1,1,0.45,1,0,0,0,0.25,0,0.141414141,1,PASS
-0.245,1,1,0.45,1,0,0,0,0.15,0,0.060606061,1,PASS
-0.245,1,1,0.5,1,0,0,0,0.25,0,0.252525253,0,PASS
-0.245,1,1,0.478571429,1,0,0,0,0.25,0,0.252525253,0,PASS
-0.245,1,1,0.478571429,0,1,0,0,0.25,0,0.252525253,0,PASS
-0.245,1,1,0.478571429,1,0,0,0,0.2,0,0.080808081,1,PASS
-0.245,1,1,0.478571429,0,1,0,0,0.2,0,0.080808081,1,PASS
0.994012346,0,0,0.5,1,0,0,0,0.25,0,0.757575758,0,PASS
0.988024691,0,0,0.5,0,1,0,0,0.075,0,0.686868687,0,PASS
0.982037037,0,0,0.5,0,0,1,0,0.2,1,0.737373737,0,PASS
0.976049383,0,0,0.5,1,0,0,0,0.25,0,0.606060606,0,PASS
0.970061728,0,0,0.5,1,0,0,0,0.25,0,0.505050505,0,PASS
0.964074074,0,0,0.5,0,1,0,0,0.25,0,0.505050505,0,PASS
0.952098765,0,0,0.5,0,0,1,0,0.125,0,0.454545455,0,PASS
0.946111111,0,0,0.5,1,0,0,0,0.25,0,0.363636364,0,PASS
0.940123457,0,0,0.5,0,1,0,0,0.15,0,0.323232323,0,PASS
0.892777778,0,0,0.55,1,0,0,0,0.25,0,0.646464646,0,RUSH
0.885648148,0,0,0.55,0,1,0,0,0.175,0,0.616161616,0,PASS
0.878518519,0,0,0.55,0,0,1,0,0.175,1,0.616161616,0,PASS
0.871388889,0,0,0.55,1,0,0,0,0.25,0,0.525252525,0,PASS
0.864259259,0,0,0.55,0,1,0,0,0.25,0,0.525252525,0,PASS
0.85712963,0,0,0.55,0,0,1,0,0.1,0,0.464646465,0,RUSH
0.85712963,0,0,0.55,0,0,0,1,0.125,0,0.474747475,0,PUNT
0.803888889,0,0,0.55,1,0,0,0,0.25,0,0.616161616,0,PASS
0.800515873,0,0,0.55,0,1,0,0,0.05,0,0.535353535,0,RUSH
0.797142857,0,0,0.55,1,0,0,0,0.25,0,0.404040404,0,PASS
0.793769841,0,0,0.55,0,1,0,0,0.025,0,0.313131313,0,PASS
0.790396825,0,0,0.55,1,0,0,0,0.25,0,0.232323232,0,PASS
0.78702381,0,0,0.55,0,1,0,0,0.25,0,0.232323232,0,PASS
0.783650794,0,0,0.55,0,0,1,0,0.25,1,0.232323232,0,RUSH
0.754166667,0,0,0.528571429,1,0,0,0,0.25,0,0.787878788,0,PASS
0.75,0,0,0.528571429,0,1,0,0,0.1,0,0.727272727,0,PASS
0.745123457,0,0,0.528571429,0,0,1,0,0.1,0,0.727272727,0,PASS
0.740246914,0,0,0.528571429,1,0,0,0,0.25,0,0.454545455,0,RUSH
0.73537037,0,0,0.528571429,0,1,0,0,0.125,0,0.404040404,0,RUSH
0.730493827,0,0,0.528571429,1,0,0,0,0.25,0,0.262626263,0,PASS
0.725617284,0,0,0.528571429,0,1,0,0,0.25,0,0.262626263,0,RUSH
0.720740741,0,0,0.528571429,0,0,1,0,0.075,0,0.191919192,1,PASS
0.715864198,0,0,0.528571429,0,0,0,1,0.1,0,0.202020202,1,FIELD_GOAL
0.645833333,0,0,0.5,1,0,0,0,0.25,0,0.797979798,0,PASS
0.639555556,0,0,0.5,1,0,0,0,0.25,0,0.696969697,0,RUSH
0.633277778,0,0,0.5,0,1,0,0,0.025,0,0.606060606,0,RUSH
0.627,0,0,0.5,1,0,0,0,0.25,0,0.555555556,0,PASS
0.620722222,0,0,0.5,0,1,0,0,0.2,0,0.535353535,0,RUSH
0.601111111,0,0,0.5,0,0,1,0,0.05,0,0.474747475,0,PASS
0.594833333,0,0,0.5,1,0,0,0,0.25,0,0.343434343,0,RUSH
0.588555556,0,0,0.5,0,1,0,0,0.2,0,0.323232323,0,PASS
0.582277778,0,0,0.5,0,0,1,0,0.2,1,0.323232323,0,PASS
0.576,0,0,0.5,0,0,0,1,0.2,1,0.323232323,0,FIELD_GOAL
0.526388889,1,0,0.478571429,1,0,0,0,0.25,0,0.909090909,0,RUSH
0.517592593,1,0,0.478571429,0,1,0,0,0.225,0,0.898989899,0,RUSH
0.510555556,1,0,0.478571429,0,0,1,0,0.125,0,0.858585859,0,RUSH
0.441944444,0,0,0.428571429,1,0,0,0,0.25,0,0.717171717,0,PASS
0.419141414,0,0,0.378571429,1,0,0,0,0.125,0,0.707070707,0,RUSH
0.412727273,0,0,0.378571429,0,1,0,0,0.05,0,0.676767677,0,PASS
0.406313131,0,0,0.378571429,1,0,0,0,0.25,0,0.595959596,0,PASS
0.39989899,0,0,0.378571429,1,0,0,0,0.25,0,0.474747475,0,PASS
0.393484848,0,0,0.378571429,0,1,0,0,0.025,0,0.383838384,0,RUSH
0.387070707,0,0,0.378571429,1,0,0,0,0.25,0,0.363636364,0,RUSH
0.380656566,0,0,0.378571429,0,1,0,0,0.275,0,0.373737374,0,PASS
0.374242424,0,0,0.378571429,1,0,0,0,0.25,0,0.232323232,0,PASS
0.367828283,0,0,0.378571429,0,1,0,0,0.25,0,0.232323232,0,PASS
0.361414141,0,0,0.378571429,1,0,0,0,0.25,0,0.101010101,1,RUSH
0.355,0,0,0.378571429,0,1,0,0,0.2,0,0.080808081,1,RUSH
0.324722222,0,0,0.378571429,1,0,0,0,0.25,0,0.727272727,0,PASS
0.319333333,0,0,0.378571429,0,1,0,0,0.2,0,0.707070707,0,PASS
0.308555556,0,0,0.378571429,1,0,0,0,0.5,0,0.656565657,0,PASS
0.303166667,0,0,0.378571429,0,1,0,0,0.5,0,0.656565657,0,PASS
0.297777778,0,0,0.378571429,0,0,1,0,0.5,1,0.656565657,0,PASS
0.297777778,0,0,0.378571429,0,0,0,1,0.5,1,0.656565657,0,PUNT
0.213333333,0,0,0.328571429,1,0,0,0,0.25,0,0.757575758,0,RUSH
0.207685185,0,0,0.328571429,0,1,0,0,0.15,0,0.717171717,0,PASS
0.202037037,0,0,0.328571429,1,0,0,0,0.25,0,0.646464646,0,PASS
0.196388889,0,0,0.278571429,1,0,0,0,0.25,0,0.787878788,0,RUSH
0.185092593,0,0,0.278571429,0,1,0,0,0.3,0,0.808080808,0,RUSH
0.173796296,0,0,0.278571429,0,0,1,0,0.3,1,0.808080808,0,PASS
0.173796296,0,0,0.278571429,0,0,0,1,0.125,0,0.737373737,0,PUNT
0.126944444,0,0,0.228571429,1,0,0,0,0.25,0,0.808080808,0,PASS
0.119907407,0,0,0.228571429,1,0,0,0,0.25,0,0.545454545,0,PASS
0.11287037,0,1,0.228571429,0,1,0,0,0.075,0,0.474747475,0,RUSH
0.105833333,0,1,0.228571429,1,0,0,0,0.25,0,0.383838384,0,PASS
0.098796296,0,1,0.228571429,1,0,0,0,0.25,0,0.383838384,0,RUSH
0.091759259,0,1,0.228571429,0,1,0,0,0.075,0,0.313131313,0,PASS
0.084722222,0,1,0.228571429,1,0,0,0,0.25,0,0.242424242,0,RUSH
0.077685185,0,1,0.228571429,0,1,0,0,0.15,0,0.202020202,1,RUSH
0.070648148,0,1,0.228571429,1,0,0,0,0.25,0,0.131313131,1,PASS
0.063611111,0,1,0.228571429,0,1,0,0,0.1,0,0.070707071,1,RUSH
0.056574074,0,1,0.228571429,0,0,1,0,0.075,0,0.060606061,1,PASS
0.049537037,0,1,0.228571429,0,0,0,1,0.025,0,0.04040404,1,PASS
0.994166667,0,0,0.5,1,0,0,0,0.25,0,0.757575758,0,PASS
0.988333333,0,0,0.5,0,1,0,0,0.25,0,0.757575758,0,PASS
0.9825,0,0,0.5,0,0,1,0,0.15,0,0.717171717,0,PASS
0.976666667,0,0,0.5,0,0,0,1,0.15,0,0.717171717,0,PUNT
0.894691358,0,0,0.45,1,0,0,0,0.375,0,0.808080808,0,RUSH
0.88882716,0,0,0.45,0,1,0,0,0.275,0,0.767676768,0,PASS
0.882962963,0,0,0.45,1,0,0,0,0.25,0,0.616161616,0,RUSH
0.877098765,0,0,0.45,0,1,0,0,0.15,0,0.575757576,0,PASS
0.871234568,0,0,0.45,1,0,0,0,0.25,0,0.424242424,0,PASS
0.86537037,0,0,0.45,1,0,0,0,0.25,0,0.202020202,1,PASS
0.859506173,0,0,0.45,0,1,0,0,0.25,0,0.202020202,1,RUSH
0.853641975,0,0,0.45,0,0,1,0,0.225,1,0.191919192,1,PASS
0.84191358,0,0,0.45,1,0,0,0,0.025,0,0.01010101,1,RUSH
0.795918803,0,0,0.45,1,0,0,0,0.5,0,0.707070707,0,RUSH
0.790128205,0,0,0.45,0,1,0,0,0.5,0,0.707070707,0,PASS
0.784337607,0,0,0.45,0,0,1,0,0.275,1,0.616161616,0,PASS
0.77275641,0,0,0.45,1,0,0,0,0.25,0,0.636363636,0,RUSH
0.766965812,0,0,0.45,0,1,0,0,0.2,0,0.616161616,0,PASS
0.761175214,0,0,0.45,0,0,1,0,0.2,1,0.616161616,0,PASS
0.755384615,0,0,0.45,1,0,0,0,0.25,0,0.414141414,0,PASS
0.749594017,0,0,0.45,0,1,0,0,0.25,0,0.414141414,0,RUSH
0.75,0,0,0.45,1,0,0,0,0.25,0,0.161616162,1,RUSH
0.744209402,0,0,0.45,0,1,0,0,0.25,0,0.161616162,1,PASS
0.738418803,0,0,0.45,0,0,1,0,0.25,1,0.161616162,1,RUSH
0.732628205,0,0,0.45,0,0,0,1,0.15,0,0.121212121,1,FIELD_GOAL
0.729444444,0,0,0.421428571,1,0,0,0,0.25,0,0.595959596,0,RUSH
0.716851852,0,0,0.421428571,0,1,0,0,0.25,0,0.595959596,0,RUSH
0.704259259,0,0,0.421428571,0,0,1,0,0.45,1,0.676767677,0,PASS
0.704259259,0,0,0.421428571,0,0,0,1,0.075,0,0.525252525,0,PUNT
0.663611111,0,0,0.421428571,1,0,0,0,0.25,0,0.464646465,0,RUSH
0.653680556,0,0,0.421428571,0,1,0,0,0.15,0,0.424242424,0,RUSH
0.64375,0,0,0.421428571,1,0,0,0,0.25,0,0.262626263,0,PASS
0.633819444,0,0,0.421428571,0,1,0,0,0.125,0,0.212121212,0,RUSH
0.604027778,0,0,0.421428571,1,0,0,0,0.75,0,0.353535354,0,RUSH
0.594097222,0,0,0.421428571,0,1,0,0,0.725,0,0.343434343,0,RUSH
0.584166667,0,0,0.421428571,0,0,1,0,0.6,1,0.292929293,0,PASS
0.574236111,0,0,0.421428571,0,0,0,1,0.45,1,0.232323232,0,FIELD_GOAL
0.519166667,1,0,0.421428571,1,0,0,0,0.25,0,0.757575758,0,PASS
0.515611111,1,0,0.421428571,1,0,0,0,0.25,0,0.555555556,0,PASS
0.512055556,1,0,0.421428571,0,1,0,0,0.25,0,0.555555556,0,PASS
0.510833333,1,0,0.421428571,0,0,1,0,0.05,0,0.474747475,0,RUSH
0.502777778,1,0,0.421428571,0,0,0,1,0.15,0,0.515151515,0,PASS
0.428333333,0,0,0.421428571,1,0,0,0,0.25,0,0.929292929,0,PASS
0.422708333,0,0,0.421428571,1,0,0,0,0.25,0,0.797979798,0,PASS
0.417083333,0,0,0.421428571,1,0,0,0,0.25,0,0.676767677,0,RUSH
0.411458333,0,0,0.421428571,1,0,0,0,0.25,0,0.575757576,0,PASS
0.405833333,0,0,0.421428571,1,0,0,0,0.25,0,0.434343434,0,PASS
0.400208333,0,0,0.421428571,0,1,0,0,0.25,0,0.434343434,0,RUSH
0.394583333,0,0,0.421428571,0,0,1,0,0.2,1,0.414141414,0,PASS
0.388958333,0,0,0.421428571,0,0,0,1,0.2,1,0.414141414,0,PASS
0.383333333,0,0,0.421428571,1,0,0,0,0.25,0,0.171717172,1,RUSH
0.377708333,0,0,0.421428571,0,1,0,0,0.15,0,0.131313131,1,RUSH
0.372083333,0,0,0.421428571,0,0,1,0,0.225,1,0.161616162,1,PASS
0.366458333,0,0,0.421428571,0,0,0,1,0.225,1,0.161616162,1,FIELD_GOAL
0.334166667,0,0,0.442857143,1,0,0,0,0.25,0,0.565656566,0,RUSH
0.326944444,0,0,0.442857143,0,1,0,0,0.2,0,0.545454545,0,PASS
0.319722222,0,0,0.442857143,1,0,0,0,0.25,0,0.414141414,0,PASS
0.3125,0,0,0.442857143,0,1,0,0,0.075,0,0.343434343,0,PASS
0.305277778,0,0,0.442857143,0,0,1,0,0.075,0,0.343434343,0,RUSH
0.294444444,0,0,0.442857143,0,0,0,1,0.025,0,0.323232323,0,RUSH
0.287222222,0,0,0.442857143,1,0,0,0,0.25,0,0.171717172,1,PASS
0.28,0,0,0.442857143,0,1,0,0,0.075,0,0.101010101,1,PASS
0.246388889,0,0,0.485714286,1,0,0,0,0.25,0,0.737373737,0,PASS
0.239907407,0,0,0.485714286,0,1,0,0,0.025,0,0.646464646,0,RUSH
0.233425926,0,0,0.485714286,0,0,1,0,0.05,0,0.656565657,0,PASS
0.233425926,0,0,0.485714286,0,0,0,1,0.05,0,0.656565657,0,PUNT
0.153888889,0,0,0.435714286,1,0,0,0,0.25,0,0.757575758,0,PASS
0.149146825,0,0,0.435714286,1,0,0,0,0.25,0,0.646464646,0,RUSH
0.144404762,0,0,0.435714286,1,0,0,0,0.25,0,0.545454545,0,PASS
0.139662698,0,0,0.435714286,0,1,0,0,0.25,0,0.545454545,0,RUSH
0.134920635,0,0,0.435714286,0,0,1,0,0.275,1,0.555555556,0,PASS
0.130178571,0,0,0.435714286,1,0,0,0,0.25,0,0.424242424,0,PASS
0.125436508,0,0,0.435714286,0,1,0,0,0.25,0,0.424242424,0,RUSH
0.120694444,0,0,0.435714286,1,0,0,0,0.25,0,0.313131313,0,PASS
0.115952381,0,1,0.435714286,0,1,0,0,0.25,0,0.313131313,0,PASS
0.106468254,0,1,0.435714286,1,0,0,0,0.05,0,0.02020202,1,PASS
0.102777778,0,1,0.435714286,0,1,0,0,0.3,0,0.121212121,1,PASS
0.098035714,0,1,0.435714286,0,0,1,0,0.15,0,0.060606061,1,PASS
0.093293651,0,1,0.435714286,0,0,0,1,0.15,0,0.060606061,1,FIELD_GOAL
0.994949495,0,0,0.5,1,0,0,0,0.25,0,0.757575758,0,PASS
0.98989899,0,0,0.5,1,0,0,0,0.25,0,0.595959596,0,PASS
0.984848485,0,0,0.5,1,0,0,0,0.25,0,0.484848485,0,PASS
0.97979798,0,0,0.5,0,1,0,0,0.35,0,0.525252525,0,PASS
0.974747475,0,0,0.5,0,0,1,0,0.15,0,0.444444444,0,PASS
0.96969697,0,0,0.5,1,0,0,0,0.25,0,0.323232323,0,PASS
0.964646465,0,0,0.5,0,1,0,0,0.2,0,0.303030303,0,PASS
0.95959596,0,0,0.5,0,0,1,0,0.2,1,0.303030303,0,RUSH
0.954545455,0,0,0.5,0,0,0,1,0.175,1,0.292929293,0,PASS
0.949494949,0,0,0.5,1,0,0,0,0.25,0,0.141414141,1,RUSH
0.944444444,0,0,0.5,0,1,0,0,0.125,0,0.090909091,1,PASS
0.88,0,0,0.5,1,0,0,0,0.25,0,0.757575758,0,PASS
0.872314815,0,0,0.5,0,1,0,0,0.25,0,0.757575758,0,PASS
0.86462963,0,0,0.5,0,0,1,0,0.05,0,0.676767677,0,RUSH
0.86462963,0,0,0.5,0,0,0,1,0.125,0,0.707070707,0,PUNT
0.826944444,0,0,0.5,1,0,0,0,0.25,0,0.787878788,0,PASS
0.820740741,0,0,0.5,0,1,0,0,0.25,0,0.787878788,0,PASS
0.814537037,0,0,0.5,0,0,1,0,0.275,1,0.797979798,0,PASS
0.814537037,0,0,0.5,0,0,0,1,0.05,0,0.707070707,0,PUNT
0.78,0,0,0.5,1,0,0,0,0.25,0,0.545454545,0,PASS
0.773722222,0,0,0.5,1,0,0,0,0.25,0,0.353535354,0,PASS
0.767444444,0,0,0.5,1,0,0,0,0.25,0,0.181818182,1,RUSH
0.761166667,0,0,0.5,0,1,0,0,0.375,0,0.232323232,0,RUSH
0.75,0,0,0.5,0,0,1,0,0.2,1,0.161616162,1,PASS
0.723055556,0,0,0.55,1,0,0,0,0.25,0,0.575757576,0,PASS
0.718680556,0,0,0.55,1,0,0,0,0.25,0,0.262626263,0,PASS
0.714305556,0,0,0.55,0,1,0,0,0.25,0,0.262626263,0,PASS
0.709930556,0,0,0.55,1,0,0,0,0.15,0,0.060606061,1,PASS
0.66375,0,0,0.6,1,0,0,0,0.375,0,0.949494949,0,PASS
0.655833333,0,0,0.6,0,1,0,0,0.1,0,0.838383838,0,PASS
0.647916667,0,0,0.6,1,0,0,0,0.25,0,0.777777778,0,RUSH
0.64,0,0,0.6,0,1,0,0,0.275,0,0.787878788,0,PASS
0.632083333,0,0,0.6,1,0,0,0,0.25,0,0.666666667,0,PASS
0.624166667,0,0,0.6,0,1,0,0,0.025,0,0.575757576,0,PASS
0.591666667,0,0,0.55,1,0,0,0,0.25,0,0.727272727,0,PASS
0.581851852,0,0,0.55,0,1,0,0,0.25,0,0.727272727,0,PASS
0.572037037,0,0,0.55,0,0,1,0,0.175,1,0.696969697,0,PASS
0.572037037,0,0,0.55,0,0,0,1,0.175,1,0.696969697,0,PUNT
0.446388889,0,0,0.528571429,1,0,0,0,0.25,0,0.727272727,0,PASS
0.436222222,0,0,0.528571429,1,0,0,0,0.475,0,0.818181818,0,PASS
0.426055556,0,0,0.528571429,1,0,0,0,0.25,0,0.595959596,0,PASS
0.415888889,0,0,0.528571429,0,1,0,0,0.125,0,0.545454545,0,RUSH
0.405722222,0,0,0.528571429,0,0,1,0,0.15,0,0.555555556,0,RUSH
0.385388889,0,0,0.528571429,0,0,0,1,0.3,1,0.616161616,0,PUNT
0.308611111,0,0,0.528571429,1,0,0,0,0.25,0,0.828282828,0,PASS
0.302962963,0,0,0.528571429,0,1,0,0,0.075,0,0.757575758,0,PASS
0.297314815,0,0,0.528571429,1,0,0,0,0.25,0,0.545454545,0,RUSH
0.291666667,0,0,0.528571429,0,1,0,0,0.025,0,0.454545455,0,RUSH
0.286018519,0,0,0.528571429,1,0,0,0,0.25,0,0.373737374,0,PASS
0.28037037,0,0,0.528571429,1,0,0,0,0.2,0,0.080808081,1,PASS
0.274722222,0,0,0.528571429,0,1,0,0,0.2,0,0.080808081,1,RUSH
0.269074074,0,0,0.528571429,0,0,1,0,0.275,1,0.111111111,1,PASS
0.263425926,0,0,0.528571429,0,0,0,1,0.275,1,0.111111111,1,FIELD_GOAL
0.2325,0,0,0.55,1,0,0,0,0.25,0,0.696969697,0,PASS
0.227291667,0,0,0.55,0,1,0,0,0.025,0,0.606060606,0,RUSH
0.222083333,0,0,0.55,1,0,0,0,0.25,0,0.555555556,0,PASS
0.216875,0,0,0.55,1,0,0,0,0.25,0,0.444444444,0,PASS
0.211666667,0,0,0.55,0,1,0,0,0.125,0,0.393939394,0,RUSH
0.206458333,0,0,0.55,1,0,0,0,0.25,0,0.292929293,0,RUSH
0.20125,0,0,0.55,0,1,0,0,0.15,0,0.252525253,0,PASS
0.196041667,0,0,0.55,0,0,1,0,0.15,0,0.252525253,0,PASS
0.190833333,0,0,0.55,1,0,0,0,0.25,0,0.151515152,1,PASS
0.185625,0,0,0.55,0,1,0,0,0.125,0,0.101010101,1,PASS
0.180416667,0,0,0.55,0,0,1,0,0.125,0,0.101010101,1,PASS
0.175208333,0,0,0.55,0,0,0,1,0.125,0,0.101010101,1,FIELD_GOAL
0.149722222,0,0,0.521428571,1,0,0,0,0.25,0,0.757575758,0,PASS
0.142098765,0,0,0.521428571,1,0,0,0,0.25,0,0.464646465,0,PASS
0.134475309,0,0,0.521428571,0,1,0,0,0.125,0,0.414141414,0,RUSH
0.126851852,0,0,0.521428571,0,0,1,0,0.125,0,0.414141414,0,RUSH
0.119228395,0,0,0.521428571,1,0,0,0,0.25,0,0.313131313,0,RUSH
0.111604938,0,1,0.521428571,1,0,0,0,0.25,0,0.202020202,1,PASS
0.103981481,0,1,0.521428571,0,1,0,0,0.375,0,0.252525253,0,PASS
0.096358025,0,1,0.521428571,0,0,1,0,0.05,0,0.121212121,1,RUSH
0.088734568,0,1,0.521428571,0,0,0,1,0.05,0,0.121212121,1,RUSH
0.011388889,1,1,0.5,1,0,0,0,0.25,0,0.757575758,0,PASS
0.009965278,1,1,0.5,1,0,0,0,0.25,0,0.626262626,0,PASS
0.008541667,1,1,0.5,0,1,0,0,0.25,0,0.626262626,0,PASS
0.007118056,1,1,0.5,0,0,1,0,0.175,1,0.595959596,0,PASS
0.005694444,1,1,0.5,1,0,0,0,0.25,0,0.454545455,0,PASS
0.004270833,1,1,0.5,1,0,0,0,0.25,0,0.323232323,0,RUSH
0.002777778,1,1,0.5,0,1,0,0,0.4,0,0.383838384,0,PASS
0.001354167,1,1,0.5,0,0,1,0,0.025,0,0.232323232,0,FIELD_GOAL
-0.248645833,1,1,0.45,1,0,0,0,0.25,0,0.252525253,0,PASS
-0.248645833,1,1,0.45,0,1,0,0,0.25,0,0.252525253,0,PASS
-0.248645833,1,1,0.45,0,0,1,0,0.25,1,0.252525253,0,PASS
-0.248645833,1,1,0.45,1,0,0,0,0.025,0,0.01010101,1,RUSH
-0.248645833,1,1,0.5,1,0,0,0,0.25,0,0.252525253,0,PASS
-0.248645833,1,1,0.5,1,0,0,0,0.25,0,0.141414141,1,PASS
-0.248645833,1,1,0.5,0,1,0,0,0.125,0,0.090909091,1,RUSH
-0.248645833,1,1,0.5,1,0,0,0,0.075,0,0.03030303,1,PASS
0.925,0,0,0.45,1,0,0,0,0.25,0,0.757575758,0,PASS
0.916851852,0,0,0.45,0,1,0,0,0.15,0,0.717171717,0,PASS
0.908703704,0,0,0.45,0,0,1,0,0.15,0,0.717171717,0,RUSH
0.908703704,0,0,0.45,0,0,0,1,0.35,1,0.797979798,0,PUNT
0.871944444,0,0,0.45,1,0,0,0,0.25,0,0.818181818,0,RUSH
0.863368056,0,0,0.45,0,1,0,0,0.125,0,0.767676768,0,PASS
0.846215278,0,0,0.45,1,0,0,0,0.625,0,0.727272727,0,PASS
0.837638889,0,0,0.45,0,1,0,0,0.3,0,0.595959596,0,PASS
0.8290625,0,0,0.45,0,0,1,0,0.025,0,0.484848485,0,RUSH
0.820486111,0,0,0.45,1,0,0,0,0.25,0,0.464646465,0,PASS
0.803333333,0,0,0.45,0,1,0,0,0.025,0,0.373737374,0,RUSH
0.786180556,0,0,0.45,0,0,1,0,0.25,1,0.464646465,0,PASS
0.786180556,0,0,0.45,0,0,0,1,0.25,1,0.464646465,0,PUNT
0.786111111,0,0,0.45,1,0,0,0,0.25,0,0.818181818,0,PASS
0.779953704,0,0,0.45,0,1,0,0,0.1,0,0.757575758,0,PASS
0.773796296,0,0,0.45,1,0,0,0,0.25,0,0.707070707,0,RUSH
0.767638889,0,0,0.45,1,0,0,0,0.25,0,0.595959596,0,PASS
0.761481481,0,0,0.45,1,0,0,0,0.05,0,0.02020202,1,RUSH
0.75,0,0,0.45,0,1,0,0,0.025,0,0.01010101,1,RUSH
0.722777778,0,0,0.45,1,0,0,0,0.25,0,0.777777778,0,RUSH
0.714351852,0,0,0.45,0,1,0,0,0.425,0,0.848484848,0,PASS
0.705925926,0,0,0.45,0,0,1,0,0.375,1,0.828282828,0,PASS
0.6875,0,0,0.4,1,0,0,0,0.25,0,0.757575758,0,RUSH
0.679722222,0,0,0.4,0,1,0,0,0.025,0,0.666666667,0,RUSH
0.671944444,0,0,0.4,0,0,1,0,0.125,0,0.707070707,0,PASS
0.671944444,0,0,0.4,0,0,0,1,0.125,0,0.707070707,0,PUNT
0.630833333,0,0,0.35,1,0,0,0,0.375,0,0.808080808,0,RUSH
0.618888889,0,0,0.35,0,1,0,0,0.325,0,0.787878788,0,PASS
0.606944444,0,0,0.35,0,0,1,0,0.375,1,0.808080808,0,RUSH
0.606944444,0,0,0.35,0,0,0,1,0.15,0,0.717171717,0,PUNT
0.605,0,0,0.3,1,0,0,0,0.25,0,0.95959596,0,RUSH
0.59724359,0,0,0.3,1,0,0,0,0.25,0,0.838383838,0,PASS
0.589487179,0,0,0.3,0,1,0,0,0.25,0,0.838383838,0,PASS
0.581730769,0,0,0.3,0,0,1,0,0.15,0,0.797979798,0,PASS
0.566217949,0,0,0.3,1,0,0,0,0.125,0,0.636363636,0,PASS
0.558461538,0,0,0.3,1,0,0,0,0.25,0,0.565656566,0,PASS
0.550705128,0,0,0.3,1,0,0,0,0.25,0,0.343434343,0,RUSH
0.535192308,0,0,0.3,1,0,0,0,0.5,0,0.333333333,0,PASS
0.533888889,0,0,0.3,0,1,0,0,0.525,0,0.343434343,0,RUSH
0.526132479,1,0,0.3,0,0,1,0,0.45,1,0.313131313,0,PASS
0.518376068,1,0,0.3,0,0,0,1,0.1,0,0.171717172,1,PASS
0.510619658,1,0,0.3,1,0,0,0,0.225,0,0.090909091,1,PASS
0.502863248,1,0,0.3,0,1,0,0,0.05,0,0.02020202,1,PASS
0.5,0,0,0.35,1,0,0,0,0.25,0,0.757575758,0,PASS
0.492888889,0,0,0.35,0,1,0,0,0.025,0,0.666666667,0,PASS
0.485777778,0,0,0.35,1,0,0,0,0.25,0,0.535353535,0,RUSH
0.478666667,0,0,0.35,1,0,0,0,0.15,0,0.494949495,0,RUSH
0.471555556,0,0,0.35,0,1,0,0,0.2,0,0.515151515,0,PASS
0.415,0,0,0.3,1,0,0,0,0.25,0,0.757575758,0,RUSH
0.410611111,0,0,0.3,0,1,0,0,0.025,0,0.666666667,0,PASS
0.406222222,0,0,0.3,1,0,0,0,0.25,0,0.636363636,0,PASS
0.401833333,0,0,0.3,0,1,0,0,0.25,0,0.636363636,0,PASS
0.397444444,0,0,0.3,0,0,1,0,0.175,1,0.606060606,0,PASS
0.397444444,0,0,0.3,0,0,0,1,0.175,1,0.606060606,0,PUNT
0.356111111,0,0,0.278571429,1,0,0,0,0.25,0,0.797979798,0,RUSH
0.347407407,0,0,0.278571429,0,1,0,0,0.25,0,0.797979798,0,PASS
0.338703704,0,0,0.278571429,0,0,1,0,0.25,1,0.797979798,0,RUSH
0.338703704,0,0,0.278571429,0,0,0,1,0.275,1,0.808080808,0,PUNT
0.303333333,0,0,0.278571429,1,0,0,0,0.25,0,0.656565657,0,RUSH
0.29787037,0,0,0.278571429,0,1,0,0,0.15,0,0.616161616,0,RUSH
0.286944444,0,0,0.278571429,1,0,0,0,0.125,0,0.474747475,0,RUSH
0.254722222,0,0,0.228571429,1,0,0,0,0.25,0,0.757575758,0,RUSH
0.25,0,0,0.228571429,0,1,0,0,0.1,0,0.696969697,0,RUSH
0.2425,0,0,0.228571429,1,0,0,0,0.25,0,0.646464646,0,RUSH
0.235,0,0,0.228571429,1,0,0,0,0.25,0,0.484848485,0,RUSH
0.2275,0,0,0.228571429,0,1,0,0,0.3,0,0.505050505,0,PASS
0.22,0,0,0.228571429,0,0,1,0,0.2,1,0.464646465,0,PASS
0.22,0,0,0.228571429,0,0,0,1,0.2,1,0.464646465,0,PUNT
0.203425926,0,0,0.178571429,1,0,0,0,0.375,0,0.898989899,0,PASS
0.19712963,0,0,0.178571429,0,1,0,0,0.375,0,0.898989899,0,RUSH
0.194722222,0,0,0.178571429,0,0,1,0,0.225,1,0.838383838,0,PASS
0.194722222,0,0,0.178571429,0,0,0,1,0.225,1,0.838383838,0,PUNT
0.14,0,0,0.178571429,1,0,0,0,0.25,0,0.757575758,0,RUSH
0.132291667,0,0,0.178571429,0,1,0,0,0.35,0,0.797979798,0,PASS
0.124583333,0,0,0.178571429,0,0,1,0,0.125,0,0.707070707,0,PASS
0.116875,0,0,0.178571429,1,0,0,0,0.25,0,0.454545455,0,PASS
0.109166667,0,1,0.178571429,0,1,0,0,0.15,0,0.414141414,0,RUSH
0.101458333,0,1,0.178571429,0,0,1,0,0.125,0,0.404040404,0,PASS
0.09375,0,1,0.178571429,1,0,0,0,0.25,0,0.313131313,0,PASS
0.086041667,0,1,0.178571429,0,1,0,0,0.25,0,0.313131313,0,RUSH
0.078333333,0,1,0.178571429,1,0,0,0,0.25,0,0.202020202,1,RUSH
0.070625,0,1,0.178571429,1,0,0,0,0.25,0,0.101010101,1,RUSH
0.062916667,0,1,0.178571429,0,1,0,0,0.15,0,0.060606061,1,RUSH
0.0475,0,1,0.178571429,0,0,1,0,0.175,1,0.070707071,1,PASS
0.961666667,0,0,0.5,1,0,0,0,0.25,0,0.757575758,0,PASS
0.957326389,0,0,0.5,0,1,0,0,0.125,0,0.707070707,0,PASS
0.952986111,0,0,0.5,1,0,0,0,0.25,0,0.656565657,0,PASS
0.948645833,0,0,0.5,1,0,0,0,0.25,0,0.494949495,0,PASS
0.944305556,0,0,0.5,0,1,0,0,0.025,0,0.404040404,0,PASS
0.935625,0,0,0.5,1,0,0,0,0.25,0,0.252525253,0,PASS
0.931284722,0,0,0.5,0,1,0,0,0.1,0,0.191919192,1,RUSH
0.86,0,0,0.55,1,0,0,0,0.25,0,0.808080808,0,PASS
0.854055556,0,0,0.55,0,1,0,0,0.025,0,0.717171717,0,RUSH
0.848111111,0,0,0.55,1,0,0,0,0.25,0,0.666666667,0,PASS
0.842166667,0,0,0.55,1,0,0,0,0.25,0,0.555555556,0,PASS
0.836222222,0,0,0.55,0,1,0,0,0.1,0,0.494949495,0,RUSH
0.830277778,0,0,0.55,0,0,1,0,0.1,0,0.494949495,0,PASS
0.818611111,0,0,0.55,1,0,0,0,0.25,0,0.373737374,0,RUSH
0.812666667,0,0,0.55,0,1,0,0,0.1,0,0.313131313,0,PASS
0.806722222,0,0,0.55,0,0,1,0,0.1,0,0.313131313,0,PASS
0.800777778,0,0,0.55,1,0,0,0,0.125,0,0.050505051,1,RUSH
0.753333333,0,0,0.55,1,0,0,0,0.25,0,0.757575758,0,PASS
0.744907407,0,0,0.55,1,0,0,0,0.375,0,0.343434343,0,PASS
0.739814815,0,0,0.55,0,1,0,0,0.1,0,0.232323232,0,PASS
0.688333333,0,0,0.6,1,0,0,0,0.25,0,0.797979798,0,RUSH
0.681111111,0,0,0.6,0,1,0,0,0.225,0,0.787878788,0,RUSH
0.673888889,0,0,0.6,1,0,0,0,0.25,0,0.555555556,0,PASS
0.666666667,0,0,0.6,0,1,0,0,0.125,0,0.505050505,0,RUSH
0.659444444,0,0,0.6,1,0,0,0,0.25,0,0.444444444,0,PASS
0.603611111,0,0,0.6,1,0,0,0,0.25,0,0.95959596,0,RUSH
0.595805556,0,0,0.6,0,1,0,0,0.075,0,0.888888889,0,RUSH
0.588,0,0,0.6,0,0,1,0,0.025,0,0.868686869,0,PASS
0.580194444,0,0,0.6,1,0,0,0,0.25,0,0.666666667,0,RUSH
0.572388889,0,0,0.6,0,1,0,0,0.225,0,0.656565657,0,PASS
0.564583333,0,0,0.6,1,0,0,0,0.25,0,0.333333333,0,RUSH
0.556777778,0,0,0.6,0,1,0,0,0.05,0,0.252525253,0,RUSH
0.548972222,0,0,0.6,1,0,0,0,0.125,0,0.050505051,1,RUSH
0.541166667,0,0,0.6,0,1,0,0,0.05,0,0.02020202,1,RUSH
0.520527778,1,0,0.6,0,0,1,0,0.2,1,0.080808081,1,RUSH
0.5,0,0,0.55,1,0,0,0,0.25,0,0.757575758,0,PASS
0.493560606,0,0,0.55,0,1,0,0,0.15,0,0.717171717,0,RUSH
0.487121212,0,0,0.55,1,0,0,0,0.25,0,0.636363636,0,RUSH
0.480681818,0,0,0.55,0,1,0,0,0.075,0,0.565656566,0,PASS
0.474242424,0,0,0.55,1,0,0,0,0.25,0,0.464646465,0,RUSH
0.46780303,0,0,0.55,1,0,0,0,0.25,0,0.303030303,0,RUSH
0.461363636,0,0,0.55,0,1,0,0,0.075,0,0.232323232,0,PASS
0.454924242,0,0,0.55,1,0,0,0,0.25,0,0.161616162,1,PASS
0.448484848,0,0,0.55,0,1,0,0,0.25,0,0.161616162,1,RUSH
0.442045455,0,0,0.55,0,0,1,0,0.2,1,0.141414141,1,RUSH
0.435606061,0,0,0.55,0,0,0,1,0.15,0,0.121212121,1,FIELD_GOAL
0.405833333,0,0,0.571428571,1,0,0,0,0.25,0,0.707070707,0,RUSH
0.395648148,0,0,0.571428571,0,1,0,0,0.25,0,0.707070707,0,RUSH
0.385462963,0,0,0.571428571,0,0,1,0,0.35,1,0.747474747,0,PASS
0.385462963,0,0,0.571428571,0,0,0,1,0.2,1,0.686868687,0,PUNT
0.287777778,0,0,0.521428571,1,0,0,0,0.25,0,0.656565657,0,PASS
0.280740741,0,0,0.521428571,0,1,0,0,0.25,0,0.656565657,0,RUSH
0.273703704,0,0,0.521428571,0,0,1,0,0.025,0,0.565656566,0,RUSH
0.266666667,0,0,0.521428571,1,0,0,0,0.25,0,0.525252525,0,PASS
0.25962963,0,0,0.521428571,0,1,0,0,0.025,0,0.434343434,0,PASS
0.25,0,0,0.521428571,0,0,1,0,0.075,0,0.454545455,0,PASS
0.245555556,0,0,0.471428571,1,0,0,0,0.25,0,0.717171717,0,PASS
0.232592593,0,0,0.471428571,1,0,0,0,0.25,0,0.575757576,0,RUSH
0.226111111,0,0,0.471428571,1,0,0,0,0.25,0,0.181818182,1,RUSH
0.21962963,0,0,0.471428571,0,1,0,0,0.2,0,0.161616162,1,PASS
0.213148148,0,0,0.471428571,0,0,1,0,0.175,1,0.151515152,1,PASS
0.149444444,0,0,0.471428571,1,0,0,0,0.25,0,0.636363636,0,PASS
0.142083333,0,0,0.471428571,1,0,0,0,0.25,0,0.404040404,0,RUSH
0.134722222,0,0,0.471428571,1,0,0,0,0.25,0,0.262626263,0,RUSH
0.127361111,0,0,0.471428571,0,1,0,0,0.1,0,0.202020202,1,PASS
0.12,0,0,0.471428571,1,0,0,0,0.2,0,0.080808081,1,RUSH
0.112638889,0,1,0.471428571,0,1,0,0,0.15,0,0.060606061,1,PASS
0.046666667,0,1,0.5,1,0,0,0,0.25,0,0.757575758,0,RUSH
0.046527778,0,1,0.5,0,1,0,0,0.175,0,0.727272727,0,PASS
0.046388889,0,1,0.5,0,0,1,0,0.175,1,0.727272727,0,PASS
0.04625,0,1,0.5,1,0,0,0,0.25,0,0.646464646,0,PASS
-0.249444444,1,1,0.45,1,0,0,0,0.5,0,0.353535354,0,PASS
-0.249444444,1,1,0.45,0,1,0,0,0.5,0,0.353535354,0,PASS
-0.249444444,1,1,0.45,0,0,1,0,0.5,1,0.353535354,0,PASS
-0.249444444,1,1,0.45,0,0,0,1,0.125,0,0.202020202,1,PASS
0.846111111,0,0,0.478571429,1,0,0,0,0.25,0,0.757575758,0,PASS
0.84125,0,0,0.478571429,0,1,0,0,0.2,0,0.737373737,0,RUSH
0.836388889,0,0,0.478571429,1,0,0,0,0.25,0,0.626262626,0,RUSH
0.831527778,0,0,0.478571429,1,0,0,0,0.25,0,0.414141414,0,PASS
0.826666667,0,0,0.478571429,1,0,0,0,0.25,0,0.181818182,1,RUSH
0.821805556,0,0,0.478571429,0,1,0,0,0.125,0,0.131313131,1,PASS
0.740555556,0,0,0.478571429,1,0,0,0,0.25,0,0.757575758,0,PASS
0.734074074,0,0,0.478571429,0,1,0,0,0.025,0,0.666666667,0,PASS
0.727592593,0,0,0.478571429,1,0,0,0,0.25,0,0.575757576,0,RUSH
0.721111111,0,0,0.478571429,0,1,0,0,0.05,0,0.494949495,0,PASS
0.71462963,0,0,0.478571429,0,0,1,0,0.05,0,0.494949495,0,RUSH
0.708148148,0,0,0.478571429,1,0,0,0,0.25,0,0.434343434,0,PASS
0.701666667,0,0,0.478571429,0,1,0,0,0.05,0,0.353535354,0,RUSH
0.695185185,0,0,0.478571429,1,0,0,0,0.25,0,0.272727273,0,PASS
0.688703704,0,0,0.478571429,0,1,0,0,0.25,0,0.272727273,0,PASS
0.682222222,0,0,0.478571429,0,0,1,0,0.075,0,0.202020202,1,PASS
0.669259259,0,0,0.478571429,1,0,0,0,0.05,0,0.02020202,1,RUSH
0.656296296,0,0,0.478571429,0,1,0,0,0.25,0,0.101010101,1,PASS
0.643333333,0,0,0.478571429,0,0,1,0,0.4,1,0.161616162,1,PASS
0.644444444,0,0,0.478571429,0,0,0,1,0.275,1,0.111111111,1,FIELD_GOAL
0.540833333,0,0,0.5,1,0,0,0,0.25,0,0.424242424,0,PASS
0.537546296,0,0,0.5,0,1,0,0,0.075,0,0.353535354,0,RUSH
0.534259259,0,0,0.5,0,0,1,0,0.1,0,0.363636364,0,PASS
0.530972222,1,0,0.5,1,0,0,0,0.25,0,0.313131313,0,PASS
0.527685185,1,0,0.5,0,1,0,0,0.25,0,0.313131313,0,RUSH
0.524398148,1,0,0.5,0,0,1,0,0.15,0,0.272727273,0,PASS
0.516388889,1,0,0.5,0,0,0,1,0.15,0,0.272727273,0,PASS
0.513101852,1,0,0.5,1,0,0,0,0.25,0,0.171717172,1,PASS
0.506666667,1,0,0.5,0,1,0,0,0.05,0,0.090909091,1,PASS
0.50337963,1,0,0.5,0,0,1,0,0.05,0,0.090909091,1,PASS
0.500092593,1,0,0.5,1,0,0,0,0.1,0,0.04040404,1,PASS
0.496805556,1,0,0.5,0,1,0,0,0.1,0,0.04040404,1,RUSH
0.5,0,0,0.55,1,0,0,0,0.25,0,0.818181818,0,RUSH
0.495185185,0,0,0.55,0,1,0,0,0.075,0,0.747474747,0,PASS
0.49037037,0,0,0.55,0,0,1,0,0.075,0,0.747474747,0,PASS
0.49037037,0,0,0.55,0,0,0,1,0.075,0,0.747474747,0,PUNT
0.44537037,0,0,0.5,1,0,0,0,0.25,0,0.828282828,0,PASS
0.438796296,0,0,0.5,0,1,0,0,0.1,0,0.767676768,0,PASS
0.432222222,0,0,0.5,1,0,0,0,0.25,0,0.656565657,0,RUSH
0.425648148,0,0,0.5,0,1,0,0,0.375,0,0.707070707,0,PASS
0.419074074,0,0,0.5,0,0,1,0,0.35,1,0.696969697,0,RUSH
0.419074074,0,0,0.5,0,0,0,1,0.05,0,0.575757576,0,PUNT
0.32400463,0,0,0.5,1,0,0,0,0.375,0,0.616161616,0,PASS
0.319398148,0,0,0.5,0,1,0,0,0.15,0,0.525252525,0,PASS
0.314791667,0,0,0.5,0,0,1,0,0.025,0,0.474747475,0,RUSH
0.310185185,0,0,0.5,1,0,0,0,0.25,0,0.454545455,0,PASS
0.305578704,0,0,0.5,1,0,0,0,0.25,0,0.262626263,0,RUSH
0.300972222,0,0,0.5,0,1,0,0,0.075,0,0.191919192,1,PASS
0.296365741,0,0,0.5,0,1,0,0,0.025,0,0.171717172,1,PASS
0.291759259,0,0,0.5,0,0,1,0,0.025,0,0.171717172,1,RUSH
0.287152778,0,0,0.5,1,0,0,0,0.175,0,0.070707071,1,PASS
0.282546296,0,0,0.5,0,1,0,0,0.025,0,0.01010101,1,RUSH
0.273333333,0,0,0.5,0,0,1,0,0.375,1,0.151515152,1,PASS
0.275,0,0,0.5,0,0,0,1,0.5,1,0.202020202,1,FIELD_GOAL
0.218611111,0,0,0.45,1,0,0,0,0.25,0,0.757575758,0,PASS
0.214814815,0,0,0.45,0,1,0,0,0.25,0,0.757575758,0,PASS
0.211018519,0,0,0.45,0,0,1,0,0.25,1,0.757575758,0,RUSH
0.211018519,0,0,0.45,0,0,0,1,0.15,0,0.717171717,0,PUNT
0.179166667,0,0,0.45,1,0,0,0,0.25,0,0.797979798,0,PASS
0.174791667,0,0,0.45,0,1,0,0,0.1,0,0.737373737,0,RUSH
0.170416667,0,0,0.45,1,0,0,0,0.25,0,0.595959596,0,RUSH
0.161666667,0,0,0.45,0,1,0,0,0.425,0,0.666666667,0,PASS
0.123055556,0,0,0.45,1,0,0,0,0.25,0,0.818181818,0,PASS
0.115444444,0,1,0.45,0,1,0,0,0.15,0,0.777777778,0,RUSH
0.107833333,0,1,0.45,0,0,1,0,0.025,0,0.727272727,0,RUSH
0.100222222,0,1,0.45,1,0,0,0,0.25,0,0.595959596,0,RUSH
0.092611111,0,1,0.45,0,1,0,0,0.175,0,0.565656566,0,PASS
0.056666667,0,1,0.45,1,0,0,0,0.25,0,0.828282828,0,PASS
0.051349206,0,1,0.45,0,1,0,0,0.05,0,0.747474747,0,PASS
0.046031746,0,1,0.45,1,0,0,0,0.25,0,0.616161616,0,PASS
0.040714286,0,1,0.45,0,1,0,0,0.125,0,0.565656566,0,PASS
0.035396825,0,1,0.45,1,0,0,0,0.25,0,0.414141414,0,PASS
0.030079365,1,1,0.45,0,1,0,0,0.25,0,0.414141414,0,PASS
0.024761905,1,1,0.45,0,0,1,0,0.1,0,0.353535354,0,PASS
0.011944444,1,1,0.5,1,0,0,0,0.25,0,0.222222222,0,PASS
0.007962963,1,1,0.5,0,1,0,0,0.025,0,0.131313131,1,RUSH
0.000555556,1,1,0.5,1,0,0,0,0.25,0,0.111111111,1,FIELD_GOAL