Game Clock,2min Warning,Late Game,Lead,d1,d2,d3,d4,Distance,LateLong,Spot,isRedZone,Play Type
0.000277778,1,1,0.491666667,1,0,0,0,0.25,0,0.626262626,0,PASS
0.002373737,1,1,0.441666667,0,1,0,0,0.475,0,0.191919192,1,RUSH
0.002777778,1,1,0.683333333,0,0,0,1,0.475,1,0.515151515,0,PUNT
0.003055556,1,1,0.091666667,0,1,0,0,0.025,0,0.111111111,1,PASS
0.003703704,1,1,0.291666667,0,1,0,0,0.05,0,0.272727273,0,PASS
0.00468254,1,1,0.816666667,1,0,0,0,0.25,0,0.303030303,0,RUSH
0.005,1,1,0.85,1,0,0,0,0.25,0,1,0,RUSH
0.007037037,1,1,0.241666667,0,1,0,0,0.075,0,0.03030303,1,PASS
0.007407407,1,1,0.291666667,1,0,0,0,0.25,0,0.353535354,0,PASS
0.007853535,1,1,0.441666667,1,0,0,0,0.225,0,0.090909091,1,RUSH
0.009365079,1,1,0.816666667,0,1,0,0,0.225,0,0.474747475,0,PASS
0.009444444,1,1,0.266666667,1,0,0,0,0.25,0,0.565656566,0,PASS
0.01037037,1,1,0.6,0,0,1,0,0.375,1,0.848484848,0,RUSH
0.011018519,1,1,0.241666667,1,0,0,0,0.075,0,0.03030303,1,PASS
0.011111111,1,1,0.291666667,1,0,0,0,0.25,0,0.545454545,0,PASS
0.012222222,1,1,0.566666667,0,0,0,1,0.1,0,0.383838384,0,RUSH
0.0125,1,1,0.683333333,0,0,1,0,0.4,1,0.484848485,0,RUSH
0.012592593,1,1,0.566666667,0,0,1,0,0.175,1,0.414141414,0,RUSH
0.013333333,1,1,0.441666667,0,0,0,1,0.525,1,0.343434343,0,PASS
0.013611111,1,1,0.125,0,0,1,0,0.125,0,0.080808081,1,PASS
0.014047619,1,1,0.816666667,1,0,0,0,0.25,0,0.484848485,0,RUSH
0.015,1,1,0.241666667,1,0,0,0,0.25,0,0.282828283,0,PASS
0.015128205,1,1,0.091666667,1,0,0,0,0.25,0,0.202020202,1,PASS
0.016349206,1,1,0.266666667,0,0,1,0,0.075,0,0.636363636,0,RUSH
0.016388889,1,1,0.525,0,0,1,0,0.35,1,0.242424242,0,RUSH
0.016439394,1,1,0.441666667,0,0,1,0,0.525,1,0.343434343,0,PASS
0.018730159,1,1,0.816666667,0,0,1,0,0.075,0,0.545454545,0,PASS
0.018910256,1,1,0.091666667,0,1,0,0,0.225,0,0.292929293,0,PASS
0.018981481,1,1,0.241666667,1,0,0,0,0.25,0,0.393939394,0,PASS
0.019722222,1,1,0.125,0,1,0,0,0.175,0,0.101010101,1,PASS
0.019861111,1,1,0.116666667,1,0,0,0,0.25,0,0.545454545,0,PASS
0.020740741,1,1,0.6,0,1,0,0,0.325,0,0.828282828,0,RUSH
0.021919192,1,1,0.441666667,0,1,0,0,0.4,0,0.292929293,0,RUSH
0.022685185,1,1,0.566666667,0,1,0,0,0.25,0,0.444444444,0,RUSH
0.022692308,1,1,0.091666667,1,0,0,0,0.25,0,0.303030303,0,RUSH
0.022777778,1,1,0.525,0,1,0,0,0.3,0,0.222222222,0,RUSH
0.022962963,1,1,0.241666667,0,1,0,0,0.125,0,0.505050505,0,PASS
0.023412698,1,1,0.816666667,0,1,0,0,0.075,0,0.545454545,0,PASS
0.023888889,1,1,0.116666667,1,0,0,0,0.25,0,0.878787879,0,PASS
0.025,1,1,0.683333333,0,1,0,0,0.35,0,0.464646465,0,RUSH
0.025648148,1,1,0.566666667,1,0,0,0,0.25,0,0.444444444,0,PASS
0.025833333,1,1,0.125,1,0,0,0,0.25,0,0.131313131,1,PASS
0.026474359,1,1,0.091666667,0,0,1,0,0.1,0,0.454545455,0,PASS
0.026944444,1,1,0.241666667,1,0,0,0,0.25,0,0.555555556,0,PASS
0.02739899,1,1,0.441666667,1,0,0,0,0.625,0,0.383838384,0,PASS
0.028095238,1,1,0.816666667,1,0,0,0,0.25,0,0.616161616,0,RUSH
0.028611111,1,1,0.566666667,0,1,0,0,0.025,0,0.373737374,0,RUSH
0.028888889,1,1,0.533333333,0,0,1,0,0.375,1,0.525252525,0,PASS
0.028888889,1,1,0.533333333,0,0,0,1,0.375,1,0.525252525,0,PUNT
0.028888889,1,1,0.566666667,1,0,0,0,0.25,0,0.464646465,0,RUSH
0.029166667,1,1,0.525,1,0,0,0,0.25,0,0.202020202,1,RUSH
0.03015873,1,1,0.266666667,0,1,0,0,0.25,0,0.707070707,0,RUSH
0.03025641,1,1,0.091666667,0,1,0,0,0.1,0,0.454545455,0,PASS
0.030740741,1,1,0.416666667,0,0,1,0,0.25,1,0.717171717,0,PASS
0.031111111,1,1,0.6,1,0,0,0,0.25,0,0.797979798,0,RUSH
0.031166667,1,1,0.366666667,1,0,0,0,0.075,0,0.03030303,1,PASS
0.031944444,1,1,0.125,1,0,0,0,0.25,0,0.232323232,0,RUSH
0.032314815,1,1,0.416666667,0,1,0,0,0.25,0,0.717171717,0,PASS
0.033333333,0,1,0.533333333,0,1,0,0,0.35,0,0.515151515,0,PASS
0.033888889,0,1,0.416666667,1,0,0,0,0.25,0,0.717171717,0,PASS
0.034038462,0,1,0.091666667,1,0,0,0,0.25,0,0.515151515,0,PASS
0.035,0,1,0.533333333,1,0,0,0,0.5,0,0.575757576,0,RUSH
0.035611111,0,1,0.566666667,0,1,0,0,0.25,0,0.696969697,0,RUSH
0.036944444,0,1,0.525,0,1,0,0,0.25,0,0.323232323,0,RUSH
0.037055556,0,1,0.366666667,0,1,0,0,0.05,0,0.525252525,0,PASS
0.037063492,0,1,0.266666667,1,0,0,0,0.25,0,0.707070707,0,PASS
0.0375,0,1,0.683333333,1,0,0,0,0.25,0,0.424242424,0,RUSH
0.037820513,0,1,0.091666667,0,1,0,0,0.075,0,0.555555556,0,PASS
0.038055556,0,1,0.125,0,1,0,0,0.05,0,0.353535354,0,PASS
0.038333333,0,1,0.525,1,0,0,0,0.25,0,0.323232323,0,RUSH
0.038358586,0,1,0.441666667,0,1,0,0,0.25,0,0.656565657,0,PASS
0.038765432,0,1,0.475,0,0,0,1,0.025,0,0.282828283,0,FIELD_GOAL
0.038833333,0,1,0.566666667,1,0,0,0,0.25,0,0.696969697,0,RUSH
0.039895833,0,1,0.441666667,0,0,0,1,0.125,0,0.272727273,0,PASS
0.041602564,0,1,0.091666667,1,0,0,0,0.25,0,0.626262626,0,PASS
0.042055556,0,1,0.566666667,0,0,1,0,0.15,0,0.787878788,0,PASS
0.042944444,0,1,0.366666667,1,0,0,0,0.25,0,0.606060606,0,PASS
0.043838384,0,1,0.441666667,1,0,0,0,0.25,0,0.656565657,0,RUSH
0.043944444,0,1,0.5,0,0,1,0,0.1,0,0.252525253,0,PASS
0.043958333,0,1,0.441666667,0,0,1,0,0.25,1,0.323232323,0,PASS
0.043968254,0,1,0.266666667,0,0,1,0,0.025,0,0.767676768,0,PASS
0.044166667,0,1,0.125,1,0,0,0,0.25,0,0.434343434,0,PASS
0.044475309,0,1,0.475,0,0,1,0,0.025,0,0.282828283,0,PASS
0.045277778,0,1,0.566666667,0,1,0,0,0.2,0,0.808080808,0,PASS
0.045384615,0,1,0.091666667,0,1,0,0,0.125,0,0.707070707,0,RUSH
0.046944444,0,1,0.566666667,1,0,0,0,0.25,0,0.828282828,0,PASS
0.048020833,0,1,0.441666667,0,1,0,0,0.25,0,0.323232323,0,PASS
0.048833333,0,1,0.366666667,0,1,0,0,0.1,0,0.747474747,0,PASS
0.049166667,0,1,0.091666667,1,0,0,0,0.25,0,0.757575758,0,PASS
0.050185185,0,1,0.475,0,1,0,0,0.25,0,0.373737374,0,PASS
0.050277778,0,1,0.125,0,1,0,0,0.05,0,0.565656566,0,PASS
0.050873016,0,1,0.266666667,0,1,0,0,0.075,0,0.787878788,0,RUSH
0.051833333,0,1,0.5,0,1,0,0,0.1,0,0.252525253,0,PASS
0.052083333,0,1,0.441666667,1,0,0,0,0.25,0,0.323232323,0,PASS
0.053888889,0,1,0.3,0,0,1,0,0.375,1,0.585858586,0,PASS
0.053888889,0,1,0.3,0,0,0,1,0.375,1,0.585858586,0,PUNT
0.054722222,0,1,0.366666667,1,0,0,0,0.25,0,0.808080808,0,PASS
0.05479798,0,1,0.441666667,0,1,0,0,0.075,0,0.737373737,0,RUSH
0.055,0,1,0.391666667,1,0,0,0,0.25,0,0.393939394,0,PASS
0.055895062,0,1,0.475,1,0,0,0,0.25,0,0.373737374,0,PASS
0.056145833,0,1,0.441666667,0,0,0,1,0.125,0,0.454545455,0,RUSH
0.056388889,0,1,0.125,1,0,0,0,0.25,0,0.646464646,0,PASS
0.056944444,0,1,0.625,0,0,1,0,0.25,1,0.868686869,0,PASS
0.056944444,0,1,0.625,0,0,0,1,0.05,0,0.787878788,0,PUNT
0.057777778,0,1,0.266666667,1,0,0,0,0.25,0,0.858585859,0,RUSH
0.058541667,0,1,0.525,0,0,0,1,0.3,1,0.252525253,0,FIELD_GOAL
0.058571429,0,1,0.5,0,0,0,1,0.125,0,0.242424242,0,FIELD_GOAL
0.059722222,0,1,0.5,1,0,0,0,0.25,0,0.313131313,0,RUSH
0.059791667,0,1,0.391666667,1,0,0,0,0.25,0,0.545454545,0,RUSH
0.060208333,0,1,0.441666667,0,0,1,0,0.125,0,0.454545455,0,PASS
0.060277778,0,1,0.441666667,1,0,0,0,0.25,0,0.808080808,0,PASS
0.061604938,0,1,0.475,0,1,0,0,0.025,0,0.393939394,0,RUSH
0.062361111,0,1,0.525,0,0,1,0,0.3,1,0.252525253,0,PASS
0.0625,0,1,0.125,0,0,1,0,0.15,0,0.737373737,0,PASS
0.064270833,0,1,0.441666667,0,1,0,0,0.125,0,0.454545455,0,PASS
0.064583333,0,1,0.391666667,0,1,0,0,0.125,0,0.606060606,0,PASS
0.06515873,0,1,0.383333333,0,0,0,1,0.325,1,0.272727273,0,PASS
0.066180556,0,1,0.525,0,1,0,0,0.3,0,0.252525253,0,PASS
0.066309524,0,1,0.5,0,0,1,0,0.15,0,0.252525253,0,PASS
0.067314815,0,1,0.475,1,0,0,0,0.25,0,0.484848485,0,PASS
0.067893519,0,1,0.183333333,1,0,0,0,0.2,0,0.080808081,1,PASS
0.068333333,0,1,0.441666667,1,0,0,0,0.25,0,0.505050505,0,RUSH
0.068611111,0,1,0.125,0,1,0,0,0.15,0,0.737373737,0,PASS
0.068611111,0,1,0.383333333,0,0,1,0,0.325,1,0.272727273,0,PASS
0.069055556,0,1,0.5,0,1,0,0,0.2,0,0.505050505,0,PASS
0.069861111,0,1,0.625,0,0,1,0,0.125,0,0.656565657,0,PASS
0.069861111,0,1,0.625,0,0,0,1,0.125,0,0.656565657,0,PUNT
0.07,0,1,0.525,1,0,0,0,0.25,0,0.232323232,0,RUSH
0.070722222,0,1,0.658333333,0,0,0,1,0.125,0,0.111111111,1,FIELD_GOAL
0.070722222,0,1,0.3,0,1,0,0,0.175,0,0.505050505,0,PASS
0.070944444,0,1,0.216666667,0,0,1,0,0.25,1,0.525252525,0,RUSH
0.070944444,0,1,0.216666667,0,0,0,1,0.425,1,0.595959596,0,PUNT
0.071111111,0,1,0.625,0,1,0,0,0.375,0,0.919191919,0,RUSH
0.072453704,0,1,0.183333333,0,0,0,1,0.125,0,0.161616162,1,PASS
0.073024691,0,1,0.475,0,0,1,0,0.15,0,0.666666667,0,PASS
0.074047619,0,1,0.5,0,1,0,0,0.275,0,0.303030303,0,RUSH
0.074166667,0,1,0.391666667,1,0,0,0,0.25,0,0.656565657,0,PASS
0.074722222,0,1,0.125,1,0,0,0,0.25,0,0.777777778,0,PASS
0.074801587,0,1,0.383333333,0,1,0,0,0.25,0,0.242424242,0,RUSH
0.075231481,0,1,0.233333333,0,0,1,0,0.25,1,0.252525253,0,PASS
0.075555556,0,1,0.625,0,1,0,0,0.125,0,0.656565657,0,PASS
0.076944444,0,1,0.5,1,0,0,0,0.25,0,0.525252525,0,RUSH
0.077,0,1,0.658333333,0,0,1,0,0.125,0,0.111111111,1,PASS
0.077013889,0,1,0.183333333,0,0,1,0,0.125,0,0.161616162,1,PASS
0.077166667,0,1,0.216666667,0,1,0,0,0.25,0,0.525252525,0,PASS
0.078253968,0,1,0.383333333,1,0,0,0,0.25,0,0.242424242,0,PASS
0.078734568,0,1,0.475,0,1,0,0,0.15,0,0.666666667,0,PASS
0.079138889,0,1,0.3,1,0,0,0,0.25,0,0.535353535,0,PASS
0.080185185,0,1,0.233333333,0,1,0,0,0.25,0,0.252525253,0,PASS
0.081574074,0,1,0.183333333,0,1,0,0,0.25,0,0.212121212,0,PASS
0.081706349,0,1,0.383333333,0,0,1,0,0.025,0,0.606060606,0,PASS
0.081785714,0,1,0.5,1,0,0,0,0.25,0,0.292929293,0,PASS
0.083277778,0,1,0.658333333,0,1,0,0,0.175,0,0.131313131,1,PASS
0.083388889,0,1,0.216666667,1,0,0,0,0.25,0,0.525252525,0,PASS
0.083981481,0,1,0.55,0,0,1,0,0.175,1,0.717171717,0,PASS
0.084444444,0,1,0.475,1,0,0,0,0.25,0,0.707070707,0,PASS
0.084833333,0,1,0.5,0,0,1,0,0.225,1,0.626262626,0,PASS
0.085138889,0,1,0.233333333,1,0,0,0,0.25,0,0.252525253,0,PASS
0.08515873,0,1,0.383333333,0,1,0,0,0.025,0,0.606060606,0,PASS
0.085277778,0,1,0.625,1,0,0,0,0.425,0,0.939393939,0,RUSH
0.085909091,0,1,0.441666667,1,0,0,0,0.2,0,0.080808081,1,PASS
0.086134259,0,1,0.183333333,1,0,0,0,0.25,0,0.212121212,0,PASS
0.087555556,0,1,0.3,0,0,1,0,0.125,0,0.636363636,0,PASS
0.088472222,0,1,0.625,1,0,0,0,0.25,0,0.707070707,0,RUSH
0.088611111,0,1,0.383333333,1,0,0,0,0.25,0,0.696969697,0,PASS
0.088703704,0,1,0.583333333,0,0,1,0,0.4,1,0.696969697,0,PASS
0.088703704,0,1,0.583333333,0,0,0,1,0.4,1,0.696969697,0,PUNT
0.089166667,0,1,0.475,1,0,0,0,0.25,0,0.727272727,0,PASS
0.08952381,0,1,0.5,0,0,1,0,0.225,1,0.797979798,0,PASS
0.089555556,0,1,0.658333333,1,0,0,0,0.25,0,0.161616162,1,RUSH
0.089611111,0,1,0.216666667,0,1,0,0,0.125,0,0.737373737,0,PASS
0.08962963,0,1,0.55,0,1,0,0,0.3,0,0.767676768,0,PASS
0.089833333,0,1,0.266666667,0,1,0,0,0.25,0,0.525252525,0,PASS
0.090092593,0,1,0.233333333,1,0,0,0,0.25,0,0.353535354,0,PASS
0.090694444,0,1,0.183333333,0,0,1,0,0.25,1,0.323232323,0,PASS
0.092373737,0,1,0.441666667,0,1,0,0,0.25,0,0.252525253,0,RUSH
0.092722222,0,1,0.5,0,1,0,0,0.35,0,0.676767677,0,PASS
0.094166667,0,1,0.625,0,0,1,0,0.125,0,0.777777778,0,PASS
0.09462963,0,1,0.583333333,0,1,0,0,0.4,0,0.696969697,0,PASS
0.094944444,0,1,0.266666667,1,0,0,0,0.25,0,0.525252525,0,PASS
0.095046296,0,1,0.233333333,1,0,0,0,0.25,0,0.535353535,0,PASS
0.09525463,0,1,0.183333333,0,1,0,0,0.25,0,0.323232323,0,PASS
0.095277778,0,1,0.55,1,0,0,0,0.25,0,0.747474747,0,PASS
0.095833333,0,1,0.658333333,1,0,0,0,0.25,0,0.272727273,0,RUSH
0.095833333,0,1,0.216666667,1,0,0,0,0.25,0,0.787878788,0,PASS
0.095833333,0,1,0.116666667,0,0,1,0,0.275,1,0.777777778,0,PASS
0.095833333,0,1,0.116666667,0,0,0,1,0.25,1,0.767676768,0,PUNT
0.095972222,0,1,0.3,0,1,0,0,0.25,0,0.686868687,0,PASS
0.096666667,0,1,0.816666667,0,0,1,0,0.15,0,0.565656566,0,RUSH
0.096666667,0,1,0.816666667,0,0,0,1,0.25,1,0.606060606,0,PUNT
0.097261905,0,1,0.5,0,1,0,0,0.225,0,0.797979798,0,PASS
0.098838384,0,1,0.441666667,1,0,0,0,0.25,0,0.252525253,0,PASS
0.099398148,0,1,0.583333333,1,0,0,0,0.05,0,0.02020202,1,RUSH
0.099814815,0,1,0.183333333,1,0,0,0,0.25,0,0.323232323,0,PASS
0.099861111,0,1,0.625,0,1,0,0,0.2,0,0.808080808,0,RUSH
0.1,0,1,0.233333333,1,0,0,0,0.25,0,0.727272727,0,PASS
0.100055556,0,1,0.266666667,0,1,0,0,0.05,0,0.585858586,0,RUSH
0.100555556,0,1,0.583333333,1,0,0,0,0.25,0,0.636363636,0,PASS
0.100611111,0,1,0.5,1,0,0,0,0.25,0,0.636363636,0,RUSH
0.101111111,0,1,0.366666667,0,1,0,0,0.225,0,0.262626263,0,PASS
0.101851852,0,1,0.125,0,0,1,0,0.25,1,0.707070707,0,PASS
0.101851852,0,1,0.125,0,0,0,1,0.25,1,0.707070707,0,PUNT
0.1025,0,1,0.116666667,0,1,0,0,0.275,0,0.777777778,0,PASS
0.103981481,0,1,0.125,0,1,0,0,0.25,0,0.707070707,0,PASS
0.104375,0,1,0.183333333,0,1,0,0,0.05,0,0.414141414,0,PASS
0.104388889,0,1,0.3,1,0,0,0,0.25,0,0.686868687,0,RUSH
0.104722222,0,1,0.816666667,0,1,0,0,0.15,0,0.565656566,0,PASS
0.105,0,1,0.5,1,0,0,0,0.25,0,0.808080808,0,PASS
0.105,0,1,0.366666667,1,0,0,0,0.25,0,0.272727273,0,PASS
0.105166667,0,1,0.266666667,1,0,0,0,0.25,0,0.666666667,0,RUSH
0.10530303,0,1,0.441666667,0,0,0,1,0.05,0,0.323232323,0,PASS
0.105555556,0,1,0.625,1,0,0,0,0.25,0,0.828282828,0,RUSH
0.106111111,0,1,0.125,1,0,0,0,0.25,0,0.707070707,0,PASS
0.106481481,0,1,0.583333333,0,0,1,0,0.1,0,0.696969697,0,PASS
0.108194444,0,1,0.583333333,1,0,0,0,0.25,0,0.393939394,0,PASS
0.1085,0,1,0.5,0,1,0,0,0.175,0,0.777777778,0,PASS
0.108935185,0,1,0.183333333,1,0,0,0,0.25,0,0.494949495,0,PASS
0.109166667,0,1,0.116666667,1,0,0,0,0.25,0,0.767676768,0,RUSH
0.110277778,0,1,0.266666667,1,0,0,0,0.25,0,0.797979798,0,PASS
0.111767677,0,1,0.441666667,0,0,1,0,0.05,0,0.323232323,0,PASS
0.112407407,0,1,0.583333333,0,1,0,0,0.25,0,0.757575758,0,PASS
0.112592593,0,1,0.583333333,0,0,1,0,0.25,1,0.535353535,0,PASS
0.112777778,0,1,0.816666667,1,0,0,0,0.25,0,0.606060606,0,PASS
0.112805556,0,1,0.3,0,1,0,0,0.25,0,0.787878788,0,PASS
0.11349537,0,1,0.183333333,1,0,0,0,0.25,0,0.606060606,0,PASS
0.113935185,0,1,0.383333333,0,1,0,0,0.25,0,0.101010101,1,PASS
0.114194444,0,1,0.308333333,0,0,1,0,0.175,1,0.111111111,1,PASS
0.116388889,0,1,0.5,1,0,0,0,0.25,0,0.808080808,0,RUSH
0.116990741,0,0,0.583333333,0,1,0,0,0.25,0,0.535353535,0,PASS
0.118055556,0,0,0.183333333,1,0,0,0,0.25,0,0.787878788,0,PASS
0.118194444,0,0,0.658333333,0,0,0,1,0.025,0,0.01010101,1,RUSH
0.118232323,0,0,0.441666667,0,1,0,0,0.075,0,0.333333333,0,RUSH
0.118333333,0,0,0.583333333,1,0,0,0,0.25,0,0.757575758,0,RUSH
0.119814815,0,0,0.383333333,1,0,0,0,0.25,0,0.101010101,1,PASS
0.120333333,0,0,0.325,1,0,0,0,0.15,0,0.060606061,1,PASS
0.121222222,0,0,0.3,1,0,0,0,0.25,0,0.787878788,0,RUSH
0.121388889,0,0,0.583333333,1,0,0,0,0.25,0,0.535353535,0,PASS
0.121444444,0,0,0.308333333,0,1,0,0,0.175,0,0.111111111,1,PASS
0.122222222,0,0,0.658333333,0,0,1,0,0.25,1,0.101010101,1,PASS
0.12469697,0,0,0.441666667,1,0,0,0,0.25,0,0.404040404,0,RUSH
0.125694444,0,0,0.383333333,1,0,0,0,0.25,0,0.232323232,0,PASS
0.125833333,0,0,0.325,0,1,0,0,0.025,0,0.262626263,0,PASS
0.12625,0,0,0.658333333,0,1,0,0,0.25,0,0.101010101,1,PASS
0.127055556,0,0,0.5,0,0,1,0,0.25,1,0.595959596,0,RUSH
0.127055556,0,0,0.5,0,0,0,1,0.45,1,0.676767677,0,PUNT
0.127685185,0,0,0.15,0,0,1,0,0.225,1,0.747474747,0,PASS
0.127685185,0,0,0.15,0,0,0,1,0.1,0,0.696969697,0,PUNT
0.128694444,0,0,0.308333333,1,0,0,0,0.25,0,0.141414141,1,PASS
0.129166667,0,0,0.408333333,1,0,0,0,0.025,0,0.01010101,1,RUSH
0.129638889,0,0,0.3,0,1,0,0,0.05,0,0.838383838,0,RUSH
0.130277778,0,0,0.658333333,1,0,0,0,0.25,0,0.101010101,1,PASS
0.130722222,0,0,0.416666667,0,1,0,0,0.125,0,0.050505051,1,PASS
0.131161616,0,0,0.441666667,0,1,0,0,0.175,0,0.525252525,0,PASS
0.131333333,0,0,0.325,1,0,0,0,0.25,0,0.353535354,0,PASS
0.131574074,0,0,0.383333333,0,0,0,1,0.125,0,0.353535354,0,PASS
0.133,0,0,0.5,0,1,0,0,0.25,0,0.595959596,0,PASS
0.134444444,0,0,0.408333333,1,0,0,0,0.05,0,0.02020202,1,PASS
0.135925926,0,0,0.15,0,1,0,0,0.225,0,0.747474747,0,PASS
0.135944444,0,0,0.308333333,1,0,0,0,0.25,0,0.595959596,0,PASS
0.136444444,0,0,0.416666667,1,0,0,0,0.2,0,0.080808081,1,RUSH
0.137453704,0,0,0.383333333,0,0,1,0,0.1,0,0.343434343,0,PASS
0.1375,0,0,0.791666667,0,1,0,0,0.075,0,0.03030303,1,RUSH
0.137626263,0,0,0.441666667,1,0,0,0,0.25,0,0.555555556,0,PASS
0.137638889,0,0,0.633333333,0,0,0,1,0.075,0,0.232323232,0,FIELD_GOAL
0.138055556,0,0,0.3,1,0,0,0,0.25,0,0.919191919,0,PASS
0.138333333,0,0,0.233333333,0,0,0,1,0.175,1,0.232323232,0,PASS
0.138944444,0,0,0.5,1,0,0,0,0.25,0,0.595959596,0,PASS
0.138981481,0,0,0.816666667,0,0,1,0,0.1,0,0.393939394,0,PASS
0.138981481,0,0,0.816666667,0,0,0,1,0.1,0,0.393939394,0,PUNT
0.140873016,0,0,0.583333333,0,0,1,0,0.1,0,0.373737374,0,PASS
0.142166667,0,0,0.416666667,0,0,0,1,0.375,1,0.393939394,0,PASS
0.142333333,0,0,0.325,0,1,0,0,0.2,0,0.606060606,0,PASS
0.142743056,0,0,0.641666667,0,0,0,1,0.075,0,0.191919192,1,PASS
0.143194444,0,0,0.308333333,0,1,0,0,0.075,0,0.797979798,0,PASS
0.143333333,0,0,0.383333333,0,1,0,0,0.1,0,0.343434343,0,PASS
0.143518519,0,0,0.816666667,0,1,0,0,0.1,0,0.393939394,0,PASS
0.143888889,0,0,0.633333333,0,0,1,0,0.125,0,0.252525253,0,PASS
0.144090909,0,0,0.441666667,0,1,0,0,0.175,0,0.676767677,0,PASS
0.144166667,0,0,0.233333333,0,0,1,0,0.175,1,0.232323232,0,PASS
0.144166667,0,0,0.15,1,0,0,0,0.25,0,0.757575758,0,PASS
0.144527778,0,0,0.791666667,1,0,0,0,0.2,0,0.080808081,1,RUSH
0.144888889,0,0,0.5,0,1,0,0,0.075,0,0.646464646,0,RUSH
0.145,0,0,0.408333333,1,0,0,0,0.225,0,0.090909091,1,RUSH
0.145873016,0,0,0.125,0,0,1,0,0.25,1,0.474747475,0,PASS
0.145912698,0,0,0.583333333,0,1,0,0,0.1,0,0.373737374,0,PASS
0.147833333,0,0,0.325,1,0,0,0,0.25,0,0.626262626,0,RUSH
0.147888889,0,0,0.416666667,0,0,1,0,0.25,1,0.343434343,0,RUSH
0.148055556,0,0,0.816666667,1,0,0,0,0.25,0,0.454545455,0,RUSH
0.148333333,0,0,0.55,0,0,0,1,0.075,0,0.424242424,0,PUNT
0.149212963,0,0,0.383333333,1,0,0,0,0.25,0,0.404040404,0,PASS
0.15,0,0,0.233333333,0,1,0,0,0.175,0,0.232323232,0,PASS
0.150138889,0,0,0.633333333,0,1,0,0,0.25,0,0.303030303,0,PASS
0.150208333,0,0,0.641666667,0,0,1,0,0.125,0,0.212121212,0,RUSH
0.150277778,0,0,0.408333333,1,0,0,0,0.25,0,0.474747475,0,PASS
0.150444444,0,0,0.308333333,1,0,0,0,0.25,0,0.868686869,0,PASS
0.150555556,0,0,0.441666667,1,0,0,0,0.25,0,0.707070707,0,RUSH
0.150740741,0,0,0.625,0,0,1,0,0.175,1,0.727272727,0,PASS
0.150833333,0,0,0.5,1,0,0,0,0.25,0,0.717171717,0,PASS
0.150952381,0,0,0.583333333,1,0,0,0,0.25,0,0.434343434,0,PASS
0.151555556,0,0,0.791666667,0,0,0,1,0.025,0,0.282828283,0,PASS
0.151746032,0,0,0.125,0,1,0,0,0.25,0,0.474747475,0,PASS
0.153333333,0,0,0.325,0,0,0,1,0.05,0,0.676767677,0,PASS
0.153611111,0,0,0.416666667,0,1,0,0,0.25,0,0.343434343,0,PASS
0.153819444,0,0,0.55,0,0,1,0,0.075,0,0.424242424,0,PASS
0.155092593,0,0,0.383333333,0,0,1,0,0.175,1,0.484848485,0,PASS
0.155833333,0,0,0.233333333,1,0,0,0,0.25,0,0.262626263,0,RUSH
0.156388889,0,0,0.633333333,1,0,0,0,0.25,0,0.303030303,0,PASS
0.156481481,0,0,0.625,0,1,0,0,0.175,0,0.727272727,0,PASS
0.157619048,0,0,0.125,1,0,0,0,0.25,0,0.474747475,0,PASS
0.157673611,0,0,0.641666667,0,1,0,0,0.125,0,0.212121212,0,PASS
0.158583333,0,0,0.791666667,0,0,1,0,0.025,0,0.282828283,0,PASS
0.159333333,0,0,0.416666667,1,0,0,0,0.25,0,0.343434343,0,PASS
0.160972222,0,0,0.383333333,0,1,0,0,0.25,0,0.515151515,0,PASS
0.161527778,0,0,0.55,0,1,0,0,0.25,0,0.494949495,0,RUSH
0.161666667,0,0,0.233333333,0,1,0,0,0.175,0,0.595959596,0,PASS
0.162222222,0,0,0.625,1,0,0,0,0.25,0,0.757575758,0,PASS
0.163166667,0,0,0.325,0,0,1,0,0.25,1,0.757575758,0,PASS
0.163492063,0,0,0.125,0,1,0,0,0.125,0,0.535353535,0,RUSH
0.164621212,0,0,0.416666667,0,0,0,1,0.075,0,0.151515152,1,FIELD_GOAL
0.164944444,0,0,0.308333333,0,0,1,0,0.125,0,0.919191919,0,RUSH
0.165055556,0,0,0.416666667,0,1,0,0,0.025,0,0.393939394,0,PASS
0.165138889,0,0,0.641666667,1,0,0,0,0.25,0,0.262626263,0,RUSH
0.165611111,0,0,0.791666667,0,1,0,0,0.075,0,0.303030303,0,RUSH
0.166071429,0,0,0.583333333,1,0,0,0,0.25,0,0.696969697,0,RUSH
0.166691919,0,0,0.566666667,0,1,0,0,0.3,0,0.222222222,0,PASS
0.166851852,0,0,0.383333333,1,0,0,0,0.25,0,0.515151515,0,PASS
0.1675,0,0,0.233333333,1,0,0,0,0.25,0,0.626262626,0,PASS
0.168666667,0,0,0.325,0,1,0,0,0.175,0,0.727272727,0,RUSH
0.168888889,0,0,0.633333333,1,0,0,0,0.25,0,0.414141414,0,RUSH
0.169236111,0,0,0.55,1,0,0,0,0.25,0,0.494949495,0,PASS
0.169365079,0,0,0.125,1,0,0,0,0.25,0,0.585858586,0,PASS
0.169801587,0,0,0.183333333,0,0,1,0,0.175,1,0.505050505,0,PASS
0.169801587,0,0,0.183333333,0,0,0,1,0.175,1,0.505050505,0,PUNT
0.170075758,0,0,0.416666667,0,0,1,0,0.075,0,0.151515152,1,PASS
0.170777778,0,0,0.416666667,1,0,0,0,0.25,0,0.484848485,0,RUSH
0.171111111,0,0,0.583333333,1,0,0,0,0.25,0,0.808080808,0,PASS
0.171481481,0,0,0.3,0,0,1,0,0.5,1,0.505050505,0,PASS
0.171481481,0,0,0.3,0,0,0,1,0.5,1,0.505050505,0,PUNT
0.172194444,0,0,0.308333333,0,1,0,0,0.3,0,0.98989899,0,PASS
0.172604167,0,0,0.641666667,0,1,0,0,0.075,0,0.323232323,0,RUSH
0.172638889,0,0,0.791666667,1,0,0,0,0.375,0,0.424242424,0,PASS
0.172731481,0,0,0.383333333,1,0,0,0,0.25,0,0.656565657,0,RUSH
0.173333333,0,0,0.233333333,0,1,0,0,0.1,0,0.737373737,0,PASS
0.173661616,0,0,0.566666667,1,0,0,0,0.25,0,0.202020202,1,PASS
0.174166667,0,0,0.325,1,0,0,0,0.25,0,0.757575758,0,PASS
0.175138889,0,0,0.633333333,0,1,0,0,0.05,0,0.545454545,0,PASS
0.175238095,0,0,0.125,0,1,0,0,0.175,0,0.686868687,0,RUSH
0.175530303,0,0,0.416666667,0,1,0,0,0.075,0,0.151515152,1,PASS
0.176342593,0,0,0.291666667,0,0,1,0,0.675,1,0.383838384,0,PASS
0.176342593,0,0,0.291666667,0,0,0,1,0.675,1,0.383838384,0,PUNT
0.1765,0,0,0.416666667,0,1,0,0,0.1,0,0.777777778,0,PASS
0.176944444,0,0,0.55,0,1,0,0,0.25,0,0.636363636,0,PASS
0.177546296,0,0,0.35,1,0,0,0,0.05,0,0.02020202,1,RUSH
0.17765873,0,0,0.183333333,0,1,0,0,0.25,0,0.535353535,0,PASS
0.177777778,0,0,0.325,1,0,0,0,0.25,0,0.656565657,0,PASS
0.178611111,0,0,0.383333333,1,0,0,0,0.25,0,0.757575758,0,PASS
0.178611111,0,0,0.441666667,0,0,1,0,0.25,1,0.878787879,0,PASS
0.179166667,0,0,0.233333333,1,0,0,0,0.25,0,0.797979798,0,PASS
0.179444444,0,0,0.308333333,1,0,0,0,0.25,0,0.96969697,0,RUSH
0.179861111,0,0,0.5,0,0,0,1,0.175,1,0.292929293,0,FIELD_GOAL
0.180069444,0,0,0.641666667,1,0,0,0,0.25,0,0.393939394,0,PASS
0.180555556,0,0,0.3,0,1,0,0,0.725,0,0.595959596,0,PASS
0.180631313,0,0,0.566666667,0,0,0,1,0.075,0,0.353535354,0,PASS
0.180984848,0,0,0.416666667,1,0,0,0,0.25,0,0.222222222,0,PASS
0.181111111,0,0,0.125,1,0,0,0,0.25,0,0.717171717,0,RUSH
0.181388889,0,0,0.633333333,1,0,0,0,0.25,0,0.626262626,0,PASS
0.182222222,0,0,0.416666667,1,0,0,0,0.25,0,0.838383838,0,PASS
0.184652778,0,0,0.55,1,0,0,0,0.25,0,0.636363636,0,RUSH
0.185515873,0,0,0.183333333,1,0,0,0,0.25,0,0.535353535,0,PASS
0.186388889,0,0,0.5,0,0,1,0,0.175,1,0.292929293,0,PASS
0.186694444,0,0,0.791666667,0,1,0,0,0.15,0,0.555555556,0,PASS
0.187534722,0,0,0.641666667,0,1,0,0,0.175,0,0.696969697,0,PASS
0.18760101,0,0,0.566666667,0,0,1,0,0.2,1,0.404040404,0,PASS
0.188888889,0,0,0.183333333,0,0,1,0,0.25,1,0.929292929,0,PASS
0.188888889,0,0,0.183333333,0,0,0,1,0.25,1,0.929292929,0,PUNT
0.19,0,0,0.758333333,0,1,0,0,0.075,0,0.03030303,1,PASS
0.190092593,0,0,0.441666667,0,1,0,0,0.25,0,0.878787879,0,PASS
0.191111111,0,0,0.183333333,0,1,0,0,0.25,0,0.929292929,0,PASS
0.191893939,0,0,0.416666667,0,1,0,0,0.075,0,0.434343434,0,PASS
0.192037037,0,0,0.35,1,0,0,0,0.2,0,0.080808081,1,RUSH
0.192361111,0,0,0.55,0,0,1,0,0.1,0,0.696969697,0,PASS
0.192916667,0,0,0.5,0,1,0,0,0.175,0,0.292929293,0,PASS
0.193333333,0,0,0.183333333,1,0,0,0,0.25,0,0.929292929,0,PASS
0.193373016,0,0,0.183333333,0,1,0,0,0.15,0,0.606060606,0,PASS
0.193657407,0,0,0.291666667,0,1,0,0,0.625,0,0.363636364,0,RUSH
0.193722222,0,0,0.791666667,1,0,0,0,0.25,0,0.595959596,0,PASS
0.194570707,0,0,0.566666667,0,1,0,0,0.45,0,0.505050505,0,PASS
0.195,0,0,0.641666667,1,0,0,0,0.25,0,0.727272727,0,RUSH
0.195833333,0,0,0.441666667,1,0,0,0,0.25,0,0.878787879,0,PASS
0.196666667,0,0,0.758333333,1,0,0,0,0.175,0,0.070707071,1,RUSH
0.197348485,0,0,0.416666667,1,0,0,0,0.25,0,0.505050505,0,PASS
0.199282407,0,0,0.35,0,0,1,0,0.125,0,0.202020202,1,PASS
0.199444444,0,0,0.5,1,0,0,0,0.25,0,0.323232323,0,PASS
0.200069444,0,0,0.55,0,1,0,0,0.15,0,0.717171717,0,RUSH
0.20075,0,0,0.791666667,0,1,0,0,0.25,0,0.727272727,0,RUSH
0.201230159,0,0,0.183333333,1,0,0,0,0.25,0,0.646464646,0,PASS
0.201540404,0,0,0.566666667,1,0,0,0,0.25,0,0.424242424,0,RUSH
0.201944444,0,0,0.116666667,0,0,1,0,0.275,1,0.818181818,0,PASS
0.201944444,0,0,0.116666667,0,0,0,1,0.15,0,0.767676768,0,PUNT
0.20280303,0,0,0.416666667,1,0,0,0,0.25,0,0.606060606,0,PASS
0.203333333,0,0,0.758333333,0,0,0,1,0.1,0,0.242424242,0,PASS
0.205972222,0,0,0.5,1,0,0,0,0.25,0,0.454545455,0,PASS
0.206527778,0,0,0.35,0,1,0,0,0.125,0,0.202020202,1,PASS
0.207777778,0,0,0.791666667,1,0,0,0,0.25,0,0.727272727,0,PASS
0.207777778,0,0,0.55,1,0,0,0,0.25,0,0.757575758,0,RUSH
0.207777778,0,0,0.3,1,0,0,0,0.25,0,0.404040404,0,RUSH
0.208510101,0,0,0.566666667,0,0,1,0,0.075,0,0.565656566,0,PASS
0.209087302,0,0,0.183333333,0,1,0,0,0.075,0,0.686868687,0,PASS
0.21,0,0,0.758333333,0,0,1,0,0.25,1,0.303030303,0,PASS
0.21,0,0,0.116666667,0,1,0,0,0.25,0,0.808080808,0,RUSH
0.210972222,0,0,0.291666667,1,0,0,0,0.25,0,0.212121212,0,PASS
0.211481481,0,0,0.633333333,0,0,1,0,0.15,0,0.717171717,0,PASS
0.211481481,0,0,0.633333333,0,0,0,1,0.15,0,0.717171717,0,PUNT
0.2125,0,0,0.5,0,0,1,0,0.35,1,0.696969697,0,PASS
0.213055556,0,0,0.241666667,0,1,0,0,0.25,0,0.333333333,0,PASS
0.213712121,0,0,0.416666667,0,1,0,0,0.025,0,0.787878788,0,RUSH
0.213773148,0,0,0.35,1,0,0,0,0.25,0,0.252525253,0,PASS
0.214444444,0,0,0.241666667,1,0,0,0,0.25,0,0.333333333,0,PASS
0.215479798,0,0,0.566666667,0,1,0,0,0.25,0,0.636363636,0,RUSH
0.216666667,0,0,0.758333333,0,1,0,0,0.25,0,0.303030303,0,PASS
0.216851852,0,0,0.633333333,0,1,0,0,0.25,0,0.757575758,0,PASS
0.216851852,0,0,0.3,0,0,1,0,0.2,1,0.787878788,0,PASS
0.216944444,0,0,0.183333333,1,0,0,0,0.25,0,0.757575758,0,PASS
0.217777778,0,0,0.608333333,1,0,0,0,0.25,0,0.373737374,0,PASS
0.218055556,0,0,0.116666667,1,0,0,0,0.25,0,0.808080808,0,PASS
0.218981481,0,0,0.308333333,0,0,1,0,0.2,1,0.535353535,0,PASS
0.218981481,0,0,0.308333333,0,0,0,1,0.2,1,0.535353535,0,PUNT
0.219027778,0,0,0.5,0,1,0,0,0.4,0,0.717171717,0,RUSH
0.219166667,0,0,0.416666667,1,0,0,0,0.25,0,0.878787879,0,PASS
0.21962963,0,0,0.291666667,1,0,0,0,0.25,0,0.454545455,0,PASS
0.220185185,0,0,0.241666667,0,0,1,0,0.25,1,0.686868687,0,PASS
0.221018519,0,0,0.35,0,1,0,0,0.2,0,0.383838384,0,PASS
0.221203704,0,0,0.383333333,0,0,1,0,0.35,1,0.797979798,0,PASS
0.222222222,0,0,0.633333333,1,0,0,0,0.25,0,0.757575758,0,PASS
0.222449495,0,0,0.566666667,1,0,0,0,0.25,0,0.636363636,0,PASS
0.223333333,0,0,0.758333333,1,0,0,0,0.25,0,0.303030303,0,PASS
0.223425926,0,0,0.241666667,0,1,0,0,0.25,0,0.686868687,0,PASS
0.223796296,0,0,0.308333333,0,1,0,0,0.2,0,0.535353535,0,PASS
0.224722222,0,0,0.608333333,1,0,0,0,0.25,0,0.545454545,0,PASS
0.225462963,0,0,0.383333333,0,1,0,0,0.35,0,0.797979798,0,PASS
0.225555556,0,0,0.5,1,0,0,0,0.25,0,0.656565657,0,RUSH
0.225925926,0,0,0.3,0,1,0,0,0.475,0,0.898989899,0,PASS
0.226666667,0,0,0.241666667,1,0,0,0,0.25,0,0.686868687,0,PASS
0.228263889,0,0,0.35,1,0,0,0,0.25,0,0.404040404,0,PASS
0.228287037,0,0,0.291666667,0,1,0,0,0.05,0,0.484848485,0,RUSH
0.228611111,0,0,0.308333333,1,0,0,0,0.25,0,0.555555556,0,RUSH
0.228952991,0,0,0.383333333,0,0,0,1,0.575,1,0.262626263,0,FIELD_GOAL
0.229419192,0,0,0.566666667,0,1,0,0,0.05,0,0.727272727,0,PASS
0.229722222,0,0,0.383333333,1,0,0,0,0.25,0,0.757575758,0,PASS
0.23,0,0,0.758333333,0,0,1,0,0.225,1,0.515151515,0,PASS
0.230854701,0,0,0.566666667,0,1,0,0,0.075,0,0.03030303,1,RUSH
0.232083333,0,0,0.5,0,1,0,0,0.1,0,0.747474747,0,PASS
0.232222222,0,0,0.241666667,0,0,1,0,0.225,1,0.787878788,0,PASS
0.232222222,0,0,0.241666667,0,0,0,1,0.175,1,0.767676768,0,PUNT
0.232261905,0,0,0.416666667,0,0,0,1,0.075,0,0.383838384,0,PASS
0.233162393,0,0,0.383333333,0,0,1,0,0.25,1,0.131313131,1,RUSH
0.235,0,0,0.608333333,0,0,0,1,0.25,1,0.272727273,0,FIELD_GOAL
0.235,0,0,0.3,1,0,0,0,0.25,0,0.808080808,0,RUSH
0.235641026,0,0,0.566666667,1,0,0,0,0.075,0,0.03030303,1,PASS
0.236388889,0,0,0.566666667,1,0,0,0,0.25,0,0.808080808,0,PASS
0.236666667,0,0,0.758333333,0,1,0,0,0.3,0,0.545454545,0,PASS
0.236944444,0,0,0.291666667,1,0,0,0,0.25,0,0.565656566,0,PASS
0.237371795,0,0,0.383333333,0,1,0,0,0.25,0,0.131313131,1,PASS
0.238174603,0,0,0.416666667,0,0,1,0,0.05,0,0.373737374,0,RUSH
0.238611111,0,0,0.5,1,0,0,0,0.25,0,0.808080808,0,PASS
0.239166667,0,0,0.241666667,0,1,0,0,0.225,0,0.787878788,0,PASS
0.24,0,0,0.608333333,0,0,1,0,0.25,1,0.272727273,0,PASS
0.24042735,0,0,0.566666667,0,0,0,1,0.075,0,0.161616162,1,PASS
0.241581197,0,0,0.383333333,1,0,0,0,0.25,0,0.131313131,1,PASS
0.241722222,0,0,0.583333333,0,0,1,0,0.4,1,0.494949495,0,PASS
0.241722222,0,0,0.583333333,0,0,0,1,0.4,1,0.494949495,0,PUNT
0.242301587,0,0,0.466666667,0,0,1,0,0.25,1,0.525252525,0,PASS
0.242301587,0,0,0.466666667,0,0,0,1,0.25,1,0.525252525,0,PUNT
0.243333333,0,0,0.758333333,1,0,0,0,0.25,0,0.525252525,0,PASS
0.244087302,0,0,0.416666667,0,1,0,0,0.125,0,0.404040404,0,PASS
0.245,0,0,0.608333333,0,1,0,0,0.25,0,0.272727273,0,PASS
0.245213675,0,0,0.566666667,0,0,1,0,0.075,0,0.161616162,1,PASS
0.245277778,0,0,0.175,0,0,1,0,0.2,1,0.575757576,0,PASS
0.245277778,0,0,0.175,0,0,0,1,0.2,1,0.575757576,0,PUNT
0.245790598,0,0,0.383333333,0,1,0,0,0.075,0,0.212121212,0,PASS
0.246111111,0,0,0.241666667,1,0,0,0,0.25,0,0.797979798,0,PASS
0.246150794,0,0,0.466666667,0,1,0,0,0.25,0,0.525252525,0,PASS
0.246666667,0,0,0.441666667,1,0,0,0,0.25,0,0.707070707,0,PASS
0.248194444,0,0,0.616666667,0,0,0,1,0.2,1,0.282828283,0,FIELD_GOAL
0.25,0,0,0.466666667,1,0,0,0,0.25,0,0.525252525,0,PASS
0.25,0,0,0.5,0,0,1,0,0.15,0,0.585858586,0,RUSH
0.25,0,0,0.5,0,0,0,1,0.075,0,0.555555556,0,PUNT
0.25,0,0,0.758333333,0,0,1,0,0.2,1,0.646464646,0,PASS
0.25,0,0,0.608333333,1,0,0,0,0.25,0,0.272727273,0,PASS
0.25,0,0,0.416666667,1,0,0,0,0.25,0,0.454545455,0,PASS
0.25,0,0,0.583333333,0,1,0,0,0.65,0,0.595959596,0,PASS
0.25,0,0,0.566666667,0,1,0,0,0.075,0,0.161616162,1,PASS
0.25,0,0,0.616666667,0,0,1,0,0.2,1,0.282828283,0,PASS
0.25,0,0,0.383333333,1,0,0,0,0.5,0,0.383838384,0,PASS
0.25,0,0,0.175,0,1,0,0,0.2,0,0.575757576,0,PASS
0.25,0,0,0.35,0,1,0,0,0.225,0,0.545454545,0,RUSH
0.251805556,0,0,0.616666667,0,1,0,0,0.25,0,0.303030303,0,PASS
0.252777778,0,0,0.3,0,0,1,0,0.175,1,0.656565657,0,PASS
0.252777778,0,0,0.3,0,0,0,1,0.175,1,0.656565657,0,PUNT
0.253452381,0,0,0.416666667,1,0,0,0,0.25,0,0.565656566,0,PASS
0.253611111,0,0,0.616666667,1,0,0,0,0.25,0,0.303030303,0,PASS
0.255722222,0,0,0.583333333,1,0,0,0,0.375,0,0.484848485,0,RUSH
0.257222222,0,0,0.175,1,0,0,0,0.25,0,0.595959596,0,PASS
0.257569444,0,0,0.5,0,0,0,1,0.1,0,0.666666667,0,RUSH
0.25775463,0,0,0.35,1,0,0,0,0.25,0,0.555555556,0,PASS
0.258174603,0,0,0.466666667,1,0,0,0,0.25,0,0.767676768,0,RUSH
0.258611111,0,0,0.758333333,0,1,0,0,0.275,0,0.676767677,0,RUSH
0.259365079,0,0,0.416666667,0,1,0,0,0.075,0,0.616161616,0,PASS
0.260416667,0,0,0.5,0,0,1,0,0.1,0,0.666666667,0,PASS
0.261175214,0,0,0.383333333,0,0,1,0,0.25,1,0.363636364,0,PASS
0.261944444,0,0,0.175,0,0,1,0,0.1,0,0.747474747,0,PASS
0.26202381,0,0,0.466666667,0,0,1,0,0.2,1,0.888888889,0,PASS
0.263263889,0,0,0.5,0,1,0,0,0.1,0,0.666666667,0,PASS
0.263995726,0,0,0.566666667,1,0,0,0,0.25,0,0.232323232,0,PASS
0.265,0,0,0.208333333,0,0,1,0,0.05,0,0.686868687,0,PASS
0.265,0,0,0.208333333,0,0,0,1,0.05,0,0.686868687,0,PUNT
0.265,0,0,0.35,1,0,0,0,0.25,0,0.757575758,0,RUSH
0.265277778,0,0,0.758333333,1,0,0,0,0.25,0,0.666666667,0,RUSH
0.265277778,0,0,0.416666667,1,0,0,0,0.25,0,0.686868687,0,PASS
0.265384615,0,0,0.383333333,0,1,0,0,0.25,0,0.363636364,0,PASS
0.265873016,0,0,0.466666667,0,1,0,0,0.2,0,0.888888889,0,PASS
0.266111111,0,0,0.5,1,0,0,0,0.25,0,0.727272727,0,RUSH
0.266666667,0,0,0.175,0,1,0,0,0.25,0,0.808080808,0,PASS
0.267638889,0,0,0.3,0,1,0,0,0.3,0,0.707070707,0,PASS
0.268777778,0,0,0.5,0,1,0,0,0.275,0,0.636363636,0,PASS
0.268782051,0,0,0.566666667,1,0,0,0,0.25,0,0.434343434,0,PASS
0.269166667,0,0,0.608333333,1,0,0,0,0.25,0,0.373737374,0,PASS
0.269594017,0,0,0.383333333,1,0,0,0,0.25,0,0.363636364,0,PASS
0.269722222,0,0,0.466666667,1,0,0,0,0.25,0,0.909090909,0,PASS
0.270694444,0,0,0.25,0,1,0,0,0.1,0,0.04040404,1,PASS
0.271388889,0,0,0.175,1,0,0,0,0.25,0,0.808080808,0,PASS
0.271994949,0,0,0.291666667,0,0,0,1,0.175,1,0.111111111,1,RUSH
0.272063492,0,0,0.441666667,0,0,1,0,0.175,1,0.545454545,0,PASS
0.272063492,0,0,0.441666667,0,0,0,1,0.175,1,0.545454545,0,PUNT
0.272277778,0,0,0.583333333,1,0,0,0,0.25,0,0.555555556,0,PASS
0.2728125,0,0,0.608333333,0,0,0,1,0.225,1,0.353535354,0,FIELD_GOAL
0.273568376,0,0,0.566666667,0,1,0,0,0.025,0,0.525252525,0,RUSH
0.273803419,0,0,0.383333333,0,0,1,0,0.25,1,0.767676768,0,PASS
0.273819444,0,0,0.208333333,0,1,0,0,0.2,0,0.747474747,0,RUSH
0.274166667,0,0,0.608333333,0,1,0,0,0.05,0,0.393939394,0,PASS
0.275069444,0,0,0.3,1,0,0,0,0.25,0,0.686868687,0,PASS
0.277045455,0,0,0.291666667,0,0,1,0,0.175,1,0.111111111,1,PASS
0.2775,0,0,0.25,1,0,0,0,0.2,0,0.080808081,1,RUSH
0.278012821,0,0,0.383333333,0,1,0,0,0.25,0,0.767676768,0,PASS
0.278166667,0,0,0.5,1,0,0,0,0.25,0,0.626262626,0,PASS
0.278354701,0,0,0.566666667,1,0,0,0,0.25,0,0.616161616,0,PASS
0.278571429,0,0,0.441666667,0,1,0,0,0.175,0,0.545454545,0,PASS
0.278958333,0,0,0.608333333,0,0,1,0,0.225,1,0.353535354,0,PASS
0.279166667,0,0,0.608333333,1,0,0,0,0.25,0,0.474747475,0,PASS
0.28,0,0,0.408333333,0,1,0,0,0.25,0,0.808080808,0,PASS
0.280555556,0,0,0.583333333,0,0,1,0,0.05,0,0.616161616,0,RUSH
0.281203704,0,0,0.616666667,0,0,1,0,0.5,1,0.575757576,0,PASS
0.281203704,0,0,0.616666667,0,0,0,1,0.5,1,0.575757576,0,PUNT
0.28209596,0,0,0.291666667,0,1,0,0,0.175,0,0.111111111,1,PASS
0.282222222,0,0,0.383333333,1,0,0,0,0.25,0,0.767676768,0,RUSH
0.2825,0,0,0.3,1,0,0,0,0.25,0,0.797979798,0,PASS
0.2825,0,0,0.408333333,1,0,0,0,0.25,0,0.808080808,0,PASS
0.282638889,0,0,0.208333333,1,0,0,0,0.25,0,0.767676768,0,PASS
0.283141026,0,0,0.566666667,0,1,0,0,0.025,0,0.666666667,0,PASS
0.284166667,0,0,0.608333333,0,0,1,0,0.15,0,0.606060606,0,PASS
0.284305556,0,0,0.25,1,0,0,0,0.25,0,0.373737374,0,RUSH
0.285079365,0,0,0.441666667,1,0,0,0,0.25,0,0.575757576,0,RUSH
0.285104167,0,0,0.608333333,0,1,0,0,0.175,0,0.333333333,0,PASS
0.286296296,0,0,0.616666667,0,1,0,0,0.25,0,0.474747475,0,RUSH
0.287146465,0,0,0.291666667,1,0,0,0,0.25,0,0.141414141,1,RUSH
0.287555556,0,0,0.5,0,1,0,0,0.1,0,0.686868687,0,PASS
0.287777778,0,0,0.5,0,0,1,0,0.3,1,0.414141414,0,PASS
0.287777778,0,0,0.5,0,0,0,1,0.3,1,0.414141414,0,PUNT
0.28792735,0,0,0.566666667,1,0,0,0,0.25,0,0.757575758,0,PASS
0.288333333,0,0,0.3,0,0,1,0,0.1,0,0.696969697,0,PASS
0.288333333,0,0,0.3,0,0,0,1,0.1,0,0.696969697,0,PUNT
0.288833333,0,0,0.583333333,0,1,0,0,0.125,0,0.646464646,0,PASS
0.289166667,0,0,0.608333333,0,1,0,0,0.25,0,0.646464646,0,PASS
0.291111111,0,0,0.25,0,1,0,0,0.15,0,0.676767677,0,PASS
0.29125,0,0,0.608333333,1,0,0,0,0.25,0,0.363636364,0,PASS
0.291388889,0,0,0.616666667,1,0,0,0,0.25,0,0.474747475,0,RUSH
0.291458333,0,0,0.208333333,1,0,0,0,0.125,0,0.838383838,0,RUSH
0.291587302,0,0,0.441666667,0,1,0,0,0.1,0,0.656565657,0,PASS
0.29219697,0,0,0.291666667,1,0,0,0,0.25,0,0.303030303,0,PASS
0.292713675,0,0,0.566666667,0,1,0,0,0.2,0,0.868686869,0,PASS
0.294166667,0,0,0.608333333,1,0,0,0,0.25,0,0.646464646,0,PASS
0.294166667,0,0,0.3,0,1,0,0,0.15,0,0.717171717,0,RUSH
0.294444444,0,0,0.733333333,0,1,0,0,0.075,0,0.131313131,1,RUSH
0.295,0,0,0.5,0,1,0,0,0.3,0,0.414141414,0,PASS
0.295648148,0,0,0.116666667,0,0,1,0,0.2,1,0.737373737,0,PASS
0.295648148,0,0,0.116666667,0,0,0,1,0.2,1,0.737373737,0,PUNT
0.296111111,0,0,0.566666667,0,0,1,0,0.25,1,0.535353535,0,PASS
0.296111111,0,0,0.566666667,0,0,0,1,0.25,1,0.535353535,0,PUNT
0.296944444,0,0,0.5,1,0,0,0,0.25,0,0.747474747,0,PASS
0.297111111,0,0,0.583333333,1,0,0,0,0.25,0,0.696969697,0,RUSH
0.297247475,0,0,0.291666667,0,0,1,0,0.225,1,0.454545455,0,PASS
0.297395833,0,0,0.608333333,1,0,0,0,0.25,0,0.555555556,0,PASS
0.2975,0,0,0.566666667,1,0,0,0,0.25,0,0.888888889,0,PASS
0.297916667,0,0,0.25,1,0,0,0,0.25,0,0.717171717,0,RUSH
0.298095238,0,0,0.441666667,1,0,0,0,0.25,0,0.717171717,0,RUSH
0.299166667,0,0,0.608333333,0,0,1,0,0.3,1,0.777777778,0,PASS
0.29962963,0,0,0.116666667,0,1,0,0,0.2,0,0.737373737,0,PASS
0.3,0,0,0.3,1,0,0,0,0.25,0,0.757575758,0,PASS
0.300833333,0,0,0.733333333,1,0,0,0,0.25,0,0.202020202,1,PASS
0.301388889,0,0,0.7,1,0,0,0,0.025,0,0.01010101,1,PASS
0.302222222,0,0,0.5,1,0,0,0,0.25,0,0.393939394,0,RUSH
0.30229798,0,0,0.291666667,0,1,0,0,0.225,0,0.454545455,0,PASS
0.303541667,0,0,0.608333333,0,0,1,0,0.025,0,0.595959596,0,RUSH
0.303611111,0,0,0.566666667,0,1,0,0,0.2,0,0.515151515,0,RUSH
0.303611111,0,0,0.116666667,1,0,0,0,0.25,0,0.757575758,0,RUSH
0.304166667,0,0,0.608333333,0,1,0,0,0.375,0,0.808080808,0,RUSH
0.304603175,0,0,0.441666667,0,1,0,0,0.25,0,0.858585859,0,RUSH
0.304722222,0,0,0.7,1,0,0,0,0.25,0,0.181818182,1,PASS
0.305388889,0,0,0.583333333,1,0,0,0,0.25,0,0.797979798,0,RUSH
0.307348485,0,0,0.291666667,1,0,0,0,0.25,0,0.464646465,0,RUSH
0.308015873,0,0,0.416666667,0,0,1,0,0.425,1,0.393939394,0,RUSH
0.308015873,0,0,0.416666667,0,0,0,1,0.5,1,0.424242424,0,PUNT
0.309166667,0,0,0.608333333,1,0,0,0,0.25,0,0.757575758,0,RUSH
0.309444444,0,0,0.5,0,1,0,0,0.05,0,0.464646465,0,PASS
0.3096875,0,0,0.608333333,0,1,0,0,0.25,0,0.686868687,0,PASS
0.310277778,0,0,0.175,0,0,1,0,0.3,1,0.828282828,0,PASS
0.310277778,0,0,0.175,0,0,0,1,0.3,1,0.828282828,0,PUNT
0.310972222,0,0,0.408333333,1,0,0,0,0.25,0,0.343434343,0,PASS
0.311111111,0,0,0.566666667,1,0,0,0,0.25,0,0.535353535,0,PASS
0.311111111,0,0,0.441666667,1,0,0,0,0.25,0,0.858585859,0,PASS
0.311527778,0,0,0.25,0,1,0,0,0.025,0,0.767676768,0,PASS
0.31239899,0,0,0.291666667,0,0,1,0,0.25,1,0.737373737,0,PASS
0.313666667,0,0,0.583333333,0,1,0,0,0.2,0,0.888888889,0,PASS
0.315555556,0,0,0.175,0,1,0,0,0.3,0,0.828282828,0,PASS
0.315833333,0,0,0.608333333,1,0,0,0,0.25,0,0.686868687,0,PASS
0.316587302,0,0,0.416666667,0,1,0,0,0.425,0,0.393939394,0,PASS
0.316666667,0,0,0.5,1,0,0,0,0.25,0,0.545454545,0,RUSH
0.317222222,0,0,0.408333333,0,0,1,0,0.2,1,0.434343434,0,PASS
0.317449495,0,0,0.291666667,0,1,0,0,0.25,0,0.737373737,0,PASS
0.318333333,0,0,0.25,1,0,0,0,0.25,0,0.858585859,0,RUSH
0.318611111,0,0,0.566666667,1,0,0,0,0.25,0,0.666666667,0,PASS
0.320833333,0,0,0.175,1,0,0,0,0.375,0,0.858585859,0,RUSH
0.321277778,0,0,0.408333333,0,0,0,1,0.25,1,0.373737374,0,PASS
0.321342593,0,0,0.175,0,0,0,1,0.55,1,0.404040404,0,PASS
0.321666667,0,0,0.441666667,0,0,0,1,0.075,0,0.262626263,0,FIELD_GOAL
0.321944444,0,0,0.583333333,1,0,0,0,0.25,0,0.909090909,0,RUSH
0.3225,0,0,0.291666667,1,0,0,0,0.25,0,0.737373737,0,PASS
0.322962963,0,0,0.441666667,0,0,1,0,0.125,0,0.707070707,0,PASS
0.322962963,0,0,0.441666667,0,0,0,1,0.125,0,0.707070707,0,PUNT
0.323333333,0,0,0.608333333,1,0,0,0,0.375,0,0.727272727,0,PASS
0.323472222,0,0,0.408333333,0,1,0,0,0.25,0,0.454545455,0,RUSH
0.323888889,0,0,0.5,0,0,1,0,0.125,0,0.595959596,0,PASS
0.324222222,0,0,0.408333333,0,0,1,0,0.25,1,0.373737374,0,PASS
0.32515873,0,0,0.416666667,1,0,0,0,0.25,0,0.323232323,0,RUSH
0.326287879,0,0,0.3,0,1,0,0,0.225,0,0.343434343,0,PASS
0.326388889,0,0,0.441666667,0,0,1,0,0.075,0,0.262626263,0,PASS
0.326666667,0,0,0.175,0,0,1,0,0.55,1,0.404040404,0,PASS
0.326984127,0,0,0.675,0,0,0,1,0.125,0,0.131313131,1,FIELD_GOAL
0.327166667,0,0,0.408333333,0,1,0,0,0.25,0,0.373737374,0,PASS
0.329722222,0,0,0.408333333,1,0,0,0,0.25,0,0.454545455,0,PASS
0.330111111,0,0,0.408333333,1,0,0,0,0.25,0,0.373737374,0,PASS
0.33037037,0,0,0.441666667,0,1,0,0,0.125,0,0.707070707,0,PASS
0.331111111,0,0,0.441666667,0,1,0,0,0.075,0,0.262626263,0,PASS
0.331111111,0,0,0.5,0,1,0,0,0.125,0,0.595959596,0,PASS
0.331746032,0,0,0.675,0,0,1,0,0.125,0,0.131313131,1,PASS
0.331990741,0,0,0.175,0,1,0,0,0.55,0,0.404040404,0,PASS
0.333055556,0,0,0.408333333,1,0,0,0,0.25,0,0.777777778,0,RUSH
0.333730159,0,0,0.416666667,1,0,0,0,0.25,0,0.434343434,0,RUSH
0.334520202,0,0,0.3,1,0,0,0,0.25,0,0.353535354,0,RUSH
0.335777778,0,0,0.5,0,0,0,1,0.05,0,0.04040404,1,PASS
0.335833333,0,0,0.441666667,1,0,0,0,0.25,0,0.333333333,0,PASS
0.335972222,0,0,0.408333333,0,1,0,0,0.225,0,0.747474747,0,PASS
0.336507937,0,0,0.675,0,1,0,0,0.125,0,0.131313131,1,PASS
0.337777778,0,0,0.441666667,1,0,0,0,0.25,0,0.757575758,0,RUSH
0.338333333,0,0,0.5,1,0,0,0,0.25,0,0.646464646,0,PASS
0.340555556,0,0,0.441666667,0,0,1,0,0.25,1,0.434343434,0,RUSH
0.341,0,0,0.5,0,0,1,0,0.1,0,0.060606061,1,RUSH
0.341269841,0,0,0.675,1,0,0,0,0.25,0,0.181818182,1,PASS
0.342222222,0,0,0.408333333,1,0,0,0,0.25,0,0.757575758,0,RUSH
0.342301587,0,0,0.416666667,0,0,1,0,0.175,1,0.717171717,0,PASS
0.342752525,0,0,0.3,0,1,0,0,0.15,0,0.444444444,0,PASS
0.345277778,0,0,0.441666667,0,1,0,0,0.4,0,0.494949495,0,PASS
0.345555556,0,0,0.5,0,0,1,0,0.025,0,0.666666667,0,RUSH
0.345694444,0,0,0.558333333,0,0,1,0,0.075,0,0.494949495,0,PASS
0.346031746,0,0,0.675,0,1,0,0,0.05,0,0.282828283,0,RUSH
0.346222222,0,0,0.5,0,1,0,0,0.25,0,0.121212121,1,RUSH
0.347962963,0,0,0.175,1,0,0,0,0.25,0,0.282828283,0,RUSH
0.348611111,0,0,0.55,1,0,0,0,0.2,0,0.080808081,1,PASS
0.350238095,0,0,0.733333333,1,0,0,0,0.25,0,0.121212121,1,PASS
0.350555556,0,0,0.558333333,0,1,0,0,0.075,0,0.494949495,0,PASS
0.350793651,0,0,0.675,1,0,0,0,0.25,0,0.363636364,0,PASS
0.350873016,0,0,0.416666667,0,1,0,0,0.175,0,0.717171717,0,PASS
0.350984848,0,0,0.3,1,0,0,0,0.25,0,0.484848485,0,PASS
0.351444444,0,0,0.5,1,0,0,0,0.25,0,0.121212121,1,PASS
0.352407407,0,0,0.266666667,0,0,1,0,0.15,0,0.808080808,0,PASS
0.352407407,0,0,0.266666667,0,0,0,1,0.15,0,0.808080808,0,PUNT
0.3525,0,0,0.208333333,0,0,1,0,0.2,1,0.737373737,0,PASS
0.3525,0,0,0.208333333,0,0,0,1,0.2,1,0.737373737,0,PUNT
0.352777778,0,0,0.5,0,1,0,0,0.2,0,0.737373737,0,PASS
0.353287037,0,0,0.175,0,1,0,0,0.25,0,0.434343434,0,RUSH
0.354444444,0,0,0.55,0,1,0,0,0.1,0,0.191919192,1,PASS
0.354444444,0,0,0.566666667,0,0,1,0,0.125,0,0.505050505,0,PASS
0.354444444,0,0,0.566666667,0,0,0,1,0.125,0,0.505050505,0,PUNT
0.354722222,0,0,0.441666667,1,0,0,0,0.25,0,0.434343434,0,PASS
0.355416667,0,0,0.558333333,1,0,0,0,0.25,0,0.565656566,0,RUSH
0.355555556,0,0,0.675,1,0,0,0,0.25,0,0.404040404,0,PASS
0.356666667,0,0,0.5,0,0,1,0,0.175,1,0.525252525,0,PASS
0.356944444,0,0,0.208333333,0,1,0,0,0.2,0,0.737373737,0,PASS
0.357142857,0,0,0.733333333,1,0,0,0,0.25,0,0.252525253,0,PASS
0.358333333,0,0,0.566666667,0,0,0,1,0.75,1,0.464646465,0,PUNT
0.358611111,0,0,0.175,1,0,0,0,0.25,0,0.434343434,0,PASS
0.358981481,0,0,0.35,0,0,1,0,0.175,1,0.878787879,0,PASS
0.358981481,0,0,0.35,0,0,0,1,0.175,1,0.878787879,0,PUNT
0.359217172,0,0,0.3,0,1,0,0,0.1,0,0.555555556,0,PASS
0.359444444,0,0,0.441666667,1,0,0,0,0.25,0,0.545454545,0,RUSH
0.359444444,0,0,0.416666667,1,0,0,0,0.25,0,0.747474747,0,PASS
0.359814815,0,0,0.266666667,0,1,0,0,0.175,0,0.818181818,0,RUSH
0.36,0,0,0.5,1,0,0,0,0.25,0,0.757575758,0,RUSH
0.360277778,0,0,0.55,1,0,0,0,0.25,0,0.252525253,0,PASS
0.360277778,0,0,0.558333333,0,0,1,0,0.3,1,0.797979798,0,PASS
0.361388889,0,0,0.266666667,1,0,0,0,0.25,0,0.676767677,0,PASS
0.361388889,0,0,0.208333333,1,0,0,0,0.25,0,0.757575758,0,PASS
0.361888889,0,0,0.5,0,1,0,0,0.25,0,0.555555556,0,RUSH
0.362333333,0,0,0.566666667,0,1,0,0,0.25,0,0.555555556,0,PASS
0.364047619,0,0,0.733333333,0,1,0,0,0.15,0,0.353535354,0,PASS
0.364166667,0,0,0.441666667,1,0,0,0,0.25,0,0.656565657,0,RUSH
0.364351852,0,0,0.35,0,1,0,0,0.175,0,0.878787879,0,PASS
0.365,0,0,0.566666667,0,0,1,0,0.35,1,0.303030303,0,RUSH
0.365,0,0,0.175,0,0,1,0,0.225,1,0.95959596,0,PASS
0.365,0,0,0.175,0,0,0,1,0.225,1,0.95959596,0,PUNT
0.365138889,0,0,0.558333333,0,1,0,0,0.3,0,0.797979798,0,PASS
0.366111111,0,0,0.55,1,0,0,0,0.25,0,0.757575758,0,RUSH
0.367111111,0,0,0.5,1,0,0,0,0.25,0,0.555555556,0,PASS
0.367222222,0,0,0.266666667,1,0,0,0,0.25,0,0.848484848,0,PASS
0.367449495,0,0,0.3,1,0,0,0,0.25,0,0.616161616,0,RUSH
0.367592593,0,0,0.35,0,1,0,0,0.2,0,0.080808081,1,PASS
0.368055556,0,0,0.25,0,1,0,0,0.175,0,0.070707071,1,PASS
0.369583333,0,0,0.266666667,0,0,1,0,0.2,1,0.797979798,0,PASS
0.369722222,0,0,0.35,1,0,0,0,0.25,0,0.909090909,0,PASS
0.37,0,0,0.558333333,1,0,0,0,0.25,0,0.777777778,0,RUSH
0.370222222,0,0,0.566666667,1,0,0,0,0.25,0,0.555555556,0,PASS
0.370952381,0,0,0.733333333,1,0,0,0,0.25,0,0.393939394,0,RUSH
0.371666667,0,0,0.566666667,0,1,0,0,0.1,0,0.202020202,1,RUSH
0.372222222,0,0,0.408333333,0,0,1,0,0.175,1,0.757575758,0,PASS
0.372333333,0,0,0.5,1,0,0,0,0.25,0,0.676767677,0,PASS
0.373518519,0,0,0.35,1,0,0,0,0.05,0,0.02020202,1,RUSH
0.374074074,0,0,0.441666667,0,0,1,0,0.175,1,0.727272727,0,PASS
0.374074074,0,0,0.441666667,0,0,0,1,0.175,1,0.727272727,0,PUNT
0.374166667,0,0,0.558333333,0,0,0,1,0.25,1,0.363636364,0,FIELD_GOAL
0.375659722,0,0,0.583333333,0,0,0,1,0.125,0,0.232323232,0,FIELD_GOAL
0.375681818,0,0,0.3,0,0,1,0,0.125,0,0.696969697,0,PASS
0.376111111,0,0,0.55,1,0,0,0,0.25,0,0.101010101,1,RUSH
0.377555556,0,0,0.5,0,1,0,0,0.25,0,0.808080808,0,PASS
0.377857143,0,0,0.733333333,0,1,0,0,0.125,0,0.525252525,0,PASS
0.378111111,0,0,0.566666667,1,0,0,0,0.25,0,0.666666667,0,RUSH
0.378333333,0,0,0.566666667,1,0,0,0,0.25,0,0.262626263,0,PASS
0.378981481,0,0,0.408333333,0,1,0,0,0.475,0,0.878787879,0,PASS
0.379259259,0,0,0.441666667,0,1,0,0,0.175,0,0.727272727,0,PASS
0.3805,0,0,0.558333333,0,0,1,0,0.25,1,0.363636364,0,PASS
0.381296296,0,0,0.466666667,0,0,1,0,0.225,1,0.747474747,0,RUSH
0.381666667,0,0,0.5,0,0,1,0,0.4,1,0.737373737,0,RUSH
0.381666667,0,0,0.5,0,0,0,1,0.425,1,0.747474747,0,PUNT
0.381666667,0,0,0.55,0,1,0,0,0.25,0,0.404040404,0,PASS
0.382651515,0,0,0.25,1,0,0,0,0.05,0,0.02020202,1,PASS
0.382777778,0,0,0.5,1,0,0,0,0.25,0,0.808080808,0,PASS
0.383819444,0,0,0.583333333,0,0,1,0,0.125,0,0.232323232,0,RUSH
0.383914141,0,0,0.3,0,1,0,0,0.125,0,0.696969697,0,RUSH
0.384444444,0,0,0.441666667,1,0,0,0,0.25,0,0.757575758,0,PASS
0.3845,0,0,0.558333333,0,1,0,0,0.25,0,0.363636364,0,PASS
0.384761905,0,0,0.733333333,1,0,0,0,0.25,0,0.575757576,0,RUSH
0.385,0,0,0.566666667,1,0,0,0,0.25,0,0.484848485,0,PASS
0.385092593,0,0,0.466666667,0,1,0,0,0.225,0,0.747474747,0,PASS
0.38537037,0,0,0.35,1,0,0,0,0.25,0,0.131313131,1,PASS
0.385972222,0,0,0.266666667,0,1,0,0,0.425,0,0.888888889,0,RUSH
0.386,0,0,0.566666667,0,0,1,0,0.375,1,0.838383838,0,PASS
0.386458333,0,0,0.175,0,0,1,0,0.25,1,0.646464646,0,PASS
0.386458333,0,0,0.175,0,0,0,1,0.25,1,0.646464646,0,PUNT
0.387222222,0,0,0.55,1,0,0,0,0.25,0,0.404040404,0,PASS
0.387777778,0,0,0.175,0,1,0,0,0.15,0,0.929292929,0,PASS
0.3885,0,0,0.558333333,1,0,0,0,0.25,0,0.363636364,0,PASS
0.388888889,0,0,0.466666667,1,0,0,0,0.25,0,0.757575758,0,RUSH
0.389305556,0,0,0.175,0,1,0,0,0.25,0,0.646464646,0,PASS
0.389861111,0,0,0.5,0,1,0,0,0.4,0,0.737373737,0,PASS
0.39,0,0,0.5,0,0,1,0,0.625,1,0.898989899,0,PASS
0.39,0,0,0.5,0,0,0,1,0.325,1,0.777777778,0,PUNT
0.391296296,0,0,0.35,0,1,0,0,0.125,0,0.212121212,0,PASS
0.391666667,0,0,0.733333333,1,0,0,0,0.25,0,0.858585859,0,PASS
0.391666667,0,0,0.566666667,0,0,1,0,0.175,1,0.565656566,0,PASS
0.391979167,0,0,0.583333333,0,1,0,0,0.075,0,0.212121212,0,PASS
0.392146465,0,0,0.3,1,0,0,0,0.25,0,0.747474747,0,PASS
0.392152778,0,0,0.175,1,0,0,0,0.25,0,0.646464646,0,PASS
0.3925,0,0,0.558333333,0,0,1,0,0.2,1,0.494949495,0,PASS
0.3925,0,0,0.408333333,1,0,0,0,0.25,0,0.787878788,0,PASS
0.393888889,0,0,0.566666667,0,1,0,0,0.375,0,0.838383838,0,PASS
0.394166667,0,0,0.266666667,1,0,0,0,0.25,0,0.818181818,0,RUSH
0.395,0,0,0.175,1,0,0,0,0.25,0,0.757575758,0,PASS
0.396388889,0,0,0.5,0,1,0,0,0.25,0,0.747474747,0,RUSH
0.3965,0,0,0.558333333,0,1,0,0,0.2,0,0.494949495,0,PASS
0.397222222,0,0,0.35,1,0,0,0,0.25,0,0.262626263,0,PASS
0.397247475,0,0,0.25,0,0,0,1,0.15,0,0.353535354,0,PASS
0.398333333,0,0,0.55,0,1,0,0,0.175,0,0.515151515,0,PASS
0.398333333,0,0,0.566666667,0,1,0,0,0.25,0,0.595959596,0,PASS
0.399166667,0,0,0.175,1,0,0,0,0.25,0,0.96969697,0,RUSH
0.399907407,0,0,0.65,0,0,0,1,0.125,0,0.292929293,0,FIELD_GOAL
0.400138889,0,0,0.583333333,1,0,0,0,0.25,0,0.282828283,0,RUSH
0.400378788,0,0,0.3,0,1,0,0,0.025,0,0.767676768,0,PASS
0.4005,0,0,0.558333333,1,0,0,0,0.25,0,0.515151515,0,RUSH
0.400555556,0,0,0.583333333,0,0,0,1,0.25,1,0.111111111,1,FIELD_GOAL
0.400694444,0,0,0.416666667,1,0,0,0,0.25,0,0.656565657,0,PASS
0.403148148,0,0,0.35,0,0,1,0,0.15,0,0.575757576,0,PASS
0.403888889,0,0,0.55,1,0,0,0,0.25,0,0.545454545,0,RUSH
0.4045,0,0,0.558333333,0,0,1,0,0.2,1,0.646464646,0,PASS
0.404545455,0,0,0.25,0,0,1,0,0.5,1,0.494949495,0,PASS
0.404722222,0,0,0.416666667,1,0,0,0,0.25,0,0.757575758,0,PASS
0.404953704,0,0,0.583333333,0,0,1,0,0.25,1,0.111111111,1,PASS
0.405,0,0,0.566666667,1,0,0,0,0.25,0,0.595959596,0,PASS
0.405277778,0,0,0.5,1,0,0,0,0.25,0,0.747474747,0,PASS
0.405925926,0,0,0.65,0,0,1,0,0.125,0,0.292929293,0,PASS
0.40625,0,0,0.5,1,0,0,0,0.25,0,0.676767677,0,PASS
0.408298611,0,0,0.583333333,0,1,0,0,0.2,0,0.414141414,0,PASS
0.408472222,0,0,0.325,0,0,1,0,0.075,0,0.535353535,0,PASS
0.408472222,0,0,0.325,0,0,0,1,0.075,0,0.535353535,0,PUNT
0.4085,0,0,0.558333333,0,1,0,0,0.2,0,0.646464646,0,PASS
0.408611111,0,0,0.3,1,0,0,0,0.25,0,0.858585859,0,PASS
0.409074074,0,0,0.35,0,1,0,0,0.275,0,0.626262626,0,PASS
0.409444444,0,0,0.55,0,0,1,0,0.025,0,0.585858586,0,PASS
0.409666667,0,0,0.566666667,1,0,0,0,0.25,0,0.787878788,0,PASS
0.411666667,0,0,0.566666667,0,0,1,0,0.1,0,0.696969697,0,PASS
0.411843434,0,0,0.25,0,1,0,0,0.225,0,0.383838384,0,RUSH
0.411944444,0,0,0.65,0,1,0,0,0.175,0,0.313131313,0,PASS
0.4125,0,0,0.558333333,1,0,0,0,0.25,0,0.666666667,0,RUSH
0.41375,0,0,0.583333333,0,1,0,0,0.25,0,0.111111111,1,PASS
0.413981481,0,0,0.325,0,0,1,0,0.025,0,0.737373737,0,PASS
0.413981481,0,0,0.325,0,0,0,1,0.025,0,0.737373737,0,PUNT
0.414444444,0,0,0.5,1,0,0,0,0.25,0,0.787878788,0,PASS
0.415,0,0,0.55,0,1,0,0,0.25,0,0.676767677,0,PASS
0.415,0,0,0.35,1,0,0,0,0.25,0,0.616161616,0,RUSH
0.415555556,0,0,0.616666667,1,0,0,0,0.6,0,0.909090909,0,PASS
0.415833333,0,0,0.325,0,1,0,0,0.175,0,0.575757576,0,PASS
0.416458333,0,0,0.583333333,1,0,0,0,0.25,0,0.434343434,0,PASS
0.417555556,0,0,0.566666667,0,0,1,0,0.15,0,0.919191919,0,PASS
0.417962963,0,0,0.65,1,0,0,0,0.25,0,0.343434343,0,RUSH
0.418148148,0,0,0.583333333,1,0,0,0,0.25,0,0.111111111,1,PASS
0.418333333,0,0,0.566666667,0,1,0,0,0.25,0,0.757575758,0,RUSH
0.419141414,0,0,0.25,1,0,0,0,0.25,0,0.393939394,0,RUSH
0.420462963,0,0,0.325,0,1,0,0,0.1,0,0.767676768,0,PASS
0.420555556,0,0,0.55,1,0,0,0,0.25,0,0.676767677,0,PASS
0.422546296,0,0,0.583333333,0,1,0,0,0.25,0,0.373737374,0,PASS
0.423194444,0,0,0.325,1,0,0,0,0.25,0,0.606060606,0,PASS
0.423981481,0,0,0.65,0,1,0,0,0.2,0,0.535353535,0,PASS
0.424618056,0,0,0.583333333,0,1,0,0,0.025,0,0.545454545,0,RUSH
0.425,0,0,0.566666667,1,0,0,0,0.25,0,0.757575758,0,PASS
0.425444444,0,0,0.566666667,0,1,0,0,0.05,0,0.878787879,0,RUSH
0.426111111,0,0,0.55,0,1,0,0,0.075,0,0.727272727,0,RUSH
0.426439394,0,0,0.25,1,0,0,0,0.25,0,0.767676768,0,PASS
0.426851852,0,0,0.35,0,1,0,0,0.175,0,0.727272727,0,PASS
0.426944444,0,0,0.583333333,1,0,0,0,0.25,0,0.373737374,0,PASS
0.426944444,0,0,0.325,1,0,0,0,0.25,0,0.828282828,0,PASS
0.428555556,0,0,0.616666667,1,0,0,0,0.25,0,0.767676768,0,RUSH
0.428611111,0,0,0.6,0,0,0,1,0.2,1,0.161616162,1,FIELD_GOAL
0.43,0,0,0.65,1,0,0,0,0.25,0,0.555555556,0,RUSH
0.430173611,0,0,0.266666667,0,0,1,0,0.1,0,0.04040404,1,RUSH
0.430555556,0,0,0.325,0,0,1,0,0.2,1,0.717171717,0,PASS
0.431018519,0,0,0.358333333,1,0,0,0,0.25,0,0.515151515,0,PASS
0.431342593,0,0,0.583333333,0,0,1,0,0.25,1,0.525252525,0,PASS
0.431666667,0,0,0.55,1,0,0,0,0.25,0,0.797979798,0,PASS
0.432430556,0,0,0.733333333,1,0,0,0,0.225,0,0.090909091,1,PASS
0.432777778,0,0,0.583333333,1,0,0,0,0.25,0,0.636363636,0,RUSH
0.432777778,0,0,0.35,1,0,0,0,0.25,0,0.757575758,0,PASS
0.433333333,0,0,0.566666667,1,0,0,0,0.25,0,0.95959596,0,PASS
0.433737374,0,0,0.25,0,0,1,0,0.1,0,0.858585859,0,PASS
0.434027778,0,0,0.383333333,0,1,0,0,0.175,0,0.909090909,0,PASS
0.434791667,0,0,0.266666667,0,1,0,0,0.1,0,0.04040404,1,PASS
0.435055556,0,0,0.616666667,0,0,1,0,0.2,1,0.909090909,0,PASS
0.435555556,0,0,0.441666667,0,0,1,0,0.025,0,0.01010101,1,RUSH
0.435740741,0,0,0.583333333,0,1,0,0,0.25,0,0.525252525,0,PASS
0.436018519,0,0,0.65,0,0,1,0,0.05,0,0.717171717,0,PASS
0.436805556,0,0,0.733333333,0,0,1,0,0.05,0,0.232323232,0,PASS
0.437453704,0,0,0.466666667,0,0,1,0,0.25,1,0.747474747,0,PASS
0.437453704,0,0,0.466666667,0,0,0,1,0.25,1,0.747474747,0,PUNT
0.437916667,0,0,0.325,0,1,0,0,0.2,0,0.717171717,0,PASS
0.437993827,0,0,0.6,0,0,1,0,0.075,0,0.111111111,1,PASS
0.438148148,0,0,0.358333333,0,0,1,0,0.075,0,0.575757576,0,PASS
0.439409722,0,0,0.266666667,1,0,0,0,0.1,0,0.04040404,1,PASS
0.439722222,0,0,0.383333333,1,0,0,0,0.25,0,0.939393939,0,PASS
0.440138889,0,0,0.583333333,1,0,0,0,0.25,0,0.525252525,0,PASS
0.441035354,0,0,0.25,0,1,0,0,0.2,0,0.898989899,0,RUSH
0.441180556,0,0,0.733333333,0,1,0,0,0.25,0,0.313131313,0,PASS
0.441349206,0,0,0.441666667,0,1,0,0,0.025,0,0.01010101,1,PASS
0.441555556,0,0,0.616666667,0,1,0,0,0.3,0,0.949494949,0,PASS
0.442037037,0,0,0.65,0,1,0,0,0.175,0,0.767676768,0,RUSH
0.442685185,0,0,0.6,0,1,0,0,0.25,0,0.181818182,1,RUSH
0.444027778,0,0,0.266666667,1,0,0,0,0.25,0,0.393939394,0,PASS
0.444351852,0,0,0.466666667,0,1,0,0,0.25,0,0.747474747,0,PASS
0.444444444,0,0,0.55,0,0,1,0,0.65,1,0.818181818,0,PASS
0.444444444,0,0,0.55,0,0,0,1,0.3,1,0.676767677,0,PUNT
0.444537037,0,0,0.583333333,0,0,1,0,0.025,0,0.626262626,0,PASS
0.445277778,0,0,0.358333333,0,1,0,0,0.25,0,0.646464646,0,PASS
0.445277778,0,0,0.325,1,0,0,0,0.25,0,0.737373737,0,PASS
0.445555556,0,0,0.733333333,1,0,0,0,0.25,0,0.313131313,0,PASS
0.446018519,0,0,0.466666667,0,1,0,0,0.45,0,0.232323232,0,PASS
0.446388889,0,0,0.233333333,0,0,1,0,0.125,0,0.787878788,0,PASS
0.446388889,0,0,0.233333333,0,0,0,1,0.125,0,0.787878788,0,PUNT
0.447376543,0,0,0.6,1,0,0,0,0.25,0,0.181818182,1,PASS
0.448055556,0,0,0.65,1,0,0,0,0.25,0,0.797979798,0,PASS
0.448055556,0,0,0.616666667,1,0,0,0,0.25,0,0.929292929,0,RUSH
0.448333333,0,0,0.25,1,0,0,0,0.25,0,0.919191919,0,RUSH
0.448645833,0,0,0.266666667,1,0,0,0,0.25,0,0.525252525,0,PASS
0.448935185,0,0,0.583333333,0,1,0,0,0.225,0,0.707070707,0,PASS
0.45125,0,0,0.466666667,1,0,0,0,0.25,0,0.747474747,0,PASS
0.452067901,0,0,0.6,0,1,0,0,0.25,0,0.282828283,0,PASS
0.452407407,0,0,0.358333333,1,0,0,0,0.25,0,0.646464646,0,PASS
0.452936508,0,0,0.441666667,1,0,0,0,0.1,0,0.04040404,1,PASS
0.453263889,0,0,0.266666667,0,0,1,0,0.05,0,0.666666667,0,PASS
0.453333333,0,0,0.583333333,1,0,0,0,0.25,0,0.717171717,0,RUSH
0.453981481,0,0,0.466666667,1,0,0,0,0.25,0,0.151515152,1,RUSH
0.454444444,0,0,0.233333333,0,1,0,0,0.175,0,0.808080808,0,RUSH
0.456759259,0,0,0.6,1,0,0,0,0.25,0,0.282828283,0,PASS
0.457881944,0,0,0.266666667,0,1,0,0,0.25,0,0.747474747,0,PASS
0.458148148,0,0,0.466666667,0,0,1,0,0.05,0,0.797979798,0,PASS
0.458730159,0,0,0.441666667,1,0,0,0,0.25,0,0.151515152,1,PASS
0.459537037,0,0,0.358333333,0,1,0,0,0.05,0,0.707070707,0,PASS
0.461450617,0,0,0.6,0,0,1,0,0.225,1,0.424242424,0,PASS
0.461944444,0,0,0.466666667,0,0,0,1,0.025,0,0.222222222,0,RUSH
0.4625,0,0,0.266666667,1,0,0,0,0.25,0,0.747474747,0,PASS
0.4625,0,0,0.233333333,1,0,0,0,0.25,0,0.838383838,0,PASS
0.46452381,0,0,0.441666667,0,1,0,0,0.075,0,0.232323232,0,PASS
0.465046296,0,0,0.466666667,0,1,0,0,0.025,0,0.787878788,0,RUSH
0.466141975,0,0,0.6,0,1,0,0,0.225,0,0.424242424,0,PASS
0.466666667,0,0,0.358333333,1,0,0,0,0.25,0,0.787878788,0,PASS
0.467361111,0,0,0.558333333,0,0,1,0,0.125,0,0.454545455,0,PASS
0.467361111,0,0,0.558333333,0,0,0,1,0.125,0,0.454545455,0,PUNT
0.467777778,0,0,0.35,0,0,1,0,0.275,1,0.363636364,0,PASS
0.468055556,0,0,0.383333333,0,0,0,1,0.075,0,0.616161616,0,PASS
0.469907407,0,0,0.466666667,0,0,1,0,0.075,0,0.242424242,0,RUSH
0.47031746,0,0,0.441666667,1,0,0,0,0.25,0,0.303030303,0,PASS
0.470833333,0,0,0.6,1,0,0,0,0.25,0,0.434343434,0,RUSH
0.471269841,0,0,0.175,0,0,1,0,0.25,1,0.232323232,0,RUSH
0.471944444,0,0,0.466666667,1,0,0,0,0.25,0,0.878787879,0,PASS
0.473611111,0,0,0.558333333,0,1,0,0,0.25,0,0.505050505,0,RUSH
0.474166667,0,0,0.383333333,0,0,1,0,0.075,0,0.616161616,0,PASS
0.475039683,0,0,0.175,0,1,0,0,0.25,0,0.232323232,0,PASS
0.476111111,0,0,0.441666667,1,0,0,0,0.25,0,0.414141414,0,RUSH
0.477407407,0,0,0.35,0,1,0,0,0.675,0,0.525252525,0,PASS
0.477777778,0,0,0.55,0,1,0,0,0.35,0,0.696969697,0,PASS
0.47787037,0,0,0.466666667,0,1,0,0,0.15,0,0.272727273,0,RUSH
0.478333333,0,0,0.583333333,0,0,0,1,0.225,1,0.747474747,0,PUNT
0.478809524,0,0,0.175,1,0,0,0,0.25,0,0.232323232,0,PASS
0.479861111,0,0,0.558333333,1,0,0,0,0.25,0,0.505050505,0,PASS
0.480277778,0,0,0.383333333,0,1,0,0,0.1,0,0.626262626,0,PASS
0.482222222,0,0,0.583333333,0,0,1,0,0.1,0,0.696969697,0,PASS
0.482579365,0,0,0.175,0,1,0,0,0.25,0,0.363636364,0,PASS
0.483333333,0,0,0.525,0,0,1,0,0.225,1,0.626262626,0,PASS
0.483333333,0,0,0.525,0,0,0,1,0.225,1,0.626262626,0,PUNT
0.484074074,0,0,0.733333333,1,0,0,0,0.25,0,0.444444444,0,PASS
0.484777778,1,0,0.475,0,0,0,1,0.475,1,0.363636364,0,RUSH
0.485833333,0,0,0.466666667,1,0,0,0,0.25,0,0.313131313,0,PASS
0.486111111,0,0,0.558333333,1,0,0,0,0.25,0,0.666666667,0,PASS
0.486349206,0,0,0.175,1,0,0,0,0.25,0,0.363636364,0,PASS
0.486388889,0,0,0.383333333,1,0,0,0,0.25,0,0.686868687,0,PASS
0.488888889,0,0,0.55,1,0,0,0,0.25,0,0.656565657,0,PASS
0.488888889,0,0,0.525,0,1,0,0,0.225,0,0.626262626,0,PASS
0.490119048,0,0,0.175,1,0,0,0,0.25,0,0.535353535,0,PASS
0.490648148,0,0,0.733333333,0,1,0,0,0.05,0,0.474747475,0,PASS
0.491111111,0,0,0.583333333,0,1,0,0,0.325,0,0.787878788,0,RUSH
0.492361111,0,0,0.558333333,0,1,0,0,0.1,0,0.777777778,0,PASS
0.4925,0,0,0.383333333,0,1,0,0,0.05,0,0.757575758,0,PASS
0.4935,1,0,0.475,0,0,1,0,0.45,1,0.353535354,0,PASS
0.493888889,0,0,0.175,1,0,0,0,0.25,0,0.757575758,0,PASS
0.494444444,0,0,0.525,1,0,0,0,0.25,0,0.636363636,0,RUSH
0.495895062,1,0,0.391666667,1,0,0,0,0.25,0,0.323232323,0,FIELD_GOAL
0.496666667,0,0,0.35,1,0,0,0,0.25,0,0.353535354,0,RUSH
0.497222222,0,0,0.733333333,1,0,0,0,0.25,0,0.555555556,0,PASS
0.497777778,1,0,0.325,1,0,0,0,0.5,0,0.232323232,0,FIELD_GOAL
0.498240741,1,0,0.391666667,1,0,0,0,0.25,0,0.454545455,0,PASS
0.498611111,0,0,0.383333333,1,0,0,0,0.25,0,0.838383838,0,PASS
0.498611111,0,0,0.558333333,1,0,0,0,0.25,0,0.838383838,0,PASS
0.499,1,0,0.475,1,0,0,0,0.15,0,0.060606061,1,FIELD_GOAL
0.5,0,0,0.55,1,0,0,0,0.25,0,0.757575758,0,RUSH
0.5,1,0,0.558333333,0,0,1,0,0.5,1,0.353535354,0,RUSH
0.5,0,0,0.583333333,1,0,0,0,0.25,0,0.757575758,0,RUSH
0.5,0,0,0.525,1,0,0,0,0.25,0,0.757575758,0,PASS
0.500019841,1,0,0.233333333,0,0,0,1,0.1,0,0.060606061,1,PASS
0.500555556,1,0,0.558333333,1,0,0,0,0.25,0,0.434343434,0,FIELD_GOAL
0.50058642,1,0,0.391666667,0,1,0,0,0.05,0,0.575757576,0,PASS
0.500833333,1,0,0.583333333,0,0,1,0,0.25,1,0.353535354,0,FIELD_GOAL
0.502222222,1,0,0.383333333,1,0,0,0,0.25,0,0.747474747,0,PASS
0.502222222,1,0,0.475,0,1,0,0,0.45,0,0.353535354,0,PASS
0.502222222,1,0,0.475,0,0,1,0,0.1,0,0.262626263,0,PASS
0.502777778,1,0,0.55,1,0,0,0,0.25,0,0.747474747,0,RUSH
0.502932099,1,0,0.391666667,1,0,0,0,0.25,0,0.656565657,0,PASS
0.504444444,1,0,0.383333333,1,0,0,0,0.25,0,0.898989899,0,RUSH
0.504444444,1,0,0.233333333,0,0,1,0,0.45,1,0.202020202,1,PASS
0.504861111,1,0,0.558333333,0,1,0,0,0.5,0,0.353535354,0,RUSH
0.50537037,1,0,0.441666667,0,0,1,0,0.25,1,0.717171717,0,PASS
0.50537037,1,0,0.441666667,0,0,0,1,0.25,1,0.717171717,0,PUNT
0.505555556,1,0,0.558333333,0,1,0,0,0.2,0,0.666666667,0,PASS
0.505833333,1,0,0.241666667,1,0,0,0,0.25,0,0.757575758,0,RUSH
0.506388889,1,0,0.233333333,0,1,0,0,0.2,0,0.101010101,1,RUSH
0.506388889,1,0,0.525,1,0,0,0,0.25,0,0.565656566,0,RUSH
0.506666667,1,0,0.675,0,1,0,0,0.025,0,0.01010101,1,PASS
0.506759259,1,0,0.583333333,0,1,0,0,0.25,0,0.353535354,0,PASS
0.506759259,1,0,0.625,0,0,0,1,0.525,1,0.909090909,0,PUNT
0.506944444,1,0,0.208333333,1,0,0,0,0.25,0,0.151515152,1,PASS
0.507592593,1,0,0.25,0,0,1,0,0.25,1,0.636363636,0,PASS
0.507592593,1,0,0.25,0,0,0,1,0.225,1,0.626262626,0,PUNT
0.508240741,1,0,0.441666667,0,1,0,0,0.25,0,0.717171717,0,PASS
0.508333333,1,0,0.558333333,1,0,0,0,0.25,0,0.686868687,0,RUSH
0.508730159,1,0,0.208333333,1,0,0,0,0.25,0,0.464646465,0,PASS
0.509166667,1,0,0.466666667,0,0,1,0,0.025,0,0.666666667,0,PASS
0.509166667,1,0,0.466666667,0,0,0,1,0.025,0,0.666666667,0,PUNT
0.509666667,1,0,0.475,0,1,0,0,0.1,0,0.262626263,0,PASS
0.509722222,1,0,0.625,0,0,1,0,0.525,1,0.909090909,0,PASS
0.510138889,1,0,0.583333333,1,0,0,0,0.25,0,0.353535354,0,PASS
0.510416667,1,0,0.525,1,0,0,0,0.25,0,0.787878788,0,PASS
0.510648148,1,0,0.616666667,0,0,1,0,0.25,1,0.474747475,0,PASS
0.510648148,1,0,0.616666667,0,0,0,1,0.25,1,0.474747475,0,PUNT
0.510944444,1,0,0.475,1,0,0,0,0.25,0,0.272727273,0,RUSH
0.511111111,1,0,0.441666667,1,0,0,0,0.25,0,0.717171717,0,PASS
0.511666667,1,0,0.325,1,0,0,0,0.25,0,0.242424242,0,RUSH
0.511904762,1,0,0.208333333,0,0,1,0,0.125,0,0.535353535,0,PASS
0.512539683,1,0,0.233333333,1,0,0,0,0.25,0,0.121212121,1,RUSH
0.512592593,1,0,0.625,0,1,0,0,0.25,0,0.797979798,0,RUSH
0.512888889,1,0,0.475,1,0,0,0,0.25,0,0.323232323,0,PASS
0.513240741,1,0,0.616666667,0,1,0,0,0.25,0,0.474747475,0,PASS
0.513518519,1,0,0.583333333,1,0,0,0,0.25,0,0.484848485,0,RUSH
0.513796296,1,0,0.25,0,1,0,0,0.25,0,0.636363636,0,PASS
0.514074074,1,0,0.391666667,0,1,0,0,0.25,0,0.767676768,0,PASS
0.514444444,1,0,0.466666667,0,1,0,0,0.05,0,0.676767677,0,PASS
0.514444444,1,0,0.525,0,1,0,0,0.125,0,0.838383838,0,PASS
0.514583333,1,0,0.558333333,1,0,0,0,0.25,0,0.252525253,0,PASS
0.515555556,1,0,0.625,1,0,0,0,0.25,0,0.797979798,0,PASS
0.515555556,1,0,0.325,0,1,0,0,0.225,0,0.464646465,0,PASS
0.515555556,1,0,0.466666667,0,0,0,1,0.95,1,0.454545455,0,PUNT
0.515833333,1,0,0.616666667,1,0,0,0,0.25,0,0.474747475,0,PASS
0.516018519,1,0,0.441666667,0,0,0,1,0.375,1,0.858585859,0,PUNT
0.516111111,1,0,0.475,0,0,0,1,0.15,0,0.404040404,0,RUSH
0.516111111,1,0,0.525,1,0,0,0,0.25,0,0.888888889,0,RUSH
0.516419753,1,0,0.391666667,1,0,0,0,0.25,0,0.767676768,0,PASS
0.516898148,1,0,0.583333333,0,1,0,0,0.025,0,0.646464646,0,PASS
0.516964286,1,0,0.233333333,1,0,0,0,0.25,0,0.181818182,1,RUSH
0.5175,1,0,0.466666667,0,0,1,0,0.8,1,0.393939394,0,RUSH
0.518253968,1,0,0.208333333,0,1,0,0,0.25,0,0.585858586,0,PASS
0.518765432,1,0,0.391666667,0,1,0,0,0.1,0,0.828282828,0,RUSH
0.519333333,1,0,0.475,0,0,1,0,0.15,0,0.404040404,0,PASS
0.519444444,1,0,0.558333333,0,1,0,0,0.25,0,0.363636364,0,RUSH
0.519444444,1,0,0.325,1,0,0,0,0.25,0,0.474747475,0,PASS
0.519722222,1,0,0.466666667,1,0,0,0,0.25,0,0.757575758,0,PASS
0.52,1,0,0.675,1,0,0,0,0.1,0,0.04040404,1,RUSH
0.52,1,0,0.25,1,0,0,0,0.25,0,0.636363636,0,PASS
0.520277778,1,0,0.583333333,1,0,0,0,0.25,0,0.737373737,0,PASS
0.520833333,1,0,0.516666667,0,1,0,0,0.25,0,0.686868687,0,PASS
0.521111111,1,0,0.391666667,1,0,0,0,0.25,0,0.888888889,0,PASS
0.521388889,1,0,0.233333333,0,0,0,1,0.025,0,0.282828283,0,RUSH
0.521428571,1,0,0.208333333,1,0,0,0,0.25,0,0.585858586,0,PASS
0.521666667,1,0,0.441666667,0,0,1,0,0.25,1,0.808080808,0,PASS
0.522555556,1,0,0.475,0,1,0,0,0.325,0,0.474747475,0,PASS
0.523333333,1,0,0.383333333,0,0,0,1,0.25,1,0.282828283,0,FIELD_GOAL
0.523888889,1,0,0.516666667,1,0,0,0,0.25,0,0.686868687,0,PASS
0.524305556,1,0,0.558333333,1,0,0,0,0.25,0,0.363636364,0,PASS
0.524603175,1,0,0.208333333,0,1,0,0,0.1,0,0.696969697,0,PASS
0.525777778,1,0,0.475,1,0,0,0,0.25,0,0.444444444,0,RUSH
0.526111111,1,0,0.383333333,0,0,1,0,0.25,1,0.282828283,0,PASS
0.526666667,1,0,0.675,0,0,1,0,0.05,0,0.222222222,0,PASS
0.526666667,1,0,0.308333333,0,0,1,0,0.175,1,0.505050505,0,RUSH
0.526944444,1,0,0.558333333,0,0,0,1,0.35,1,1,0,PUNT
0.527222222,1,0,0.325,1,0,0,0,0.25,0,0.767676768,0,PASS
0.527222222,1,0,0.466666667,0,1,0,0,0.45,0,0.252525253,0,RUSH
0.527777778,1,0,0.208333333,1,0,0,0,0.25,0,0.757575758,0,PASS
0.528888889,1,0,0.383333333,0,1,0,0,0.25,0,0.282828283,0,PASS
0.529,1,0,0.475,0,1,0,0,0.025,0,0.545454545,0,PASS
0.529074074,1,0,0.441666667,0,1,0,0,0.425,0,0.878787879,0,PASS
0.529166667,1,0,0.558333333,1,0,0,0,0.25,0,0.565656566,0,PASS
0.529166667,1,0,0.558333333,0,0,1,0,0.275,1,0.96969697,0,RUSH
0.531666667,1,0,0.383333333,1,0,0,0,0.25,0,0.282828283,0,PASS
0.532222222,1,0,0.475,1,0,0,0,0.25,0,0.636363636,0,PASS
0.532916667,1,0,0.233333333,0,0,1,0,0.25,1,0.373737374,0,PASS
0.533333333,0,0,0.675,0,1,0,0,0.45,0,0.383838384,0,PASS
0.534027778,0,0,0.558333333,0,1,0,0,0.05,0,0.616161616,0,RUSH
0.534166667,0,0,0.308333333,0,1,0,0,0.1,0,0.474747475,0,RUSH
0.534444444,0,0,0.466666667,1,0,0,0,0.25,0,0.171717172,1,RUSH
0.534722222,0,0,0.441666667,1,0,0,0,0.25,0,0.808080808,0,PASS
0.534907407,0,0,0.558333333,0,1,0,0,0.25,0,0.95959596,0,PASS
0.536111111,0,0,0.466666667,0,0,1,0,0.15,0,0.464646465,0,PASS
0.536111111,0,0,0.466666667,0,0,0,1,0.15,0,0.464646465,0,PUNT
0.536111111,0,0,0.408333333,0,0,1,0,0.225,1,0.656565657,0,PASS
0.536111111,0,0,0.408333333,0,0,0,1,0.225,1,0.656565657,0,PUNT
0.537111111,0,0,0.475,1,0,0,0,0.375,0,0.787878788,0,PASS
0.537222222,0,0,0.383333333,0,1,0,0,0.25,0,0.383838384,0,RUSH
0.53734127,0,0,0.233333333,0,1,0,0,0.25,0,0.373737374,0,PASS
0.537777778,0,0,0.5,1,0,0,0,0.25,0,0.808080808,0,RUSH
0.538888889,0,0,0.558333333,1,0,0,0,0.25,0,0.696969697,0,PASS
0.54,0,0,0.675,1,0,0,0,0.25,0,0.303030303,0,RUSH
0.54,0,0,0.383333333,1,0,0,0,0.25,0,0.383838384,0,PASS
0.540833333,0,0,0.466666667,0,1,0,0,0.15,0,0.464646465,0,PASS
0.540833333,0,0,0.558333333,1,0,0,0,0.25,0,0.95959596,0,PASS
0.541666667,0,0,0.466666667,0,0,1,0,0.025,0,0.272727273,0,PASS
0.541765873,0,0,0.233333333,1,0,0,0,0.25,0,0.373737374,0,PASS
0.542777778,0,0,0.383333333,0,1,0,0,0.275,0,0.818181818,0,PASS
0.542777778,0,0,0.408333333,0,1,0,0,0.25,0,0.666666667,0,PASS
0.54375,0,0,0.558333333,0,1,0,0,0.25,0,0.828282828,0,PASS
0.544166667,0,0,0.308333333,1,0,0,0,0.25,0,0.535353535,0,RUSH
0.545555556,0,0,0.383333333,1,0,0,0,0.25,0,0.808080808,0,PASS
0.545555556,0,0,0.466666667,1,0,0,0,0.25,0,0.505050505,0,PASS
0.546190476,0,0,0.233333333,1,0,0,0,0.25,0,0.484848485,0,RUSH
0.546666667,0,0,0.675,0,1,0,0,0.125,0,0.454545455,0,PASS
0.548611111,0,0,0.558333333,1,0,0,0,0.25,0,0.828282828,0,PASS
0.548888889,0,0,0.466666667,0,1,0,0,0.25,0,0.363636364,0,PASS
0.549444444,0,0,0.408333333,1,0,0,0,0.25,0,0.666666667,0,RUSH
0.550615079,0,0,0.233333333,0,0,1,0,0.125,0,0.626262626,0,PASS
0.551555556,0,0,0.391666667,0,1,0,0,0.2,0,0.202020202,1,PASS
0.552152778,0,0,0.625,0,1,0,0,0.075,0,0.03030303,1,PASS
0.553333333,0,0,0.675,1,0,0,0,0.25,0,0.505050505,0,RUSH
0.55462963,0,0,0.441666667,0,0,1,0,0.2,1,0.727272727,0,PASS
0.555039683,0,0,0.233333333,0,1,0,0,0.125,0,0.626262626,0,PASS
0.556111111,0,0,0.466666667,1,0,0,0,0.25,0,0.363636364,0,PASS
0.556388889,0,0,0.516666667,0,0,0,1,0.15,0,0.222222222,0,FIELD_GOAL
0.556825397,0,0,0.616666667,0,0,1,0,0.325,1,0.525252525,0,RUSH
0.556825397,0,0,0.616666667,0,0,0,1,0.3,1,0.515151515,0,PUNT
0.556944444,0,0,0.383333333,0,0,1,0,0.275,1,0.888888889,0,RUSH
0.556944444,0,0,0.383333333,0,0,0,1,0.425,1,0.949494949,0,PUNT
0.557469136,0,0,0.266666667,0,0,0,1,0.3,1,0.343434343,0,PASS
0.557638889,0,0,0.625,1,0,0,0,0.175,0,0.070707071,1,RUSH
0.557722222,0,0,0.3,0,0,0,1,0.175,1,0.323232323,0,FIELD_GOAL
0.558111111,0,0,0.391666667,1,0,0,0,0.25,0,0.222222222,0,PASS
0.558148148,0,0,0.441666667,0,1,0,0,0.2,0,0.727272727,0,PASS
0.558888889,0,0,0.525,0,0,1,0,0.3,1,0.828282828,0,PASS
0.558888889,0,0,0.525,0,0,0,1,0.175,1,0.777777778,0,PUNT
0.559464286,0,0,0.233333333,1,0,0,0,0.25,0,0.676767677,0,RUSH
0.559722222,0,0,0.516666667,0,0,1,0,0.15,0,0.222222222,0,PASS
0.56,0,0,0.675,1,0,0,0,0.25,0,0.606060606,0,PASS
0.560952381,0,0,0.491666667,0,0,0,1,0.05,0,0.555555556,0,PASS
0.561666667,0,0,0.441666667,1,0,0,0,0.25,0,0.747474747,0,RUSH
0.562666667,0,0,0.3,0,0,1,0,0.175,1,0.323232323,0,PASS
0.562777778,0,0,0.591666667,0,0,1,0,0.075,0,0.858585859,0,RUSH
0.562777778,0,0,0.591666667,0,0,0,1,0.075,0,0.858585859,0,PUNT
0.563055556,0,0,0.516666667,0,1,0,0,0.25,0,0.262626263,0,PASS
0.563125,0,0,0.625,1,0,0,0,0.25,0,0.282828283,0,PASS
0.563333333,0,0,0.466666667,0,1,0,0,0.15,0,0.424242424,0,RUSH
0.563333333,0,0,0.308333333,0,0,0,1,0.5,1,0.353535354,0,PASS
0.563549383,0,0,0.266666667,0,0,1,0,0.3,1,0.343434343,0,PASS
0.563888889,0,0,0.233333333,1,0,0,0,0.25,0,0.787878788,0,PASS
0.56462963,0,0,0.633333333,0,0,1,0,0.05,0,0.878787879,0,PASS
0.56462963,0,0,0.633333333,0,0,0,1,0.05,0,0.878787879,0,PUNT
0.564666667,0,0,0.391666667,1,0,0,0,0.25,0,0.353535354,0,PASS
0.564761905,0,0,0.616666667,0,1,0,0,0.225,0,0.484848485,0,PASS
0.565277778,0,0,0.383333333,0,1,0,0,0.25,0,0.878787879,0,RUSH
0.566388889,0,0,0.516666667,1,0,0,0,0.25,0,0.262626263,0,PASS
0.566388889,0,0,0.525,0,1,0,0,0.25,0,0.808080808,0,PASS
0.5675,0,0,0.5,0,0,1,0,0.35,1,0.525252525,0,PASS
0.5675,0,0,0.5,0,0,0,1,0.35,1,0.525252525,0,PUNT
0.5675,0,0,0.475,0,0,0,1,0.1,0,0.343434343,0,PASS
0.567611111,0,0,0.3,0,1,0,0,0.05,0,0.272727273,0,RUSH
0.567738095,0,0,0.491666667,0,0,1,0,0.125,0,0.585858586,0,PASS
0.567916667,0,0,0.308333333,0,0,1,0,0.625,1,0.404040404,0,PASS
0.568611111,0,0,0.625,1,0,0,0,0.25,0,0.424242424,0,PASS
0.56962963,0,0,0.266666667,0,1,0,0,0.3,0,0.343434343,0,PASS
0.570555556,0,0,0.466666667,1,0,0,0,0.25,0,0.464646465,0,RUSH
0.571222222,0,0,0.391666667,1,0,0,0,0.25,0,0.515151515,0,PASS
0.5725,0,0,0.308333333,0,1,0,0,0.625,0,0.404040404,0,PASS
0.572555556,0,0,0.3,1,0,0,0,0.25,0,0.353535354,0,PASS
0.572698413,0,0,0.616666667,1,0,0,0,0.25,0,0.494949495,0,PASS
0.57287037,0,0,0.633333333,0,1,0,0,0.05,0,0.878787879,0,PASS
0.573611111,0,0,0.383333333,1,0,0,0,0.25,0,0.878787879,0,PASS
0.573611111,0,0,0.475,0,0,1,0,0.1,0,0.343434343,0,PASS
0.573888889,0,0,0.525,1,0,0,0,0.25,0,0.808080808,0,PASS
0.574047619,0,0,0.5,0,1,0,0,0.5,0,0.585858586,0,PASS
0.574166667,0,0,0.591666667,0,1,0,0,0.125,0,0.878787879,0,PASS
0.57452381,0,0,0.491666667,0,1,0,0,0.05,0,0.555555556,0,RUSH
0.575,0,0,0.291666667,0,0,1,0,0.425,1,0.757575758,0,PASS
0.575659722,0,0,0.466666667,0,0,1,0,0.275,1,0.484848485,0,RUSH
0.575659722,0,0,0.466666667,0,0,0,1,0.4,1,0.535353535,0,PUNT
0.575709877,0,0,0.266666667,1,0,0,0,0.25,0,0.323232323,0,PASS
0.576111111,0,0,0.558333333,0,0,1,0,0.475,1,0.898989899,0,PASS
0.576111111,0,0,0.558333333,0,0,0,1,0.475,1,0.898989899,0,PUNT
0.5775,0,0,0.3,1,0,0,0,0.25,0,0.464646465,0,PASS
0.577777778,0,0,0.391666667,1,0,0,0,0.25,0,0.757575758,0,PASS
0.578055556,0,0,0.5,0,1,0,0,0.375,0,0.363636364,0,PASS
0.578055556,0,0,0.408333333,0,0,1,0,0.125,0,0.444444444,0,PASS
0.578055556,0,0,0.408333333,0,0,0,1,0.125,0,0.444444444,0,PUNT
0.579722222,0,0,0.475,0,1,0,0,0.425,0,0.474747475,0,PASS
0.580277778,0,0,0.533333333,0,0,1,0,0.45,1,0.555555556,0,PASS
0.580456349,0,0,0.5,1,0,0,0,0.25,0,0.141414141,1,PASS
0.580595238,0,0,0.5,1,0,0,0,0.5,0,0.585858586,0,PASS
0.580634921,0,0,0.616666667,1,0,0,0,0.25,0,0.616161616,0,PASS
0.581111111,0,0,0.633333333,1,0,0,0,0.25,0,0.95959596,0,PASS
0.581309524,0,0,0.491666667,1,0,0,0,0.25,0,0.636363636,0,PASS
0.581666667,0,0,0.308333333,1,0,0,0,0.25,0,0.252525253,0,PASS
0.581790123,0,0,0.266666667,0,1,0,0,0.05,0,0.373737374,0,RUSH
0.582222222,0,0,0.291666667,0,1,0,0,0.425,0,0.757575758,0,PASS
0.582986111,0,0,0.466666667,0,1,0,0,0.25,0,0.474747475,0,PASS
0.583055556,0,0,0.5,1,0,0,0,0.25,0,0.313131313,0,PASS
0.584166667,0,0,0.558333333,0,1,0,0,0.475,0,0.898989899,0,PASS
0.585486111,0,0,0.408333333,0,1,0,0,0.125,0,0.444444444,0,PASS
0.585555556,0,0,0.591666667,1,0,0,0,0.25,0,0.929292929,0,RUSH
0.585833333,0,0,0.475,1,0,0,0,0.25,0,0.404040404,0,RUSH
0.58625,0,0,0.308333333,0,1,0,0,0.025,0,0.313131313,0,PASS
0.586481481,0,0,0.3,0,0,0,1,0.025,0,0.343434343,0,PASS
0.586944444,0,0,0.616666667,1,0,0,0,0.25,0,0.202020202,1,PASS
0.587301587,0,0,0.5,0,0,1,0,0.025,0,0.151515152,1,RUSH
0.587777778,0,0,0.533333333,0,1,0,0,0.325,0,0.505050505,0,RUSH
0.58787037,0,0,0.266666667,1,0,0,0,0.25,0,0.454545455,0,PASS
0.588095238,0,0,0.491666667,0,0,1,0,0.3,1,0.777777778,0,PASS
0.588571429,0,0,0.616666667,0,0,1,0,0.35,1,0.767676768,0,PASS
0.589444444,0,0,0.291666667,1,0,0,0,0.25,0,0.686868687,0,RUSH
0.5903125,0,0,0.466666667,1,0,0,0,0.25,0,0.474747475,0,PASS
0.590833333,0,0,0.308333333,1,0,0,0,0.25,0,0.404040404,0,PASS
0.591944444,0,0,0.475,1,0,0,0,0.25,0,0.515151515,0,PASS
0.592222222,0,0,0.558333333,1,0,0,0,0.5,0,0.909090909,0,RUSH
0.592916667,0,0,0.408333333,1,0,0,0,0.375,0,0.545454545,0,PASS
0.593055556,0,0,0.3,0,0,1,0,0.525,1,0.545454545,0,PASS
0.593690476,0,0,0.5,0,1,0,0,0.25,0,0.474747475,0,PASS
0.593950617,0,0,0.266666667,0,0,1,0,0.225,1,0.747474747,0,PASS
0.594146825,0,0,0.5,0,1,0,0,0.025,0,0.151515152,1,PASS
0.594880952,0,0,0.491666667,0,1,0,0,0.3,0,0.777777778,0,PASS
0.595277778,0,0,0.533333333,1,0,0,0,0.25,0,0.474747475,0,PASS
0.595925926,0,0,0.591666667,0,0,1,0,0.4,1,0.818181818,0,PASS
0.596507937,0,0,0.616666667,0,1,0,0,0.025,0,0.636363636,0,RUSH
0.596666667,0,0,0.291666667,0,1,0,0,0.25,0,0.797979798,0,RUSH
0.596805556,0,0,0.516666667,0,0,1,0,0.175,1,0.595959596,0,PASS
0.596805556,0,0,0.516666667,0,0,0,1,0.175,1,0.595959596,0,PUNT
0.597638889,0,0,0.466666667,0,1,0,0,0.25,0,0.595959596,0,RUSH
0.598055556,0,0,0.475,0,1,0,0,0.075,0,0.555555556,0,RUSH
0.6,0,0,0.308333333,0,0,1,0,0.025,0,0.555555556,0,PASS
0.600030864,0,0,0.266666667,0,1,0,0,0.225,0,0.747474747,0,PASS
0.600238095,0,0,0.5,1,0,0,0,0.25,0,0.474747475,0,PASS
0.600992063,0,0,0.5,1,0,0,0,0.25,0,0.242424242,0,PASS
0.601018519,0,0,0.591666667,0,1,0,0,0.25,0,0.757575758,0,RUSH
0.601666667,0,0,0.491666667,1,0,0,0,0.25,0,0.757575758,0,RUSH
0.602777778,0,0,0.333333333,0,0,0,1,0.125,0,0.121212121,1,PASS
0.603888889,0,0,0.291666667,1,0,0,0,0.25,0,0.797979798,0,PASS
0.604166667,0,0,0.475,1,0,0,0,0.25,0,0.626262626,0,PASS
0.604444444,0,0,0.616666667,1,0,0,0,0.25,0,0.727272727,0,RUSH
0.604583333,0,0,0.308333333,0,1,0,0,0.025,0,0.555555556,0,PASS
0.604722222,0,0,0.516666667,0,1,0,0,0.2,0,0.606060606,0,PASS
0.604965278,0,0,0.466666667,1,0,0,0,0.25,0,0.595959596,0,PASS
0.605,0,0,0.491666667,1,0,0,0,0.025,0,0.01010101,1,RUSH
0.606111111,0,0,0.266666667,1,0,0,0,0.25,0,0.757575758,0,PASS
0.606111111,0,0,0.591666667,1,0,0,0,0.25,0,0.757575758,0,PASS
0.606203704,0,0,0.3,0,1,0,0,0.125,0,0.383838384,0,RUSH
0.606785714,0,0,0.5,0,1,0,0,0.025,0,0.565656566,0,RUSH
0.606785714,0,0,0.333333333,0,0,1,0,0.125,0,0.121212121,1,PASS
0.606805556,0,0,0.5,0,1,0,0,0.25,0,0.636363636,0,RUSH
0.607037037,0,0,0.408333333,0,0,1,0,0.25,1,0.262626263,0,PASS
0.607777778,0,0,0.408333333,1,0,0,0,0.25,0,0.646464646,0,PASS
0.607837302,0,0,0.5,0,1,0,0,0.3,0,0.373737374,0,PASS
0.608055556,0,0,0.5,1,0,0,0,0.25,0,0.636363636,0,PASS
0.609166667,0,0,0.308333333,1,0,0,0,0.25,0,0.646464646,0,PASS
0.609888889,0,0,0.491666667,1,0,0,0,0.375,0,0.545454545,0,PASS
0.610277778,0,0,0.475,0,0,1,0,0.025,0,0.707070707,0,PASS
0.610793651,0,0,0.333333333,0,1,0,0,0.125,0,0.121212121,1,PASS
0.611296296,0,0,0.408333333,0,1,0,0,0.25,0,0.262626263,0,PASS
0.612291667,0,0,0.466666667,0,0,1,0,0.05,0,0.676767677,0,RUSH
0.612638889,0,0,0.516666667,1,0,0,0,0.25,0,0.626262626,0,PASS
0.612777778,0,0,0.3,1,0,0,0,0.125,0,0.383838384,0,PASS
0.613333333,0,0,0.5,1,0,0,0,0.25,0,0.656565657,0,RUSH
0.61468254,0,0,0.5,1,0,0,0,0.25,0,0.353535354,0,RUSH
0.615555556,0,0,0.325,0,0,1,0,0.425,1,0.868686869,0,PASS
0.615555556,0,0,0.325,0,0,0,1,0.325,1,0.828282828,0,PUNT
0.615555556,0,0,0.408333333,1,0,0,0,0.25,0,0.262626263,0,PASS
0.616388889,0,0,0.475,0,1,0,0,0.025,0,0.707070707,0,PASS
0.618809524,0,0,0.333333333,1,0,0,0,0.25,0,0.171717172,1,PASS
0.619618056,0,0,0.466666667,0,1,0,0,0.175,0,0.727272727,0,PASS
0.619666667,0,0,0.491666667,0,1,0,0,0.25,0,0.595959596,0,PASS
0.619814815,0,0,0.408333333,1,0,0,0,0.25,0,0.434343434,0,PASS
0.620416667,0,0,0.383333333,0,1,0,0,0.25,0,0.929292929,0,RUSH
0.620462963,0,0,0.566666667,0,1,0,0,0.275,0,0.282828283,0,PASS
0.620555556,0,0,0.516666667,1,0,0,0,0.25,0,0.747474747,0,PASS
0.621527778,0,0,0.5,1,0,0,0,0.25,0,0.555555556,0,RUSH
0.621944444,0,0,0.383333333,1,0,0,0,0.25,0,0.929292929,0,PASS
0.622222222,0,0,0.325,0,1,0,0,0.25,0,0.797979798,0,RUSH
0.6225,0,0,0.475,1,0,0,0,0.25,0,0.797979798,0,PASS
0.62281746,0,0,0.333333333,0,0,1,0,0.15,0,0.292929293,0,PASS
0.624074074,0,0,0.408333333,0,1,0,0,0.375,0,0.727272727,0,PASS
0.624555556,0,0,0.491666667,1,0,0,0,0.25,0,0.595959596,0,PASS
0.625925926,0,0,0.3,0,1,0,0,0.1,0,0.737373737,0,PASS
0.626481481,0,0,0.566666667,1,0,0,0,0.4,0,0.333333333,0,PASS
0.626759259,0,0,0.566666667,0,0,1,0,0.5,1,0.858585859,0,PASS
0.626759259,0,0,0.566666667,0,0,0,1,0.15,0,0.717171717,0,PUNT
0.626825397,0,0,0.333333333,0,1,0,0,0.15,0,0.292929293,0,PASS
0.626944444,0,0,0.466666667,1,0,0,0,0.25,0,0.757575758,0,PASS
0.627222222,0,0,0.583333333,1,0,0,0,0.225,0,0.090909091,1,PASS
0.627962963,0,0,0.441666667,0,0,1,0,0.15,0,0.585858586,0,PASS
0.627962963,0,0,0.441666667,0,0,0,1,0.15,0,0.585858586,0,PUNT
0.628333333,0,0,0.408333333,1,0,0,0,0.25,0,0.676767677,0,RUSH
0.628888889,0,0,0.325,1,0,0,0,0.25,0,0.797979798,0,PASS
0.629444444,0,0,0.491666667,1,0,0,0,0.25,0,0.757575758,0,RUSH
0.630833333,0,0,0.333333333,1,0,0,0,0.25,0,0.333333333,0,PASS
0.63132716,0,0,0.533333333,1,0,0,0,0.25,0,0.191919192,1,PASS
0.6325,0,0,0.566666667,1,0,0,0,0.25,0,0.272727273,0,RUSH
0.6325,0,0,0.3,1,0,0,0,0.25,0,0.797979798,0,PASS
0.632694444,0,0,0.491666667,1,0,0,0,0.175,0,0.070707071,1,PASS
0.632944444,0,0,0.575,0,0,1,0,0.075,0,0.262626263,0,PASS
0.633333333,0,0,0.583333333,0,1,0,0,0.25,0,0.212121212,0,PASS
0.635218254,0,0,0.5,1,0,0,0,0.25,0,0.686868687,0,PASS
0.63537037,0,0,0.441666667,0,1,0,0,0.175,0,0.595959596,0,RUSH
0.637654321,0,0,0.533333333,1,0,0,0,0.25,0,0.313131313,0,PASS
0.638388889,0,0,0.575,0,1,0,0,0.075,0,0.262626263,0,PASS
0.638611111,0,0,0.475,1,0,0,0,0.075,0,0.03030303,1,PASS
0.639444444,0,0,0.583333333,1,0,0,0,0.25,0,0.212121212,0,PASS
0.640222222,0,0,0.491666667,0,0,1,0,0.225,1,0.202020202,1,PASS
0.640833333,0,0,0.5,1,0,0,0,0.25,0,0.171717172,1,PASS
0.642063492,0,0,0.5,0,1,0,0,0.075,0,0.737373737,0,RUSH
0.642777778,0,0,0.441666667,1,0,0,0,0.25,0,0.626262626,0,RUSH
0.643138889,0,0,0.558333333,0,0,1,0,0.15,0,0.303030303,0,PASS
0.643833333,0,0,0.575,1,0,0,0,0.25,0,0.333333333,0,PASS
0.643981481,0,0,0.533333333,1,0,0,0,0.25,0,0.434343434,0,PASS
0.645555556,0,0,0.583333333,0,1,0,0,0.25,0,0.525252525,0,PASS
0.646018519,0,0,0.566666667,0,1,0,0,0.25,0,0.757575758,0,PASS
0.64775,0,0,0.491666667,0,1,0,0,0.25,0,0.212121212,0,RUSH
0.64890873,0,0,0.5,1,0,0,0,0.25,0,0.808080808,0,PASS
0.649277778,0,0,0.575,0,0,1,0,0.1,0,0.434343434,0,PASS
0.649888889,0,0,0.558333333,0,1,0,0,0.25,0,0.343434343,0,PASS
0.650185185,0,0,0.441666667,0,0,1,0,0.275,1,0.808080808,0,PASS
0.650308642,0,0,0.533333333,0,0,0,1,0.05,0,0.484848485,0,PASS
0.651666667,0,0,0.583333333,1,0,0,0,0.25,0,0.525252525,0,PASS
0.654722222,0,0,0.575,0,1,0,0,0.25,0,0.494949495,0,PASS
0.654861111,0,0,0.35,0,0,1,0,0.25,1,0.878787879,0,PASS
0.654861111,0,0,0.35,0,0,0,1,0.075,0,0.808080808,0,PUNT
0.655277778,0,0,0.491666667,1,0,0,0,0.25,0,0.212121212,0,PASS
0.655753968,0,0,0.5,0,0,1,0,0.025,0,0.828282828,0,RUSH
0.656635802,0,0,0.533333333,0,0,1,0,0.05,0,0.484848485,0,PASS
0.656638889,0,0,0.558333333,1,0,0,0,0.25,0,0.343434343,0,PASS
0.657592593,0,0,0.441666667,0,1,0,0,0.275,0,0.808080808,0,PASS
0.657777778,0,0,0.583333333,0,1,0,0,0.05,0,0.707070707,0,PASS
0.658302469,0,0,0.333333333,0,0,1,0,0.125,0,0.131313131,1,PASS
0.658452381,0,0,0.475,0,0,0,1,0.175,1,0.070707071,1,FIELD_GOAL
0.659722222,0,0,0.475,0,0,1,0,0.3,1,0.494949495,0,PASS
0.660166667,0,0,0.575,1,0,0,0,0.25,0,0.494949495,0,PASS
0.660277778,0,0,0.35,0,1,0,0,0.25,0,0.878787879,0,PASS
0.661222222,0,0,0.466666667,0,1,0,0,0.025,0,0.01010101,1,RUSH
0.661797386,0,0,0.441666667,0,0,0,1,0.05,0,0.02020202,1,FIELD_GOAL
0.662599206,0,0,0.5,0,1,0,0,0.075,0,0.848484848,0,RUSH
0.662962963,0,0,0.533333333,0,1,0,0,0.125,0,0.515151515,0,RUSH
0.663388889,0,0,0.558333333,0,0,0,1,0.05,0,0.404040404,0,PASS
0.663888889,0,0,0.583333333,1,0,0,0,0.25,0,0.787878788,0,RUSH
0.664,0,0,0.491666667,0,1,0,0,0.125,0,0.303030303,0,PASS
0.66468254,0,0,0.475,0,0,1,0,0.125,0,0.050505051,1,RUSH
0.665,0,0,0.441666667,1,0,0,0,0.25,0,0.797979798,0,RUSH
0.665277778,0,0,0.566666667,1,0,0,0,0.25,0,0.757575758,0,RUSH
0.665694444,0,0,0.35,1,0,0,0,0.25,0,0.878787879,0,PASS
0.66632716,0,0,0.333333333,0,1,0,0,0.375,0,0.232323232,0,PASS
0.667166667,0,0,0.466666667,1,0,0,0,0.025,0,0.01010101,1,PASS
0.667314815,0,0,0.475,0,1,0,0,0.3,0,0.494949495,0,PASS
0.667712418,0,0,0.441666667,0,0,1,0,0.05,0,0.02020202,1,PASS
0.669290123,0,0,0.533333333,1,0,0,0,0.25,0,0.565656566,0,RUSH
0.669444444,0,0,0.5,1,0,0,0,0.25,0,0.919191919,0,RUSH
0.670138889,0,0,0.558333333,0,0,1,0,0.05,0,0.404040404,0,PASS
0.670912698,0,0,0.475,0,1,0,0,0.125,0,0.050505051,1,RUSH
0.671055556,0,0,0.575,0,0,1,0,0.05,0,0.737373737,0,PASS
0.671111111,0,0,0.35,1,0,0,0,0.25,0,0.98989899,0,PASS
0.671527778,0,0,0.491666667,1,0,0,0,0.25,0,0.353535354,0,RUSH
0.671944444,0,0,0.5,0,0,1,0,0.175,1,0.797979798,0,RUSH
0.671944444,0,0,0.5,0,0,0,1,0.075,0,0.757575758,0,PUNT
0.673111111,0,0,0.466666667,0,0,1,0,0.1,0,0.060606061,1,PASS
0.673627451,0,0,0.441666667,0,1,0,0,0.075,0,0.03030303,1,RUSH
0.674351852,0,0,0.333333333,1,0,0,0,0.25,0,0.181818182,1,RUSH
0.674907407,0,0,0.475,1,0,0,0,0.25,0,0.474747475,0,RUSH
0.675617284,0,0,0.533333333,0,1,0,0,0.2,0,0.737373737,0,PASS
0.676296296,0,0,0.408333333,0,0,1,0,0.175,1,0.656565657,0,PASS
0.676296296,0,0,0.408333333,0,0,0,1,0.175,1,0.656565657,0,PUNT
0.6765,0,0,0.575,0,1,0,0,0.15,0,0.777777778,0,PASS
0.676888889,0,0,0.558333333,0,1,0,0,0.1,0,0.424242424,0,RUSH
0.677142857,0,0,0.475,1,0,0,0,0.125,0,0.050505051,1,PASS
0.678333333,0,0,0.383333333,0,0,0,1,0.375,1,0.292929293,0,FIELD_GOAL
0.679055556,0,0,0.466666667,0,1,0,0,0.25,0,0.121212121,1,PASS
0.679542484,0,0,0.441666667,1,0,0,0,0.075,0,0.03030303,1,PASS
0.680787037,0,0,0.5,1,0,0,0,0.075,0,0.03030303,1,RUSH
0.681507937,0,0,0.5,0,0,1,0,0.275,1,0.676767677,0,PASS
0.681507937,0,0,0.5,0,0,0,1,0.275,1,0.676767677,0,PUNT
0.681944444,0,0,0.533333333,1,0,0,0,0.25,0,0.757575758,0,RUSH
0.681944444,0,0,0.575,1,0,0,0,0.25,0,0.818181818,0,PASS
0.682222222,0,0,0.5,0,0,1,0,0.5,1,0.797979798,0,RUSH
0.682222222,0,0,0.5,0,0,0,1,0.75,1,0.898989899,0,PUNT
0.682376543,0,0,0.333333333,1,0,0,0,0.25,0,0.494949495,0,PASS
0.6825,0,0,0.475,0,1,0,0,0.275,0,0.585858586,0,PASS
0.683333333,0,0,0.5,0,1,0,0,0.1,0,0.767676768,0,RUSH
0.683373016,0,0,0.475,0,1,0,0,0.2,0,0.545454545,0,PASS
0.683638889,0,0,0.558333333,1,0,0,0,0.25,0,0.484848485,0,PASS
0.684814815,0,0,0.408333333,0,1,0,0,0.2,0,0.666666667,0,RUSH
0.685,0,0,0.466666667,1,0,0,0,0.25,0,0.121212121,1,PASS
0.686309524,0,0,0.5,0,1,0,0,0.275,0,0.676767677,0,PASS
0.687166667,0,0,0.383333333,0,0,1,0,0.25,1,0.242424242,0,PASS
0.687708333,0,0,0.5,0,0,1,0,0.1,0,0.131313131,1,PASS
0.688368056,0,0,0.558333333,0,0,0,1,0.175,1,0.101010101,1,FIELD_GOAL
0.689603175,0,0,0.475,1,0,0,0,0.25,0,0.565656566,0,PASS
0.689691358,0,0,0.383333333,0,0,1,0,0.3,1,0.494949495,0,PASS
0.689691358,0,0,0.383333333,0,0,0,1,0.3,1,0.494949495,0,PUNT
0.690092593,0,0,0.475,1,0,0,0,0.25,0,0.575757576,0,RUSH
0.690388889,0,0,0.558333333,0,0,1,0,0.275,1,0.656565657,0,PASS
0.690833333,0,0,0.325,0,0,1,0,0.225,1,0.747474747,0,PASS
0.690944444,0,0,0.466666667,0,0,1,0,0.325,1,0.737373737,0,PASS
0.691111111,0,0,0.5,1,0,0,0,0.25,0,0.666666667,0,RUSH
0.691583333,0,0,0.383333333,0,1,0,0,0.25,0,0.242424242,0,PASS
0.693125,0,0,0.558333333,0,0,1,0,0.175,1,0.101010101,1,PASS
0.693333333,0,0,0.408333333,1,0,0,0,0.25,0,0.686868687,0,PASS
0.694111111,0,0,0.491666667,1,0,0,0,0.25,0,0.555555556,0,PASS
0.694484127,0,0,0.5,0,0,1,0,0.25,1,0.787878788,0,RUSH
0.69462963,0,0,0.5,0,1,0,0,0.1,0,0.131313131,1,PASS
0.694722222,0,0,0.5,1,0,0,0,0.25,0,0.828282828,0,PASS
0.695771605,0,0,0.383333333,0,1,0,0,0.25,0,0.474747475,0,PASS
0.695833333,0,0,0.475,1,0,0,0,0.25,0,0.676767677,0,PASS
0.696,0,0,0.383333333,1,0,0,0,0.25,0,0.242424242,0,PASS
0.696388889,0,0,0.325,0,1,0,0,0.025,0,0.666666667,0,RUSH
0.696481481,0,0,0.383333333,0,0,1,0,0.65,1,0.808080808,0,PASS
0.696481481,0,0,0.383333333,0,0,0,1,0.575,1,0.777777778,0,PUNT
0.696666667,0,0,0.558333333,0,1,0,0,0.25,0,0.151515152,1,PASS
0.696888889,0,0,0.466666667,0,1,0,0,0.325,0,0.737373737,0,PASS
0.697138889,0,0,0.558333333,0,1,0,0,0.375,0,0.696969697,0,RUSH
0.697287582,0,0,0.441666667,0,1,0,0,0.025,0,0.01010101,1,RUSH
0.697685185,0,0,0.475,0,0,1,0,0.075,0,0.656565657,0,PASS
0.697881944,0,0,0.558333333,0,1,0,0,0.25,0,0.131313131,1,PASS
0.698333333,0,0,0.35,0,0,1,0,0.275,1,0.666666667,0,RUSH
0.698333333,0,0,0.35,0,0,0,1,0.525,1,0.767676768,0,PUNT
0.698425926,0,0,0.333333333,0,1,0,0,0.2,0,0.666666667,0,RUSH
0.699259259,0,0,0.5,0,1,0,0,0.25,0,0.696969697,0,PASS
0.699285714,0,0,0.5,0,1,0,0,0.25,0,0.787878788,0,PASS
0.700416667,0,0,0.383333333,0,0,1,0,0.125,0,0.303030303,0,PASS
0.700555556,0,0,0.558333333,1,0,0,0,0.25,0,0.151515152,1,PASS
0.701550926,0,0,0.5,1,0,0,0,0.25,0,0.191919192,1,PASS
0.701638889,0,0,0.491666667,0,1,0,0,0.025,0,0.585858586,0,RUSH
0.701851852,0,0,0.383333333,1,0,0,0,0.25,0,0.474747475,0,PASS
0.701944444,0,0,0.325,1,0,0,0,0.25,0,0.757575758,0,PASS
0.702638889,0,0,0.558333333,1,0,0,0,0.25,0,0.131313131,1,PASS
0.702833333,0,0,0.466666667,1,0,0,0,0.25,0,0.707070707,0,RUSH
0.703202614,0,0,0.441666667,1,0,0,0,0.2,0,0.080808081,1,PASS
0.703888889,0,0,0.558333333,1,0,0,0,0.25,0,0.646464646,0,PASS
0.704087302,0,0,0.5,1,0,0,0,0.25,0,0.787878788,0,PASS
0.704444444,0,0,0.525,0,0,1,0,0.425,1,0.565656566,0,PASS
0.704444444,0,0,0.525,0,0,0,1,0.425,1,0.565656566,0,PUNT
0.704444444,0,0,0.558333333,0,1,0,0,0.25,0,0.262626263,0,RUSH
0.704833333,0,0,0.383333333,0,1,0,0,0.125,0,0.303030303,0,PASS
0.705277778,0,0,0.475,0,1,0,0,0.1,0,0.666666667,0,RUSH
0.706296296,0,0,0.383333333,0,1,0,0,0.25,0,0.646464646,0,RUSH
0.706450617,0,0,0.333333333,1,0,0,0,0.25,0,0.686868687,0,PASS
0.707395833,0,0,0.558333333,0,0,1,0,0.15,0,0.555555556,0,PASS
0.707777778,0,0,0.5,1,0,0,0,0.25,0,0.696969697,0,PASS
0.707932099,0,0,0.383333333,0,0,0,1,0.1,0,0.555555556,0,PASS
0.708333333,0,0,0.558333333,1,0,0,0,0.25,0,0.262626263,0,PASS
0.708472222,0,0,0.5,0,0,0,1,0.2,1,0.404040404,0,PASS
0.708777778,0,0,0.466666667,0,1,0,0,0.275,0,0.828282828,0,PASS
0.708888889,0,0,0.5,1,0,0,0,0.25,0,0.888888889,0,RUSH
0.709117647,0,0,0.441666667,0,0,0,1,0.05,0,0.242424242,0,PASS
0.709166667,0,0,0.491666667,1,0,0,0,0.25,0,0.676767677,0,PASS
0.70925,0,0,0.383333333,1,0,0,0,0.25,0,0.353535354,0,PASS
0.711944444,0,0,0.558333333,0,1,0,0,0.175,0,0.525252525,0,PASS
0.712152778,0,0,0.558333333,0,1,0,0,0.25,0,0.595959596,0,PASS
0.712222222,0,0,0.558333333,0,0,0,1,0.2,1,0.373737374,0,PASS
0.71287037,0,0,0.475,1,0,0,0,0.25,0,0.727272727,0,PASS
0.713111111,0,0,0.525,0,1,0,0,0.425,0,0.565656566,0,PASS
0.713666667,0,0,0.383333333,1,0,0,0,0.25,0,0.515151515,0,RUSH
0.714012346,0,0,0.383333333,0,0,1,0,0.1,0,0.555555556,0,PASS
0.714475309,0,0,0.333333333,0,1,0,0,0.45,0,0.868686869,0,PASS
0.714722222,0,0,0.466666667,1,0,0,0,0.25,0,0.818181818,0,RUSH
0.71503268,0,0,0.441666667,0,0,1,0,0.05,0,0.242424242,0,PASS
0.715393519,0,0,0.5,0,0,1,0,0.2,1,0.404040404,0,PASS
0.715888889,0,0,0.35,0,1,0,0,0.15,0,0.616161616,0,PASS
0.716111111,0,0,0.383333333,1,0,0,0,0.25,0,0.646464646,0,PASS
0.716909722,0,0,0.558333333,1,0,0,0,0.25,0,0.595959596,0,PASS
0.718083333,0,0,0.383333333,0,1,0,0,0.4,0,0.929292929,0,PASS
0.718888889,0,0,0.558333333,1,0,0,0,0.25,0,0.555555556,0,PASS
0.719047619,0,0,0.408333333,0,0,0,1,0.075,0,0.03030303,1,FIELD_GOAL
0.72,0,0,0.558333333,0,0,1,0,0.075,0,0.323232323,0,PASS
0.720092593,0,0,0.383333333,0,1,0,0,0.175,0,0.585858586,0,PASS
0.720462963,0,0,0.475,0,1,0,0,0.1,0,0.828282828,0,PASS
0.720947712,0,0,0.441666667,0,1,0,0,0.05,0,0.242424242,0,PASS
0.721666667,0,0,0.558333333,1,0,0,0,0.25,0,0.757575758,0,PASS
0.721777778,0,0,0.525,1,0,0,0,0.25,0,0.494949495,0,PASS
0.722314815,0,0,0.5,0,1,0,0,0.225,0,0.414141414,0,RUSH
0.722395833,0,0,0.5,0,1,0,0,0.7,0,0.515151515,0,RUSH
0.7225,0,0,0.333333333,1,0,0,0,0.25,0,0.787878788,0,RUSH
0.7225,0,0,0.383333333,1,0,0,0,0.25,0,0.868686869,0,RUSH
0.723888889,0,0,0.558333333,0,1,0,0,0.075,0,0.323232323,0,PASS
0.724206349,0,0,0.408333333,0,0,1,0,0.075,0,0.03030303,1,PASS
0.724666667,0,0,0.35,1,0,0,0,0.25,0,0.656565657,0,PASS
0.725833333,0,0,0.558333333,0,1,0,0,0.15,0,0.767676768,0,PASS
0.72617284,0,0,0.383333333,1,0,0,0,0.25,0,0.616161616,0,RUSH
0.726862745,0,0,0.441666667,1,0,0,0,0.25,0,0.323232323,0,PASS
0.727777778,0,0,0.558333333,1,0,0,0,0.25,0,0.393939394,0,PASS
0.728055556,0,0,0.475,1,0,0,0,0.25,0,0.888888889,0,RUSH
0.729236111,0,0,0.5,1,0,0,0,0.25,0,0.424242424,0,PASS
0.729365079,0,0,0.408333333,0,1,0,0,0.125,0,0.050505051,1,PASS
0.730444444,0,0,0.525,0,1,0,0,0.175,0,0.575757576,0,PASS
0.730925926,0,0,0.475,0,0,0,1,0.2,1,0.323232323,0,FIELD_GOAL
0.731597222,0,0,0.5,1,0,0,0,0.5,0,0.434343434,0,RUSH
0.732253086,0,0,0.383333333,0,1,0,0,0.075,0,0.797979798,0,PASS
0.732777778,0,0,0.558333333,1,0,0,0,0.25,0,0.808080808,0,RUSH
0.732777778,0,0,0.441666667,1,0,0,0,0.25,0,0.454545455,0,PASS
0.733444444,0,0,0.35,0,1,0,0,0.225,0,0.878787879,0,PASS
0.734166667,0,0,0.616666667,1,0,0,0,0.25,0,0.98989899,0,RUSH
0.73452381,0,0,0.408333333,1,0,0,0,0.125,0,0.050505051,1,PASS
0.735694444,0,0,0.475,0,0,1,0,0.2,1,0.323232323,0,PASS
0.736157407,0,0,0.5,0,1,0,0,0.2,0,0.555555556,0,PASS
0.736944444,0,0,0.525,0,0,1,0,0.125,0,0.909090909,0,PASS
0.73787037,0,0,0.591666667,0,0,1,0,0.2,1,0.97979798,0,PASS
0.73787037,0,0,0.591666667,0,0,0,1,0.2,1,0.97979798,0,PUNT
0.738333333,0,0,0.383333333,1,0,0,0,0.25,0,0.868686869,0,PASS
0.739111111,0,0,0.525,1,0,0,0,0.5,0,0.707070707,0,PASS
0.73968254,0,0,0.408333333,0,0,1,0,0.1,0,0.141414141,1,PASS
0.740462963,0,0,0.475,0,1,0,0,0.25,0,0.343434343,0,PASS
0.741064815,0,0,0.475,0,0,1,0,0.175,1,0.818181818,0,PASS
0.741064815,0,0,0.475,0,0,0,1,0.175,1,0.818181818,0,PUNT
0.741111111,0,0,0.525,0,1,0,0,0.125,0,0.909090909,0,PASS
0.742222222,0,0,0.35,1,0,0,0,0.25,0,0.888888889,0,RUSH
0.742685185,0,0,0.591666667,0,1,0,0,0.2,0,0.97979798,0,PASS
0.743078704,0,0,0.5,1,0,0,0,0.25,0,0.575757576,0,PASS
0.744084967,0,0,0.441666667,1,0,0,0,0.5,0,0.696969697,0,PASS
0.74484127,0,0,0.408333333,0,1,0,0,0.1,0,0.141414141,1,PASS
0.745231481,0,0,0.475,1,0,0,0,0.25,0,0.343434343,0,PASS
0.745277778,0,0,0.525,1,0,0,0,0.25,0,0.95959596,0,PASS
0.746388889,0,0,0.5,1,0,0,0,0.25,0,0.232323232,0,PASS
0.7475,0,0,0.591666667,1,0,0,0,0.25,0,1,0,PASS
0.75,0,0,0.5,0,0,1,0,0.025,0,0.474747475,0,PASS
0.75,0,0,0.5,0,1,0,0,0.175,0,0.727272727,0,RUSH
0.75,0,0,0.391666667,0,0,1,0,0.125,0,0.747474747,0,PASS
0.75,0,0,0.391666667,0,0,0,1,0.125,0,0.747474747,0,PUNT
0.75,0,0,0.325,0,1,0,0,0.175,0,0.343434343,0,PASS
0.75,0,0,0.525,0,0,1,0,0.075,0,0.686868687,0,PASS
0.75,0,0,0.616666667,0,0,1,0,0.175,1,0.505050505,0,PASS
0.75,0,0,0.616666667,0,0,0,1,0.175,1,0.505050505,0,PUNT
0.75,0,0,0.475,0,1,0,0,0.025,0,0.383838384,0,PASS
0.75,0,0,0.5,0,1,0,0,0.2,0,0.373737374,0,PASS
0.75,0,0,0.408333333,1,0,0,0,0.25,0,0.202020202,1,PASS
0.75,0,0,0.475,0,1,0,0,0.175,0,0.818181818,0,RUSH
0.751666667,0,0,0.491666667,1,0,0,0,0.25,0,0.888888889,0,PASS
0.753366013,0,0,0.441666667,0,1,0,0,0.025,0,0.686868687,0,PASS
0.753611111,0,0,0.5,1,0,0,0,0.25,0,0.393939394,0,PASS
0.755833333,0,0,0.475,1,0,0,0,0.25,0,0.474747475,0,PASS
0.756296296,0,0,0.358333333,1,0,0,0,0.05,0,0.02020202,1,RUSH
0.757222222,0,0,0.5,0,1,0,0,0.25,0,0.626262626,0,RUSH
0.758333333,0,0,0.525,0,1,0,0,0.2,0,0.737373737,0,RUSH
0.758611111,0,0,0.5,1,0,0,0,0.25,0,0.757575758,0,PASS
0.75875,0,0,0.5,0,1,0,0,0.075,0,0.494949495,0,PASS
0.759111111,0,0,0.325,1,0,0,0,0.25,0,0.373737374,0,RUSH
0.759281046,0,0,0.441666667,1,0,0,0,0.25,0,0.777777778,0,RUSH
0.759444444,0,0,0.616666667,0,1,0,0,0.075,0,0.464646465,0,RUSH
0.759791667,0,0,0.441666667,1,0,0,0,0.15,0,0.060606061,1,PASS
0.760185185,0,0,0.391666667,0,1,0,0,0.175,0,0.767676768,0,PASS
0.760833333,0,0,0.558333333,1,0,0,0,0.25,0,0.666666667,0,PASS
0.760833333,0,0,0.5,1,0,0,0,0.25,0,0.626262626,0,PASS
0.762916667,0,0,0.475,1,0,0,0,0.25,0,0.848484848,0,RUSH
0.763055556,0,0,0.525,1,0,0,0,0.25,0,0.757575758,0,PASS
0.763888889,0,0,0.358333333,1,0,0,0,0.15,0,0.060606061,1,RUSH
0.764444444,0,0,0.5,1,0,0,0,0.25,0,0.808080808,0,RUSH
0.764916667,0,0,0.325,0,1,0,0,0.25,0,0.484848485,0,PASS
0.765196078,0,0,0.441666667,0,1,0,0,0.25,0,0.888888889,0,PASS
0.766006944,0,0,0.441666667,1,0,0,0,0.25,0,0.171717172,1,RUSH
0.766018519,0,0,0.475,0,0,1,0,0.175,1,0.575757576,0,RUSH
0.766018519,0,0,0.475,0,0,0,1,0.35,1,0.646464646,0,PUNT
0.766111111,0,0,0.616666667,1,0,0,0,0.25,0,0.535353535,0,PASS
0.7675,0,0,0.391666667,1,0,0,0,0.25,0,0.797979798,0,RUSH
0.767951389,0,0,0.5,1,0,0,0,0.25,0,0.565656566,0,PASS
0.768055556,0,0,0.558333333,0,1,0,0,0.1,0,0.747474747,0,PASS
0.770092593,0,0,0.441666667,0,0,1,0,0.25,1,0.787878788,0,PASS
0.770092593,0,0,0.441666667,0,0,0,1,0.25,1,0.787878788,0,PUNT
0.770722222,0,0,0.325,1,0,0,0,0.25,0,0.484848485,0,PASS
0.771111111,0,0,0.441666667,1,0,0,0,0.25,0,0.888888889,0,PASS
0.771851852,0,0,0.475,0,0,1,0,0.3,1,0.96969697,0,PASS
0.772685185,0,0,0.441666667,0,1,0,0,0.25,0,0.787878788,0,PASS
0.772777778,0,0,0.441666667,0,0,1,0,0.225,1,0.838383838,0,PASS
0.772777778,0,0,0.441666667,0,0,0,1,0.225,1,0.838383838,0,PUNT
0.775277778,0,0,0.558333333,1,0,0,0,0.25,0,0.808080808,0,PASS
0.775277778,0,0,0.475,0,0,1,0,0.15,0,0.515151515,0,PASS
0.775277778,0,0,0.475,0,0,0,1,0.15,0,0.515151515,0,PUNT
0.775277778,0,0,0.441666667,1,0,0,0,0.25,0,0.787878788,0,PASS
0.775925926,0,0,0.475,0,1,0,0,0.05,0,0.525252525,0,RUSH
0.776527778,0,0,0.325,0,0,1,0,0.275,1,0.606060606,0,PASS
0.77712963,0,0,0.416666667,0,0,1,0,0.25,1,0.939393939,0,RUSH
0.77712963,0,0,0.416666667,0,0,0,1,0.4,1,1,0,PUNT
0.777152778,0,0,0.5,0,0,1,0,0.075,0,0.727272727,0,PASS
0.778964646,0,0,0.558333333,0,0,0,1,0.175,1,0.070707071,1,FIELD_GOAL
0.779259259,0,0,0.491666667,0,0,1,0,0.25,1,0.757575758,0,PASS
0.779259259,0,0,0.491666667,0,0,0,1,0.175,1,0.727272727,0,PUNT
0.780787037,0,0,0.475,0,1,0,0,0.15,0,0.909090909,0,PASS
0.781296296,0,0,0.475,0,1,0,0,0.175,0,0.525252525,0,RUSH
0.781697531,0,0,0.5,0,1,0,0,0.025,0,0.01010101,1,RUSH
0.782333333,0,0,0.325,0,1,0,0,0.25,0,0.595959596,0,RUSH
0.7840625,0,0,0.441666667,0,0,0,1,0.1,0,0.383838384,0,RUSH
0.784814815,0,0,0.416666667,0,1,0,0,0.25,0,0.939393939,0,PASS
0.784907407,0,0,0.491666667,0,1,0,0,0.25,0,0.757575758,0,PASS
0.7853125,0,0,0.5,0,0,0,1,0.1,0,0.04040404,1,FIELD_GOAL
0.785555556,0,0,0.558333333,0,0,1,0,0.25,1,0.858585859,0,PASS
0.785555556,0,0,0.558333333,0,0,0,1,0.25,1,0.858585859,0,PUNT
0.785833333,0,0,0.475,1,0,0,0,0.25,0,0.606060606,0,PASS
0.785833333,0,0,0.35,1,0,0,0,0.25,0,0.757575758,0,PASS
0.786111111,0,0,0.475,1,0,0,0,0.25,0,0.555555556,0,PASS
0.786354167,0,0,0.5,0,1,0,0,0.2,0,0.777777778,0,RUSH
0.787685185,0,0,0.591666667,0,0,1,0,0.15,0,0.717171717,0,PASS
0.787685185,0,0,0.591666667,0,0,0,1,0.15,0,0.717171717,0,PUNT
0.7878125,0,0,0.5,0,1,0,0,0.15,0,0.060606061,1,PASS
0.787962963,0,0,0.441666667,0,1,0,0,0.125,0,0.797979798,0,RUSH
0.788138889,0,0,0.325,1,0,0,0,0.25,0,0.595959596,0,PASS
0.788611111,0,0,0.558333333,0,1,0,0,0.25,0,0.858585859,0,PASS
0.78867284,0,0,0.5,1,0,0,0,0.25,0,0.101010101,1,PASS
0.789722222,0,0,0.475,1,0,0,0,0.25,0,0.949494949,0,RUSH
0.790277778,0,0,0.441666667,0,0,1,0,0.175,1,0.414141414,0,PASS
0.790462963,0,0,0.616666667,0,0,1,0,0.275,1,0.525252525,0,PASS
0.790462963,0,0,0.616666667,0,0,0,1,0.275,1,0.525252525,0,PUNT
0.790479798,0,0,0.558333333,0,0,1,0,0.05,0,0.02020202,1,PASS
0.790555556,0,0,0.491666667,1,0,0,0,0.25,0,0.757575758,0,PASS
0.790925926,0,0,0.475,0,0,1,0,0.25,1,0.717171717,0,PASS
0.791666667,0,0,0.558333333,1,0,0,0,0.25,0,0.858585859,0,PASS
0.792037037,0,0,0.591666667,0,1,0,0,0.15,0,0.717171717,0,PASS
0.7925,0,0,0.416666667,1,0,0,0,0.25,0,0.939393939,0,RUSH
0.7925,0,0,0.5,0,0,1,0,0.15,0,0.060606061,1,PASS
0.793944444,0,0,0.325,0,0,1,0,0.025,0,0.666666667,0,RUSH
0.795,0,0,0.5,1,0,0,0,0.15,0,0.060606061,1,PASS
0.79537037,0,0,0.616666667,0,1,0,0,0.275,0,0.525252525,0,PASS
0.795555556,0,0,0.5,1,0,0,0,0.25,0,0.797979798,0,RUSH
0.795555556,0,0,0.441666667,1,0,0,0,0.25,0,0.848484848,0,PASS
0.795648148,0,0,0.5,0,0,1,0,0.025,0,0.373737374,0,RUSH
0.795740741,0,0,0.475,0,1,0,0,0.25,0,0.717171717,0,PASS
0.795740741,0,0,0.475,0,0,1,0,0.125,0,0.686868687,0,PASS
0.796237374,0,0,0.558333333,0,1,0,0,0.125,0,0.050505051,1,RUSH
0.796388889,0,0,0.591666667,1,0,0,0,0.25,0,0.757575758,0,PASS
0.796736111,0,0,0.441666667,0,1,0,0,0.175,0,0.414141414,0,PASS
0.79975,0,0,0.325,0,1,0,0,0.025,0,0.666666667,0,PASS
0.799814815,0,0,0.383333333,0,0,1,0,0.175,1,0.737373737,0,PASS
0.799814815,0,0,0.383333333,0,0,0,1,0.175,1,0.737373737,0,PUNT
0.800277778,0,0,0.616666667,1,0,0,0,0.25,0,0.515151515,0,RUSH
0.800555556,0,0,0.475,1,0,0,0,0.25,0,0.717171717,0,PASS
0.801994949,0,0,0.558333333,1,0,0,0,0.1,0,0.04040404,1,RUSH
0.802623457,0,0,0.5,0,1,0,0,0.25,0,0.464646465,0,PASS
0.802951389,0,0,0.441666667,1,0,0,0,0.25,0,0.444444444,0,RUSH
0.805462963,0,0,0.383333333,0,1,0,0,0.175,0,0.737373737,0,PASS
0.805555556,0,0,0.325,1,0,0,0,0.25,0,0.757575758,0,RUSH
0.805648148,0,0,0.475,0,1,0,0,0.125,0,0.686868687,0,PASS
0.807752525,0,0,0.558333333,0,0,1,0,0.175,1,0.171717172,1,PASS
0.809166667,0,0,0.441666667,1,0,0,0,0.25,0,0.757575758,0,PASS
0.809598765,0,0,0.5,1,0,0,0,0.25,0,0.464646465,0,PASS
0.811111111,0,0,0.383333333,1,0,0,0,0.25,0,0.767676768,0,RUSH
0.812037037,0,0,0.408333333,0,0,1,0,0.25,1,0.929292929,0,PASS
0.812037037,0,0,0.408333333,0,0,0,1,0.25,1,0.929292929,0,PUNT
0.813510101,0,0,0.558333333,0,1,0,0,0.175,0,0.171717172,1,PASS
0.815462963,0,0,0.408333333,0,1,0,0,0.25,0,0.929292929,0,PASS
0.815555556,0,0,0.475,1,0,0,0,0.25,0,0.737373737,0,PASS
0.816574074,0,0,0.5,1,0,0,0,0.25,0,0.646464646,0,PASS
0.817638889,0,0,0.558333333,1,0,0,0,0.25,0,0.555555556,0,PASS
0.818888889,0,0,0.408333333,1,0,0,0,0.25,0,0.929292929,0,PASS
0.819267677,0,0,0.558333333,1,0,0,0,0.25,0,0.202020202,1,RUSH
0.819722222,0,0,0.441666667,0,0,1,0,0.325,1,0.787878788,0,RUSH
0.819722222,0,0,0.441666667,0,0,0,1,0.4,1,0.818181818,0,PUNT
0.820648148,0,0,0.558333333,0,0,1,0,0.025,0,0.767676768,0,PASS
0.820648148,0,0,0.558333333,0,0,0,1,0.025,0,0.767676768,0,PUNT
0.822166667,0,0,0.533333333,0,1,0,0,0.2,0,0.101010101,1,PASS
0.8225,0,0,0.558333333,1,0,0,0,0.125,0,0.050505051,1,RUSH
0.823333333,0,0,0.558333333,1,0,0,0,0.25,0,0.666666667,0,PASS
0.823549383,0,0,0.5,0,0,1,0,0.025,0,0.666666667,0,RUSH
0.824236111,0,0,0.5,1,0,0,0,0.25,0,0.222222222,0,PASS
0.825740741,0,0,0.558333333,0,1,0,0,0.25,0,0.858585859,0,RUSH
0.8275,0,0,0.391666667,0,0,1,0,0.35,1,0.797979798,0,PASS
0.8275,0,0,0.391666667,0,0,0,1,0.15,0,0.717171717,0,PUNT
0.827777778,0,0,0.441666667,0,1,0,0,0.25,0,0.757575758,0,RUSH
0.827986111,0,0,0.558333333,0,0,1,0,0.05,0,0.080808081,1,RUSH
0.828777778,0,0,0.533333333,1,0,0,0,0.25,0,0.121212121,1,PASS
0.829074074,0,0,0.475,0,0,1,0,0.2,1,0.686868687,0,RUSH
0.829074074,0,0,0.475,0,0,0,1,0.3,1,0.727272727,0,PUNT
0.830046296,0,0,0.558333333,0,1,0,0,0.1,0,0.181818182,1,PASS
0.830524691,0,0,0.5,0,1,0,0,0.125,0,0.707070707,0,RUSH
0.830782828,0,0,0.558333333,1,0,0,0,0.25,0,0.414141414,0,RUSH
0.830833333,0,0,0.558333333,1,0,0,0,0.25,0,0.858585859,0,PASS
0.831018519,0,0,0.383333333,0,0,1,0,0.2,1,0.797979798,0,PASS
0.831423611,0,0,0.5,0,0,1,0,0.05,0,0.242424242,0,RUSH
0.833425926,0,0,0.441666667,0,0,1,0,0.025,0,0.666666667,0,PASS
0.833425926,0,0,0.441666667,0,0,0,1,0.025,0,0.666666667,0,PUNT
0.833472222,0,0,0.558333333,0,1,0,0,0.05,0,0.080808081,1,PASS
0.835388889,0,0,0.533333333,0,1,0,0,0.05,0,0.424242424,0,PASS
0.835833333,0,0,0.441666667,1,0,0,0,0.25,0,0.757575758,0,PASS
0.836203704,0,0,0.383333333,0,1,0,0,0.25,0,0.818181818,0,PASS
0.836481481,0,0,0.558333333,1,0,0,0,0.25,0,0.242424242,0,RUSH
0.836540404,0,0,0.558333333,1,0,0,0,0.5,0,0.686868687,0,PASS
0.836944444,0,0,0.391666667,0,1,0,0,0.175,0,0.727272727,0,RUSH
0.837037037,0,0,0.475,0,1,0,0,0.2,0,0.686868687,0,PASS
0.8375,0,0,0.5,1,0,0,0,0.25,0,0.757575758,0,RUSH
0.838333333,0,0,0.5,0,0,1,0,0.225,1,0.090909091,1,PASS
0.838611111,0,0,0.5,0,1,0,0,0.2,0,0.303030303,0,PASS
0.838958333,0,0,0.558333333,1,0,0,0,0.25,0,0.161616162,1,PASS
0.841018519,0,0,0.441666667,0,1,0,0,0.075,0,0.686868687,0,RUSH
0.841388889,0,0,0.383333333,1,0,0,0,0.25,0,0.818181818,0,PASS
0.842,0,0,0.533333333,1,0,0,0,0.25,0,0.505050505,0,RUSH
0.842916667,0,0,0.558333333,0,0,0,1,0.025,0,0.282828283,0,RUSH
0.844131944,0,0,0.558333333,1,0,0,0,0.25,0,0.282828283,0,PASS
0.844444444,0,0,0.558333333,0,0,0,1,0.1,0,0.232323232,0,PASS
0.844837963,0,0,0.5,0,1,0,0,0.225,0,0.090909091,1,PASS
0.845,0,0,0.475,1,0,0,0,0.25,0,0.707070707,0,RUSH
0.845798611,0,0,0.5,1,0,0,0,0.25,0,0.323232323,0,RUSH
0.846388889,0,0,0.391666667,1,0,0,0,0.25,0,0.757575758,0,PASS
0.847430556,0,0,0.558333333,0,0,1,0,0.25,1,0.313131313,0,RUSH
0.848055556,0,0,0.558333333,1,0,0,0,0.25,0,0.717171717,0,PASS
0.848055556,0,0,0.475,0,0,1,0,0.425,1,0.656565657,0,PASS
0.848055556,0,0,0.475,0,0,0,1,0.3,1,0.606060606,0,PUNT
0.848611111,0,0,0.533333333,1,0,0,0,0.25,0,0.616161616,0,PASS
0.848611111,0,0,0.441666667,1,0,0,0,0.25,0,0.757575758,0,PASS
0.849351852,0,0,0.558333333,0,0,1,0,0.1,0,0.313131313,0,PASS
0.849930556,0,0,0.558333333,0,0,1,0,0.15,0,0.252525253,0,RUSH
0.85037037,0,0,0.5,0,0,1,0,0.05,0,0.02020202,1,PASS
0.850729167,0,0,0.558333333,0,1,0,0,0.25,0,0.313131313,0,PASS
0.851342593,0,0,0.5,1,0,0,0,0.225,0,0.090909091,1,PASS
0.851944444,0,0,0.475,0,0,0,1,0.05,0,0.191919192,1,FIELD_GOAL
0.852222222,0,0,0.5,0,0,1,0,0.575,1,0.323232323,0,PASS
0.852986111,0,0,0.5,1,0,0,0,0.25,0,0.505050505,0,PASS
0.853333333,0,0,0.5,0,0,1,0,0.275,1,0.232323232,0,PASS
0.854027778,0,0,0.558333333,1,0,0,0,0.25,0,0.313131313,0,PASS
0.854722222,0,0,0.475,0,1,0,0,0.425,0,0.656565657,0,PASS
0.855416667,0,0,0.558333333,0,1,0,0,0.15,0,0.252525253,0,PASS
0.855787037,0,0,0.558333333,0,1,0,0,0.25,0,0.373737374,0,RUSH
0.856944444,0,0,0.408333333,0,0,0,1,0.05,0,0.535353535,0,PUNT
0.857326389,0,0,0.558333333,0,1,0,0,0.25,0,0.464646465,0,PASS
0.857847222,0,0,0.5,0,1,0,0,0.15,0,0.161616162,1,PASS
0.858888889,0,0,0.5,0,1,0,0,0.1,0,0.04040404,1,RUSH
0.858888889,0,0,0.5,0,1,0,0,0.25,0,0.191919192,1,RUSH
0.859833333,0,0,0.525,0,0,1,0,0.25,1,0.434343434,0,PASS
0.859833333,0,0,0.525,0,0,0,1,0.25,1,0.434343434,0,PUNT
0.860555556,0,0,0.5,0,1,0,0,0.15,0,0.181818182,1,PASS
0.860625,0,0,0.558333333,1,0,0,0,0.25,0,0.464646465,0,PASS
0.860902778,0,0,0.558333333,1,0,0,0,0.25,0,0.292929293,0,RUSH
0.861388889,0,0,0.475,1,0,0,0,0.25,0,0.585858586,0,RUSH
0.861611111,0,0,0.408333333,0,0,1,0,0.05,0,0.535353535,0,PASS
0.862222222,0,0,0.558333333,1,0,0,0,0.25,0,0.373737374,0,PASS
0.8625,0,0,0.558333333,0,0,1,0,0.55,1,0.525252525,0,PASS
0.8625,0,0,0.558333333,0,0,0,1,0.35,1,0.444444444,0,PUNT
0.863311966,0,0,0.475,0,0,1,0,0.05,0,0.191919192,1,PASS
0.863833333,0,0,0.525,0,1,0,0,0.25,0,0.434343434,0,PASS
0.863923611,0,0,0.558333333,1,0,0,0,0.25,0,0.585858586,0,PASS
0.864351852,0,0,0.5,1,0,0,0,0.25,0,0.202020202,1,RUSH
0.864409722,0,0,0.391666667,0,0,1,0,0.275,1,0.111111111,1,PASS
0.865555556,0,0,0.5,1,0,0,0,0.25,0,0.191919192,1,PASS
0.866388889,0,0,0.558333333,1,0,0,0,0.25,0,0.707070707,0,PASS
0.866527778,0,0,0.5,1,0,0,0,0.25,0,0.222222222,0,PASS
0.867222222,0,0,0.558333333,1,0,0,0,0.25,0,0.757575758,0,PASS
0.867361111,0,0,0.5,0,1,0,0,0.25,0,0.636363636,0,PASS
0.867833333,0,0,0.525,1,0,0,0,0.25,0,0.434343434,0,PASS
0.868055556,0,0,0.475,0,0,1,0,0.1,0,0.696969697,0,PASS
0.8685,0,0,0.408333333,0,1,0,0,0.05,0,0.535353535,0,PASS
0.868819444,0,0,0.391666667,0,1,0,0,0.275,0,0.111111111,1,PASS
0.869444444,0,0,0.45,0,0,0,1,0.05,0,0.02020202,1,FIELD_GOAL
0.869551282,0,0,0.475,0,1,0,0,0.2,0,0.252525253,0,PASS
0.870555556,0,0,0.5,1,0,0,0,0.1,0,0.04040404,1,RUSH
0.870856481,0,0,0.5,0,1,0,0,0.075,0,0.262626263,0,PASS
0.871833333,0,0,0.525,0,1,0,0,0.025,0,0.555555556,0,PASS
0.872222222,0,0,0.5,0,1,0,0,0.175,0,0.313131313,0,PASS
0.872888889,0,0,0.441666667,0,0,0,1,0.4,1,0.161616162,1,FIELD_GOAL
0.873055556,0,0,0.5,0,1,0,0,0.2,0,0.353535354,0,PASS
0.873229167,0,0,0.391666667,1,0,0,0,0.225,0,0.090909091,1,RUSH
0.874548611,0,0,0.5,1,0,0,0,0.25,0,0.636363636,0,RUSH
0.874722222,0,0,0.475,0,1,0,0,0.1,0,0.696969697,0,PASS
0.875228758,0,0,0.45,0,0,1,0,0.05,0,0.02020202,1,RUSH
0.875388889,0,0,0.408333333,1,0,0,0,0.25,0,0.616161616,0,PASS
0.875790598,0,0,0.475,1,0,0,0,0.25,0,0.272727273,0,PASS
0.875833333,0,0,0.525,1,0,0,0,0.25,0,0.646464646,0,PASS
0.876626984,0,0,0.5,0,1,0,0,0.15,0,0.151515152,1,RUSH
0.87712963,0,0,0.558333333,0,1,0,0,0.35,0,0.444444444,0,RUSH
0.877361111,0,0,0.558333333,0,1,0,0,0.175,0,0.727272727,0,PASS
0.877638889,0,0,0.391666667,0,1,0,0,0.25,0,0.222222222,0,RUSH
0.878293651,0,0,0.5,0,1,0,0,0.45,0,0.484848485,0,PASS
0.878888889,0,0,0.5,1,0,0,0,0.25,0,0.343434343,0,PASS
0.879074074,0,0,0.5,0,0,1,0,0.025,0,0.323232323,0,PASS
0.879388889,0,0,0.441666667,0,0,1,0,0.025,0,0.01010101,1,PASS
0.879583333,0,0,0.5,1,0,0,0,0.25,0,0.373737374,0,RUSH
0.881013072,0,0,0.45,0,1,0,0,0.05,0,0.02020202,1,PASS
0.881388889,0,0,0.475,1,0,0,0,0.25,0,0.757575758,0,PASS
0.881736111,0,0,0.5,0,0,1,0,0.1,0,0.737373737,0,PASS
0.881851852,0,0,0.441666667,0,0,1,0,0.15,0,0.939393939,0,PASS
0.881851852,0,0,0.441666667,0,0,0,1,0.15,0,0.939393939,0,PUNT
0.882029915,0,0,0.475,1,0,0,0,0.25,0,0.383838384,0,PASS
0.882048611,0,0,0.391666667,1,0,0,0,0.25,0,0.222222222,0,PASS
0.882222222,0,0,0.441666667,0,0,1,0,0.1,0,0.727272727,0,PASS
0.882222222,0,0,0.441666667,0,0,0,1,0.1,0,0.727272727,0,PUNT
0.882277778,0,0,0.408333333,1,0,0,0,0.25,0,0.767676768,0,PASS
0.882777778,0,0,0.475,0,0,1,0,0.25,1,0.767676768,0,PASS
0.882777778,0,0,0.475,0,0,0,1,0.25,1,0.767676768,0,PUNT
0.882847222,0,0,0.558333333,1,0,0,0,0.25,0,0.757575758,0,RUSH
0.883809524,0,0,0.5,1,0,0,0,0.25,0,0.191919192,1,PASS
0.883865741,0,0,0.5,1,0,0,0,0.25,0,0.333333333,0,RUSH
0.884444444,0,0,0.558333333,1,0,0,0,0.25,0,0.404040404,0,RUSH
0.884563492,0,0,0.5,1,0,0,0,0.25,0,0.404040404,0,RUSH
0.885555556,0,0,0.5,1,0,0,0,0.25,0,0.575757576,0,PASS
0.885888889,0,0,0.441666667,0,1,0,0,0.025,0,0.01010101,1,RUSH
0.885925926,0,0,0.441666667,0,1,0,0,0.15,0,0.939393939,0,PASS
0.886111111,0,0,0.5,0,0,0,1,0.125,0,0.444444444,0,PASS
0.886458333,0,0,0.391666667,0,1,0,0,0.25,0,0.616161616,0,PASS
0.886797386,0,0,0.45,1,0,0,0,0.05,0,0.02020202,1,PASS
0.886904762,0,0,0.558333333,0,0,0,1,0.025,0,0.161616162,1,RUSH
0.887222222,0,0,0.475,0,0,1,0,0.25,1,0.424242424,0,PASS
0.887222222,0,0,0.475,0,0,0,1,0.25,1,0.424242424,0,PUNT
0.887592593,0,0,0.5,0,1,0,0,0.275,0,0.424242424,0,PASS
0.888055556,0,0,0.475,1,0,0,0,0.25,0,0.858585859,0,PASS
0.888055556,0,0,0.441666667,0,1,0,0,0.1,0,0.727272727,0,PASS
0.888269231,0,0,0.475,0,1,0,0,0.175,0,0.454545455,0,PASS
0.888923611,0,0,0.5,0,1,0,0,0.1,0,0.737373737,0,PASS
0.889166667,0,0,0.408333333,1,0,0,0,0.25,0,0.929292929,0,PASS
0.89,0,0,0.441666667,1,0,0,0,0.25,0,0.97979798,0,RUSH
0.89037037,0,0,0.5,0,0,1,0,0.175,1,0.616161616,0,PASS
0.890833333,0,0,0.5,0,0,1,0,0.025,0,0.414141414,0,RUSH
0.890868056,0,0,0.391666667,1,0,0,0,0.25,0,0.616161616,0,PASS
0.890992063,0,0,0.5,0,1,0,0,0.125,0,0.252525253,0,RUSH
0.891759259,0,0,0.558333333,1,0,0,0,0.25,0,0.535353535,0,PASS
0.892142857,0,0,0.558333333,0,0,1,0,0.025,0,0.161616162,1,PASS
0.892222222,0,0,0.5,0,1,0,0,0.15,0,0.707070707,0,PASS
0.892388889,0,0,0.441666667,1,0,0,0,0.1,0,0.04040404,1,RUSH
0.892465278,0,0,0.5,0,1,0,0,0.1,0,0.04040404,1,PASS
0.893333333,0,0,0.475,0,1,0,0,0.125,0,0.717171717,0,PASS
0.893690476,0,0,0.5,0,1,0,0,0.025,0,0.414141414,0,PASS
0.893694444,0,0,0.475,0,1,0,0,0.25,0,0.424242424,0,PASS
0.893888889,0,0,0.441666667,1,0,0,0,0.25,0,0.787878788,0,PASS
0.894508547,0,0,0.475,1,0,0,0,0.25,0,0.484848485,0,PASS
0.895277778,0,0,0.391666667,1,0,0,0,0.25,0,0.717171717,0,PASS
0.895694444,0,0,0.5,0,0,1,0,0.125,0,0.444444444,0,PASS
0.896111111,0,0,0.5,1,0,0,0,0.25,0,0.414141414,0,PASS
0.896111111,0,0,0.5,1,0,0,0,0.25,0,0.797979798,0,RUSH
0.896875,0,0,0.5,0,1,0,0,0.25,0,0.646464646,0,PASS
0.896875,0,0,0.5,1,0,0,0,0.1,0,0.04040404,1,PASS
0.897380952,0,0,0.558333333,0,1,0,0,0.025,0,0.161616162,1,PASS
0.898174603,0,0,0.5,1,0,0,0,0.25,0,0.303030303,0,PASS
0.898366013,0,0,0.45,0,0,1,0,0.325,1,0.222222222,0,PASS
0.898611111,0,0,0.475,1,0,0,0,0.25,0,0.767676768,0,PASS
0.898888889,0,0,0.5,1,0,0,0,0.25,0,0.747474747,0,PASS
0.898888889,0,0,0.441666667,1,0,0,0,0.25,0,0.141414141,1,PASS
0.899074074,0,0,0.558333333,0,1,0,0,0.15,0,0.636363636,0,PASS
0.899259259,0,0,0.5,0,0,1,0,0.15,0,0.434343434,0,PASS
0.899722222,0,0,0.441666667,1,0,0,0,0.25,0,0.898989899,0,RUSH
0.899960317,0,0,0.5,1,0,0,0,0.25,0,0.505050505,0,RUSH
0.900166667,0,0,0.475,1,0,0,0,0.25,0,0.424242424,0,PASS
0.901284722,0,0,0.5,0,0,1,0,0.075,0,0.515151515,0,PASS
0.902222222,0,0,0.5,0,1,0,0,0.175,0,0.464646465,0,RUSH
0.902619048,0,0,0.558333333,1,0,0,0,0.25,0,0.252525253,0,PASS
0.903240741,0,0,0.5,0,1,0,0,0.15,0,0.434343434,0,PASS
0.90337963,0,0,0.5,1,0,0,0,0.25,0,0.646464646,0,PASS
0.904150327,0,0,0.45,0,1,0,0,0.325,0,0.222222222,0,PASS
0.905357143,0,0,0.5,1,0,0,0,0.25,0,0.434343434,0,PASS
0.905388889,0,0,0.441666667,1,0,0,0,0.25,0,0.262626263,0,PASS
0.905555556,0,0,0.441666667,0,0,1,0,0.25,1,0.939393939,0,PASS
0.905555556,0,0,0.441666667,0,0,0,1,0.25,1,0.939393939,0,PUNT
0.905694444,0,0,0.5,0,1,0,0,0.25,0,0.585858586,0,PASS
0.906230159,0,0,0.5,0,1,0,0,0.25,0,0.909090909,0,PASS
0.906388889,0,0,0.558333333,1,0,0,0,0.25,0,0.676767677,0,PASS
0.906638889,0,0,0.475,0,0,1,0,0.225,1,0.545454545,0,PASS
0.906987179,0,0,0.475,0,0,1,0,0.55,1,0.767676768,0,PASS
0.907222222,0,0,0.5,1,0,0,0,0.25,0,0.474747475,0,RUSH
0.907777778,0,0,0.441666667,0,1,0,0,0.25,0,0.939393939,0,PASS
0.907857143,0,0,0.558333333,0,0,1,0,0.175,1,0.323232323,0,PASS
0.90875,0,0,0.5,1,0,0,0,0.25,0,0.494949495,0,RUSH
0.909884259,0,0,0.5,0,1,0,0,0.1,0,0.777777778,0,PASS
0.909934641,0,0,0.45,1,0,0,0,0.25,0,0.191919192,1,RUSH
0.91,0,0,0.441666667,1,0,0,0,0.25,0,0.939393939,0,PASS
0.910104167,0,0,0.5,1,0,0,0,0.25,0,0.585858586,0,PASS
0.910416667,0,0,0.5,0,1,0,0,0.25,0,0.353535354,0,PASS
0.911888889,0,0,0.441666667,0,1,0,0,0.075,0,0.535353535,0,PASS
0.9125,0,0,0.5,1,0,0,0,0.25,0,0.909090909,0,PASS
0.912539683,0,0,0.5,0,1,0,0,0.125,0,0.555555556,0,PASS
0.913095238,0,0,0.558333333,0,1,0,0,0.2,0,0.333333333,0,PASS
0.913111111,0,0,0.475,0,1,0,0,0.225,0,0.545454545,0,PASS
0.913226496,0,0,0.475,0,1,0,0,0.55,0,0.767676768,0,PASS
0.913611111,0,0,0.5,1,0,0,0,0.25,0,0.353535354,0,PASS
0.914513889,0,0,0.5,0,0,1,0,0.125,0,0.656565657,0,RUSH
0.915277778,0,0,0.5,0,1,0,0,0.225,0,0.696969697,0,PASS
0.916388889,0,0,0.5,1,0,0,0,0.25,0,0.838383838,0,RUSH
0.918333333,0,0,0.558333333,1,0,0,0,0.25,0,0.353535354,0,RUSH
0.918388889,0,0,0.441666667,1,0,0,0,0.25,0,0.606060606,0,PASS
0.918650794,0,0,0.45,0,0,0,1,0.15,0,0.454545455,0,PASS
0.918923611,0,0,0.5,0,1,0,0,0.125,0,0.656565657,0,PASS
0.919465812,0,0,0.475,1,0,0,0,0.25,0,0.646464646,0,RUSH
0.919583333,0,0,0.475,1,0,0,0,0.25,0,0.555555556,0,PASS
0.919722222,0,0,0.5,1,0,0,0,0.25,0,0.606060606,0,RUSH
0.92,0,0,0.5,0,0,1,0,0.2,1,0.777777778,0,PASS
0.92,0,0,0.5,0,0,1,0,0.35,1,0.95959596,0,PASS
0.92,0,0,0.5,0,0,0,1,0.35,1,0.95959596,0,PUNT
0.921503268,0,0,0.45,0,1,0,0,0.075,0,0.363636364,0,PASS
0.921805556,0,0,0.5,1,0,0,0,0.25,0,0.707070707,0,RUSH
0.922301587,0,0,0.45,0,0,1,0,0.15,0,0.454545455,0,PASS
0.922662037,0,0,0.5,0,1,0,0,0.1,0,0.04040404,1,RUSH
0.923194444,0,0,0.5,0,1,0,0,0.2,0,0.777777778,0,PASS
0.923333333,0,0,0.5,1,0,0,0,0.25,0,0.707070707,0,PASS
0.924888889,0,0,0.441666667,0,1,0,0,0.225,0,0.747474747,0,PASS
0.925277778,0,0,0.5,0,1,0,0,0.35,0,0.95959596,0,PASS
0.925705128,0,0,0.475,0,1,0,0,0.25,0,0.757575758,0,PASS
0.925952381,0,0,0.45,0,1,0,0,0.15,0,0.454545455,0,PASS
0.926055556,0,0,0.475,1,0,0,0,0.25,0,0.686868687,0,RUSH
0.926388889,0,0,0.5,1,0,0,0,0.25,0,0.797979798,0,PASS
0.928333333,0,0,0.5,0,0,1,0,0.125,0,0.757575758,0,PASS
0.928611111,0,0,0.5,1,0,0,0,0.1,0,0.04040404,1,PASS
0.929583333,0,0,0.5,0,1,0,0,0.25,0,0.929292929,0,PASS
0.929603175,0,0,0.45,1,0,0,0,0.25,0,0.494949495,0,PASS
0.930198413,0,0,0.5,0,0,1,0,0.375,1,0.626262626,0,PASS
0.930198413,0,0,0.5,0,0,0,1,0.375,1,0.626262626,0,PUNT
0.930277778,0,0,0.5,0,0,0,1,0.25,1,0.101010101,1,FIELD_GOAL
0.930555556,0,0,0.5,0,0,1,0,0.05,0,0.646464646,0,PASS
0.930555556,0,0,0.5,0,0,0,1,0.05,0,0.646464646,0,PUNT
0.930555556,0,0,0.5,1,0,0,0,0.25,0,0.919191919,0,RUSH
0.931388889,0,0,0.5,0,0,0,1,0.15,0,0.222222222,0,FIELD_GOAL
0.931388889,0,0,0.441666667,1,0,0,0,0.25,0,0.757575758,0,PASS
0.931944444,0,0,0.475,1,0,0,0,0.25,0,0.757575758,0,PASS
0.932314815,0,0,0.475,0,0,1,0,0.35,1,0.898989899,0,PASS
0.932314815,0,0,0.475,0,0,0,1,0.35,1,0.898989899,0,PUNT
0.932777778,0,0,0.5,1,0,0,0,0.25,0,0.929292929,0,PASS
0.932777778,0,0,0.5,0,0,1,0,0.125,0,0.050505051,1,PASS
0.933071895,0,0,0.45,1,0,0,0,0.25,0,0.434343434,0,PASS
0.933253968,0,0,0.45,1,0,0,0,0.25,0,0.616161616,0,PASS
0.934560185,0,0,0.5,1,0,0,0,0.375,0,0.333333333,0,PASS
0.934722222,0,0,0.558333333,1,0,0,0,0.025,0,0.01010101,1,PASS
0.934861111,0,0,0.5,0,1,0,0,0.15,0,0.767676768,0,PASS
0.936087963,0,0,0.5,0,0,1,0,0.25,1,0.101010101,1,PASS
0.936111111,0,0,0.5,0,1,0,0,0.25,0,0.727272727,0,PASS
0.936904762,0,0,0.45,0,1,0,0,0.25,0,0.757575758,0,PASS
0.93734127,0,0,0.5,0,1,0,0,0.225,0,0.565656566,0,RUSH
0.93825,0,0,0.5,0,0,1,0,0.125,0,0.212121212,0,RUSH
0.938518519,0,0,0.475,0,1,0,0,0.25,0,0.858585859,0,RUSH
0.938856209,0,0,0.45,0,1,0,0,0.125,0,0.515151515,0,PASS
0.938981481,0,0,0.475,0,0,1,0,0.25,1,0.757575758,0,PASS
0.939,0,0,0.475,0,1,0,0,0.2,0,0.808080808,0,PASS
0.939277778,0,0,0.5,0,1,0,0,0.125,0,0.050505051,1,PASS
0.940555556,0,0,0.45,1,0,0,0,0.25,0,0.757575758,0,PASS
0.941388889,0,0,0.5,1,0,0,0,0.25,0,0.808080808,0,PASS
0.941666667,0,0,0.5,1,0,0,0,0.25,0,0.727272727,0,PASS
0.941666667,0,0,0.5,0,0,0,1,0.05,0,0.434343434,0,PASS
0.941898148,0,0,0.5,0,1,0,0,0.25,0,0.101010101,1,PASS
0.942777778,0,0,0.5,0,0,1,0,0.375,1,0.636363636,0,RUSH
0.942777778,0,0,0.5,0,0,0,1,0.675,1,0.757575758,0,PUNT
0.942962963,0,0,0.475,0,1,0,0,0.25,0,0.757575758,0,PASS
0.944484127,0,0,0.5,1,0,0,0,0.25,0,0.575757576,0,RUSH
0.944640523,0,0,0.45,1,0,0,0,0.25,0,0.565656566,0,PASS
0.944722222,0,0,0.475,1,0,0,0,0.25,0,0.858585859,0,PASS
0.945111111,0,0,0.5,0,1,0,0,0.125,0,0.212121212,0,PASS
0.945472222,0,0,0.475,1,0,0,0,0.475,0,0.919191919,0,PASS
0.945777778,0,0,0.5,1,0,0,0,0.125,0,0.050505051,1,PASS
0.946388889,0,0,0.5,0,0,0,1,0.05,0,0.292929293,0,PASS
0.946458333,0,0,0.5,1,0,0,0,0.25,0,0.393939394,0,PASS
0.946944444,0,0,0.475,1,0,0,0,0.25,0,0.757575758,0,PASS
0.947708333,0,0,0.5,1,0,0,0,0.225,0,0.090909091,1,RUSH
0.949166667,0,0,0.5,0,0,1,0,0.1,0,0.454545455,0,RUSH
0.950424837,0,0,0.45,1,0,0,0,0.25,0,0.666666667,0,RUSH
0.951111111,0,0,0.5,1,0,0,0,0.25,0,0.272727273,0,PASS
0.951626984,0,0,0.5,0,1,0,0,0.15,0,0.727272727,0,PASS
0.951972222,0,0,0.5,1,0,0,0,0.25,0,0.262626263,0,RUSH
0.952277778,0,0,0.5,0,1,0,0,0.05,0,0.131313131,1,PASS
0.952314815,0,0,0.5,0,1,0,0,0.3,0,0.606060606,0,RUSH
0.952345679,0,0,0.5,0,0,1,0,0.15,0,0.333333333,0,RUSH
0.952407407,0,0,0.5,0,0,1,0,0.1,0,0.444444444,0,PASS
0.953518519,0,0,0.5,1,0,0,0,0.25,0,0.232323232,0,PASS
0.956111111,0,0,0.5,0,0,0,1,0.3,1,0.373737374,0,PASS
0.95620915,0,0,0.45,0,0,1,0,0.175,1,0.787878788,0,PASS
0.956666667,0,0,0.5,0,1,0,0,0.125,0,0.464646465,0,PASS
0.958302469,0,0,0.5,0,1,0,0,0.15,0,0.333333333,0,PASS
0.958356481,0,0,0.5,0,1,0,0,0.325,0,0.535353535,0,PASS
0.958769841,0,0,0.5,1,0,0,0,0.25,0,0.767676768,0,PASS
0.958777778,0,0,0.5,1,0,0,0,0.25,0,0.212121212,0,RUSH
0.958833333,0,0,0.5,0,1,0,0,0.05,0,0.383838384,0,RUSH
0.959027778,0,0,0.5,0,0,1,0,0.175,1,0.373737374,0,PASS
0.959328704,0,0,0.5,0,1,0,0,0.175,0,0.444444444,0,PASS
0.961597222,0,0,0.5,0,0,1,0,0.225,1,0.343434343,0,RUSH
0.961851852,0,0,0.5,1,0,0,0,0.25,0,0.585858586,0,RUSH
0.961993464,0,0,0.45,0,1,0,0,0.25,0,0.818181818,0,RUSH
0.963888889,0,0,0.5,0,0,1,0,0.25,1,0.252525253,0,PASS
0.964166667,0,0,0.5,1,0,0,0,0.25,0,0.515151515,0,RUSH
0.964259259,0,0,0.5,1,0,0,0,0.25,0,0.373737374,0,PASS
0.964305556,0,0,0.5,1,0,0,0,0.25,0,0.505050505,0,RUSH
0.964444444,0,0,0.5,0,0,1,0,0.05,0,0.676767677,0,PASS
0.965138889,0,0,0.5,1,0,0,0,0.25,0,0.474747475,0,RUSH
0.965277778,0,0,0.5,0,1,0,0,0.45,0,0.656565657,0,PASS
0.965625,0,0,0.5,0,1,0,0,0.175,0,0.373737374,0,PASS
0.965694444,0,0,0.5,1,0,0,0,0.25,0,0.464646465,0,PASS
0.965912698,0,0,0.5,0,1,0,0,0.175,0,0.868686869,0,RUSH
0.966111111,0,0,0.5,0,0,1,0,0.05,0,0.737373737,0,PASS
0.966111111,0,0,0.5,0,0,0,1,0.05,0,0.737373737,0,PUNT
0.967083333,0,0,0.5,0,1,0,0,0.225,0,0.343434343,0,PASS
0.967777778,0,0,0.45,1,0,0,0,0.25,0,0.818181818,0,PASS
0.968888889,0,0,0.5,0,0,0,1,0.025,0,0.666666667,0,PUNT
0.968888889,0,0,0.5,0,1,0,0,0.25,0,0.252525253,0,PASS
0.970216049,0,0,0.5,1,0,0,0,0.25,0,0.505050505,0,RUSH
0.97025463,0,0,0.5,0,0,1,0,0.1,0,0.595959596,0,RUSH
0.970277778,0,0,0.5,0,0,0,1,0.225,1,0.777777778,0,RUSH
0.970949074,0,0,0.5,0,0,1,0,0.1,0,0.575757576,0,PASS
0.971388889,0,0,0.5,0,0,1,0,0.125,0,0.707070707,0,PASS
0.971666667,0,0,0.5,0,0,1,0,0.025,0,0.323232323,0,PASS
0.972222222,0,0,0.5,1,0,0,0,0.25,0,0.404040404,0,RUSH
0.972569444,0,0,0.5,1,0,0,0,0.25,0,0.353535354,0,PASS
0.973055556,0,0,0.5,1,0,0,0,0.25,0,0.898989899,0,RUSH
0.973722222,0,0,0.5,0,0,1,0,0.05,0,0.434343434,0,PASS
0.973888889,0,0,0.5,1,0,0,0,0.25,0,0.252525253,0,PASS
0.974444444,0,0,0.5,0,0,1,0,0.1,0,0.242424242,0,PASS
0.97617284,0,0,0.5,0,1,0,0,0.275,0,0.626262626,0,PASS
0.976203704,0,0,0.5,0,1,0,0,0.1,0,0.595959596,0,PASS
0.976296296,0,0,0.5,0,1,0,0,0.1,0,0.696969697,0,RUSH
0.976388889,0,0,0.5,0,1,0,0,0.025,0,0.323232323,0,PASS
0.976759259,0,0,0.5,0,1,0,0,0.15,0,0.595959596,0,PASS
0.977407407,0,0,0.5,0,1,0,0,0.075,0,0.747474747,0,PASS
0.9775,0,0,0.5,0,0,1,0,0.175,1,0.484848485,0,PASS
0.9775,0,0,0.5,0,0,0,1,0.175,1,0.484848485,0,PUNT
0.977708333,0,0,0.5,0,0,1,0,0.05,0,0.707070707,0,PASS
0.978055556,0,0,0.5,0,1,0,0,0.25,0,0.606060606,0,PASS
0.978277778,0,0,0.5,1,0,0,0,0.25,0,0.575757576,0,RUSH
0.978703704,0,0,0.5,0,1,0,0,0.1,0,0.242424242,0,PASS
0.978888889,0,0,0.5,0,0,1,0,0.075,0,0.373737374,0,PASS
0.979166667,0,0,0.5,0,0,1,0,0.15,0,0.717171717,0,PASS
0.979166667,0,0,0.5,0,0,0,1,0.15,0,0.717171717,0,PUNT
0.979416667,0,0,0.5,1,0,0,0,0.25,0,0.626262626,0,RUSH
0.979944444,0,0,0.5,0,1,0,0,0.125,0,0.464646465,0,PASS
0.980925926,0,0,0.5,0,1,0,0,0.125,0,0.707070707,0,RUSH
0.981111111,0,0,0.5,1,0,0,0,0.25,0,0.414141414,0,PASS
0.98212963,0,0,0.5,1,0,0,0,0.25,0,0.616161616,0,PASS
0.982152778,0,0,0.5,1,0,0,0,0.25,0,0.656565657,0,PASS
0.982569444,0,0,0.5,1,0,0,0,0.25,0,0.636363636,0,RUSH
0.982592593,0,0,0.5,0,0,1,0,0.4,1,0.828282828,0,PASS
0.982592593,0,0,0.5,0,0,0,1,0.4,1,0.828282828,0,PUNT
0.982962963,0,0,0.5,1,0,0,0,0.25,0,0.303030303,0,RUSH
0.983055556,0,0,0.5,0,0,1,0,0.05,0,0.676767677,0,PASS
0.983055556,0,0,0.5,0,0,0,1,0.05,0,0.676767677,0,PUNT
0.983125,0,0,0.5,0,1,0,0,0.25,0,0.515151515,0,RUSH
0.983541667,0,0,0.5,1,0,0,0,0.25,0,0.606060606,0,PASS
0.983888889,0,0,0.5,0,1,0,0,0.3,0,0.464646465,0,PASS
0.984777778,0,0,0.5,0,0,1,0,0.05,0,0.656565657,0,PASS
0.985138889,0,0,0.5,0,1,0,0,0.275,0,0.797979798,0,PASS
0.985833333,0,0,0.5,1,0,0,0,0.25,0,0.616161616,0,PASS
0.986111111,0,0,0.5,0,1,0,0,0.3,0,0.777777778,0,RUSH
0.986166667,0,0,0.5,1,0,0,0,0.25,0,0.515151515,0,PASS
0.986277778,0,0,0.5,0,1,0,0,0.275,0,0.767676768,0,PASS
0.986944444,0,0,0.5,0,1,0,0,0.375,0,0.818181818,0,PASS
0.98808642,0,0,0.5,0,1,0,0,0.25,0,0.717171717,0,PASS
0.988101852,0,0,0.5,0,1,0,0,0.25,0,0.757575758,0,PASS
0.988148148,0,0,0.5,1,0,0,0,0.25,0,0.757575758,0,PASS
0.98837963,0,0,0.5,0,1,0,0,0.075,0,0.686868687,0,PASS
0.988703704,0,0,0.5,0,1,0,0,0.125,0,0.707070707,0,RUSH
0.988703704,0,0,0.5,1,0,0,0,0.25,0,0.818181818,0,PASS
0.98875,0,0,0.5,1,0,0,0,0.25,0,0.515151515,0,PASS
0.988888889,0,0,0.5,1,0,0,0,0.25,0,0.444444444,0,RUSH
0.989027778,0,0,0.5,0,1,0,0,0.25,0,0.757575758,0,PASS
0.990462963,0,0,0.5,1,0,0,0,0.25,0,0.757575758,0,PASS
0.990555556,0,0,0.5,0,1,0,0,0.2,0,0.737373737,0,PASS
0.991277778,0,0,0.5,0,1,0,0,0.175,0,0.707070707,0,PASS
0.991944444,0,0,0.5,0,1,0,0,0.175,0,0.727272727,0,PASS
0.992388889,0,0,0.5,1,0,0,0,0.25,0,0.636363636,0,PASS
0.992569444,0,0,0.5,1,0,0,0,0.25,0,0.787878788,0,RUSH
0.993055556,0,0,0.5,1,0,0,0,0.25,0,0.757575758,0,PASS
0.993138889,0,0,0.5,1,0,0,0,0.25,0,0.757575758,0,RUSH
0.99404321,0,0,0.5,1,0,0,0,0.25,0,0.717171717,0,PASS
0.994050926,0,0,0.5,1,0,0,0,0.25,0,0.757575758,0,PASS
0.994189815,0,0,0.5,1,0,0,0,0.25,0,0.757575758,0,PASS
0.994351852,0,0,0.5,1,0,0,0,0.25,0,0.757575758,0,PASS
0.994375,0,0,0.5,1,0,0,0,0.25,0,0.656565657,0,PASS
0.994513889,0,0,0.5,1,0,0,0,0.25,0,0.757575758,0,PASS
0.995277778,0,0,0.5,1,0,0,0,0.25,0,0.757575758,0,RUSH
0.995648148,0,0,0.5,1,0,0,0,0.25,0,0.767676768,0,PASS
0.995740741,0,0,0.5,1,0,0,0,0.25,0,0.757575758,0,RUSH
0.995972222,0,0,0.5,1,0,0,0,0.25,0,0.757575758,0,PASS
0.997777778,0,0,0.5,1,0,0,0,0.25,0,0.737373737,0,RUSH
0.998611111,0,0,0.5,1,0,0,0,0.25,0,0.808080808,0,PASS