Game Clock,2min Warning,Late Game,Lead,d1,d2,d3,d4,Distance,LateLong,Spot,isRedZone,Play Type
0.946944444,0,0,0.5,1,0,0,0,0.25,0,0.636363636,0,RUSH
0.942152778,0,0,0.5,0,1,0,0,0.125,0,0.585858586,0,RUSH
0.937361111,0,0,0.5,1,0,0,0,0.25,0,0.494949495,0,RUSH
0.932569444,0,0,0.5,0,1,0,0,0.2,0,0.474747475,0,PASS
0.890277778,0,0,0.557142857,1,0,0,0,0.25,0,0.616161616,0,PASS
0.885833333,0,0,0.557142857,1,0,0,0,0.25,0,0.434343434,0,RUSH
0.881388889,0,0,0.557142857,0,1,0,0,0.225,0,0.424242424,0,PASS
0.876944444,0,0,0.557142857,1,0,0,0,0.25,0,0.171717172,1,PASS
0.8725,0,0,0.557142857,1,0,0,0,0.175,0,0.070707071,1,PASS
0.815486111,0,0,0.614285714,1,0,0,0,0.45,0,0.929292929,0,PASS
0.807638889,0,0,0.614285714,0,1,0,0,0.4,0,0.909090909,0,RUSH
0.799791667,0,0,0.614285714,0,0,1,0,0.175,1,0.818181818,0,PASS
0.791944444,0,0,0.614285714,1,0,0,0,0.25,0,0.737373737,0,RUSH
0.784097222,0,0,0.614285714,1,0,0,0,0.25,0,0.606060606,0,RUSH
0.77625,0,0,0.614285714,0,1,0,0,0.1,0,0.545454545,0,RUSH
0.768402778,0,0,0.614285714,1,0,0,0,0.25,0,0.494949495,0,PASS
0.760555556,0,0,0.614285714,0,1,0,0,0.25,0,0.494949495,0,RUSH
0.74,0,0,0.664285714,1,0,0,0,0.25,0,0.838383838,0,RUSH
0.732857143,0,0,0.664285714,0,1,0,0,0.35,0,0.878787879,0,PASS
0.725714286,0,0,0.664285714,0,0,1,0,0.125,0,0.787878788,0,PASS
0.718571429,0,0,0.664285714,1,0,0,0,0.25,0,0.616161616,0,PASS
0.711428571,0,0,0.664285714,0,1,0,0,0.25,0,0.616161616,0,RUSH
0.704285714,0,0,0.664285714,0,0,1,0,0.1,0,0.555555556,0,PASS
0.697142857,0,0,0.664285714,0,0,0,1,0.025,0,0.525252525,0,RUSH
0.673055556,0,0,0.664285714,1,0,0,0,0.25,0,0.585858586,0,RUSH
0.655,0,0,0.614285714,1,0,0,0,0.25,0,0.656565657,0,RUSH
0.646444444,0,0,0.614285714,0,1,0,0,0.25,0,0.656565657,0,PASS
0.637888889,0,0,0.614285714,0,0,1,0,0.025,0,0.565656566,0,PASS
0.629333333,0,0,0.614285714,1,0,0,0,0.25,0,0.505050505,0,RUSH
0.620777778,0,0,0.614285714,0,1,0,0,0.325,0,0.535353535,0,PASS
0.616388889,0,0,0.571428571,1,0,0,0,0.25,0,0.373737374,0,RUSH
0.579722222,0,0,0.621428571,1,0,0,0,0.25,0,0.595959596,0,RUSH
0.570092593,0,0,0.621428571,0,1,0,0,0.3,0,0.616161616,0,PASS
0.560462963,0,0,0.621428571,0,0,1,0,0.3,1,0.616161616,0,RUSH
0.560462963,0,0,0.621428571,0,0,0,1,0.45,1,0.676767677,0,PUNT
0.515833333,1,0,0.621428571,1,0,0,0,0.25,0,0.717171717,0,PASS
0.510555556,1,0,0.621428571,1,0,0,0,0.25,0,0.606060606,0,PASS
0.5,1,0,0.621428571,0,1,0,0,0.5,0,0.707070707,0,RUSH
0.5,0,0,0.621428571,1,0,0,0,0.25,0,0.757575758,0,RUSH
0.488703704,0,0,0.621428571,0,1,0,0,0.275,0,0.767676768,0,PASS
0.477407407,0,0,0.621428571,0,0,1,0,0.15,0,0.717171717,0,RUSH
0.477407407,0,0,0.621428571,0,0,0,1,0.375,1,0.808080808,0,PUNT
0.420833333,0,0,0.571428571,1,0,0,0,0.25,0,0.919191919,0,RUSH
0.413074074,0,0,0.571428571,0,1,0,0,0.125,0,0.868686869,0,RUSH
0.405314815,0,0,0.571428571,1,0,0,0,0.25,0,0.808080808,0,RUSH
0.397555556,0,0,0.571428571,0,1,0,0,0.3,0,0.828282828,0,RUSH
0.382037037,0,0,0.571428571,1,0,0,0,0.25,0,0.636363636,0,RUSH
0.374277778,0,0,0.571428571,0,1,0,0,0.325,0,0.666666667,0,RUSH
0.366518519,0,0,0.571428571,0,0,1,0,0.025,0,0.545454545,0,RUSH
0.358759259,0,0,0.571428571,1,0,0,0,0.25,0,0.515151515,0,PASS
0.351,0,0,0.571428571,0,1,0,0,0.225,0,0.505050505,0,RUSH
0.343240741,0,0,0.571428571,1,0,0,0,0.25,0,0.363636364,0,RUSH
0.335481481,0,0,0.571428571,0,1,0,0,0.175,0,0.333333333,0,RUSH
0.327722222,0,0,0.571428571,0,0,1,0,0.025,0,0.272727273,0,RUSH
0.319962963,0,0,0.571428571,1,0,0,0,0.25,0,0.232323232,0,RUSH
0.312203704,0,0,0.571428571,0,1,0,0,0.2,0,0.212121212,0,PASS
0.205,0,0,0.621428571,1,0,0,0,0.25,0,0.98989899,0,RUSH
0.19709596,0,0,0.621428571,0,1,0,0,0.225,0,0.97979798,0,RUSH
0.189191919,0,0,0.621428571,0,0,1,0,0.175,1,0.95959596,0,RUSH
0.173383838,0,0,0.621428571,1,0,0,0,0.25,0,0.404040404,0,RUSH
0.165479798,0,0,0.621428571,0,1,0,0,0.325,0,0.434343434,0,PASS
0.157575758,0,0,0.621428571,0,0,1,0,0.325,1,0.434343434,0,RUSH
0.149671717,0,0,0.621428571,1,0,0,0,0.25,0,0.272727273,0,RUSH
0.141767677,0,0,0.621428571,0,1,0,0,0.175,0,0.242424242,0,RUSH
0.133863636,0,0,0.621428571,0,0,1,0,0.125,0,0.222222222,0,PASS
0.125959596,0,0,0.621428571,0,0,0,1,0.125,0,0.222222222,0,FIELD_GOAL
0.068888889,0,1,0.642857143,1,0,0,0,0.25,0,0.757575758,0,RUSH
0.058,0,1,0.642857143,0,1,0,0,0.175,0,0.727272727,0,RUSH
0.047111111,0,1,0.642857143,1,0,0,0,0.25,0,0.646464646,0,RUSH
0.036222222,0,1,0.642857143,0,1,0,0,0.2,0,0.626262626,0,RUSH
0.025333333,1,1,0.642857143,0,0,1,0,0.05,0,0.565656566,0,RUSH
0.025333333,1,1,0.642857143,0,0,0,1,0.075,0,0.575757576,0,PUNT
0.984444444,0,0,0.5,1,0,0,0,0.25,0,0.505050505,0,RUSH
0.979756944,0,0,0.5,0,1,0,0,0.175,0,0.474747475,0,RUSH
0.975069444,0,0,0.5,0,0,1,0,0.15,0,0.464646465,0,PASS
0.970381944,0,0,0.5,1,0,0,0,0.25,0,0.212121212,0,PASS
0.965694444,0,0,0.5,0,1,0,0,0.125,0,0.161616162,1,RUSH
0.961006944,0,0,0.5,0,0,1,0,0.075,0,0.141414141,1,RUSH
0.956319444,0,0,0.5,0,0,0,1,0.025,0,0.121212121,1,RUSH
0.951631944,0,0,0.5,1,0,0,0,0.175,0,0.070707071,1,RUSH
0.943611111,0,0,0.55,1,0,0,0,0.25,0,0.555555556,0,PASS
0.932592593,0,0,0.55,0,1,0,0,0.175,0,0.525252525,0,RUSH
0.910555556,0,0,0.55,0,0,1,0,0.25,1,0.555555556,0,PASS
0.910555556,0,0,0.55,0,0,0,1,0.15,0,0.515151515,0,PUNT
0.896666667,0,0,0.55,1,0,0,0,0.25,0,0.565656566,0,RUSH
0.888611111,0,0,0.55,0,1,0,0,0.15,0,0.525252525,0,RUSH
0.880555556,0,0,0.55,0,0,1,0,0.025,0,0.474747475,0,RUSH
0.8725,0,0,0.55,1,0,0,0,0.25,0,0.393939394,0,PASS
0.864444444,0,0,0.55,1,0,0,0,0.25,0,0.272727273,0,PASS
0.81,0,0,0.6,1,0,0,0,0.25,0,0.575757576,0,RUSH
0.796851852,0,0,0.6,0,1,0,0,0.3,0,0.595959596,0,PASS
0.790277778,0,0,0.6,0,0,1,0,0.3,1,0.595959596,0,PASS
0.783703704,0,0,0.6,1,0,0,0,0.25,0,0.434343434,0,RUSH
0.77712963,0,0,0.6,1,0,0,0,0.25,0,0.272727273,0,RUSH
0.770555556,0,0,0.6,0,1,0,0,0.05,0,0.191919192,1,RUSH
0.763981481,0,0,0.6,1,0,0,0,0.25,0,0.141414141,1,PASS
0.757407407,0,0,0.6,1,0,0,0,0.1,0,0.04040404,1,RUSH
0.750833333,0,0,0.6,0,1,0,0,0.1,0,0.04040404,1,RUSH
0.726388889,0,0,0.65,1,0,0,0,0.25,0,0.787878788,0,PASS
0.720972222,0,0,0.65,0,1,0,0,0.25,0,0.787878788,0,RUSH
0.715555556,0,0,0.65,0,0,1,0,0.1,0,0.727272727,0,PASS
0.710138889,0,0,0.65,1,0,0,0,0.25,0,0.626262626,0,PASS
0.633611111,0,0,0.65,1,0,0,0,0.25,0,0.777777778,0,RUSH
0.617166667,0,0,0.65,1,0,0,0,0.375,0,0.646464646,0,RUSH
0.608944444,0,0,0.65,0,1,0,0,0.3,0,0.616161616,0,PASS
0.600722222,0,0,0.65,0,0,1,0,0.1,0,0.535353535,0,PASS
0.5925,0,0,0.65,1,0,0,0,0.25,0,0.444444444,0,RUSH
0.577777778,0,0,0.7,1,0,0,0,0.25,0,0.242424242,0,PASS
0.562037037,0,0,0.7,0,1,0,0,0.3,0,0.262626263,0,RUSH
0.554166667,0,0,0.7,1,0,0,0,0.025,0,0.01010101,1,RUSH
0.5,0,0,0.75,1,0,0,0,0.25,0,0.757575758,0,RUSH
0.492268519,0,0,0.75,0,1,0,0,0.05,0,0.676767677,0,RUSH
0.484537037,0,0,0.75,1,0,0,0,0.25,0,0.606060606,0,RUSH
0.469074074,0,0,0.75,1,0,0,0,0.75,0,0.818181818,0,PASS
0.461342593,0,0,0.75,0,1,0,0,0.75,0,0.818181818,0,PASS
0.453611111,0,0,0.75,0,0,1,0,0.75,1,0.818181818,0,RUSH
0.453611111,0,0,0.75,0,0,0,1,0.675,1,0.787878788,0,PUNT
0.423888889,0,0,0.75,1,0,0,0,0.25,0,0.666666667,0,RUSH
0.415,0,0,0.75,0,1,0,0,0.15,0,0.626262626,0,PASS
0.406111111,0,0,0.75,0,0,1,0,0.025,0,0.575757576,0,RUSH
0.388333333,0,0,0.75,1,0,0,0,0.375,0,0.585858586,0,PASS
0.379444444,0,0,0.75,0,1,0,0,0.375,0,0.585858586,0,RUSH
0.370555556,0,0,0.75,0,0,1,0,0.1,0,0.474747475,0,RUSH
0.361666667,0,0,0.75,1,0,0,0,0.25,0,0.363636364,0,RUSH
0.352777778,0,0,0.75,0,1,0,0,0.2,0,0.343434343,0,RUSH
0.343888889,0,0,0.75,0,0,1,0,0.15,0,0.323232323,0,PASS
0.335,0,0,0.75,0,0,0,1,0.05,0,0.282828283,0,RUSH
0.326111111,0,0,0.75,1,0,0,0,0.25,0,0.242424242,0,PASS
0.276666667,0,0,0.75,1,0,0,0,0.25,0,0.747474747,0,PASS
0.267708333,0,0,0.75,0,1,0,0,0.3,0,0.767676768,0,RUSH
0.25875,0,0,0.75,0,0,1,0,0.175,1,0.717171717,0,RUSH
0.25,0,0,0.75,1,0,0,0,0.25,0,0.595959596,0,RUSH
0.241041667,0,0,0.75,1,0,0,0,0.25,0,0.424242424,0,RUSH
0.232083333,0,0,0.75,0,1,0,0,0.225,0,0.414141414,0,RUSH
0.223125,0,0,0.75,0,0,1,0,0.2,1,0.404040404,0,PASS
0.214166667,0,0,0.75,0,0,0,1,0.075,0,0.353535354,0,RUSH
0.176666667,0,0,0.75,1,0,0,0,0.25,0,0.787878788,0,PASS
0.170347222,0,0,0.75,1,0,0,0,0.25,0,0.686868687,0,PASS
0.164027778,0,0,0.75,0,1,0,0,0.25,0,0.686868687,0,PASS
0.157708333,0,0,0.75,0,0,1,0,0.3,1,0.707070707,0,PASS
0.157708333,0,0,0.75,0,0,0,1,0.3,1,0.707070707,0,PUNT
0.074444444,0,1,0.75,1,0,0,0,0.25,0,0.787878788,0,PASS
0.065925926,0,1,0.75,0,1,0,0,0.2,0,0.767676768,0,PASS
0.057407407,0,1,0.75,0,0,1,0,0.1,0,0.727272727,0,PASS
0.057407407,0,1,0.75,0,0,0,1,0.1,0,0.727272727,0,PUNT
0.011111111,1,1,0.75,1,0,0,0,0.25,0,0.565656566,0,RUSH
0.9775,0,0,0.5,1,0,0,0,0.25,0,0.949494949,0,PASS
0.973055556,0,0,0.5,0,1,0,0,0.15,0,0.909090909,0,PASS
0.948055556,0,0,0.55,1,0,0,0,0.25,0,0.737373737,0,RUSH
0.944444444,0,0,0.55,1,0,0,0,0.25,0,0.474747475,0,PASS
0.923888889,0,0,0.6,1,0,0,0,0.25,0,0.232323232,0,RUSH
0.919907407,0,0,0.6,0,1,0,0,0.05,0,0.151515152,1,RUSH
0.915925926,0,0,0.6,1,0,0,0,0.2,0,0.080808081,1,PASS
0.911944444,0,0,0.6,0,1,0,0,0.2,0,0.080808081,1,RUSH
0.907962963,0,0,0.6,0,0,1,0,0.075,0,0.03030303,1,RUSH
0.903981481,0,0,0.6,0,0,0,1,0.025,0,0.01010101,1,PASS
0.881666667,0,0,0.6,1,0,0,0,0.25,0,0.737373737,0,PASS
0.876277778,0,0,0.6,1,0,0,0,0.25,0,0.414141414,0,RUSH
0.870888889,0,0,0.6,0,1,0,0,0.225,0,0.404040404,0,PASS
0.8655,0,0,0.6,0,0,1,0,0.225,1,0.404040404,0,PASS
0.860111111,0,0,0.6,1,0,0,0,0.25,0,0.282828283,0,RUSH
0.8525,0,0,0.6,1,0,0,0,0.25,0,0.767676768,0,RUSH
0.8475,0,0,0.6,0,1,0,0,0.1,0,0.707070707,0,RUSH
0.8425,0,0,0.6,1,0,0,0,0.25,0,0.343434343,0,PASS
0.8375,0,0,0.6,0,1,0,0,0.025,0,0.252525253,0,RUSH
0.8325,0,0,0.6,1,0,0,0,0.25,0,0.181818182,1,PASS
0.8275,0,0,0.6,0,1,0,0,0.2,0,0.161616162,1,RUSH
0.8225,0,0,0.6,0,0,1,0,0.325,1,0.212121212,0,PASS
0.8175,0,0,0.6,0,0,0,1,0.325,1,0.212121212,0,FIELD_GOAL
0.754351852,0,0,0.571428571,1,0,0,0,0.375,0,0.808080808,0,RUSH
0.74537037,0,0,0.571428571,0,1,0,0,0.625,0,0.909090909,0,PASS
0.75,0,0,0.571428571,0,0,1,0,0.625,1,0.909090909,0,PASS
0.75,0,0,0.571428571,0,0,0,1,0.35,1,0.797979798,0,PUNT
0.700555556,0,0,0.571428571,1,0,0,0,0.25,0,0.606060606,0,RUSH
0.695416667,0,0,0.571428571,0,1,0,0,0.225,0,0.595959596,0,PASS
0.690277778,0,0,0.571428571,0,0,1,0,0.1,0,0.545454545,0,PASS
0.685138889,0,0,0.571428571,1,0,0,0,0.25,0,0.474747475,0,PASS
0.68,0,0,0.571428571,0,1,0,0,0.25,0,0.474747475,0,RUSH
0.674861111,0,0,0.571428571,1,0,0,0,0.25,0,0.353535354,0,PASS
0.669722222,0,0,0.571428571,0,1,0,0,0.25,0,0.353535354,0,RUSH
0.664583333,0,0,0.571428571,1,0,0,0,0.25,0,0.171717172,1,RUSH
0.654305556,0,0,0.571428571,1,0,0,0,0.05,0,0.02020202,1,RUSH
0.649166667,0,0,0.571428571,0,1,0,0,0.05,0,0.02020202,1,PASS
0.644027778,0,0,0.571428571,0,0,1,0,0.025,0,0.01010101,1,RUSH
0.638888889,0,0,0.571428571,0,0,0,1,0.025,0,0.01010101,1,RUSH
0.575555556,0,0,0.6,1,0,0,0,0.25,0,0.757575758,0,PASS
0.567944444,0,0,0.6,0,1,0,0,0.075,0,0.686868687,0,RUSH
0.560333333,0,0,0.6,1,0,0,0,0.25,0,0.626262626,0,RUSH
0.552722222,0,0,0.6,0,1,0,0,0.025,0,0.535353535,0,PASS
0.545111111,0,0,0.6,0,0,1,0,0.025,0,0.535353535,0,RUSH
0.539444444,0,0,0.6,0,0,0,1,0.025,0,0.535353535,0,PUNT
0.5,0,0,0.578571429,1,0,0,0,0.25,0,0.757575758,0,RUSH
0.495166667,0,0,0.578571429,1,0,0,0,0.25,0,0.595959596,0,RUSH
0.490333333,0,0,0.578571429,0,1,0,0,0.125,0,0.545454545,0,RUSH
0.480666667,0,0,0.578571429,1,0,0,0,0.25,0,0.474747475,0,PASS
0.471,0,0,0.578571429,0,1,0,0,0.375,0,0.525252525,0,PASS
0.466166667,0,0,0.578571429,0,0,1,0,0.1,0,0.414141414,0,RUSH
0.460555556,0,0,0.578571429,0,0,0,1,0.025,0,0.383838384,0,RUSH
0.455722222,0,0,0.578571429,1,0,0,0,0.125,0,0.050505051,1,RUSH
0.450888889,0,0,0.578571429,0,1,0,0,0.025,0,0.01010101,1,RUSH
0.444166667,0,0,0.628571429,1,0,0,0,0.25,0,0.808080808,0,PASS
0.437259259,0,0,0.628571429,0,1,0,0,0.275,0,0.818181818,0,RUSH
0.430351852,0,0,0.628571429,1,0,0,0,0.25,0,0.595959596,0,RUSH
0.423444444,0,0,0.628571429,0,1,0,0,0.075,0,0.525252525,0,RUSH
0.416537037,0,0,0.628571429,1,0,0,0,0.25,0,0.454545455,0,PASS
0.40962963,0,0,0.628571429,0,1,0,0,0.05,0,0.373737374,0,RUSH
0.402722222,0,0,0.628571429,1,0,0,0,0.25,0,0.343434343,0,RUSH
0.395814815,0,0,0.628571429,0,1,0,0,0.075,0,0.272727273,0,PASS
0.388907407,0,0,0.628571429,0,0,1,0,0.075,0,0.272727273,0,RUSH
0.382,0,0,0.628571429,0,0,0,1,0.025,0,0.252525253,0,RUSH
0.375092593,0,0,0.628571429,1,0,0,0,0.25,0,0.191919192,1,RUSH
0.368185185,0,0,0.628571429,0,1,0,0,0.025,0,0.101010101,1,RUSH
0.361277778,0,0,0.628571429,1,0,0,0,0.175,0,0.070707071,1,PASS
0.35437037,0,0,0.628571429,0,1,0,0,0.175,0,0.070707071,1,RUSH
0.347462963,0,0,0.628571429,0,0,1,0,0.15,0,0.060606061,1,PASS
0.326944444,0,0,0.628571429,1,0,0,0,0.25,0,0.414141414,0,RUSH
0.3215625,0,0,0.628571429,1,0,0,0,0.25,0,0.303030303,0,PASS
0.316180556,0,0,0.628571429,0,1,0,0,0.075,0,0.232323232,0,RUSH
0.310798611,0,0,0.628571429,0,0,1,0,0.075,0,0.232323232,0,PASS
0.305416667,0,0,0.628571429,1,0,0,0,0.25,0,0.151515152,1,PASS
0.300034722,0,0,0.628571429,0,1,0,0,0.25,0,0.151515152,1,PASS
0.294652778,0,0,0.628571429,0,0,1,0,0.025,0,0.060606061,1,RUSH
0.289270833,0,0,0.628571429,1,0,0,0,0.05,0,0.02020202,1,RUSH
0.204444444,0,0,0.678571429,1,0,0,0,0.25,0,0.939393939,0,RUSH
0.194888889,0,0,0.678571429,0,1,0,0,0.1,0,0.878787879,0,RUSH
0.185333333,0,0,0.678571429,1,0,0,0,0.25,0,0.818181818,0,RUSH
0.175777778,0,0,0.678571429,0,1,0,0,0.275,0,0.828282828,0,PASS
0.166222222,0,0,0.678571429,0,0,1,0,0.275,1,0.828282828,0,RUSH
0.166222222,0,0,0.678571429,0,0,0,1,0.025,0,0.727272727,0,PUNT
0.101666667,0,1,0.628571429,1,0,0,0,0.25,0,0.656565657,0,RUSH
0.091041667,0,1,0.628571429,0,1,0,0,0.125,0,0.606060606,0,RUSH
0.080416667,0,1,0.628571429,0,0,1,0,0.025,0,0.565656566,0,RUSH
0.069791667,0,1,0.628571429,1,0,0,0,0.25,0,0.545454545,0,RUSH
0.059166667,0,1,0.628571429,0,1,0,0,0.125,0,0.494949495,0,RUSH
0.037916667,0,1,0.628571429,1,0,0,0,0.625,0,0.585858586,0,RUSH
0.027291667,1,1,0.628571429,0,1,0,0,0.65,0,0.595959596,0,RUSH
0.02,1,1,0.628571429,0,0,1,0,0.625,1,0.585858586,0,RUSH
0.018611111,1,1,0.628571429,0,0,0,1,0.525,1,0.545454545,0,PUNT
0.978611111,0,0,0.5,1,0,0,0,0.25,0,0.303030303,0,PASS
0.975694444,0,0,0.5,1,0,0,0,0.25,0,0.101010101,1,PASS
0.972777778,0,0,0.5,0,1,0,0,0.25,0,0.101010101,1,PASS
0.966944444,0,0,0.5,0,0,1,0,0.075,0,0.03030303,1,PASS
0.966944444,0,0,0.5,1,0,0,0,0.075,0,0.03030303,1,RUSH
0.948888889,0,0,0.55,1,0,0,0,0.25,0,0.111111111,1,PASS
0.916944444,0,0,0.592857143,1,0,0,0,0.25,0,0.252525253,0,PASS
0.911944444,0,0,0.592857143,1,0,0,0,0.2,0,0.080808081,1,PASS
0.874166667,0,0,0.642857143,1,0,0,0,0.25,0,0.757575758,0,PASS
0.867385621,0,0,0.642857143,0,1,0,0,0.125,0,0.707070707,0,PASS
0.860604575,0,0,0.642857143,1,0,0,0,0.25,0,0.636363636,0,PASS
0.853823529,0,0,0.642857143,1,0,0,0,0.25,0,0.464646465,0,PASS
0.847042484,0,0,0.642857143,0,1,0,0,0.25,0,0.464646465,0,PASS
0.840261438,0,0,0.642857143,1,0,0,0,0.25,0,0.353535354,0,PASS
0.833480392,0,0,0.642857143,0,1,0,0,0.25,0,0.353535354,0,PASS
0.826699346,0,0,0.642857143,0,0,1,0,0.05,0,0.272727273,0,PASS
0.819918301,0,0,0.642857143,0,0,0,1,0.025,0,0.262626263,0,RUSH
0.813137255,0,0,0.642857143,1,0,0,0,0.25,0,0.232323232,0,PASS
0.806356209,0,0,0.642857143,0,1,0,0,0.25,0,0.232323232,0,PASS
0.792794118,0,0,0.642857143,1,0,0,0,0.375,0,0.181818182,1,PASS
0.786013072,0,0,0.642857143,0,1,0,0,0.375,0,0.181818182,1,PASS
0.779232026,0,0,0.642857143,0,0,1,0,0.2,1,0.111111111,1,PASS
0.769166667,0,0,0.642857143,0,0,0,1,0.2,1,0.111111111,1,PASS
0.755604575,0,0,0.642857143,1,0,0,0,0.025,0,0.01010101,1,PASS
0.754722222,0,0,0.692857143,1,0,0,0,0.125,0,0.050505051,1,PASS
0.725,0,0,0.742857143,1,0,0,0,0.25,0,0.383838384,0,RUSH
0.719675926,0,0,0.742857143,0,1,0,0,0.225,0,0.373737374,0,PASS
0.714351852,0,0,0.742857143,1,0,0,0,0.25,0,0.252525253,0,RUSH
0.709027778,0,0,0.742857143,0,1,0,0,0.3,0,0.272727273,0,PASS
0.69837963,0,0,0.742857143,1,0,0,0,0.25,0,0.181818182,1,RUSH
0.657777778,0,0,0.792857143,1,0,0,0,0.25,0,0.626262626,0,RUSH
0.650868056,0,0,0.792857143,0,1,0,0,0.175,0,0.595959596,0,RUSH
0.643958333,0,0,0.792857143,0,0,1,0,0.1,0,0.565656566,0,RUSH
0.637048611,0,0,0.792857143,1,0,0,0,0.25,0,0.515151515,0,RUSH
0.630138889,0,0,0.792857143,1,0,0,0,0.25,0,0.404040404,0,RUSH
0.623229167,0,0,0.792857143,1,0,0,0,0.25,0,0.191919192,1,RUSH
0.616319444,0,0,0.792857143,0,1,0,0,0.15,0,0.151515152,1,PASS
0.609409722,0,0,0.792857143,0,0,1,0,0.15,0,0.151515152,1,PASS
0.543333333,0,0,0.842857143,1,0,0,0,0.25,0,0.858585859,0,RUSH
0.53867284,0,0,0.842857143,1,0,0,0,0.25,0,0.585858586,0,PASS
0.534012346,0,0,0.842857143,0,1,0,0,0.25,0,0.585858586,0,PASS
0.529351852,1,0,0.842857143,0,0,1,0,0.025,0,0.494949495,0,RUSH
0.524691358,1,0,0.842857143,1,0,0,0,0.25,0,0.353535354,0,PASS
0.520030864,1,0,0.842857143,0,1,0,0,0.25,0,0.353535354,0,PASS
0.51537037,1,0,0.842857143,0,0,1,0,0.25,1,0.353535354,0,PASS
0.510709877,1,0,0.842857143,0,0,0,1,0.125,0,0.303030303,0,PASS
0.506049383,1,0,0.842857143,1,0,0,0,0.25,0,0.151515152,1,PASS
0.5,0,0,0.892857143,1,0,0,0,0.25,0,0.656565657,0,RUSH
0.490524691,0,0,0.892857143,1,0,0,0,0.25,0,0.555555556,0,RUSH
0.481049383,0,0,0.892857143,0,1,0,0,0.1,0,0.494949495,0,RUSH
0.471574074,0,0,0.892857143,1,0,0,0,0.25,0,0.393939394,0,RUSH
0.462098765,0,0,0.892857143,0,1,0,0,0.125,0,0.343434343,0,RUSH
0.452623457,0,0,0.892857143,0,0,1,0,0.05,0,0.313131313,0,RUSH
0.443148148,0,0,0.892857143,0,0,0,1,0.1,0,0.333333333,0,RUSH
0.43367284,0,0,0.892857143,1,0,0,0,0.25,0,0.202020202,1,RUSH
0.424197531,0,0,0.892857143,0,1,0,0,0.15,0,0.161616162,1,RUSH
0.354444444,0,0,0.942857143,1,0,0,0,0.25,0,0.909090909,0,RUSH
0.34531746,0,0,0.942857143,0,1,0,0,0.1,0,0.848484848,0,RUSH
0.336190476,0,0,0.942857143,1,0,0,0,0.25,0,0.777777778,0,RUSH
0.327063492,0,0,0.942857143,1,0,0,0,0.25,0,0.666666667,0,RUSH
0.317936508,0,0,0.942857143,1,0,0,0,0.225,0,0.090909091,1,RUSH
0.308809524,0,0,0.942857143,1,0,0,0,0.325,0,0.131313131,1,RUSH
0.29968254,0,0,0.942857143,0,1,0,0,0.325,0,0.131313131,1,RUSH
0.251666667,0,0,0.992857143,1,0,0,0,0.25,0,0.565656566,0,RUSH
0.25,0,0,0.992857143,0,1,0,0,0.25,0,0.565656566,0,RUSH
0.240925926,0,0,0.992857143,0,0,1,0,0.225,1,0.555555556,0,RUSH
0.240925926,0,0,0.992857143,0,0,0,1,0.025,0,0.474747475,0,PUNT
0.191666667,0,0,0.992857143,1,0,0,0,0.25,0,0.98989899,0,RUSH
0.167261905,0,0,0.992857143,0,1,0,0,0.2,0,0.96969697,0,RUSH
0.155059524,0,0,0.992857143,0,0,1,0,0.025,0,0.898989899,0,RUSH
0.142857143,0,0,0.992857143,1,0,0,0,0.25,0,0.838383838,0,RUSH
0.130654762,0,0,0.992857143,1,0,0,0,0.25,0,0.626262626,0,RUSH
0.118452381,0,0,0.992857143,0,1,0,0,0.05,0,0.545454545,0,RUSH
0.10625,0,1,0.992857143,1,0,0,0,0.25,0,0.444444444,0,RUSH
0.094047619,0,1,0.992857143,0,1,0,0,0.175,0,0.414141414,0,RUSH
0.081845238,0,1,0.992857143,0,0,1,0,0.15,0,0.404040404,0,RUSH
0.069642857,0,1,0.992857143,1,0,0,0,0.25,0,0.313131313,0,RUSH
0.057440476,0,1,0.992857143,0,1,0,0,0.075,0,0.242424242,0,RUSH
0.045238095,0,1,0.992857143,1,0,0,0,0.25,0,0.141414141,1,RUSH
0.033035714,1,1,0.992857143,0,1,0,0,0.3,0,0.161616162,1,RUSH
0.020833333,1,1,0.992857143,0,0,1,0,0.15,0,0.101010101,1,RUSH
0.973611111,0,0,0.5,1,0,0,0,0.25,0,0.555555556,0,RUSH
0.968958333,0,0,0.5,0,1,0,0,0.1,0,0.494949495,0,PASS
0.964305556,0,0,0.5,1,0,0,0,0.25,0,0.404040404,0,RUSH
0.959652778,0,0,0.5,1,0,0,0,0.25,0,0.252525253,0,PASS
0.930833333,0,0,0.55,1,0,0,0,0.25,0,0.696969697,0,RUSH
0.923888889,0,0,0.55,0,1,0,0,0.1,0,0.636363636,0,RUSH
0.916944444,0,0,0.55,1,0,0,0,0.25,0,0.525252525,0,RUSH
0.91,0,0,0.55,0,1,0,0,0.25,0,0.525252525,0,RUSH
0.896111111,0,0,0.55,0,0,1,0,0.3,1,0.545454545,0,PASS
0.896111111,0,0,0.55,0,0,0,1,0.3,1,0.545454545,0,PUNT
0.811388889,0,0,0.5,1,0,0,0,0.25,0,0.737373737,0,RUSH
0.795,0,0,0.5,1,0,0,0,0.375,0,0.666666667,0,RUSH
0.786805556,0,0,0.5,0,1,0,0,0.25,0,0.616161616,0,PASS
0.778611111,0,0,0.5,0,0,1,0,0.075,0,0.545454545,0,PASS
0.770416667,0,0,0.5,1,0,0,0,0.25,0,0.474747475,0,PASS
0.762222222,0,0,0.5,1,0,0,0,0.25,0,0.262626263,0,PASS
0.726851852,0,0,0.55,1,0,0,0,0.25,0,0.656565657,0,RUSH
0.719537037,0,0,0.55,0,1,0,0,0.125,0,0.606060606,0,PASS
0.712222222,0,0,0.55,1,0,0,0,0.25,0,0.535353535,0,PASS
0.704907407,0,0,0.55,0,1,0,0,0.25,0,0.535353535,0,RUSH
0.697592593,0,0,0.55,0,0,1,0,0.125,0,0.484848485,0,RUSH
0.692222222,0,0,0.55,0,0,0,1,0.05,0,0.454545455,0,PUNT
0.621666667,0,0,0.55,1,0,0,0,0.25,0,0.474747475,0,RUSH
0.614027778,0,0,0.55,0,1,0,0,0.125,0,0.424242424,0,PASS
0.606388889,0,0,0.55,1,0,0,0,0.25,0,0.353535354,0,RUSH
0.59875,0,0,0.55,0,1,0,0,0.275,0,0.363636364,0,PASS
0.591111111,0,0,0.55,0,0,1,0,0.05,0,0.272727273,0,PASS
0.577222222,0,0,0.55,0,0,0,1,0.05,0,0.272727273,0,FIELD_GOAL
0.525,1,0,0.521428571,1,0,0,0,0.25,0,0.717171717,0,RUSH
0.521909722,1,0,0.521428571,1,0,0,0,0.25,0,0.575757576,0,PASS
0.518819444,1,0,0.521428571,0,1,0,0,0.15,0,0.535353535,0,PASS
0.515729167,1,0,0.521428571,0,0,1,0,0.15,0,0.535353535,0,RUSH
0.512638889,1,0,0.521428571,1,0,0,0,0.25,0,0.434343434,0,PASS
0.506458333,1,0,0.521428571,0,1,0,0,0.375,0,0.484848485,0,RUSH
0.503368056,1,0,0.521428571,0,0,1,0,0.175,1,0.404040404,0,PASS
0.500277778,1,0,0.521428571,0,0,0,1,0.175,1,0.404040404,0,PASS
0.5,0,0,0.571428571,1,0,0,0,0.25,0,0.818181818,0,PASS
0.492722222,0,0,0.571428571,0,1,0,0,0.125,0,0.767676768,0,PASS
0.485444444,0,0,0.571428571,1,0,0,0,0.25,0,0.676767677,0,RUSH
0.478166667,0,0,0.571428571,0,1,0,0,0.15,0,0.636363636,0,RUSH
0.470888889,0,0,0.571428571,0,0,1,0,0.05,0,0.595959596,0,RUSH
0.463611111,0,0,0.571428571,1,0,0,0,0.25,0,0.535353535,0,RUSH
0.456333333,0,0,0.571428571,0,1,0,0,0.175,0,0.505050505,0,RUSH
0.449055556,0,0,0.571428571,1,0,0,0,0.25,0,0.424242424,0,PASS
0.441777778,0,0,0.571428571,0,1,0,0,0.25,0,0.424242424,0,RUSH
0.4345,0,0,0.571428571,0,0,1,0,0.15,0,0.383838384,0,PASS
0.4345,0,0,0.571428571,0,0,0,1,0.15,0,0.383838384,0,PUNT
0.383333333,0,0,0.571428571,1,0,0,0,0.25,0,0.474747475,0,RUSH
0.376041667,0,0,0.571428571,0,1,0,0,0.175,0,0.444444444,0,RUSH
0.36875,0,0,0.571428571,0,0,1,0,0.1,0,0.414141414,0,RUSH
0.361458333,0,0,0.571428571,0,0,0,1,0.025,0,0.383838384,0,RUSH
0.339722222,0,0,0.571428571,1,0,0,0,0.25,0,0.323232323,0,RUSH
0.332380952,0,0,0.571428571,1,0,0,0,0.25,0,0.171717172,1,RUSH
0.325039683,0,0,0.571428571,0,1,0,0,0.25,0,0.171717172,1,RUSH
0.317698413,0,0,0.571428571,0,0,1,0,0.2,1,0.151515152,1,PASS
0.310357143,0,0,0.571428571,1,0,0,0,0.15,0,0.060606061,1,RUSH
0.303015873,0,0,0.571428571,0,1,0,0,0.025,0,0.01010101,1,RUSH
0.295674603,0,0,0.571428571,0,0,1,0,0.025,0,0.01010101,1,PASS
0.229722222,0,0,0.571428571,1,0,0,0,0.25,0,0.616161616,0,RUSH
0.218095238,0,0,0.571428571,1,0,0,0,0.25,0,0.464646465,0,RUSH
0.206468254,0,0,0.571428571,0,1,0,0,0.25,0,0.464646465,0,PASS
0.19484127,0,0,0.571428571,0,0,1,0,0.15,0,0.424242424,0,PASS
0.183214286,0,0,0.571428571,1,0,0,0,0.25,0,0.343434343,0,RUSH
0.171587302,0,0,0.571428571,0,1,0,0,0.125,0,0.292929293,0,RUSH
0.159960317,0,0,0.571428571,0,0,1,0,0.1,0,0.282828283,0,RUSH
0.148333333,0,0,0.571428571,0,0,0,1,0.4,1,0.404040404,0,PUNT
0.111666667,0,1,0.571428571,1,0,0,0,0.25,0,0.646464646,0,RUSH
0.100185185,0,1,0.571428571,0,1,0,0,0.3,0,0.666666667,0,RUSH
0.088703704,0,1,0.571428571,0,0,1,0,0.2,1,0.626262626,0,RUSH
0.088703704,0,1,0.571428571,0,0,0,1,0.025,0,0.555555556,0,PUNT
0.034166667,0,1,0.55,1,0,0,0,0.25,0,0.666666667,0,RUSH
0.0325,1,1,0.55,0,1,0,0,0.125,0,0.616161616,0,RUSH
0.031111111,1,1,0.55,0,0,1,0,0.25,1,0.666666667,0,RUSH
0.031111111,1,1,0.55,0,0,0,1,0.15,0,0.626262626,0,PUNT
0.005555556,1,1,0.55,1,0,0,0,0.25,0,0.161616162,1,RUSH
1,0,0,0.5,1,0,0,0,0.25,0,0.757575758,0,PASS
0.994826389,0,0,0.5,1,0,0,0,0.25,0,0.555555556,0,PASS
0.989652778,0,0,0.5,0,1,0,0,0.05,0,0.474747475,0,PASS
0.984479167,0,0,0.5,1,0,0,0,0.25,0,0.373737374,0,PASS
0.979305556,0,0,0.5,1,0,0,0,0.2,0,0.080808081,1,PASS
0.974131944,0,0,0.5,0,1,0,0,0.25,0,0.101010101,1,RUSH
0.968958333,0,0,0.5,0,0,1,0,0.25,1,0.101010101,1,PASS
0.963784722,0,0,0.5,0,0,0,1,0.25,1,0.101010101,1,FIELD_GOAL
0.921666667,0,0,0.521428571,1,0,0,0,0.25,0,0.808080808,0,RUSH
0.915694444,0,0,0.521428571,1,0,0,0,0.25,0,0.696969697,0,RUSH
0.883333333,0,0,0.471428571,1,0,0,0,0.25,0,0.757575758,0,RUSH
0.875972222,0,0,0.471428571,0,1,0,0,0.025,0,0.666666667,0,RUSH
0.868611111,0,0,0.471428571,1,0,0,0,0.25,0,0.595959596,0,RUSH
0.86125,0,0,0.471428571,0,1,0,0,0.125,0,0.545454545,0,RUSH
0.853888889,0,0,0.471428571,0,0,1,0,0.025,0,0.505050505,0,RUSH
0.846527778,0,0,0.471428571,1,0,0,0,0.25,0,0.414141414,0,PASS
0.839166667,0,0,0.471428571,0,1,0,0,0.25,0,0.414141414,0,RUSH
0.831805556,0,0,0.471428571,0,0,1,0,0.125,0,0.363636364,0,RUSH
0.831805556,0,0,0.471428571,0,0,0,1,0.175,1,0.383838384,0,PUNT
0.721944444,0,0,0.471428571,1,0,0,0,0.25,0,0.757575758,0,RUSH
0.715393519,0,0,0.471428571,0,1,0,0,0.025,0,0.666666667,0,RUSH
0.708842593,0,0,0.471428571,1,0,0,0,0.25,0,0.606060606,0,PASS
0.702291667,0,0,0.471428571,0,1,0,0,0.25,0,0.606060606,0,RUSH
0.695740741,0,0,0.471428571,1,0,0,0,0.25,0,0.454545455,0,PASS
0.689189815,0,0,0.471428571,0,1,0,0,0.25,0,0.454545455,0,RUSH
0.682638889,0,0,0.471428571,0,0,1,0,0.1,0,0.393939394,0,RUSH
0.676087963,0,0,0.471428571,1,0,0,0,0.25,0,0.313131313,0,PASS
0.669537037,0,0,0.471428571,1,0,0,0,0.15,0,0.060606061,1,RUSH
0.662986111,0,0,0.471428571,0,1,0,0,0.125,0,0.050505051,1,RUSH
0.656435185,0,0,0.471428571,0,0,1,0,0.075,0,0.03030303,1,PASS
0.649884259,0,0,0.471428571,0,0,0,1,0.075,0,0.03030303,1,FIELD_GOAL
0.583333333,0,0,0.471428571,1,0,0,0,0.25,0,0.757575758,0,RUSH
0.577083333,0,0,0.471428571,0,1,0,0,0.25,0,0.757575758,0,RUSH
0.570833333,0,0,0.471428571,0,0,1,0,0.075,0,0.686868687,0,PASS
0.564583333,0,0,0.471428571,0,0,0,1,0.075,0,0.686868687,0,RUSH
0.515555556,1,0,0.45,1,0,0,0,0.25,0,0.757575758,0,RUSH
0.513,1,0,0.45,1,0,0,0,0.25,0,0.626262626,0,PASS
0.508888889,1,0,0.45,0,1,0,0,0.025,0,0.535353535,0,PASS
0.506333333,1,0,0.45,0,0,1,0,0.025,0,0.535353535,0,RUSH
0.503777778,1,0,0.45,1,0,0,0,0.25,0,0.525252525,0,PASS
0.427777778,0,0,0.428571429,1,0,0,0,0.25,0,0.656565657,0,PASS
0.420714286,0,0,0.428571429,0,1,0,0,0.025,0,0.565656566,0,RUSH
0.413650794,0,0,0.428571429,1,0,0,0,0.25,0,0.484848485,0,RUSH
0.406587302,0,0,0.428571429,1,0,0,0,0.25,0,0.333333333,0,RUSH
0.39952381,0,0,0.428571429,0,1,0,0,0.125,0,0.282828283,0,RUSH
0.392460317,0,0,0.428571429,1,0,0,0,0.25,0,0.202020202,1,PASS
0.385396825,0,0,0.428571429,1,0,0,0,0.175,0,0.070707071,1,RUSH
0.351111111,0,0,0.428571429,1,0,0,0,0.25,0,0.363636364,0,RUSH
0.339074074,0,0,0.428571429,1,0,0,0,0.5,0,0.353535354,0,RUSH
0.333055556,0,0,0.428571429,0,1,0,0,0.35,0,0.292929293,0,PASS
0.327037037,0,0,0.428571429,0,0,1,0,0.025,0,0.161616162,1,RUSH
0.321018519,0,0,0.428571429,1,0,0,0,0.15,0,0.060606061,1,RUSH
0.315,0,0,0.428571429,0,1,0,0,0.1,0,0.04040404,1,RUSH
0.271388889,0,0,0.478571429,1,0,0,0,0.25,0,0.929292929,0,PASS
0.263293651,0,0,0.478571429,0,1,0,0,0.25,0,0.929292929,0,RUSH
0.255198413,0,0,0.478571429,0,0,1,0,0.1,0,0.868686869,0,PASS
0.25,0,0,0.478571429,1,0,0,0,0.25,0,0.747474747,0,RUSH
0.241904762,0,0,0.478571429,1,0,0,0,0.25,0,0.575757576,0,RUSH
0.233809524,0,0,0.478571429,0,1,0,0,0.175,0,0.545454545,0,RUSH
0.225714286,0,0,0.478571429,0,0,1,0,0.125,0,0.525252525,0,PASS
0.225714286,0,0,0.478571429,0,0,0,1,0.125,0,0.525252525,0,PUNT
0.207222222,0,0,0.478571429,1,0,0,0,0.25,0,0.161616162,1,RUSH
0.203263889,0,0,0.478571429,1,0,0,0,0.125,0,0.050505051,1,PASS
0.199305556,0,0,0.478571429,0,1,0,0,0.125,0,0.050505051,1,RUSH
0.195347222,0,0,0.478571429,0,0,1,0,0.05,0,0.02020202,1,RUSH
0.152777778,0,0,0.478571429,1,0,0,0,0.25,0,0.818181818,0,RUSH
0.144861111,0,0,0.478571429,0,1,0,0,0.2,0,0.797979798,0,RUSH
0.136944444,0,0,0.478571429,0,0,1,0,0.1,0,0.757575758,0,PASS
0.129027778,0,0,0.478571429,1,0,0,0,0.25,0,0.696969697,0,PASS
0.121111111,0,0,0.478571429,0,1,0,0,0.025,0,0.606060606,0,PASS
0.113194444,0,1,0.478571429,1,0,0,0,0.25,0,0.222222222,0,RUSH
0.105277778,0,1,0.478571429,0,1,0,0,0.15,0,0.181818182,1,PASS
0.097361111,0,1,0.478571429,1,0,0,0,0.175,0,0.070707071,1,RUSH
0.045277778,0,1,0.528571429,1,0,0,0,0.25,0,0.666666667,0,RUSH
0.037388889,0,1,0.528571429,0,1,0,0,0.125,0,0.616161616,0,RUSH
0.0295,1,1,0.528571429,1,0,0,0,0.25,0,0.565656566,0,RUSH
0.0225,1,1,0.528571429,0,1,0,0,0.2,0,0.545454545,0,RUSH
0.020277778,1,1,0.528571429,0,0,1,0,0.125,0,0.515151515,0,RUSH
0.007777778,1,1,0.528571429,0,0,0,1,0.2,1,0.545454545,0,PUNT
0.906388889,0,0,0.45,1,0,0,0,0.25,0,0.757575758,0,PASS
0.891435185,0,0,0.45,0,1,0,0,0.15,0,0.717171717,0,RUSH
0.883958333,0,0,0.45,1,0,0,0,0.25,0,0.656565657,0,PASS
0.876481481,0,0,0.45,0,1,0,0,0.1,0,0.595959596,0,PASS
0.86900463,0,0,0.45,1,0,0,0,0.25,0,0.515151515,0,RUSH
0.861527778,0,0,0.45,0,1,0,0,0.125,0,0.464646465,0,RUSH
0.854050926,0,0,0.45,0,0,1,0,0.025,0,0.424242424,0,RUSH
0.846574074,0,0,0.45,1,0,0,0,0.25,0,0.323232323,0,RUSH
0.839097222,0,0,0.45,1,0,0,0,0.25,0,0.161616162,1,RUSH
0.83162037,0,0,0.45,0,1,0,0,0.175,0,0.131313131,1,RUSH
0.819166667,0,0,0.45,0,0,1,0,0.1,0,0.101010101,1,PASS
0.811689815,0,0,0.45,0,0,0,1,0.1,0,0.101010101,1,FIELD_GOAL
0.750555556,0,0,0.45,1,0,0,0,0.25,0,0.747474747,0,RUSH
0.75,0,0,0.45,0,1,0,0,0.15,0,0.707070707,0,RUSH
0.745555556,0,0,0.45,0,0,1,0,0.075,0,0.676767677,0,PASS
0.741111111,0,0,0.45,1,0,0,0,0.25,0,0.585858586,0,PASS
0.6225,0,0,0.45,1,0,0,0,0.25,0,0.757575758,0,PASS
0.613518519,0,0,0.45,0,1,0,0,0.2,0,0.737373737,0,RUSH
0.604537037,0,0,0.45,1,0,0,0,0.25,0,0.626262626,0,PASS
0.595555556,0,0,0.45,0,1,0,0,0.05,0,0.545454545,0,RUSH
0.586574074,0,0,0.45,1,0,0,0,0.25,0,0.464646465,0,RUSH
0.577592593,0,0,0.45,1,0,0,0,0.25,0,0.292929293,0,RUSH
0.568611111,0,0,0.45,0,1,0,0,0.425,0,0.363636364,0,PASS
0.55962963,0,0,0.45,0,0,1,0,0.175,1,0.262626263,0,RUSH
0.544907407,0,0,0.45,0,0,0,1,0.25,1,0.292929293,0,PASS
0.508888889,1,0,0.45,1,0,0,0,0.25,0,0.96969697,0,RUSH
0.5,0,0,0.45,1,0,0,0,0.25,0,0.757575758,0,RUSH
0.493974359,0,0,0.45,1,0,0,0,0.25,0,0.636363636,0,RUSH
0.487948718,0,0,0.45,0,1,0,0,0.175,0,0.606060606,0,PASS
0.481923077,0,0,0.45,1,0,0,0,0.25,0,0.474747475,0,PASS
0.475897436,0,0,0.45,0,1,0,0,0.025,0,0.383838384,0,RUSH
0.469871795,0,0,0.45,1,0,0,0,0.25,0,0.323232323,0,PASS
0.463846154,0,0,0.45,0,1,0,0,0.1,0,0.262626263,0,RUSH
0.457820513,0,0,0.45,0,0,1,0,0.025,0,0.232323232,0,RUSH
0.451794872,0,0,0.45,1,0,0,0,0.25,0,0.151515152,1,RUSH
0.445769231,0,0,0.45,0,1,0,0,0.175,0,0.121212121,1,RUSH
0.43974359,0,0,0.45,0,0,1,0,0.025,0,0.060606061,1,RUSH
0.433717949,0,0,0.45,1,0,0,0,0.1,0,0.04040404,1,PASS
0.427692308,0,0,0.45,0,1,0,0,0.025,0,0.01010101,1,RUSH
0.382222222,0,0,0.5,1,0,0,0,0.25,0,0.848484848,0,RUSH
0.375126263,0,0,0.5,0,1,0,0,0.075,0,0.777777778,0,RUSH
0.368030303,0,0,0.5,0,0,1,0,0.025,0,0.757575758,0,RUSH
0.360934343,0,0,0.5,1,0,0,0,0.25,0,0.686868687,0,PASS
0.353838384,0,0,0.5,1,0,0,0,0.25,0,0.535353535,0,PASS
0.346742424,0,0,0.5,0,1,0,0,0.05,0,0.454545455,0,RUSH
0.339646465,0,0,0.5,1,0,0,0,0.25,0,0.353535354,0,PASS
0.332550505,0,0,0.5,0,1,0,0,0.075,0,0.282828283,0,PASS
0.325454545,0,0,0.5,1,0,0,0,0.25,0,0.242424242,0,RUSH
0.318358586,0,0,0.5,0,1,0,0,0.075,0,0.171717172,1,RUSH
0.311262626,0,0,0.5,1,0,0,0,0.25,0,0.141414141,1,PASS
0.291666667,0,0,0.5,1,0,0,0,0.25,0,0.757575758,0,PASS
0.285454545,0,0,0.5,0,1,0,0,0.25,0,0.757575758,0,RUSH
0.273030303,0,0,0.5,1,0,0,0,0.25,0,0.606060606,0,RUSH
0.266818182,0,0,0.5,0,1,0,0,0.075,0,0.535353535,0,PASS
0.260606061,0,0,0.5,1,0,0,0,0.25,0,0.484848485,0,RUSH
0.254393939,0,0,0.5,0,1,0,0,0.225,0,0.474747475,0,PASS
0.25,0,0,0.5,1,0,0,0,0.25,0,0.313131313,0,PASS
0.243787879,0,0,0.5,0,1,0,0,0.25,0,0.313131313,0,RUSH
0.237575758,0,0,0.5,0,0,1,0,0.175,1,0.282828283,0,RUSH
0.231363636,0,0,0.5,1,0,0,0,0.25,0,0.191919192,1,RUSH
0.186388889,0,0,0.55,1,0,0,0,0.25,0,0.727272727,0,RUSH
0.178282828,0,0,0.55,0,1,0,0,0.1,0,0.666666667,0,RUSH
0.170176768,0,0,0.55,0,0,1,0,0.025,0,0.636363636,0,PASS
0.162070707,0,0,0.55,1,0,0,0,0.25,0,0.545454545,0,PASS
0.153964646,0,0,0.55,0,1,0,0,0.2,0,0.525252525,0,RUSH
0.145858586,0,0,0.55,0,0,1,0,0.2,1,0.525252525,0,RUSH
0.137752525,0,0,0.55,1,0,0,0,0.25,0,0.404040404,0,RUSH
0.129646465,0,0,0.55,1,0,0,0,0.25,0,0.121212121,1,PASS
0.121540404,0,0,0.55,0,1,0,0,0.225,0,0.111111111,1,RUSH
0.113434343,0,1,0.55,0,0,1,0,0.15,0,0.080808081,1,PASS
0.105328283,0,1,0.55,0,0,0,1,0.15,0,0.080808081,1,FIELD_GOAL
0.070833333,0,1,0.571428571,1,0,0,0,0.25,0,0.515151515,0,RUSH
0.069444444,0,1,0.571428571,0,1,0,0,0.2,0,0.494949495,0,RUSH
0.068333333,0,1,0.571428571,0,0,1,0,0.075,0,0.444444444,0,RUSH
0.060462963,0,1,0.571428571,1,0,0,0,0.25,0,0.414141414,0,RUSH
0.052592593,0,1,0.571428571,0,1,0,0,0.175,0,0.383838384,0,RUSH
0.044722222,0,1,0.571428571,0,0,1,0,0.15,0,0.373737374,0,RUSH
0.036851852,0,1,0.571428571,1,0,0,0,0.25,0,0.292929293,0,RUSH
0.019722222,1,1,0.571428571,0,1,0,0,0.275,0,0.303030303,0,RUSH
0.011851852,1,1,0.571428571,0,0,1,0,0.325,1,0.323232323,0,RUSH
0.994563492,0,0,0.5,1,0,0,0,0.25,0,0.757575758,0,PASS
0.989126984,0,0,0.5,1,0,0,0,0.25,0,0.616161616,0,PASS
0.983690476,0,0,0.5,1,0,0,0,0.25,0,0.515151515,0,PASS
0.978253968,0,0,0.5,0,1,0,0,0.1,0,0.454545455,0,RUSH
0.97281746,0,0,0.5,1,0,0,0,0.25,0,0.373737374,0,PASS
0.961944444,0,0,0.5,1,0,0,0,0.125,0,0.050505051,1,RUSH
0.956507937,0,0,0.5,0,1,0,0,0.05,0,0.02020202,1,RUSH
0.880555556,0,0,0.55,1,0,0,0,0.25,0,0.808080808,0,RUSH
0.873796296,0,0,0.55,0,1,0,0,0.4,0,0.868686869,0,PASS
0.867037037,0,0,0.55,0,0,1,0,0.4,1,0.868686869,0,RUSH
0.867037037,0,0,0.55,0,0,0,1,0.1,0,0.747474747,0,PUNT
0.842222222,0,0,0.55,1,0,0,0,0.25,0,0.888888889,0,PASS
0.834944444,0,0,0.55,0,1,0,0,0.25,0,0.888888889,0,RUSH
0.827666667,0,0,0.55,0,0,1,0,0.025,0,0.797979798,0,PASS
0.820388889,0,0,0.55,1,0,0,0,0.25,0,0.777777778,0,RUSH
0.813111111,0,0,0.55,1,0,0,0,0.25,0,0.666666667,0,RUSH
0.805833333,0,0,0.55,0,1,0,0,0.15,0,0.626262626,0,RUSH
0.798555556,0,0,0.55,1,0,0,0,0.25,0,0.505050505,0,RUSH
0.791277778,0,0,0.55,0,1,0,0,0.075,0,0.434343434,0,RUSH
0.784,0,0,0.55,0,0,1,0,0.05,0,0.424242424,0,RUSH
0.776722222,0,0,0.55,1,0,0,0,0.25,0,0.393939394,0,RUSH
0.755555556,0,0,0.6,1,0,0,0,0.25,0,0.525252525,0,RUSH
0.75,0,0,0.6,0,1,0,0,0.3,0,0.545454545,0,RUSH
0.744444444,0,0,0.6,0,0,1,0,0.125,0,0.474747475,0,PASS
0.738888889,0,0,0.6,1,0,0,0,0.25,0,0.272727273,0,RUSH
0.733333333,0,0,0.6,0,1,0,0,0.05,0,0.191919192,1,RUSH
0.727777778,0,0,0.6,1,0,0,0,0.25,0,0.111111111,1,RUSH
0.722222222,0,0,0.6,0,1,0,0,0.125,0,0.060606061,1,RUSH
0.691111111,0,0,0.65,1,0,0,0,0.25,0,0.606060606,0,RUSH
0.684722222,0,0,0.65,0,1,0,0,0.45,0,0.686868687,0,PASS
0.678333333,0,0,0.65,0,0,1,0,0.3,1,0.626262626,0,PASS
0.671944444,0,0,0.65,1,0,0,0,0.25,0,0.404040404,0,RUSH
0.665555556,0,0,0.65,0,1,0,0,0.025,0,0.313131313,0,PASS
0.659166667,0,0,0.65,1,0,0,0,0.25,0,0.262626263,0,PASS
0.652777778,0,0,0.65,1,0,0,0,0.15,0,0.060606061,1,RUSH
0.646388889,0,0,0.65,0,1,0,0,0.075,0,0.03030303,1,PASS
0.566944444,0,0,0.65,1,0,0,0,0.25,0,0.454545455,0,PASS
0.560694444,0,0,0.65,0,1,0,0,0.1,0,0.393939394,0,RUSH
0.515277778,1,0,0.7,1,0,0,0,0.25,0,0.848484848,0,RUSH
0.51287037,1,0,0.7,1,0,0,0,0.25,0,0.666666667,0,RUSH
0.510462963,1,0,0.7,1,0,0,0,0.25,0,0.545454545,0,PASS
0.506111111,1,0,0.7,0,1,0,0,0.25,0,0.545454545,0,PASS
0.503703704,1,0,0.7,0,0,1,0,0.1,0,0.484848485,0,PASS
0.5025,1,0,0.7,1,0,0,0,0.25,0,0.252525253,0,PASS
0.460277778,0,0,0.75,1,0,0,0,0.25,0,0.797979798,0,RUSH
0.453944444,0,0,0.75,0,1,0,0,0.2,0,0.777777778,0,PASS
0.447611111,0,0,0.75,1,0,0,0,0.25,0,0.646464646,0,PASS
0.441277778,0,0,0.75,0,1,0,0,0.25,0,0.646464646,0,RUSH
0.434944444,0,0,0.75,0,0,1,0,0.05,0,0.565656566,0,PASS
0.434944444,0,0,0.75,0,0,0,1,0.05,0,0.565656566,0,PUNT
0.410277778,0,0,0.75,1,0,0,0,0.25,0,0.333333333,0,RUSH
0.404027778,0,0,0.75,0,1,0,0,0.075,0,0.262626263,0,PASS
0.367222222,0,0,0.8,1,0,0,0,0.25,0,0.727272727,0,PASS
0.360039683,0,0,0.8,0,1,0,0,0.025,0,0.636363636,0,PASS
0.352857143,0,0,0.8,0,0,1,0,0.025,0,0.636363636,0,RUSH
0.345674603,0,0,0.8,1,0,0,0,0.25,0,0.616161616,0,RUSH
0.338492063,0,0,0.8,1,0,0,0,0.25,0,0.202020202,1,RUSH
0.331309524,0,0,0.8,0,1,0,0,0.1,0,0.141414141,1,RUSH
0.324126984,0,0,0.8,1,0,0,0,0.05,0,0.02020202,1,RUSH
0.264444444,0,0,0.85,1,0,0,0,0.25,0,0.797979798,0,RUSH
0.254871795,0,0,0.85,0,1,0,0,0.2,0,0.777777778,0,RUSH
0.25,0,0,0.85,1,0,0,0,0.25,0,0.656565657,0,RUSH
0.24042735,0,0,0.85,0,1,0,0,0.1,0,0.595959596,0,RUSH
0.230854701,0,0,0.85,0,0,1,0,0.1,0,0.595959596,0,PASS
0.221282051,0,0,0.85,1,0,0,0,0.25,0,0.494949495,0,RUSH
0.211709402,0,0,0.85,0,1,0,0,0.175,0,0.464646465,0,PASS
0.202136752,0,0,0.85,1,0,0,0,0.25,0,0.303030303,0,RUSH
0.192564103,0,0,0.85,0,1,0,0,0.1,0,0.242424242,0,RUSH
0.173418803,0,0,0.85,1,0,0,0,0.375,0,0.232323232,0,RUSH
0.163846154,0,0,0.85,0,1,0,0,0.2,0,0.161616162,1,RUSH
0.153888889,0,0,0.85,1,0,0,0,0.525,0,0.212121212,0,RUSH
0.144316239,0,0,0.85,0,1,0,0,0.275,0,0.111111111,1,RUSH
0.125833333,0,0,0.85,1,0,0,0,0.25,0,0.757575758,0,RUSH
0.112430556,0,1,0.85,1,0,0,0,0.25,0,0.585858586,0,RUSH
0.099027778,0,1,0.85,0,1,0,0,0.15,0,0.545454545,0,RUSH
0.085625,0,1,0.85,0,0,1,0,0.275,1,0.595959596,0,RUSH
0.085625,0,1,0.85,0,0,0,1,0.225,1,0.575757576,0,PUNT
0.032222222,1,1,0.85,1,0,0,0,0.25,0,0.707070707,0,RUSH
0.021481481,1,1,0.85,0,1,0,0,0.025,0,0.616161616,0,RUSH
0.010740741,1,1,0.85,1,0,0,0,0.25,0,0.414141414,0,RUSH
0.951388889,0,0,0.55,1,0,0,0,0.25,0,0.494949495,0,PASS
0.94625,0,0,0.55,0,1,0,0,0.025,0,0.404040404,0,PASS
0.884166667,0,0,0.6,1,0,0,0,0.25,0,0.838383838,0,RUSH
0.876435185,0,0,0.6,0,1,0,0,0.25,0,0.838383838,0,RUSH
0.868703704,0,0,0.6,0,0,1,0,0.1,0,0.777777778,0,PASS
0.860972222,0,0,0.6,1,0,0,0,0.25,0,0.383838384,0,PASS
0.853240741,0,0,0.6,0,1,0,0,0.1,0,0.323232323,0,PASS
0.845509259,0,0,0.6,0,0,1,0,0.1,0,0.323232323,0,PASS
0.823055556,0,0,0.6,1,0,0,0,0.25,0,0.626262626,0,PASS
0.818148148,0,0,0.6,0,1,0,0,0.25,0,0.626262626,0,RUSH
0.813240741,0,0,0.6,0,0,1,0,0.025,0,0.535353535,0,RUSH
0.808333333,0,0,0.6,1,0,0,0,0.25,0,0.494949495,0,PASS
0.803425926,0,0,0.6,1,0,0,0,0.25,0,0.151515152,1,PASS
0.798518519,0,0,0.6,0,1,0,0,0.075,0,0.080808081,1,PASS
0.7925,0,0,0.65,1,0,0,0,0.25,0,0.212121212,0,PASS
0.789305556,0,0,0.65,1,0,0,0,0.05,0,0.02020202,1,PASS
0.713888889,0,0,0.7,1,0,0,0,0.25,0,0.808080808,0,PASS
0.707070707,0,0,0.7,0,1,0,0,0.125,0,0.757575758,0,RUSH
0.700252525,0,0,0.7,1,0,0,0,0.25,0,0.686868687,0,RUSH
0.693434343,0,0,0.7,0,1,0,0,0.1,0,0.626262626,0,RUSH
0.686616162,0,0,0.7,1,0,0,0,0.25,0,0.535353535,0,PASS
0.67979798,0,0,0.7,0,1,0,0,0.25,0,0.535353535,0,PASS
0.672979798,0,0,0.7,0,0,1,0,0.2,1,0.515151515,0,PASS
0.666161616,0,0,0.7,1,0,0,0,0.25,0,0.333333333,0,PASS
0.659343434,0,0,0.7,1,0,0,0,0.25,0,0.191919192,1,PASS
0.652525253,0,0,0.7,1,0,0,0,0.1,0,0.04040404,1,RUSH
0.645707071,0,0,0.7,0,1,0,0,0.025,0,0.01010101,1,PASS
0.606111111,0,0,0.75,1,0,0,0,0.25,0,0.676767677,0,PASS
0.583703704,0,0,0.75,0,1,0,0,0.3,0,0.696969697,0,PASS
0.5725,0,0,0.75,0,0,1,0,0.25,1,0.676767677,0,PASS
0.561296296,0,0,0.75,0,0,0,1,0.375,1,0.727272727,0,PUNT
0.554444444,0,0,0.75,1,0,0,0,0.25,0,0.939393939,0,RUSH
0.549444444,0,0,0.75,1,0,0,0,0.25,0,0.727272727,0,RUSH
0.544444444,0,0,0.75,0,1,0,0,0.025,0,0.636363636,0,RUSH
0.539444444,0,0,0.75,1,0,0,0,0.25,0,0.212121212,0,PASS
0.534444444,0,0,0.75,1,0,0,0,0.25,0,0.101010101,1,PASS
0.5,0,0,0.8,1,0,0,0,0.25,0,0.818181818,0,RUSH
0.491269841,0,0,0.8,1,0,0,0,0.25,0,0.616161616,0,RUSH
0.482539683,0,0,0.8,0,1,0,0,0.2,0,0.595959596,0,PASS
0.473809524,0,0,0.8,0,0,1,0,0.15,0,0.575757576,0,RUSH
0.465079365,0,0,0.8,1,0,0,0,0.25,0,0.323232323,0,RUSH
0.456349206,0,0,0.8,0,1,0,0,0.15,0,0.282828283,0,PASS
0.447619048,0,0,0.8,1,0,0,0,0.1,0,0.04040404,1,RUSH
0.397222222,0,0,0.85,1,0,0,0,0.25,0,0.939393939,0,RUSH
0.388333333,0,0,0.85,0,1,0,0,0.075,0,0.868686869,0,PASS
0.361666667,0,0,0.85,0,0,1,0,0.3,1,0.95959596,0,RUSH
0.352777778,0,0,0.85,1,0,0,0,0.25,0,0.707070707,0,PASS
0.343888889,0,0,0.85,0,1,0,0,0.125,0,0.656565657,0,RUSH
0.335,0,0,0.85,1,0,0,0,0.25,0,0.464646465,0,RUSH
0.326111111,0,0,0.85,1,0,0,0,0.25,0,0.292929293,0,PASS
0.317222222,0,0,0.85,0,1,0,0,0.05,0,0.212121212,0,PASS
0.308333333,0,0,0.85,0,0,1,0,0.05,0,0.212121212,0,RUSH
0.299444444,0,0,0.85,0,0,0,1,0.175,1,0.262626263,0,PASS
0.274722222,0,0,0.85,1,0,0,0,0.25,0,0.878787879,0,RUSH
0.267200855,0,0,0.85,0,1,0,0,0.15,0,0.838383838,0,RUSH
0.259679487,0,0,0.85,0,0,1,0,0.025,0,0.787878788,0,RUSH
0.25,0,0,0.85,1,0,0,0,0.25,0,0.757575758,0,RUSH
0.242478632,0,0,0.85,0,1,0,0,0.075,0,0.686868687,0,RUSH
0.234957265,0,0,0.85,1,0,0,0,0.25,0,0.626262626,0,PASS
0.227435897,0,0,0.85,1,0,0,0,0.25,0,0.494949495,0,RUSH
0.21991453,0,0,0.85,0,1,0,0,0.175,0,0.464646465,0,RUSH
0.212393162,0,0,0.85,1,0,0,0,0.25,0,0.303030303,0,PASS
0.204871795,0,0,0.85,0,1,0,0,0.25,0,0.303030303,0,PASS
0.197350427,0,0,0.85,0,0,1,0,0.1,0,0.242424242,0,RUSH
0.18982906,0,0,0.85,1,0,0,0,0.125,0,0.050505051,1,RUSH
0.182307692,0,0,0.85,0,1,0,0,0.025,0,0.01010101,1,RUSH
0.138888889,0,0,0.9,1,0,0,0,0.25,0,0.797979798,0,RUSH
0.130111111,0,0,0.9,0,1,0,0,0.1,0,0.737373737,0,RUSH
0.121333333,0,0,0.9,1,0,0,0,0.25,0,0.656565657,0,RUSH
0.112555556,0,1,0.9,0,1,0,0,0.175,0,0.626262626,0,PASS
0.103777778,0,1,0.9,0,0,1,0,0.175,1,0.626262626,0,RUSH
0.103777778,0,1,0.9,0,0,0,1,0.075,0,0.585858586,0,PUNT
0.068888889,0,1,0.9,1,0,0,0,0.25,0,0.787878788,0,RUSH
0.059047619,0,1,0.9,0,1,0,0,0.2,0,0.767676768,0,PASS
0.049206349,0,1,0.9,0,0,1,0,0.125,0,0.737373737,0,RUSH
0.039365079,0,1,0.9,1,0,0,0,0.25,0,0.636363636,0,RUSH
0.02952381,1,1,0.9,0,1,0,0,0.125,0,0.585858586,0,RUSH
0.01968254,1,1,0.9,1,0,0,0,0.25,0,0.464646465,0,RUSH
0.00984127,1,1,0.9,0,1,0,0,0.275,0,0.474747475,0,RUSH
0.996666667,0,0,0.5,1,0,0,0,0.25,0,0.777777778,0,PASS
0.993333333,0,0,0.5,0,1,0,0,0.25,0,0.777777778,0,PASS
0.99,0,0,0.5,0,0,1,0,0.075,0,0.707070707,0,RUSH
0.955833333,0,0,0.55,1,0,0,0,0.25,0,0.585858586,0,RUSH
0.950277778,0,0,0.55,0,1,0,0,0.475,0,0.676767677,0,PASS
0.944722222,0,0,0.55,0,0,1,0,0.475,1,0.676767677,0,PASS
0.944722222,0,0,0.55,0,0,0,1,0.475,1,0.676767677,0,PUNT
0.899444444,0,0,0.55,1,0,0,0,0.25,0,0.949494949,0,RUSH
0.892694444,0,0,0.55,0,1,0,0,0.025,0,0.858585859,0,PASS
0.885944444,0,0,0.55,1,0,0,0,0.25,0,0.757575758,0,RUSH
0.879194444,0,0,0.55,0,1,0,0,0.025,0,0.666666667,0,PASS
0.872444444,0,0,0.55,0,0,1,0,0.025,0,0.666666667,0,RUSH
0.865694444,0,0,0.55,1,0,0,0,0.25,0,0.646464646,0,RUSH
0.858944444,0,0,0.55,1,0,0,0,0.25,0,0.333333333,0,PASS
0.852194444,0,0,0.55,1,0,0,0,0.25,0,0.222222222,0,PASS
0.845444444,0,0,0.55,0,1,0,0,0.25,0,0.222222222,0,RUSH
0.838694444,0,0,0.55,0,0,1,0,0.15,0,0.181818182,1,PASS
0.771944444,0,0,0.65,1,0,0,0,0.25,0,1,0,RUSH
0.761722222,0,0,0.65,0,1,0,0,0.175,0,0.96969697,0,RUSH
0.75,0,0,0.65,1,0,0,0,0.25,0,0.707070707,0,PASS
0.739777778,0,0,0.65,0,1,0,0,0.25,0,0.707070707,0,PASS
0.729555556,0,0,0.65,0,0,1,0,0.075,0,0.636363636,0,RUSH
0.723611111,0,0,0.65,0,0,0,1,0.075,0,0.636363636,0,PUNT
0.688888889,0,0,0.65,1,0,0,0,0.25,0,0.444444444,0,PASS
0.683333333,0,0,0.65,0,1,0,0,0.125,0,0.393939394,0,RUSH
0.673888889,0,0,0.65,1,0,0,0,0.25,0,0.111111111,1,PASS
0.647222222,0,0,0.7,1,0,0,0,0.25,0,0.818181818,0,PASS
0.639722222,0,0,0.7,0,1,0,0,0.25,0,0.818181818,0,PASS
0.632222222,0,0,0.7,0,0,1,0,0.25,1,0.818181818,0,RUSH
0.624722222,0,0,0.7,0,0,0,1,0.65,1,0.97979798,0,PUNT
0.624722222,0,0,0.65,1,0,0,0,0.25,0,0.525252525,0,RUSH
0.62,0,0,0.65,0,1,0,0,0.15,0,0.484848485,0,PASS
0.615277778,0,0,0.65,1,0,0,0,0.25,0,0.363636364,0,RUSH
0.610555556,0,0,0.65,1,0,0,0,0.25,0,0.212121212,0,PASS
0.605833333,0,0,0.65,0,1,0,0,0.25,0,0.212121212,0,RUSH
0.601111111,0,0,0.65,1,0,0,0,0.2,0,0.080808081,1,RUSH
0.540277778,0,0,0.65,1,0,0,0,0.25,0,0.828282828,0,PASS
0.536296296,0,0,0.65,0,1,0,0,0.25,0,0.828282828,0,PASS
0.532314815,1,0,0.65,0,0,1,0,0.025,0,0.737373737,0,RUSH
0.530555556,1,0,0.65,0,0,0,1,0.075,0,0.757575758,0,PUNT
0.501666667,1,0,0.65,1,0,0,0,0.25,0,0.575757576,0,PASS
0.451666667,0,0,0.6,1,0,0,0,0.25,0,0.727272727,0,RUSH
0.44654321,0,0,0.6,1,0,0,0,0.25,0,0.606060606,0,RUSH
0.441419753,0,0,0.6,0,1,0,0,0.175,0,0.575757576,0,PASS
0.43117284,0,0,0.6,1,0,0,0,0.25,0,0.474747475,0,PASS
0.426049383,0,0,0.6,0,1,0,0,0.25,0,0.474747475,0,RUSH
0.420925926,0,0,0.6,0,0,1,0,0.175,1,0.444444444,0,RUSH
0.415802469,0,0,0.6,0,0,0,1,0.025,0,0.383838384,0,RUSH
0.410679012,0,0,0.6,1,0,0,0,0.25,0,0.353535354,0,RUSH
0.385,0,0,0.6,1,0,0,0,0.25,0,0.848484848,0,RUSH
0.372314815,0,0,0.6,0,1,0,0,0.25,0,0.848484848,0,RUSH
0.35962963,0,0,0.6,0,0,1,0,0.225,1,0.838383838,0,PASS
0.35962963,0,0,0.6,0,0,0,1,0.025,0,0.757575758,0,PUNT
0.333055556,0,0,0.614285714,1,0,0,0,0.25,0,0.555555556,0,PASS
0.326611111,0,0,0.614285714,1,0,0,0,0.1,0,0.04040404,1,PASS
0.323388889,0,0,0.614285714,0,1,0,0,0.1,0,0.04040404,1,RUSH
0.320166667,0,0,0.614285714,0,0,1,0,0.025,0,0.01010101,1,RUSH
0.304444444,0,0,0.664285714,1,0,0,0,0.25,0,0.545454545,0,RUSH
0.297314815,0,0,0.664285714,0,1,0,0,0.075,0,0.474747475,0,RUSH
0.290185185,0,0,0.664285714,1,0,0,0,0.25,0,0.393939394,0,PASS
0.283055556,0,0,0.664285714,0,1,0,0,0.25,0,0.393939394,0,RUSH
0.275925926,0,0,0.664285714,0,0,1,0,0.2,1,0.373737374,0,PASS
0.268796296,0,0,0.664285714,0,0,0,1,0.075,0,0.323232323,0,FIELD_GOAL
0.239444444,0,0,0.607142857,1,0,0,0,0.25,0,0.757575758,0,RUSH
0.231840278,0,0,0.607142857,0,1,0,0,0.025,0,0.666666667,0,RUSH
0.224236111,0,0,0.607142857,1,0,0,0,0.25,0,0.595959596,0,RUSH
0.216631944,0,0,0.607142857,1,0,0,0,0.25,0,0.353535354,0,RUSH
0.209027778,0,0,0.607142857,1,0,0,0,0.25,0,0.212121212,0,RUSH
0.201423611,0,0,0.607142857,0,1,0,0,0.15,0,0.171717172,1,PASS
0.193819444,0,0,0.607142857,0,0,1,0,0.15,0,0.171717172,1,RUSH
0.186215278,0,0,0.607142857,0,0,0,1,0.05,0,0.131313131,1,FIELD_GOAL
0.146944444,0,0,0.585714286,1,0,0,0,0.25,0,0.757575758,0,RUSH
0.14,0,0,0.585714286,1,0,0,0,0.25,0,0.646464646,0,RUSH
0.133055556,0,0,0.585714286,1,0,0,0,0.25,0,0.535353535,0,RUSH
0.126111111,0,0,0.585714286,0,1,0,0,0.275,0,0.545454545,0,PASS
0.119166667,0,0,0.585714286,0,0,1,0,0.275,1,0.545454545,0,PASS
0.119166667,0,0,0.585714286,0,0,0,1,0.275,1,0.545454545,0,PUNT
0.081388889,0,1,0.585714286,1,0,0,0,0.25,0,0.606060606,0,RUSH
0.074444444,0,1,0.585714286,0,1,0,0,0.025,0,0.515151515,0,RUSH
0.038888889,0,1,0.628571429,1,0,0,0,0.25,0,0.555555556,0,RUSH
0.992277778,0,0,0.5,1,0,0,0,0.25,0,0.717171717,0,PASS
0.984555556,0,0,0.5,0,1,0,0,0.15,0,0.676767677,0,RUSH
0.976833333,0,0,0.5,0,0,1,0,0.075,0,0.646464646,0,RUSH
0.969111111,0,0,0.5,1,0,0,0,0.25,0,0.232323232,0,RUSH
0.961388889,0,0,0.5,0,1,0,0,0.075,0,0.161616162,1,RUSH
0.920277778,0,0,0.55,1,0,0,0,0.25,0,0.565656566,0,RUSH
0.9135,0,0,0.55,0,1,0,0,0.15,0,0.525252525,0,RUSH
0.906722222,0,0,0.55,0,0,1,0,0.075,0,0.494949495,0,RUSH
0.899944444,0,0,0.55,1,0,0,0,0.25,0,0.373737374,0,PASS
0.893166667,0,0,0.55,0,1,0,0,0.25,0,0.373737374,0,RUSH
0.826666667,0,0,0.6,1,0,0,0,0.25,0,0.808080808,0,RUSH
0.818611111,0,0,0.6,0,1,0,0,0.1,0,0.747474747,0,PASS
0.810555556,0,0,0.6,1,0,0,0,0.25,0,0.696969697,0,RUSH
0.8025,0,0,0.6,0,1,0,0,0.075,0,0.626262626,0,PASS
0.794444444,0,0,0.6,1,0,0,0,0.25,0,0.585858586,0,RUSH
0.748333333,0,0,0.6,1,0,0,0,0.25,0,0.757575758,0,RUSH
0.737222222,0,0,0.6,0,1,0,0,0.125,0,0.707070707,0,RUSH
0.726111111,0,0,0.6,0,0,1,0,0.125,0,0.707070707,0,RUSH
0.715,0,0,0.6,1,0,0,0,0.25,0,0.606060606,0,RUSH
0.692777778,0,0,0.6,0,1,0,0,0.25,0,0.606060606,0,PASS
0.681666667,0,0,0.6,0,0,1,0,0.25,1,0.606060606,0,PASS
0.681666667,0,0,0.6,0,0,0,1,0.25,1,0.606060606,0,PUNT
0.655833333,0,0,0.6,1,0,0,0,0.2,0,0.080808081,1,RUSH
0.649583333,0,0,0.6,0,1,0,0,0.125,0,0.050505051,1,RUSH
0.620555556,0,0,0.65,1,0,0,0,0.25,0,0.666666667,0,RUSH
0.613452381,0,0,0.65,0,1,0,0,0.15,0,0.626262626,0,RUSH
0.606349206,0,0,0.65,1,0,0,0,0.25,0,0.555555556,0,RUSH
0.599246032,0,0,0.65,0,1,0,0,0.125,0,0.505050505,0,RUSH
0.592142857,0,0,0.65,1,0,0,0,0.25,0,0.424242424,0,RUSH
0.585039683,0,0,0.65,0,1,0,0,0.225,0,0.414141414,0,PASS
0.577936508,0,0,0.65,0,0,1,0,0.225,1,0.414141414,0,PASS
0.577936508,0,0,0.65,0,0,0,1,0.225,1,0.414141414,0,PUNT
0.524722222,1,0,0.65,1,0,0,0,0.25,0,0.696969697,0,RUSH
0.521111111,1,0,0.65,1,0,0,0,0.25,0,0.565656566,0,RUSH
0.5175,1,0,0.65,1,0,0,0,0.25,0,0.393939394,0,PASS
0.513888889,1,0,0.65,1,0,0,0,0.125,0,0.050505051,1,RUSH
0.408333333,0,0,0.7,1,0,0,0,0.25,0,0.767676768,0,PASS
0.404074074,0,0,0.7,0,1,0,0,0.025,0,0.676767677,0,PASS
0.399814815,0,0,0.7,1,0,0,0,0.25,0,0.606060606,0,PASS
0.381111111,0,0,0.7,1,0,0,0,0.25,0,0.656565657,0,RUSH
0.372407407,0,0,0.7,0,1,0,0,0.225,0,0.646464646,0,RUSH
0.363703704,0,0,0.7,1,0,0,0,0.25,0,0.484848485,0,RUSH
0.355,0,0,0.7,0,1,0,0,0.3,0,0.505050505,0,PASS
0.346296296,0,0,0.7,0,0,1,0,0.075,0,0.414141414,0,RUSH
0.337592593,0,0,0.7,1,0,0,0,0.25,0,0.242424242,0,PASS
0.237777778,0,0,0.75,1,0,0,0,0.25,0,0.98989899,0,RUSH
0.230173611,0,0,0.75,0,1,0,0,0.125,0,0.939393939,0,RUSH
0.222569444,0,0,0.75,1,0,0,0,0.25,0,0.868686869,0,RUSH
0.214965278,0,0,0.75,1,0,0,0,0.25,0,0.727272727,0,RUSH
0.207361111,0,0,0.75,1,0,0,0,0.25,0,0.575757576,0,PASS
0.199756944,0,0,0.75,0,1,0,0,0.25,0,0.575757576,0,RUSH
0.192152778,0,0,0.75,0,0,1,0,0.425,1,0.646464646,0,PASS
0.184548611,0,0,0.75,1,0,0,0,0.25,0,0.393939394,0,PASS
0.099444444,0,1,0.75,1,0,0,0,0.25,0,0.606060606,0,RUSH
0.092638889,0,1,0.75,0,1,0,0,0.175,0,0.575757576,0,RUSH
0.032777778,1,1,0.7,1,0,0,0,0.25,0,0.727272727,0,RUSH
0.021851852,1,1,0.7,0,1,0,0,0.15,0,0.686868687,0,RUSH
0.010925926,1,1,0.7,1,0,0,0,0.25,0,0.616161616,0,RUSH
0.993020833,0,0,0.5,1,0,0,0,0.25,0,0.757575758,0,RUSH
0.986041667,0,0,0.5,0,1,0,0,0.075,0,0.686868687,0,PASS
0.9790625,0,0,0.5,0,0,1,0,0.075,0,0.686868687,0,RUSH
0.972083333,0,0,0.5,1,0,0,0,0.25,0,0.646464646,0,RUSH
0.965104167,0,0,0.5,0,1,0,0,0.175,0,0.616161616,0,RUSH
0.958125,0,0,0.5,1,0,0,0,0.25,0,0.424242424,0,RUSH
0.951145833,0,0,0.5,0,1,0,0,0.375,0,0.474747475,0,RUSH
0.944166667,0,0,0.5,0,0,1,0,0.225,1,0.414141414,0,PASS
0.944166667,0,0,0.5,0,0,0,1,0.225,1,0.414141414,0,PUNT
0.906666667,0,0,0.45,1,0,0,0,0.25,0,0.757575758,0,RUSH
0.897777778,0,0,0.45,0,1,0,0,0.225,0,0.747474747,0,RUSH
0.888888889,0,0,0.45,0,0,1,0,0.125,0,0.707070707,0,PASS
0.88,0,0,0.45,1,0,0,0,0.25,0,0.646464646,0,RUSH
0.871111111,0,0,0.45,0,1,0,0,0.15,0,0.606060606,0,RUSH
0.862222222,0,0,0.45,1,0,0,0,0.25,0,0.535353535,0,PASS
0.853333333,0,0,0.45,0,1,0,0,0.25,0,0.535353535,0,RUSH
0.844444444,0,0,0.45,0,0,1,0,0.25,1,0.535353535,0,PASS
0.786388889,0,0,0.45,1,0,0,0,0.25,0,0.757575758,0,RUSH
0.781111111,0,0,0.45,0,1,0,0,0.125,0,0.707070707,0,RUSH
0.775833333,0,0,0.45,1,0,0,0,0.25,0,0.606060606,0,RUSH
0.770555556,0,0,0.45,0,1,0,0,0.075,0,0.535353535,0,RUSH
0.741111111,0,0,0.45,1,0,0,0,0.25,0,0.848484848,0,RUSH
0.734055556,0,0,0.45,0,1,0,0,0.125,0,0.797979798,0,RUSH
0.727,0,0,0.45,1,0,0,0,0.25,0,0.626262626,0,RUSH
0.719944444,0,0,0.45,0,1,0,0,0.425,0,0.696969697,0,PASS
0.712888889,0,0,0.45,0,0,1,0,0.425,1,0.696969697,0,PASS
0.678333333,0,0,0.45,1,0,0,0,0.25,0,0.747474747,0,PASS
0.666666667,0,0,0.45,0,1,0,0,0.175,0,0.717171717,0,RUSH
0.643333333,0,0,0.45,0,0,1,0,0.225,1,0.737373737,0,RUSH
0.62,0,0,0.45,1,0,0,0,0.25,0,0.545454545,0,RUSH
0.608333333,0,0,0.45,0,1,0,0,0.125,0,0.494949495,0,RUSH
0.606388889,0,0,0.45,0,0,1,0,0.325,1,0.575757576,0,RUSH
0.606388889,0,0,0.45,0,0,0,1,0.3,1,0.565656566,0,PUNT
0.5425,0,0,0.45,1,0,0,0,0.25,0,0.919191919,0,RUSH
0.538928571,0,0,0.45,0,1,0,0,0.05,0,0.838383838,0,RUSH
0.535357143,0,0,0.45,1,0,0,0,0.25,0,0.707070707,0,PASS
0.531785714,1,0,0.45,1,0,0,0,0.25,0,0.333333333,0,PASS
0.528214286,1,0,0.45,0,1,0,0,0.25,0,0.333333333,0,PASS
0.524642857,1,0,0.45,1,0,0,0,0.25,0,0.212121212,0,PASS
0.521071429,1,0,0.45,0,1,0,0,0.25,0,0.212121212,0,RUSH
0.476111111,0,0,0.5,1,0,0,0,0.25,0,0.525252525,0,RUSH
0.470462963,0,0,0.5,0,1,0,0,0.325,0,0.555555556,0,PASS
0.464814815,0,0,0.5,0,0,1,0,0.325,1,0.555555556,0,PASS
0.464814815,0,0,0.5,0,0,0,1,0.325,1,0.555555556,0,PUNT
0.398055556,0,0,0.5,1,0,0,0,0.25,0,0.565656566,0,RUSH
0.391722222,0,0,0.5,1,0,0,0,0.25,0,0.404040404,0,RUSH
0.385388889,0,0,0.5,0,1,0,0,0.175,0,0.373737374,0,RUSH
0.379055556,0,0,0.5,1,0,0,0,0.1,0,0.04040404,1,RUSH
0.372722222,0,0,0.5,0,1,0,0,0.075,0,0.03030303,1,RUSH
0.3075,0,0,0.55,1,0,0,0,0.25,0,0.868686869,0,RUSH
0.300925926,0,0,0.55,1,0,0,0,0.25,0,0.666666667,0,RUSH
0.294351852,0,0,0.55,1,0,0,0,0.25,0,0.555555556,0,RUSH
0.287777778,0,0,0.55,1,0,0,0,0.25,0,0.383838384,0,RUSH
0.281203704,0,0,0.55,0,1,0,0,0.15,0,0.343434343,0,RUSH
0.27462963,0,0,0.55,1,0,0,0,0.25,0,0.222222222,0,PASS
0.1875,0,0,0.55,1,0,0,0,0.25,0,0.757575758,0,RUSH
0.18125,0,0,0.55,0,1,0,0,0.175,0,0.727272727,0,RUSH
0.083611111,0,1,0.5,1,0,0,0,0.25,0,0.656565657,0,RUSH
0.076157407,0,1,0.5,1,0,0,0,0.25,0,0.333333333,0,RUSH
0.068703704,0,1,0.5,0,1,0,0,0.125,0,0.282828283,0,RUSH
0.06125,0,1,0.5,1,0,0,0,0.25,0,0.161616162,1,RUSH
0.053796296,0,1,0.5,0,1,0,0,0.05,0,0.080808081,1,RUSH
0.046342593,0,1,0.5,1,0,0,0,0.025,0,0.01010101,1,RUSH
0.008888889,1,1,0.507142857,1,0,0,0,0.25,0,0.464646465,0,RUSH
0.891944444,0,0,0.478571429,1,0,0,0,0.25,0,0.757575758,0,RUSH
0.88462963,0,0,0.478571429,0,1,0,0,0.1,0,0.696969697,0,RUSH
0.877314815,0,0,0.478571429,0,0,1,0,0.05,0,0.676767677,0,PASS
0.877314815,0,0,0.478571429,0,0,0,1,0.05,0,0.676767677,0,PUNT
0.8,0,0,0.478571429,1,0,0,0,0.25,0,0.858585859,0,RUSH
0.791851852,0,0,0.478571429,0,1,0,0,0.125,0,0.808080808,0,RUSH
0.783703704,0,0,0.478571429,1,0,0,0,0.25,0,0.717171717,0,PASS
0.775555556,0,0,0.478571429,1,0,0,0,0.25,0,0.616161616,0,PASS
0.777777778,0,0,0.478571429,0,1,0,0,0.25,0,0.616161616,0,RUSH
0.76962963,0,0,0.478571429,0,0,1,0,0.225,1,0.606060606,0,RUSH
0.76962963,0,0,0.478571429,0,0,0,1,0.35,1,0.656565657,0,PUNT
0.747222222,0,0,0.428571429,1,0,0,0,0.25,0,0.757575758,0,PASS
0.737175926,0,0,0.428571429,0,1,0,0,0.225,0,0.747474747,0,PASS
0.72712963,0,0,0.428571429,1,0,0,0,0.25,0,0.656565657,0,RUSH
0.717083333,0,0,0.428571429,1,0,0,0,0.25,0,0.545454545,0,RUSH
0.707037037,0,0,0.428571429,0,1,0,0,0.2,0,0.525252525,0,RUSH
0.696990741,0,0,0.428571429,0,0,1,0,0.175,1,0.515151515,0,RUSH
0.696990741,0,0,0.428571429,0,0,0,1,0.575,1,0.676767677,0,PUNT
0.648333333,0,0,0.378571429,1,0,0,0,0.25,0,0.848484848,0,RUSH
0.640111111,0,0,0.378571429,0,1,0,0,0.2,0,0.828282828,0,RUSH
0.631888889,0,0,0.378571429,1,0,0,0,0.25,0,0.343434343,0,PASS
0.623666667,0,0,0.378571429,1,0,0,0,0.25,0,0.232323232,0,RUSH
0.615444444,0,0,0.378571429,0,1,0,0,0.175,0,0.202020202,1,PASS
0.568333333,0,0,0.428571429,1,0,0,0,0.25,0,0.696969697,0,RUSH
0.561666667,0,0,0.428571429,1,0,0,0,0.25,0,0.484848485,0,PASS
0.555,0,0,0.428571429,0,1,0,0,0.25,0,0.484848485,0,PASS
0.556388889,0,0,0.428571429,0,0,1,0,0.25,1,0.484848485,0,RUSH
0.556388889,0,0,0.428571429,0,0,0,1,0.15,0,0.444444444,0,PUNT
0.523055556,1,0,0.428571429,1,0,0,0,0.25,0,0.646464646,0,RUSH
0.519761905,1,0,0.428571429,0,1,0,0,0.4,0,0.707070707,0,RUSH
0.516468254,1,0,0.428571429,0,0,1,0,0.025,0,0.555555556,0,RUSH
0.513174603,1,0,0.428571429,1,0,0,0,0.25,0,0.474747475,0,PASS
0.503611111,1,0,0.428571429,0,1,0,0,0.25,0,0.474747475,0,PASS
0.50031746,1,0,0.428571429,1,0,0,0,0.25,0,0.111111111,1,PASS
0.501111111,1,0,0.428571429,0,1,0,0,0.25,0,0.111111111,1,FIELD_GOAL
0.5,0,0,0.45,1,0,0,0,0.25,0,0.757575758,0,PASS
0.493690476,0,0,0.45,0,1,0,0,0.25,0,0.757575758,0,RUSH
0.481071429,0,0,0.45,1,0,0,0,0.125,0,0.525252525,0,RUSH
0.474761905,0,0,0.45,1,0,0,0,0.25,0,0.464646465,0,RUSH
0.468452381,0,0,0.45,1,0,0,0,0.25,0,0.222222222,0,RUSH
0.462142857,0,0,0.45,0,1,0,0,0.175,0,0.191919192,1,PASS
0.455833333,0,0,0.45,1,0,0,0,0.2,0,0.080808081,1,RUSH
0.426666667,0,0,0.5,1,0,0,0,0.25,0,0.484848485,0,RUSH
0.419444444,0,0,0.5,1,0,0,0,0.25,0,0.373737374,0,PASS
0.412222222,0,0,0.5,0,1,0,0,0.25,0,0.373737374,0,RUSH
0.397777778,0,0,0.5,0,0,1,0,0.25,1,0.373737374,0,PASS
0.397777778,0,0,0.5,0,0,0,1,0.25,1,0.373737374,0,PUNT
0.38,0,0,0.5,1,0,0,0,0.25,0,0.444444444,0,RUSH
0.372666667,0,0,0.5,1,0,0,0,0.25,0,0.343434343,0,RUSH
0.365333333,0,0,0.5,0,1,0,0,0.075,0,0.272727273,0,RUSH
0.358,0,0,0.5,1,0,0,0,0.25,0,0.141414141,1,RUSH
0.350666667,0,0,0.5,0,1,0,0,0.05,0,0.060606061,1,RUSH
0.29,0,0,0.528571429,1,0,0,0,0.25,0,0.797979798,0,PASS
0.281611111,0,0,0.528571429,0,1,0,0,0.175,0,0.767676768,0,RUSH
0.273222222,0,0,0.528571429,1,0,0,0,0.25,0,0.646464646,0,PASS
0.264833333,0,0,0.528571429,0,1,0,0,0.25,0,0.646464646,0,RUSH
0.256444444,0,0,0.528571429,0,0,1,0,0.1,0,0.585858586,0,RUSH
0.25,0,0,0.528571429,0,0,0,1,0.1,0,0.585858586,0,PUNT
0.193888889,0,0,0.478571429,1,0,0,0,0.25,0,0.595959596,0,RUSH
0.185462963,0,0,0.478571429,0,1,0,0,0.25,0,0.595959596,0,RUSH
0.177037037,0,0,0.478571429,0,0,1,0,0.15,0,0.555555556,0,PASS
0.177037037,0,0,0.478571429,0,0,0,1,0.15,0,0.555555556,0,PUNT
0.126666667,0,0,0.478571429,1,0,0,0,0.25,0,0.474747475,0,RUSH
0.118680556,0,0,0.478571429,0,1,0,0,0.15,0,0.434343434,0,RUSH
0.110694444,0,1,0.478571429,0,0,1,0,0.075,0,0.404040404,0,RUSH
0.096111111,0,1,0.478571429,0,0,0,1,0.05,0,0.393939394,0,RUSH
0.035555556,0,1,0.428571429,1,0,0,0,0.25,0,0.666666667,0,RUSH
0.0325,1,1,0.428571429,1,0,0,0,0.25,0,0.545454545,0,PASS
0.029444444,1,1,0.428571429,0,1,0,0,0.25,0,0.545454545,0,PASS
0.026388889,1,1,0.428571429,0,0,1,0,0.25,1,0.545454545,0,PASS
0.021666667,1,1,0.428571429,0,0,0,1,0.25,1,0.545454545,0,PASS
0.963888889,0,0,0.45,1,0,0,0,0.25,0,0.757575758,0,RUSH
0.955436508,0,0,0.45,0,1,0,0,0.275,0,0.767676768,0,PASS
0.946984127,0,0,0.45,1,0,0,0,0.25,0,0.646464646,0,RUSH
0.938531746,0,0,0.45,0,1,0,0,0.25,0,0.646464646,0,RUSH
0.930079365,0,0,0.45,0,0,1,0,0.15,0,0.606060606,0,RUSH
0.904722222,0,0,0.45,1,0,0,0,0.25,0,0.575757576,0,RUSH
0.88781746,0,0,0.45,0,1,0,0,0.4,0,0.636363636,0,RUSH
0.870912698,0,0,0.45,0,0,1,0,0.2,1,0.555555556,0,PASS
0.862460317,0,0,0.45,0,0,0,1,0.05,0,0.494949495,0,RUSH
0.854007937,0,0,0.45,1,0,0,0,0.25,0,0.434343434,0,RUSH
0.845555556,0,0,0.45,0,1,0,0,0.225,0,0.424242424,0,RUSH
0.837103175,0,0,0.45,0,0,1,0,0.05,0,0.353535354,0,RUSH
0.828650794,0,0,0.45,1,0,0,0,0.25,0,0.333333333,0,RUSH
0.832222222,0,0,0.45,1,0,0,0,0.25,0,0.757575758,0,PASS
0.824166667,0,0,0.45,1,0,0,0,0.25,0,0.606060606,0,RUSH
0.816111111,0,0,0.45,1,0,0,0,0.25,0,0.454545455,0,RUSH
0.808055556,0,0,0.45,0,1,0,0,0.175,0,0.424242424,0,RUSH
0.8,0,0,0.45,0,0,1,0,0.15,0,0.414141414,0,PASS
0.8,0,0,0.45,0,0,0,1,0.15,0,0.414141414,0,PUNT
0.790277778,0,0,0.464285714,1,0,0,0,0.25,0,0.545454545,0,RUSH
0.781574074,0,0,0.464285714,0,1,0,0,0.175,0,0.515151515,0,PASS
0.77287037,0,0,0.464285714,0,0,1,0,0.175,1,0.515151515,0,RUSH
0.764166667,0,0,0.464285714,0,0,0,1,0.525,1,0.656565657,0,PUNT
0.747222222,0,0,0.464285714,1,0,0,0,0.25,0,0.767676768,0,RUSH
0.739444444,0,0,0.464285714,0,1,0,0,0.2,0,0.747474747,0,PASS
0.731666667,0,0,0.464285714,0,0,1,0,0.2,1,0.747474747,0,RUSH
0.731666667,0,0,0.464285714,0,0,0,1,0.425,1,0.838383838,0,PUNT
0.684722222,0,0,0.464285714,1,0,0,0,0.25,0,0.95959596,0,RUSH
0.672314815,0,0,0.464285714,0,1,0,0,0.075,0,0.888888889,0,RUSH
0.659907407,0,0,0.464285714,0,0,1,0,0.05,0,0.878787879,0,RUSH
0.659907407,0,0,0.464285714,0,0,0,1,0.025,0,0.868686869,0,PUNT
0.604444444,0,0,0.421428571,1,0,0,0,0.25,0,0.858585859,0,RUSH
0.595722222,0,0,0.421428571,1,0,0,0,0.25,0,0.737373737,0,RUSH
0.587,0,0,0.421428571,0,1,0,0,0.225,0,0.727272727,0,RUSH
0.578277778,0,0,0.421428571,0,0,1,0,0.3,1,0.757575758,0,PASS
0.569555556,0,0,0.421428571,1,0,0,0,0.25,0,0.575757576,0,PASS
0.519166667,1,0,0.464285714,1,0,0,0,0.25,0,0.797979798,0,RUSH
0.516527778,1,0,0.464285714,0,1,0,0,0.1,0,0.737373737,0,PASS
0.513888889,1,0,0.464285714,1,0,0,0,0.25,0,0.585858586,0,PASS
0.508611111,1,0,0.464285714,1,0,0,0,0.25,0,0.272727273,0,PASS
0.504722222,1,0,0.464285714,1,0,0,0,0.075,0,0.03030303,1,RUSH
0.5,0,0,0.514285714,1,0,0,0,0.25,0,0.757575758,0,RUSH
0.494055556,0,0,0.514285714,0,1,0,0,0.1,0,0.696969697,0,RUSH
0.488111111,0,0,0.514285714,1,0,0,0,0.25,0,0.656565657,0,RUSH
0.482166667,0,0,0.514285714,0,1,0,0,0.1,0,0.595959596,0,RUSH
0.476222222,0,0,0.514285714,0,0,1,0,0.025,0,0.565656566,0,RUSH
0.476222222,0,0,0.514285714,0,0,0,1,0.075,0,0.585858586,0,PUNT
0.41969697,0,0,0.514285714,1,0,0,0,0.25,0,0.777777778,0,RUSH
0.412449495,0,0,0.514285714,0,1,0,0,0.125,0,0.727272727,0,RUSH
0.40520202,0,0,0.514285714,1,0,0,0,0.25,0,0.666666667,0,RUSH
0.397954545,0,0,0.514285714,0,1,0,0,0.15,0,0.626262626,0,RUSH
0.383459596,0,0,0.514285714,1,0,0,0,0.25,0,0.414141414,0,RUSH
0.376212121,0,0,0.514285714,0,1,0,0,0.1,0,0.353535354,0,RUSH
0.368964646,0,0,0.514285714,0,0,1,0,0.075,0,0.343434343,0,RUSH
0.361717172,0,0,0.514285714,0,0,0,1,0.025,0,0.323232323,0,RUSH
0.354469697,0,0,0.514285714,1,0,0,0,0.025,0,0.01010101,1,RUSH
0.296388889,0,0,0.514285714,1,0,0,0,0.25,0,0.757575758,0,PASS
0.291759259,0,0,0.514285714,0,1,0,0,0.25,0,0.757575758,0,RUSH
0.28712963,0,0,0.514285714,0,0,1,0,0.2,1,0.737373737,0,PASS
0.258888889,0,0,0.464285714,1,0,0,0,0.25,0,0.757575758,0,RUSH
0.25,0,0,0.464285714,0,1,0,0,0.175,0,0.727272727,0,PASS
0.244015152,0,0,0.464285714,1,0,0,0,0.25,0,0.656565657,0,RUSH
0.238030303,0,0,0.464285714,0,1,0,0,0.025,0,0.565656566,0,PASS
0.232045455,0,0,0.464285714,1,0,0,0,0.25,0,0.525252525,0,PASS
0.226060606,0,0,0.464285714,0,1,0,0,0.25,0,0.525252525,0,RUSH
0.220075758,0,0,0.464285714,0,0,1,0,0.2,1,0.505050505,0,PASS
0.208106061,0,0,0.464285714,1,0,0,0,0.25,0,0.383838384,0,PASS
0.202121212,0,0,0.464285714,1,0,0,0,0.25,0,0.131313131,1,RUSH
0.196136364,0,0,0.464285714,0,1,0,0,0.275,0,0.141414141,1,PASS
0.104444444,0,1,0.464285714,1,0,0,0,0.25,0,0.757575758,0,PASS
0.095925926,0,1,0.464285714,0,1,0,0,0.375,0,0.808080808,0,PASS
0.087407407,0,1,0.464285714,1,0,0,0,0.25,0,0.595959596,0,RUSH
0.078888889,0,1,0.464285714,1,0,0,0,0.25,0,0.434343434,0,RUSH
0.07037037,0,1,0.464285714,0,1,0,0,0.275,0,0.444444444,0,PASS
0.061851852,0,1,0.464285714,0,0,1,0,0.325,1,0.464646465,0,RUSH
0.024166667,1,1,0.464285714,1,0,0,0,0.25,0,0.484848485,0,PASS
0.022916667,1,1,0.464285714,0,1,0,0,0.25,0,0.484848485,0,PASS
0.976111111,0,0,0.5,1,0,0,0,0.25,0,0.898989899,0,RUSH
0.970222222,0,0,0.5,0,1,0,0,0.175,0,0.868686869,0,RUSH
0.964333333,0,0,0.5,1,0,0,0,0.25,0,0.787878788,0,PASS
0.958444444,0,0,0.5,0,1,0,0,0.25,0,0.787878788,0,RUSH
0.952555556,0,0,0.5,0,0,1,0,0.15,0,0.747474747,0,PASS
0.952555556,0,0,0.5,0,0,0,1,0.15,0,0.747474747,0,PUNT
0.883888889,0,0,0.5,1,0,0,0,0.25,0,0.808080808,0,PASS
0.875277778,0,0,0.5,0,1,0,0,0.25,0,0.808080808,0,RUSH
0.866666667,0,0,0.5,0,0,1,0,0.15,0,0.767676768,0,PASS
0.866666667,0,0,0.5,0,0,0,1,0.025,0,0.717171717,0,PUNT
0.835,0,0,0.478571429,1,0,0,0,0.25,0,0.757575758,0,RUSH
0.828194444,0,0,0.478571429,1,0,0,0,0.25,0,0.575757576,0,RUSH
0.821388889,0,0,0.478571429,0,1,0,0,0.2,0,0.555555556,0,RUSH
0.814583333,0,0,0.478571429,0,0,1,0,0.15,0,0.535353535,0,PASS
0.814583333,0,0,0.478571429,0,0,0,1,0.15,0,0.535353535,0,PUNT
0.789444444,0,0,0.478571429,1,0,0,0,0.25,0,0.545454545,0,PASS
0.784259259,0,0,0.478571429,0,1,0,0,0.25,0,0.545454545,0,RUSH
0.779074074,0,0,0.478571429,0,0,1,0,0.2,1,0.525252525,0,PASS
0.779074074,0,0,0.478571429,0,0,0,1,0.2,1,0.525252525,0,PUNT
0.747777778,0,0,0.478571429,1,0,0,0,0.25,0,0.838383838,0,RUSH
0.743402778,0,0,0.478571429,1,0,0,0,0.25,0,0.676767677,0,RUSH
0.739027778,0,0,0.478571429,0,1,0,0,0.1,0,0.616161616,0,PASS
0.734652778,0,0,0.478571429,1,0,0,0,0.25,0,0.232323232,0,PASS
0.723611111,0,0,0.528571429,1,0,0,0,0.25,0,0.575757576,0,RUSH
0.71797619,0,0,0.528571429,0,1,0,0,0.075,0,0.505050505,0,PASS
0.71234127,0,0,0.528571429,1,0,0,0,0.25,0,0.373737374,0,RUSH
0.706706349,0,0,0.528571429,0,1,0,0,0.025,0,0.282828283,0,PASS
0.701071429,0,0,0.528571429,1,0,0,0,0.2,0,0.080808081,1,RUSH
0.695436508,0,0,0.528571429,0,1,0,0,0.2,0,0.080808081,1,RUSH
0.689801587,0,0,0.528571429,0,0,1,0,0.125,0,0.050505051,1,PASS
0.653888889,0,0,0.578571429,1,0,0,0,0.25,0,0.737373737,0,PASS
0.646574074,0,0,0.578571429,0,1,0,0,0.25,0,0.737373737,0,RUSH
0.639259259,0,0,0.578571429,0,0,1,0,0.2,1,0.717171717,0,PASS
0.631944444,0,0,0.578571429,1,0,0,0,0.25,0,0.595959596,0,RUSH
0.62462963,0,0,0.578571429,0,1,0,0,0.175,0,0.565656566,0,RUSH
0.617314815,0,0,0.578571429,1,0,0,0,0.25,0,0.484848485,0,RUSH
0.61,0,0,0.578571429,0,1,0,0,0.1,0,0.424242424,0,RUSH
0.602685185,0,0,0.578571429,1,0,0,0,0.225,0,0.090909091,1,RUSH
0.59537037,0,0,0.578571429,0,1,0,0,0.1,0,0.04040404,1,RUSH
0.538611111,0,0,0.628571429,1,0,0,0,0.25,0,0.808080808,0,RUSH
0.535393519,0,0,0.628571429,0,1,0,0,0.325,0,0.838383838,0,PASS
0.532175926,1,0,0.628571429,0,0,1,0,0.025,0,0.717171717,0,PASS
0.528958333,1,0,0.628571429,1,0,0,0,0.25,0,0.636363636,0,RUSH
0.525740741,1,0,0.628571429,0,1,0,0,0.55,0,0.757575758,0,RUSH
0.522523148,1,0,0.628571429,1,0,0,0,0.25,0,0.525252525,0,PASS
0.513333333,1,0,0.628571429,0,1,0,0,0.15,0,0.484848485,0,PASS
0.510115741,1,0,0.628571429,0,0,1,0,0.025,0,0.434343434,0,RUSH
0.506898148,1,0,0.628571429,1,0,0,0,0.25,0,0.404040404,0,PASS
0.503680556,1,0,0.628571429,0,1,0,0,0.25,0,0.404040404,0,PASS
0.49724537,1,0,0.628571429,0,0,1,0,0.375,1,0.454545455,0,PASS
0.500833333,1,0,0.628571429,1,0,0,0,0.025,0,0.01010101,1,RUSH
0.5,0,0,0.628571429,1,0,0,0,0.25,0,0.656565657,0,RUSH
0.421666667,0,0,0.678571429,1,0,0,0,0.25,0,0.787878788,0,RUSH
0.415185185,0,0,0.678571429,0,1,0,0,0.225,0,0.777777778,0,RUSH
0.408703704,0,0,0.678571429,0,0,1,0,0.275,1,0.797979798,0,PASS
0.408703704,0,0,0.678571429,0,0,0,1,0.275,1,0.797979798,0,PUNT
0.361944444,0,0,0.678571429,1,0,0,0,0.25,0,0.606060606,0,PASS
0.354618056,0,0,0.678571429,1,0,0,0,0.25,0,0.464646465,0,RUSH
0.347291667,0,0,0.678571429,0,1,0,0,0.2,0,0.444444444,0,PASS
0.339965278,0,0,0.678571429,0,0,1,0,0.1,0,0.404040404,0,RUSH
0.332638889,0,0,0.678571429,0,0,0,1,0.075,0,0.393939394,0,RUSH
0.3253125,0,0,0.678571429,1,0,0,0,0.25,0,0.191919192,1,PASS
0.317986111,0,0,0.678571429,0,1,0,0,0.25,0,0.191919192,1,RUSH
0.310659722,0,0,0.678571429,0,0,1,0,0.1,0,0.131313131,1,RUSH
0.310659722,0,0,0.678571429,0,0,0,1,0.65,1,0.353535354,0,PUNT
0.282777778,0,0,0.678571429,1,0,0,0,0.25,0,0.474747475,0,RUSH
0.275694444,0,0,0.678571429,1,0,0,0,0.25,0,0.353535354,0,RUSH
0.268611111,0,0,0.678571429,0,1,0,0,0.35,0,0.393939394,0,PASS
0.261527778,0,0,0.678571429,0,0,1,0,0.35,1,0.393939394,0,RUSH
0.261527778,0,0,0.678571429,0,0,0,1,0.5,1,0.454545455,0,PUNT
0.235833333,0,0,0.678571429,1,0,0,0,0.2,0,0.080808081,1,RUSH
0.205277778,0,0,0.728571429,1,0,0,0,0.25,0,0.414141414,0,PASS
0.199513889,0,0,0.728571429,0,1,0,0,0.05,0,0.333333333,0,PASS
0.19375,0,0,0.728571429,1,0,0,0,0.25,0,0.262626263,0,RUSH
0.187986111,0,0,0.728571429,0,1,0,0,0.075,0,0.191919192,1,PASS
0.182222222,0,0,0.728571429,0,0,1,0,0.075,0,0.191919192,1,PASS
0.176458333,0,0,0.728571429,1,0,0,0,0.25,0,0.131313131,1,PASS
0.170694444,0,0,0.728571429,0,1,0,0,0.175,0,0.101010101,1,RUSH
0.164930556,0,0,0.728571429,1,0,0,0,0.05,0,0.02020202,1,RUSH
0.116388889,0,1,0.778571429,1,0,0,0,0.25,0,0.686868687,0,RUSH
0.108948413,0,1,0.778571429,0,1,0,0,0.1,0,0.626262626,0,RUSH
0.101507937,0,1,0.778571429,0,0,1,0,0.025,0,0.595959596,0,RUSH
0.09406746,0,1,0.778571429,1,0,0,0,0.25,0,0.525252525,0,PASS
0.086626984,0,1,0.778571429,0,1,0,0,0.25,0,0.525252525,0,RUSH
0.079186508,0,1,0.778571429,0,0,1,0,0.075,0,0.454545455,0,RUSH
0.071746032,0,1,0.778571429,1,0,0,0,0.25,0,0.414141414,0,RUSH
0.064305556,0,1,0.778571429,0,1,0,0,0.325,0,0.444444444,0,PASS
0.056865079,0,1,0.778571429,1,0,0,0,0.25,0,0.313131313,0,RUSH
0.049424603,0,1,0.778571429,1,0,0,0,0.25,0,0.202020202,1,RUSH
0.041984127,0,1,0.778571429,0,1,0,0,0.2,0,0.181818182,1,RUSH
0.034543651,0,1,0.778571429,0,0,1,0,0.125,0,0.151515152,1,RUSH
0.027103175,1,1,0.778571429,1,0,0,0,0.1,0,0.04040404,1,RUSH
0.019662698,1,1,0.778571429,0,1,0,0,0.1,0,0.04040404,1,RUSH
0.964722222,0,0,0.5,1,0,0,0,0.25,0,0.717171717,0,PASS
0.956865079,0,0,0.5,1,0,0,0,0.25,0,0.606060606,0,RUSH
0.949007937,0,0,0.5,0,1,0,0,0.05,0,0.525252525,0,RUSH
0.941150794,0,0,0.5,1,0,0,0,0.25,0,0.505050505,0,PASS
0.933293651,0,0,0.5,0,1,0,0,0.1,0,0.444444444,0,RUSH
0.925436508,0,0,0.5,1,0,0,0,0.25,0,0.393939394,0,RUSH
0.911666667,0,0,0.5,0,1,0,0,0.2,0,0.373737374,0,RUSH
0.883333333,0,0,0.55,1,0,0,0,0.25,0,0.888888889,0,RUSH
0.8753125,0,0,0.55,0,1,0,0,0.2,0,0.868686869,0,RUSH
0.867291667,0,0,0.55,1,0,0,0,0.25,0,0.737373737,0,RUSH
0.859270833,0,0,0.55,0,1,0,0,0.05,0,0.656565657,0,RUSH
0.843229167,0,0,0.55,1,0,0,0,0.5,0,0.727272727,0,PASS
0.835208333,0,0,0.55,0,1,0,0,0.4,0,0.686868687,0,RUSH
0.8271875,0,0,0.55,0,0,1,0,0.075,0,0.555555556,0,RUSH
0.819166667,0,0,0.55,0,0,0,1,0.025,0,0.535353535,0,RUSH
0.751388889,0,0,0.528571429,1,0,0,0,0.25,0,0.747474747,0,PASS
0.75,0,0,0.528571429,0,1,0,0,0.025,0,0.656565657,0,RUSH
0.743440171,0,0,0.528571429,1,0,0,0,0.25,0,0.595959596,0,PASS
0.736880342,0,0,0.528571429,0,1,0,0,0.1,0,0.535353535,0,RUSH
0.730320513,0,0,0.528571429,0,0,1,0,0.075,0,0.525252525,0,PASS
0.723760684,0,0,0.528571429,0,0,0,1,0.025,0,0.505050505,0,RUSH
0.717200855,0,0,0.528571429,1,0,0,0,0.25,0,0.444444444,0,PASS
0.710641026,0,0,0.528571429,0,1,0,0,0.05,0,0.363636364,0,RUSH
0.704081197,0,0,0.528571429,1,0,0,0,0.25,0,0.313131313,0,RUSH
0.697521368,0,0,0.528571429,1,0,0,0,0.25,0,0.121212121,1,RUSH
0.690961538,0,0,0.528571429,0,1,0,0,0.1,0,0.060606061,1,RUSH
0.670277778,0,0,0.528571429,0,0,1,0,0.125,0,0.070707071,1,PASS
0.663717949,0,0,0.528571429,0,0,0,1,0.125,0,0.070707071,1,FIELD_GOAL
0.615,0,0,0.5,1,0,0,0,0.25,0,0.656565657,0,RUSH
0.606333333,0,0,0.5,0,1,0,0,0.25,0,0.656565657,0,RUSH
0.597666667,0,0,0.5,0,0,1,0,0.225,1,0.646464646,0,RUSH
0.589,0,0,0.5,1,0,0,0,0.25,0,0.393939394,0,RUSH
0.580333333,0,0,0.5,0,1,0,0,0.175,0,0.363636364,0,RUSH
0.555,0,0,0.5,1,0,0,0,0.25,0,0.484848485,0,RUSH
0.542291667,0,0,0.5,1,0,0,0,0.375,0,0.393939394,0,PASS
0.5359375,0,0,0.5,0,1,0,0,0.125,0,0.292929293,0,RUSH
0.529583333,1,0,0.5,0,0,1,0,0.025,0,0.252525253,0,RUSH
0.516875,1,0,0.5,1,0,0,0,0.375,0,0.292929293,0,RUSH
0.510520833,1,0,0.5,0,1,0,0,0.4,0,0.303030303,0,PASS
0.504166667,1,0,0.5,0,0,1,0,0.4,1,0.303030303,0,RUSH
0.505833333,1,0,0.5,1,0,0,0,0.15,0,0.060606061,1,RUSH
0.5,0,0,0.55,1,0,0,0,0.25,0,0.767676768,0,RUSH
0.493634259,0,0,0.55,0,1,0,0,0.025,0,0.676767677,0,PASS
0.487268519,0,0,0.55,1,0,0,0,0.25,0,0.565656566,0,RUSH
0.480902778,0,0,0.55,0,1,0,0,0.2,0,0.545454545,0,RUSH
0.474537037,0,0,0.55,0,0,1,0,0.05,0,0.484848485,0,RUSH
0.468171296,0,0,0.55,1,0,0,0,0.25,0,0.414141414,0,PASS
0.461805556,0,0,0.55,0,1,0,0,0.25,0,0.414141414,0,RUSH
0.455439815,0,0,0.55,0,0,1,0,0.15,0,0.373737374,0,PASS
0.449074074,0,0,0.55,1,0,0,0,0.25,0,0.242424242,0,RUSH
0.442708333,0,0,0.55,0,1,0,0,0.225,0,0.232323232,0,PASS
0.436342593,0,0,0.55,1,0,0,0,0.25,0,0.141414141,1,RUSH
0.429976852,0,0,0.55,0,1,0,0,0.2,0,0.121212121,1,PASS
0.398333333,0,0,0.6,1,0,0,0,0.25,0,0.323232323,0,RUSH
0.394074074,0,0,0.6,0,1,0,0,0.025,0,0.232323232,0,PASS
0.389814815,0,0,0.6,1,0,0,0,0.2,0,0.080808081,1,RUSH
0.276944444,0,0,0.607142857,1,0,0,0,0.25,0,0.757575758,0,RUSH
0.272222222,0,0,0.607142857,0,1,0,0,0.425,0,0.828282828,0,PASS
0.2675,0,0,0.607142857,0,0,1,0,0.425,1,0.828282828,0,PASS
0.231944444,0,0,0.607142857,1,0,0,0,0.25,0,0.929292929,0,RUSH
0.222283951,0,0,0.607142857,0,1,0,0,0.175,0,0.898989899,0,RUSH
0.212623457,0,0,0.607142857,1,0,0,0,0.25,0,0.818181818,0,PASS
0.202962963,0,0,0.607142857,0,1,0,0,0.025,0,0.727272727,0,RUSH
0.193302469,0,0,0.607142857,1,0,0,0,0.25,0,0.717171717,0,RUSH
0.183641975,0,0,0.607142857,0,1,0,0,0.125,0,0.666666667,0,PASS
0.164320988,0,0,0.607142857,1,0,0,0,0.5,0,0.696969697,0,RUSH
0.154660494,0,0,0.607142857,0,1,0,0,0.65,0,0.757575758,0,RUSH
0.145,0,0,0.607142857,0,0,1,0,0.575,1,0.727272727,0,PASS
0.145,0,0,0.607142857,0,0,0,1,0.25,1,0.595959596,0,PUNT
0.101111111,0,1,0.607142857,1,0,0,0,0.25,0,0.535353535,0,PASS
0.09287037,0,1,0.607142857,0,1,0,0,0.125,0,0.484848485,0,RUSH
0.08462963,0,1,0.607142857,0,0,1,0,0.025,0,0.444444444,0,RUSH
0.076388889,0,1,0.607142857,1,0,0,0,0.25,0,0.414141414,0,RUSH
0.068148148,0,1,0.607142857,0,1,0,0,0.35,0,0.454545455,0,PASS
0.046759259,0,1,0.607142857,0,0,1,0,0.35,1,0.454545455,0,PASS
0.038518519,0,1,0.607142857,0,0,0,1,0.475,1,0.505050505,0,PUNT
0.025555556,1,1,0.607142857,1,0,0,0,0.25,0,0.484848485,0,RUSH
0.018472222,1,1,0.607142857,0,1,0,0,0.125,0,0.434343434,0,RUSH
0.992453704,0,0,0.5,1,0,0,0,0.25,0,0.757575758,0,RUSH
0.984907407,0,0,0.5,0,1,0,0,0.25,0,0.757575758,0,RUSH
0.977361111,0,0,0.5,0,0,1,0,0.075,0,0.686868687,0,PASS
0.969814815,0,0,0.5,1,0,0,0,0.25,0,0.636363636,0,RUSH
0.962268519,0,0,0.5,0,1,0,0,0.125,0,0.585858586,0,RUSH
0.954722222,0,0,0.5,0,0,1,0,0.1,0,0.575757576,0,PASS
0.954722222,0,0,0.5,0,0,0,1,0.1,0,0.575757576,0,PUNT
0.890277778,0,0,0.5,1,0,0,0,0.25,0,0.96969697,0,RUSH
0.886203704,0,0,0.5,0,1,0,0,0.15,0,0.929292929,0,PASS
0.88212963,0,0,0.5,0,0,1,0,0.05,0,0.888888889,0,PASS
0.88212963,0,0,0.5,0,0,0,1,0.05,0,0.888888889,0,PUNT
0.85,0,0,0.5,1,0,0,0,0.25,0,0.616161616,0,PASS
0.845462963,0,0,0.5,0,1,0,0,0.25,0,0.616161616,0,RUSH
0.840925926,0,0,0.5,0,0,1,0,0.1,0,0.555555556,0,RUSH
0.793888889,0,0,0.492857143,1,0,0,0,0.25,0,0.757575758,0,PASS
0.788958333,0,0,0.492857143,0,1,0,0,0.025,0,0.666666667,0,RUSH
0.784027778,0,0,0.492857143,1,0,0,0,0.25,0,0.656565657,0,PASS
0.779097222,0,0,0.492857143,1,0,0,0,0.25,0,0.252525253,0,PASS
0.750833333,0,0,0.542857143,1,0,0,0,0.25,0,0.454545455,0,RUSH
0.75,0,0,0.542857143,0,1,0,0,0.375,0,0.505050505,0,PASS
0.744833333,0,0,0.542857143,0,0,1,0,0.25,1,0.454545455,0,PASS
0.739666667,0,0,0.542857143,1,0,0,0,0.25,0,0.101010101,1,RUSH
0.7345,0,0,0.542857143,0,1,0,0,0.025,0,0.01010101,1,PASS
0.689166667,0,0,0.592857143,1,0,0,0,0.25,0,0.777777778,0,RUSH
0.683148148,0,0,0.592857143,0,1,0,0,0.5,0,0.878787879,0,PASS
0.67712963,0,0,0.592857143,0,0,1,0,0.5,1,0.878787879,0,RUSH
0.67712963,0,0,0.592857143,0,0,0,1,0.45,1,0.858585859,0,PUNT
0.589166667,0,0,0.592857143,1,0,0,0,0.25,0,0.777777778,0,PASS
0.566018519,0,0,0.592857143,0,1,0,0,0.35,0,0.818181818,0,RUSH
0.554444444,0,0,0.592857143,0,0,1,0,0.275,1,0.787878788,0,PASS
0.554444444,0,0,0.592857143,0,0,0,1,0.175,1,0.747474747,0,PUNT
0.519722222,1,0,0.592857143,1,0,0,0,0.25,0,0.868686869,0,RUSH
0.509861111,1,0,0.592857143,0,1,0,0,0.175,0,0.838383838,0,RUSH
0.469444444,0,0,0.592857143,1,0,0,0,0.25,0,0.676767677,0,RUSH
0.458222222,0,0,0.592857143,0,1,0,0,0.125,0,0.626262626,0,RUSH
0.424555556,0,0,0.592857143,1,0,0,0,0.625,0,0.666666667,0,PASS
0.413333333,0,0,0.592857143,0,1,0,0,0.5,0,0.616161616,0,RUSH
0.402111111,0,0,0.592857143,0,0,1,0,0.45,1,0.595959596,0,PASS
0.402111111,0,0,0.592857143,0,0,0,1,0.45,1,0.595959596,0,PUNT
0.4075,0,0,0.542857143,1,0,0,0,0.25,0,0.787878788,0,PASS
0.40212963,0,0,0.542857143,0,1,0,0,0.25,0,0.787878788,0,RUSH
0.396759259,0,0,0.542857143,0,0,1,0,0.275,1,0.797979798,0,PASS
0.396759259,0,0,0.542857143,0,0,0,1,0.275,1,0.797979798,0,PUNT
0.336666667,0,0,0.542857143,1,0,0,0,0.25,0,0.808080808,0,RUSH
0.329907407,0,0,0.542857143,0,1,0,0,0.15,0,0.767676768,0,RUSH
0.323148148,0,0,0.542857143,0,0,1,0,0.275,1,0.818181818,0,PASS
0.323148148,0,0,0.542857143,0,0,0,1,0.275,1,0.818181818,0,PUNT
0.266111111,0,0,0.542857143,1,0,0,0,0.25,0,0.757575758,0,PASS
0.260740741,0,0,0.542857143,0,1,0,0,0.25,0,0.757575758,0,RUSH
0.25537037,0,0,0.542857143,0,0,1,0,0.15,0,0.717171717,0,PASS
0.25537037,0,0,0.542857143,0,0,0,1,0.15,0,0.717171717,0,PUNT
0.207222222,0,0,0.492857143,1,0,0,0,0.25,0,0.757575758,0,RUSH
0.201287879,0,0,0.492857143,1,0,0,0,0.25,0,0.606060606,0,PASS
0.195353535,0,0,0.492857143,1,0,0,0,0.25,0,0.393939394,0,RUSH
0.189419192,0,0,0.492857143,0,1,0,0,0.05,0,0.313131313,0,RUSH
0.183484848,0,0,0.492857143,1,0,0,0,0.25,0,0.272727273,0,PASS
0.177550505,0,0,0.492857143,0,1,0,0,0.025,0,0.181818182,1,RUSH
0.171616162,0,0,0.492857143,1,0,0,0,0.25,0,0.151515152,1,PASS
0.165681818,0,0,0.492857143,0,1,0,0,0.25,0,0.151515152,1,PASS
0.159747475,0,0,0.492857143,1,0,0,0,0.125,0,0.050505051,1,RUSH
0.152777778,0,0,0.492857143,0,1,0,0,0.125,0,0.050505051,1,RUSH
0.146843434,0,0,0.492857143,0,0,1,0,0.075,0,0.03030303,1,PASS
0.135,0,0,0.5,1,0,0,0,0.25,0,0.787878788,0,RUSH
0.130462963,0,0,0.5,0,1,0,0,0.175,0,0.757575758,0,PASS
0.125925926,0,0,0.5,0,0,1,0,0.175,1,0.757575758,0,PASS
0.072222222,0,1,0.5,1,0,0,0,0.25,0,0.757575758,0,PASS
0.067222222,0,1,0.5,0,1,0,0,0.25,0,0.757575758,0,RUSH
0.062222222,0,1,0.5,0,0,1,0,0.175,1,0.727272727,0,PASS
0.019166667,1,1,0.55,1,0,0,0,0.25,0,0.404040404,0,RUSH
0.012777778,1,1,0.55,0,1,0,0,0.3,0,0.424242424,0,RUSH
0.006388889,1,1,0.55,0,0,1,0,0.325,1,0.434343434,0,RUSH
0.918055556,0,0,0.5,1,0,0,0,0.25,0,0.676767677,0,PASS
0.913981481,0,0,0.5,0,1,0,0,0.25,0,0.676767677,0,PASS
0.909907407,0,0,0.5,0,0,1,0,0.075,0,0.606060606,0,PASS
0.909907407,0,0,0.5,0,0,0,1,0.075,0,0.606060606,0,PUNT
0.904444444,0,0,0.457142857,1,0,0,0,0.25,0,0.868686869,0,RUSH
0.895119048,0,0,0.457142857,0,1,0,0,0.025,0,0.777777778,0,RUSH
0.885793651,0,0,0.457142857,1,0,0,0,0.25,0,0.747474747,0,RUSH
0.876468254,0,0,0.457142857,0,1,0,0,0.15,0,0.707070707,0,RUSH
0.867142857,0,0,0.457142857,1,0,0,0,0.25,0,0.646464646,0,RUSH
0.85781746,0,0,0.457142857,0,1,0,0,0.125,0,0.595959596,0,RUSH
0.848492063,0,0,0.457142857,0,0,1,0,0.075,0,0.575757576,0,PASS
0.848492063,0,0,0.457142857,0,0,0,1,0.075,0,0.575757576,0,PUNT
0.778888889,0,0,0.457142857,1,0,0,0,0.25,0,0.626262626,0,RUSH
0.768333333,0,0,0.457142857,0,1,0,0,0.15,0,0.585858586,0,RUSH
0.747222222,0,0,0.457142857,0,0,1,0,0.225,1,0.616161616,0,PASS
0.75,0,0,0.457142857,0,0,0,1,0.225,1,0.616161616,0,PUNT
0.674166667,0,0,0.435714286,1,0,0,0,0.25,0,0.757575758,0,RUSH
0.667611111,0,0,0.435714286,1,0,0,0,0.25,0,0.616161616,0,RUSH
0.661055556,0,0,0.435714286,1,0,0,0,0.25,0,0.494949495,0,RUSH
0.6545,0,0,0.435714286,0,1,0,0,0.15,0,0.454545455,0,PASS
0.647944444,0,0,0.435714286,1,0,0,0,0.25,0,0.383838384,0,RUSH
0.641388889,0,0,0.435714286,1,0,0,0,0.25,0,0.242424242,0,RUSH
0.634833333,0,0,0.435714286,0,1,0,0,0.125,0,0.191919192,1,RUSH
0.628277778,0,0,0.435714286,0,0,1,0,0.05,0,0.161616162,1,RUSH
0.621722222,0,0,0.435714286,1,0,0,0,0.25,0,0.131313131,1,RUSH
0.615166667,0,0,0.435714286,1,0,0,0,0.025,0,0.01010101,1,RUSH
0.562222222,0,0,0.464285714,1,0,0,0,0.25,0,0.757575758,0,PASS
0.555888889,0,0,0.464285714,1,0,0,0,0.25,0,0.636363636,0,PASS
0.549555556,0,0,0.464285714,0,1,0,0,0.1,0,0.575757576,0,PASS
0.543222222,0,0,0.464285714,1,0,0,0,0.25,0,0.373737374,0,PASS
0.536888889,0,0,0.464285714,1,0,0,0,0.25,0,0.121212121,1,RUSH
0.524444444,1,0,0.514285714,1,0,0,0,0.25,0,0.323232323,0,RUSH
0.522037037,1,0,0.514285714,1,0,0,0,0.25,0,0.131313131,1,PASS
0.51962963,1,0,0.514285714,1,0,0,0,0.05,0,0.02020202,1,RUSH
0.476944444,0,0,0.564285714,1,0,0,0,0.25,0,0.808080808,0,PASS
0.469074074,0,0,0.564285714,0,1,0,0,0.25,0,0.808080808,0,RUSH
0.461203704,0,0,0.564285714,0,0,1,0,0.05,0,0.727272727,0,RUSH
0.461203704,0,0,0.564285714,0,0,0,1,0.05,0,0.727272727,0,PUNT
0.399444444,0,0,0.564285714,1,0,0,0,0.25,0,0.858585859,0,RUSH
0.392063492,0,0,0.564285714,0,1,0,0,0.15,0,0.818181818,0,RUSH
0.38468254,0,0,0.564285714,1,0,0,0,0.25,0,0.686868687,0,RUSH
0.377301587,0,0,0.564285714,0,1,0,0,0.1,0,0.626262626,0,PASS
0.369920635,0,0,0.564285714,1,0,0,0,0.25,0,0.484848485,0,RUSH
0.362539683,0,0,0.564285714,0,1,0,0,0.15,0,0.444444444,0,RUSH
0.35515873,0,0,0.564285714,0,0,1,0,0.3,1,0.505050505,0,PASS
0.35515873,0,0,0.564285714,0,0,0,1,0.3,1,0.505050505,0,PUNT
0.228888889,0,0,0.542857143,1,0,0,0,0.25,0,0.757575758,0,RUSH
0.217314815,0,0,0.542857143,0,1,0,0,0.4,0,0.818181818,0,PASS
0.205740741,0,0,0.542857143,0,0,1,0,0.25,1,0.757575758,0,RUSH
0.205740741,0,0,0.542857143,0,0,0,1,0.275,1,0.767676768,0,PUNT
0.159166667,0,0,0.542857143,1,0,0,0,0.5,0,0.818181818,0,PASS
0.150833333,0,0,0.542857143,0,1,0,0,0.5,0,0.818181818,0,RUSH
0.1425,0,0,0.542857143,0,0,1,0,0.15,0,0.676767677,0,PASS
0.134166667,0,0,0.542857143,1,0,0,0,0.25,0,0.565656566,0,RUSH
0.125833333,0,0,0.542857143,0,1,0,0,0.05,0,0.484848485,0,PASS
0.1175,0,0,0.542857143,1,0,0,0,0.25,0,0.343434343,0,PASS
0.109166667,0,1,0.542857143,1,0,0,0,0.25,0,0.242424242,0,RUSH
0.100833333,0,1,0.542857143,1,0,0,0,0.175,0,0.070707071,1,RUSH
0.0925,0,1,0.542857143,0,1,0,0,0.025,0,0.01010101,1,RUSH
0.084166667,0,1,0.542857143,0,0,1,0,0.025,0,0.01010101,1,RUSH
0.080833333,0,1,0.6,1,0,0,0,0.25,0,0.434343434,0,RUSH
0.072037037,0,1,0.6,0,1,0,0,0.425,0,0.505050505,0,RUSH
0.063240741,0,1,0.6,0,0,1,0,0.25,1,0.434343434,0,PASS
0.063240741,0,1,0.6,0,0,0,1,0.25,1,0.434343434,0,PUNT
0.9940625,0,0,0.5,1,0,0,0,0.25,0,0.757575758,0,RUSH
0.988125,0,0,0.5,1,0,0,0,0.25,0,0.555555556,0,RUSH
0.9821875,0,0,0.5,0,1,0,0,0.15,0,0.515151515,0,RUSH
0.97625,0,0,0.5,0,0,1,0,0.125,0,0.505050505,0,PASS
0.9703125,0,0,0.5,1,0,0,0,0.25,0,0.424242424,0,RUSH
0.964375,0,0,0.5,1,0,0,0,0.25,0,0.141414141,1,RUSH
0.9584375,0,0,0.5,1,0,0,0,0.075,0,0.03030303,1,RUSH
0.9525,0,0,0.5,0,1,0,0,0.025,0,0.01010101,1,RUSH
0.889722222,0,0,0.528571429,1,0,0,0,0.25,0,0.757575758,0,RUSH
0.881759259,0,0,0.528571429,0,1,0,0,0.1,0,0.696969697,0,PASS
0.873796296,0,0,0.528571429,0,0,1,0,0.025,0,0.666666667,0,RUSH
0.865833333,0,0,0.528571429,1,0,0,0,0.25,0,0.595959596,0,PASS
0.85787037,0,0,0.528571429,0,1,0,0,0.25,0,0.595959596,0,RUSH
0.849907407,0,0,0.528571429,0,0,1,0,0.2,1,0.575757576,0,PASS
0.849907407,0,0,0.528571429,0,0,0,1,0.2,1,0.575757576,0,PUNT
0.782777778,0,0,0.528571429,1,0,0,0,0.25,0,0.808080808,0,RUSH
0.771851852,0,0,0.528571429,0,1,0,0,0.4,0,0.868686869,0,RUSH
0.760925926,0,0,0.528571429,0,0,1,0,0.075,0,0.737373737,0,PASS
0.760925926,0,0,0.528571429,0,0,0,1,0.075,0,0.737373737,0,PUNT
0.733055556,0,0,0.528571429,1,0,0,0,0.25,0,0.808080808,0,RUSH
0.724861111,0,0,0.528571429,0,1,0,0,0.25,0,0.808080808,0,RUSH
0.716666667,0,0,0.528571429,0,0,1,0,0.15,0,0.767676768,0,PASS
0.708472222,0,0,0.528571429,1,0,0,0,0.25,0,0.606060606,0,RUSH
0.700277778,0,0,0.528571429,0,1,0,0,0.05,0,0.525252525,0,PASS
0.692083333,0,0,0.528571429,1,0,0,0,0.25,0,0.363636364,0,PASS
0.683888889,0,0,0.528571429,0,1,0,0,0.15,0,0.323232323,0,RUSH
0.675694444,0,0,0.528571429,1,0,0,0,0.25,0,0.252525253,0,PASS
0.616666667,0,0,0.528571429,1,0,0,0,0.25,0,0.898989899,0,RUSH
0.605416667,0,0,0.528571429,1,0,0,0,0.25,0,0.757575758,0,RUSH
0.594166667,0,0,0.528571429,0,1,0,0,0.2,0,0.737373737,0,RUSH
0.582916667,0,0,0.528571429,0,0,1,0,0.35,1,0.797979798,0,PASS
0.582916667,0,0,0.528571429,0,0,0,1,0.1,0,0.696969697,0,PUNT
0.540833333,0,0,0.528571429,1,0,0,0,0.25,0,0.353535354,0,RUSH
0.534583333,0,0,0.528571429,0,1,0,0,0.325,0,0.383838384,0,RUSH
0.509166667,1,0,0.528571429,1,0,0,0,0.25,0,0.767676768,0,RUSH
0.5075,1,0,0.528571429,0,1,0,0,0.25,0,0.767676768,0,PASS
0.434444444,0,0,0.507142857,1,0,0,0,0.25,0,0.757575758,0,PASS
0.428119658,0,0,0.507142857,0,1,0,0,0.25,0,0.757575758,0,RUSH
0.421794872,0,0,0.507142857,1,0,0,0,0.25,0,0.616161616,0,RUSH
0.415470085,0,0,0.507142857,0,1,0,0,0.25,0,0.616161616,0,PASS
0.409145299,0,0,0.507142857,1,0,0,0,0.25,0,0.434343434,0,RUSH
0.402820513,0,0,0.507142857,0,1,0,0,0.175,0,0.404040404,0,PASS
0.396495726,0,0,0.507142857,0,0,1,0,0.05,0,0.353535354,0,RUSH
0.39017094,0,0,0.507142857,1,0,0,0,0.25,0,0.262626263,0,RUSH
0.383846154,0,0,0.507142857,0,1,0,0,0.025,0,0.171717172,1,RUSH
0.377521368,0,0,0.507142857,1,0,0,0,0.25,0,0.121212121,1,PASS
0.371196581,0,0,0.507142857,0,1,0,0,0.25,0,0.121212121,1,PASS
0.363055556,0,0,0.507142857,0,0,1,0,0.25,1,0.121212121,1,PASS
0.356730769,0,0,0.507142857,0,0,0,1,0.175,1,0.090909091,1,FIELD_GOAL
0.328888889,0,0,0.478571429,1,0,0,0,0.25,0,0.747474747,0,PASS
0.322013889,0,0,0.478571429,0,1,0,0,0.1,0,0.686868687,0,RUSH
0.315138889,0,0,0.478571429,0,0,1,0,0.025,0,0.656565657,0,RUSH
0.308263889,0,0,0.478571429,1,0,0,0,0.25,0,0.636363636,0,PASS
0.246111111,0,0,0.528571429,1,0,0,0,0.25,0,0.858585859,0,PASS
0.239074074,0,0,0.528571429,1,0,0,0,0.25,0,0.616161616,0,RUSH
0.232037037,0,0,0.528571429,0,1,0,0,0.175,0,0.585858586,0,RUSH
0.225,0,0,0.528571429,1,0,0,0,0.25,0,0.505050505,0,PASS
0.217962963,0,0,0.528571429,0,1,0,0,0.25,0,0.505050505,0,RUSH
0.210925926,0,0,0.528571429,0,0,1,0,0.15,0,0.464646465,0,RUSH
0.118611111,0,0,0.507142857,1,0,0,0,0.25,0,0.656565657,0,RUSH
0.110462963,0,1,0.507142857,0,1,0,0,0.15,0,0.616161616,0,PASS
0.102314815,0,1,0.507142857,0,0,1,0,0.2,1,0.636363636,0,PASS
0.102314815,0,1,0.507142857,0,0,0,1,0.2,1,0.636363636,0,PUNT
0.069444444,0,1,0.507142857,1,0,0,0,0.25,0,0.828282828,0,RUSH
0.061728395,0,1,0.507142857,0,1,0,0,0.075,0,0.757575758,0,RUSH
0.054012346,0,1,0.507142857,1,0,0,0,0.25,0,0.696969697,0,RUSH
0.046296296,0,1,0.507142857,1,0,0,0,0.25,0,0.555555556,0,RUSH
0.036111111,0,1,0.507142857,0,1,0,0,0.1,0,0.494949495,0,RUSH
0.028395062,1,1,0.507142857,0,0,1,0,0.1,0,0.494949495,0,RUSH
0.012962963,1,1,0.507142857,1,0,0,0,0.375,0,0.494949495,0,RUSH
0.005246914,1,1,0.507142857,0,1,0,0,0.525,0,0.555555556,0,RUSH
-0.002469136,1,1,0.507142857,0,0,1,0,0.625,1,0.595959596,0,RUSH
0.982037037,0,0,0.5,1,0,0,0,0.375,0,0.909090909,0,RUSH
0.973055556,0,0,0.5,0,1,0,0,0.325,0,0.888888889,0,RUSH
0.964074074,0,0,0.5,0,0,1,0,0.175,1,0.828282828,0,PASS
0.964074074,0,0,0.5,0,0,0,1,0.175,1,0.828282828,0,PUNT
0.932222222,0,0,0.5,1,0,0,0,0.25,0,0.707070707,0,PASS
0.917407407,0,0,0.5,0,1,0,0,0.2,0,0.686868687,0,RUSH
0.91,0,0,0.5,0,0,1,0,0.375,1,0.757575758,0,PASS
0.91,0,0,0.5,0,0,0,1,0.375,1,0.757575758,0,PUNT
0.840555556,0,0,0.5,1,0,0,0,0.25,0,0.757575758,0,RUSH
0.826759259,0,0,0.5,0,1,0,0,0.225,0,0.747474747,0,RUSH
0.812962963,0,0,0.5,0,0,1,0,0.1,0,0.696969697,0,RUSH
0.812962963,0,0,0.5,0,0,0,1,0.25,1,0.757575758,0,PUNT
0.778611111,0,0,0.45,1,0,0,0,0.25,0,0.787878788,0,RUSH
0.773541667,0,0,0.45,0,1,0,0,0.275,0,0.797979798,0,RUSH
0.768472222,0,0,0.45,0,0,1,0,0.175,1,0.757575758,0,PASS
0.763402778,0,0,0.45,0,0,0,1,0.175,1,0.757575758,0,RUSH
0.699722222,0,0,0.428571429,1,0,0,0,0.25,0,0.757575758,0,RUSH
0.693240741,0,0,0.428571429,1,0,0,0,0.075,0,0.03030303,1,RUSH
0.686759259,0,0,0.428571429,0,1,0,0,0.025,0,0.01010101,1,RUSH
0.661944444,0,0,0.478571429,1,0,0,0,0.25,0,0.202020202,1,RUSH
0.655694444,0,0,0.478571429,0,1,0,0,0.2,0,0.181818182,1,PASS
0.616388889,0,0,0.478571429,1,0,0,0,0.25,0,0.757575758,0,PASS
0.610055556,0,0,0.478571429,1,0,0,0,0.25,0,0.626262626,0,RUSH
0.603722222,0,0,0.478571429,0,1,0,0,0.125,0,0.575757576,0,RUSH
0.597388889,0,0,0.478571429,0,0,1,0,0.025,0,0.535353535,0,RUSH
0.591055556,0,0,0.478571429,1,0,0,0,0.25,0,0.515151515,0,RUSH
0.584722222,0,0,0.478571429,1,0,0,0,0.25,0,0.515151515,0,PASS
0.578388889,0,0,0.478571429,1,0,0,0,0.25,0,0.191919192,1,RUSH
0.572055556,0,0,0.478571429,0,1,0,0,0.2,0,0.171717172,1,RUSH
0.565722222,0,0,0.478571429,0,0,1,0,0.125,0,0.141414141,1,RUSH
0.559388889,0,0,0.478571429,1,0,0,0,0.175,0,0.070707071,1,RUSH
0.524166667,1,0,0.528571429,1,0,0,0,0.25,0,0.575757576,0,PASS
0.521203704,1,0,0.528571429,0,1,0,0,0.25,0,0.575757576,0,RUSH
0.518240741,1,0,0.528571429,1,0,0,0,0.25,0,0.393939394,0,PASS
0.515277778,1,0,0.528571429,0,1,0,0,0.25,0,0.393939394,0,PASS
0.512314815,1,0,0.528571429,0,0,1,0,0.25,1,0.393939394,0,PASS
0.508611111,1,0,0.528571429,0,0,0,1,0.05,0,0.313131313,0,RUSH
0.4625,0,0,0.528571429,1,0,0,0,0.25,0,0.757575758,0,RUSH
0.455,0,0,0.528571429,0,1,0,0,0.1,0,0.696969697,0,RUSH
0.4475,0,0,0.528571429,1,0,0,0,0.25,0,0.646464646,0,RUSH
0.44,0,0,0.528571429,0,1,0,0,0.125,0,0.595959596,0,RUSH
0.4325,0,0,0.528571429,0,0,1,0,0.05,0,0.565656566,0,RUSH
0.425,0,0,0.528571429,1,0,0,0,0.25,0,0.505050505,0,PASS
0.4175,0,0,0.528571429,0,1,0,0,0.25,0,0.505050505,0,PASS
0.41,0,0,0.528571429,1,0,0,0,0.25,0,0.363636364,0,PASS
0.4025,0,0,0.528571429,1,0,0,0,0.025,0,0.01010101,1,RUSH
0.395,0,0,0.528571429,0,1,0,0,0.025,0,0.01010101,1,RUSH
0.287777778,0,0,0.628571429,1,0,0,0,0.25,0,0.909090909,0,RUSH
0.280104167,0,0,0.628571429,1,0,0,0,0.35,0,0.949494949,0,RUSH
0.272430556,0,0,0.628571429,1,0,0,0,0.25,0,0.707070707,0,RUSH
0.264756944,0,0,0.628571429,0,1,0,0,0.175,0,0.676767677,0,RUSH
0.257083333,0,0,0.628571429,1,0,0,0,0.25,0,0.494949495,0,RUSH
0.25,0,0,0.628571429,0,1,0,0,0.225,0,0.484848485,0,RUSH
0.242326389,0,0,0.628571429,0,0,1,0,0.125,0,0.444444444,0,RUSH
0.234652778,0,0,0.628571429,1,0,0,0,0.25,0,0.353535354,0,RUSH
0.203055556,0,0,0.628571429,1,0,0,0,0.25,0,0.626262626,0,RUSH
0.193425926,0,0,0.628571429,0,1,0,0,0.1,0,0.565656566,0,RUSH
0.183796296,0,0,0.628571429,1,0,0,0,0.25,0,0.333333333,0,RUSH
0.0925,0,1,0.628571429,1,0,0,0,0.25,0,0.707070707,0,RUSH
0.079907407,0,1,0.628571429,0,1,0,0,0.15,0,0.666666667,0,RUSH
0.054722222,0,1,0.628571429,0,0,1,0,0.275,1,0.717171717,0,RUSH
0.056388889,0,1,0.628571429,0,0,0,1,0.2,1,0.686868687,0,PUNT
0.050555556,0,1,0.628571429,1,0,0,0,0.25,0,0.262626263,0,RUSH
0.04125,0,1,0.628571429,0,1,0,0,0.175,0,0.232323232,0,RUSH
0.031944444,1,1,0.628571429,0,0,1,0,0.1,0,0.202020202,1,RUSH
0.022638889,1,1,0.628571429,1,0,0,0,0.25,0,0.161616162,1,RUSH
0.993111111,0,0,0.5,1,0,0,0,0.25,0,0.757575758,0,PASS
0.986222222,0,0,0.5,0,1,0,0,0.05,0,0.676767677,0,RUSH
0.979333333,0,0,0.5,1,0,0,0,0.25,0,0.595959596,0,RUSH
0.972444444,0,0,0.5,0,1,0,0,0.175,0,0.565656566,0,PASS
0.965555556,0,0,0.5,0,0,1,0,0.175,1,0.565656566,0,PASS
0.958666667,0,0,0.5,1,0,0,0,0.25,0,0.494949495,0,RUSH
0.951777778,0,0,0.5,0,1,0,0,0.5,0,0.595959596,0,RUSH
0.938,0,0,0.5,1,0,0,0,0.25,0,0.272727273,0,RUSH
0.931111111,0,0,0.5,1,0,0,0,0.25,0,0.121212121,1,RUSH
0.918888889,0,0,0.55,1,0,0,0,0.25,0,0.676767677,0,RUSH
0.91,0,0,0.55,0,1,0,0,0.2,0,0.656565657,0,RUSH
0.901111111,0,0,0.55,1,0,0,0,0.25,0,0.535353535,0,RUSH
0.892222222,0,0,0.55,0,1,0,0,0.15,0,0.494949495,0,RUSH
0.883333333,0,0,0.55,0,0,1,0,0.225,1,0.525252525,0,PASS
0.883333333,0,0,0.55,0,0,0,1,0.225,1,0.525252525,0,PUNT
0.862777778,0,0,0.55,1,0,0,0,0.25,0,0.555555556,0,RUSH
0.855987654,0,0,0.55,0,1,0,0,0.175,0,0.525252525,0,RUSH
0.849197531,0,0,0.55,1,0,0,0,0.25,0,0.373737374,0,PASS
0.842407407,0,0,0.55,0,1,0,0,0.25,0,0.373737374,0,RUSH
0.835617284,0,0,0.55,0,0,1,0,0.4,1,0.434343434,0,RUSH
0.82882716,0,0,0.55,1,0,0,0,0.25,0,0.252525253,0,PASS
0.822037037,0,0,0.55,0,1,0,0,0.25,0,0.252525253,0,PASS
0.815246914,0,0,0.55,0,0,1,0,0.025,0,0.161616162,1,RUSH
0.80845679,0,0,0.55,0,0,0,1,0.075,0,0.181818182,1,FIELD_GOAL
0.783333333,0,0,0.521428571,1,0,0,0,0.25,0,0.757575758,0,PASS
0.77462963,0,0,0.521428571,0,1,0,0,0.25,0,0.757575758,0,RUSH
0.759907407,0,0,0.521428571,0,0,1,0,0.375,1,0.808080808,0,RUSH
0.759907407,0,0,0.521428571,0,0,0,1,0.275,1,0.767676768,0,PUNT
0.746111111,0,0,0.471428571,1,0,0,0,0.25,0,0.676767677,0,PASS
0.738055556,0,0,0.471428571,1,0,0,0,0.25,0,0.565656566,0,RUSH
0.73,0,0,0.471428571,0,1,0,0,0.4,0,0.626262626,0,PASS
0.721944444,0,0,0.471428571,0,0,1,0,0.15,0,0.525252525,0,PASS
0.701666667,0,0,0.471428571,0,0,0,1,0.025,0,0.474747475,0,RUSH
0.693611111,0,0,0.471428571,1,0,0,0,0.25,0,0.434343434,0,RUSH
0.685555556,0,0,0.471428571,1,0,0,0,0.25,0,0.222222222,0,RUSH
0.6775,0,0,0.471428571,0,1,0,0,0.15,0,0.181818182,1,RUSH
0.669444444,0,0,0.471428571,0,0,1,0,0.15,0,0.181818182,1,PASS
0.661388889,0,0,0.471428571,0,0,0,1,0.15,0,0.181818182,1,FIELD_GOAL
0.649166667,0,0,0.471428571,1,0,0,0,0.25,0,0.737373737,0,RUSH
0.642444444,0,0,0.471428571,0,1,0,0,0.175,0,0.707070707,0,PASS
0.635722222,0,0,0.471428571,1,0,0,0,0.25,0,0.575757576,0,PASS
0.629,0,0,0.471428571,0,1,0,0,0.25,0,0.575757576,0,RUSH
0.622277778,0,0,0.471428571,0,0,1,0,0.2,1,0.555555556,0,PASS
0.622277778,0,0,0.471428571,0,0,0,1,0.2,1,0.555555556,0,PUNT
0.566666667,0,0,0.521428571,1,0,0,0,0.25,0,0.777777778,0,RUSH
0.559444444,0,0,0.521428571,1,0,0,0,0.25,0,0.616161616,0,RUSH
0.553263889,0,0,0.521428571,0,1,0,0,0.2,0,0.595959596,0,RUSH
0.547083333,0,0,0.521428571,0,0,1,0,0.225,1,0.606060606,0,PASS
0.46,0,0,0.55,1,0,0,0,0.25,0,0.676767677,0,RUSH
0.438888889,0,0,0.6,1,0,0,0,0.25,0,0.454545455,0,RUSH
0.433518519,0,0,0.6,1,0,0,0,0.25,0,0.161616162,1,RUSH
0.428148148,0,0,0.6,0,1,0,0,0.175,0,0.131313131,1,RUSH
0.422777778,0,0,0.6,0,0,1,0,0.025,0,0.070707071,1,RUSH
0.417407407,0,0,0.6,1,0,0,0,0.075,0,0.03030303,1,RUSH
0.412037037,0,0,0.6,0,1,0,0,0.1,0,0.04040404,1,PASS
0.394444444,0,0,0.55,1,0,0,0,0.25,0,0.757575758,0,RUSH
0.386851852,0,0,0.55,0,1,0,0,0.25,0,0.757575758,0,RUSH
0.371666667,0,0,0.55,1,0,0,0,0.25,0,0.565656566,0,RUSH
0.364074074,0,0,0.55,0,1,0,0,0.025,0,0.474747475,0,RUSH
0.352222222,0,0,0.55,1,0,0,0,0.25,0,0.353535354,0,PASS
0.34462963,0,0,0.55,0,1,0,0,0.25,0,0.353535354,0,RUSH
0.337037037,0,0,0.55,1,0,0,0,0.25,0,0.151515152,1,RUSH
0.321851852,0,0,0.55,0,1,0,0,0.225,0,0.141414141,1,PASS
0.315,0,0,0.578571429,1,0,0,0,0.25,0,0.787878788,0,RUSH
0.307944444,0,0,0.578571429,0,1,0,0,0.275,0,0.797979798,0,PASS
0.300888889,0,0,0.578571429,0,0,1,0,0.025,0,0.696969697,0,RUSH
0.293833333,0,0,0.578571429,1,0,0,0,0.25,0,0.494949495,0,RUSH
0.286777778,0,0,0.578571429,0,1,0,0,0.15,0,0.454545455,0,RUSH
0.279722222,0,0,0.578571429,0,0,1,0,0.125,0,0.444444444,0,PASS
0.272666667,0,0,0.578571429,1,0,0,0,0.25,0,0.353535354,0,PASS
0.265611111,0,0,0.578571429,0,1,0,0,0.25,0,0.353535354,0,PASS
0.25,0,0,0.578571429,1,0,0,0,0.25,0,0.222222222,0,RUSH
0.242944444,0,0,0.578571429,1,0,0,0,0.025,0,0.01010101,1,RUSH
0.175,0,0,0.578571429,1,0,0,0,0.25,0,0.757575758,0,PASS
0.164675926,0,0,0.578571429,1,0,0,0,0.25,0,0.656565657,0,RUSH
0.154351852,0,0,0.578571429,0,1,0,0,0.275,0,0.666666667,0,RUSH
0.133703704,0,0,0.578571429,1,0,0,0,0.375,0,0.575757576,0,RUSH
0.12337963,0,0,0.578571429,0,1,0,0,0.35,0,0.565656566,0,RUSH
0.113055556,0,1,0.578571429,0,0,1,0,0.1,0,0.464646465,0,PASS
0.079074074,0,1,0.628571429,1,0,0,0,0.375,0,0.828282828,0,RUSH
0.072592593,0,1,0.628571429,0,1,0,0,0.25,0,0.777777778,0,RUSH
0.071666667,0,1,0.628571429,0,0,1,0,0.175,1,0.747474747,0,RUSH
0.071666667,0,1,0.628571429,0,0,0,1,0.225,1,0.767676768,0,PUNT
0.018055556,1,1,0.521428571,1,0,0,0,0.25,0,0.696969697,0,RUSH
0.009027778,1,1,0.521428571,0,1,0,0,0.3,0,0.717171717,0,RUSH
0.992777778,0,0,0.457142857,1,0,0,0,0.25,0,0.606060606,0,RUSH
0.986296296,0,0,0.457142857,1,0,0,0,0.25,0,0.494949495,0,RUSH
0.979814815,0,0,0.457142857,0,1,0,0,0.225,0,0.484848485,0,RUSH
0.973333333,0,0,0.457142857,0,0,1,0,0.175,1,0.464646465,0,PASS
0.956666667,0,0,0.457142857,1,0,0,0,0.25,0,0.353535354,0,PASS
0.950185185,0,0,0.457142857,0,1,0,0,0.25,0,0.353535354,0,RUSH
0.939444444,0,0,0.457142857,1,0,0,0,0.25,0,0.727272727,0,RUSH
0.931481481,0,0,0.457142857,0,1,0,0,0.25,0,0.727272727,0,PASS
0.923518519,0,0,0.457142857,0,0,1,0,0.25,1,0.727272727,0,PASS
0.923518519,0,0,0.457142857,0,0,0,1,0.075,0,0.656565657,0,PUNT
0.900833333,0,0,0.457142857,1,0,0,0,0.25,0,0.676767677,0,RUSH
0.894888889,0,0,0.457142857,0,1,0,0,0.025,0,0.585858586,0,RUSH
0.888944444,0,0,0.457142857,1,0,0,0,0.25,0,0.545454545,0,PASS
0.883,0,0,0.457142857,0,1,0,0,0.25,0,0.545454545,0,RUSH
0.877055556,0,0,0.457142857,0,0,1,0,0.075,0,0.474747475,0,RUSH
0.871111111,0,0,0.457142857,0,0,0,1,0.025,0,0.454545455,0,RUSH
0.865166667,0,0,0.457142857,1,0,0,0,0.25,0,0.252525253,0,PASS
0.859222222,0,0,0.457142857,0,1,0,0,0.25,0,0.252525253,0,PASS
0.853277778,0,0,0.457142857,0,0,1,0,0.25,1,0.252525253,0,PASS
0.847333333,0,0,0.457142857,1,0,0,0,0.2,0,0.080808081,1,RUSH
0.836666667,0,0,0.457142857,1,0,0,0,0.25,0,0.686868687,0,PASS
0.827962963,0,0,0.457142857,0,1,0,0,0.25,0,0.686868687,0,RUSH
0.819259259,0,0,0.457142857,0,0,1,0,0.25,1,0.686868687,0,PASS
0.819259259,0,0,0.457142857,0,0,0,1,0.05,0,0.606060606,0,PUNT
0.635,0,0,0.457142857,1,0,0,0,0.25,0,0.808080808,0,RUSH
0.626666667,0,0,0.457142857,0,1,0,0,0.25,0,0.808080808,0,PASS
0.618333333,0,0,0.457142857,0,0,1,0,0.125,0,0.757575758,0,PASS
0.618333333,0,0,0.457142857,0,0,0,1,0.125,0,0.757575758,0,PUNT
0.588055556,0,0,0.457142857,1,0,0,0,0.25,0,0.767676768,0,PASS
0.565462963,0,0,0.457142857,0,1,0,0,0.275,0,0.777777778,0,RUSH
0.554166667,0,0,0.457142857,0,0,1,0,0.275,1,0.777777778,0,RUSH
0.554166667,0,0,0.457142857,0,0,0,1,0.475,1,0.858585859,0,PUNT
0.504722222,1,0,0.457142857,1,0,0,0,0.25,0,0.646464646,0,PASS
0.503541667,1,0,0.457142857,0,1,0,0,0.25,0,0.646464646,0,RUSH
0.501180556,1,0,0.457142857,1,0,0,0,0.25,0,0.505050505,0,PASS
0.5,0,0,0.457142857,1,0,0,0,0.25,0,0.747474747,0,PASS
0.493888889,0,0,0.457142857,0,1,0,0,0.25,0,0.747474747,0,RUSH
0.487777778,0,0,0.457142857,0,0,1,0,0.225,1,0.737373737,0,PASS
0.487777778,0,0,0.457142857,0,0,0,1,0.225,1,0.737373737,0,PUNT
0.4475,0,0,0.457142857,1,0,0,0,0.25,0,0.808080808,0,RUSH
0.438819444,0,0,0.457142857,0,1,0,0,0.25,0,0.808080808,0,PASS
0.430138889,0,0,0.457142857,0,0,1,0,0.075,0,0.737373737,0,RUSH
0.421458333,0,0,0.457142857,1,0,0,0,0.25,0,0.565656566,0,RUSH
0.412777778,0,0,0.457142857,0,1,0,0,0.3,0,0.585858586,0,RUSH
0.404097222,0,0,0.457142857,0,0,1,0,0.25,1,0.565656566,0,PASS
0.395416667,0,0,0.457142857,1,0,0,0,0.25,0,0.373737374,0,PASS
0.386736111,0,0,0.457142857,1,0,0,0,0.05,0,0.02020202,1,RUSH
0.311944444,0,0,0.457142857,1,0,0,0,0.25,0,0.797979798,0,RUSH
0.305694444,0,0,0.457142857,0,1,0,0,0.025,0,0.707070707,0,RUSH
0.258055556,0,0,0.457142857,1,0,0,0,0.25,0,0.767676768,0,RUSH
0.253777778,0,0,0.457142857,1,0,0,0,0.25,0,0.393939394,0,RUSH
0.25,0,0,0.457142857,0,1,0,0,0.175,0,0.363636364,0,RUSH
0.245722222,0,0,0.457142857,0,0,1,0,0.1,0,0.333333333,0,PASS
0.241444444,0,0,0.457142857,0,0,0,1,0.1,0,0.333333333,0,FIELD_GOAL
0.180833333,0,0,0.457142857,1,0,0,0,0.25,0,1,0,RUSH
0.100833333,0,1,0.442857143,1,0,0,0,0.25,0,0.808080808,0,PASS
0.092777778,0,1,0.442857143,0,1,0,0,0.025,0,0.717171717,0,RUSH
0.084722222,0,1,0.442857143,0,0,1,0,0.05,0,0.727272727,0,RUSH
0.076666667,0,1,0.442857143,0,0,0,1,0.05,0,0.727272727,0,RUSH
0.068611111,0,1,0.442857143,1,0,0,0,0.25,0,0.636363636,0,PASS
0.060555556,0,1,0.442857143,0,1,0,0,0.25,0,0.636363636,0,PASS
0.044444444,0,1,0.442857143,0,0,1,0,0.325,1,0.666666667,0,PASS
0.013055556,1,1,0.442857143,1,0,0,0,0.25,0,0.616161616,0,PASS
0.011527778,1,1,0.442857143,1,0,0,0,0.25,0,0.222222222,0,PASS
0.01,1,1,0.442857143,0,1,0,0,0.05,0,0.141414141,1,PASS
0.008472222,1,1,0.442857143,0,0,1,0,0.05,0,0.141414141,1,RUSH
0.006944444,1,1,0.442857143,1,0,0,0,0.25,0,0.111111111,1,PASS
0.005416667,1,1,0.442857143,0,1,0,0,0.25,0,0.111111111,1,PASS
0.002361111,1,1,0.442857143,1,0,0,0,0.05,0,0.02020202,1,PASS
-0.249166667,1,1,0.5,1,0,0,0,0.25,0,0.252525253,0,RUSH
-0.249166667,1,1,0.5,0,1,0,0,0.25,0,0.252525253,0,PASS
-0.249166667,1,1,0.5,1,0,0,0,0.2,0,0.080808081,1,RUSH
-0.249166667,1,1,0.5,0,1,0,0,0.075,0,0.03030303,1,RUSH
-0.249166667,1,1,0.5,0,0,1,0,0.025,0,0.01010101,1,RUSH
0.988148148,0,0,0.5,1,0,0,0,0.25,0,0.757575758,0,RUSH
0.976296296,0,0,0.5,0,1,0,0,0.125,0,0.707070707,0,PASS
0.964444444,0,0,0.5,0,0,1,0,0.075,0,0.686868687,0,RUSH
0.966944444,0,0,0.5,0,0,0,1,0.025,0,0.666666667,0,PUNT
0.933287037,0,0,0.5,1,0,0,0,0.375,0,0.626262626,0,RUSH
0.926851852,0,0,0.5,0,1,0,0,0.35,0,0.616161616,0,PASS
0.920416667,0,0,0.5,0,0,1,0,0.35,1,0.616161616,0,PASS
0.913981481,0,0,0.5,1,0,0,0,0.25,0,0.474747475,0,RUSH
0.907546296,0,0,0.5,0,1,0,0,0.175,0,0.444444444,0,PASS
0.901111111,0,0,0.5,0,0,1,0,0.175,1,0.444444444,0,PASS
0.901111111,0,0,0.5,0,0,0,1,0.175,1,0.444444444,0,PUNT
0.845,0,0,0.5,1,0,0,0,0.25,0,0.97979798,0,RUSH
0.835777778,0,0,0.5,0,1,0,0,0.1,0,0.919191919,0,RUSH
0.826555556,0,0,0.5,1,0,0,0,0.25,0,0.838383838,0,RUSH
0.817333333,0,0,0.5,0,1,0,0,0.175,0,0.808080808,0,RUSH
0.808111111,0,0,0.5,0,0,1,0,0.125,0,0.787878788,0,PASS
0.808111111,0,0,0.5,0,0,0,1,0.125,0,0.787878788,0,PUNT
0.781666667,0,0,0.5,1,0,0,0,0.25,0,0.898989899,0,PASS
0.776746032,0,0,0.5,0,1,0,0,0.25,0,0.898989899,0,PASS
0.766904762,0,0,0.5,1,0,0,0,0.25,0,0.676767677,0,PASS
0.761984127,0,0,0.5,1,0,0,0,0.25,0,0.454545455,0,PASS
0.757063492,0,0,0.5,0,1,0,0,0.25,0,0.454545455,0,RUSH
0.752142857,0,0,0.5,0,0,1,0,0.1,0,0.393939394,0,RUSH
0.75,0,0,0.5,0,0,0,1,0.25,1,0.454545455,0,PUNT
0.710833333,0,0,0.5,1,0,0,0,0.25,0,0.949494949,0,RUSH
0.699388889,0,0,0.5,0,1,0,0,0.125,0,0.898989899,0,RUSH
0.687944444,0,0,0.5,1,0,0,0,0.25,0,0.707070707,0,RUSH
0.6765,0,0,0.5,0,1,0,0,0.075,0,0.636363636,0,RUSH
0.665055556,0,0,0.5,0,0,1,0,0.025,0,0.616161616,0,RUSH
0.665055556,0,0,0.5,0,0,0,1,0.275,1,0.717171717,0,PUNT
0.623611111,0,0,0.5,1,0,0,0,0.25,0,0.838383838,0,RUSH
0.61712963,0,0,0.5,0,1,0,0,0.4,0,0.898989899,0,RUSH
0.610648148,0,0,0.5,0,0,1,0,0.325,1,0.868686869,0,PASS
0.610648148,0,0,0.5,0,0,0,1,0.325,1,0.868686869,0,PUNT
0.601666667,0,0,0.45,1,0,0,0,0.25,0,0.757575758,0,RUSH
0.59457265,0,0,0.45,0,1,0,0,0.2,0,0.737373737,0,RUSH
0.587478632,0,0,0.45,0,0,1,0,0.125,0,0.707070707,0,RUSH
0.573290598,0,0,0.45,1,0,0,0,0.25,0,0.636363636,0,RUSH
0.566196581,0,0,0.45,1,0,0,0,0.25,0,0.515151515,0,PASS
0.559102564,0,0,0.45,0,1,0,0,0.25,0,0.515151515,0,RUSH
0.552008547,0,0,0.45,0,0,1,0,0.05,0,0.434343434,0,RUSH
0.54491453,0,0,0.45,1,0,0,0,0.25,0,0.404040404,0,RUSH
0.537820513,0,0,0.45,0,1,0,0,0.225,0,0.393939394,0,RUSH
0.530726496,1,0,0.45,1,0,0,0,0.15,0,0.060606061,1,RUSH
0.523632479,1,0,0.45,0,1,0,0,0.075,0,0.03030303,1,RUSH
0.510555556,1,0,0.45,0,0,1,0,0.025,0,0.01010101,1,RUSH
0.412222222,0,0,0.528571429,1,0,0,0,0.25,0,0.929292929,0,RUSH
0.405925926,0,0,0.528571429,0,1,0,0,0.25,0,0.929292929,0,RUSH
0.39962963,0,0,0.528571429,0,0,1,0,0.125,0,0.878787879,0,PASS
0.361388889,0,0,0.528571429,1,0,0,0,0.25,0,0.575757576,0,RUSH
0.356083333,0,0,0.528571429,0,1,0,0,0.2,0,0.555555556,0,PASS
0.350777778,0,0,0.528571429,1,0,0,0,0.25,0,0.424242424,0,PASS
0.345472222,0,0,0.528571429,0,1,0,0,0.25,0,0.424242424,0,RUSH
0.340166667,0,0,0.528571429,1,0,0,0,0.25,0,0.282828283,0,RUSH
0.334861111,0,0,0.528571429,0,1,0,0,0.1,0,0.222222222,0,PASS
0.329555556,0,0,0.528571429,0,0,1,0,0.1,0,0.222222222,0,PASS
0.32425,0,0,0.528571429,1,0,0,0,0.225,0,0.090909091,1,RUSH
0.318944444,0,0,0.528571429,0,1,0,0,0.05,0,0.02020202,1,RUSH
0.313638889,0,0,0.528571429,0,0,1,0,0.025,0,0.01010101,1,RUSH
0.298611111,0,0,0.578571429,1,0,0,0,0.25,0,0.858585859,0,RUSH
0.293923611,0,0,0.578571429,1,0,0,0,0.25,0,0.646464646,0,RUSH
0.289236111,0,0,0.578571429,1,0,0,0,0.25,0,0.535353535,0,PASS
0.284548611,0,0,0.578571429,0,1,0,0,0.25,0,0.535353535,0,RUSH
0.279861111,0,0,0.578571429,1,0,0,0,0.25,0,0.252525253,0,RUSH
0.275173611,0,0,0.578571429,0,1,0,0,0.125,0,0.202020202,1,RUSH
0.270486111,0,0,0.578571429,1,0,0,0,0.15,0,0.060606061,1,RUSH
0.265798611,0,0,0.578571429,0,1,0,0,0.025,0,0.01010101,1,RUSH
0.161944444,0,0,0.585714286,1,0,0,0,0.25,0,0.929292929,0,RUSH
0.15212963,0,0,0.585714286,0,1,0,0,0.25,0,0.929292929,0,RUSH
0.142314815,0,0,0.585714286,0,0,1,0,0.075,0,0.858585859,0,RUSH
0.1325,0,0,0.585714286,1,0,0,0,0.25,0,0.787878788,0,RUSH
0.122685185,0,0,0.585714286,0,1,0,0,0.15,0,0.747474747,0,RUSH
0.11287037,0,1,0.585714286,0,0,1,0,0.1,0,0.727272727,0,PASS
0.027777778,1,1,0.585714286,1,0,0,0,0.25,0,0.494949495,0,RUSH
0.026111111,1,1,0.585714286,0,1,0,0,0.275,0,0.505050505,0,RUSH
0.023888889,1,1,0.585714286,0,0,1,0,0.025,0,0.404040404,0,RUSH
0.018333333,1,1,0.585714286,1,0,0,0,0.25,0,0.383838384,0,RUSH
0.012777778,1,1,0.585714286,0,1,0,0,0.3,0,0.404040404,0,RUSH
0.968611111,0,0,0.5,1,0,0,0,0.25,0,0.686868687,0,RUSH
0.960092593,0,0,0.5,0,1,0,0,0.3,0,0.707070707,0,RUSH
0.951574074,0,0,0.5,0,0,1,0,0.175,1,0.656565657,0,RUSH
0.951574074,0,0,0.5,0,0,0,1,0.375,1,0.737373737,0,PUNT
0.878888889,0,0,0.478571429,1,0,0,0,0.25,0,0.797979798,0,RUSH
0.873055556,0,0,0.478571429,0,1,0,0,0.2,0,0.777777778,0,RUSH
0.867222222,0,0,0.478571429,1,0,0,0,0.25,0,0.585858586,0,RUSH
0.861388889,0,0,0.478571429,0,1,0,0,0.125,0,0.535353535,0,RUSH
0.855555556,0,0,0.478571429,0,0,1,0,0.05,0,0.505050505,0,RUSH
0.849722222,0,0,0.478571429,1,0,0,0,0.25,0,0.474747475,0,PASS
0.843888889,0,0,0.478571429,1,0,0,0,0.25,0,0.232323232,0,RUSH
0.838055556,0,0,0.478571429,0,1,0,0,0.15,0,0.191919192,1,RUSH
0.832222222,0,0,0.478571429,1,0,0,0,0.2,0,0.080808081,1,RUSH
0.826388889,0,0,0.478571429,0,1,0,0,0.075,0,0.03030303,1,RUSH
0.760555556,0,0,0.507142857,1,0,0,0,0.25,0,0.757575758,0,PASS
0.754777778,0,0,0.507142857,0,1,0,0,0.25,0,0.757575758,0,RUSH
0.749,0,0,0.507142857,1,0,0,0,0.25,0,0.636363636,0,RUSH
0.75,0,0,0.507142857,0,1,0,0,0.275,0,0.646464646,0,RUSH
0.744222222,0,0,0.507142857,0,0,1,0,0.075,0,0.565656566,0,RUSH
0.738444444,0,0,0.507142857,1,0,0,0,0.25,0,0.474747475,0,PASS
0.732666667,0,0,0.507142857,1,0,0,0,0.25,0,0.161616162,1,RUSH
0.726888889,0,0,0.507142857,0,1,0,0,0.225,0,0.151515152,1,RUSH
0.721111111,0,0,0.507142857,0,0,1,0,0.2,1,0.141414141,1,PASS
0.715333333,0,0,0.507142857,0,0,0,1,0.2,1,0.141414141,1,FIELD_GOAL
0.678888889,0,0,0.528571429,1,0,0,0,0.25,0,0.646464646,0,RUSH
0.673166667,0,0,0.528571429,0,1,0,0,0.125,0,0.595959596,0,RUSH
0.667444444,0,0,0.528571429,1,0,0,0,0.25,0,0.515151515,0,RUSH
0.661722222,0,0,0.528571429,1,0,0,0,0.25,0,0.373737374,0,PASS
0.656,0,0,0.528571429,1,0,0,0,0.125,0,0.050505051,1,RUSH
0.600833333,0,0,0.578571429,1,0,0,0,0.25,0,0.616161616,0,PASS
0.596296296,0,0,0.578571429,0,1,0,0,0.25,0,0.616161616,0,RUSH
0.591759259,0,0,0.578571429,1,0,0,0,0.25,0,0.515151515,0,PASS
0.569444444,0,0,0.628571429,1,0,0,0,0.25,0,0.505050505,0,RUSH
0.562,0,0,0.628571429,1,0,0,0,0.25,0,0.393939394,0,RUSH
0.554555556,0,0,0.628571429,1,0,0,0,0.25,0,0.282828283,0,PASS
0.547111111,0,0,0.628571429,1,0,0,0,0.25,0,0.141414141,1,RUSH
0.539666667,0,0,0.628571429,1,0,0,0,0.075,0,0.03030303,1,RUSH
0.509722222,1,0,0.678571429,1,0,0,0,0.25,0,0.515151515,0,RUSH
0.506759259,1,0,0.678571429,0,1,0,0,0.25,0,0.515151515,0,PASS
0.503796296,1,0,0.678571429,0,0,1,0,0.25,1,0.515151515,0,PASS
0.503055556,1,0,0.678571429,0,0,0,1,0.25,1,0.515151515,0,PUNT
0.5,0,0,0.678571429,1,0,0,0,0.25,0,0.747474747,0,PASS
0.493796296,0,0,0.678571429,0,1,0,0,0.25,0,0.747474747,0,RUSH
0.487592593,0,0,0.678571429,0,0,1,0,0.15,0,0.707070707,0,PASS
0.487592593,0,0,0.678571429,0,0,0,1,0.15,0,0.707070707,0,PUNT
0.458611111,0,0,0.678571429,1,0,0,0,0.25,0,0.737373737,0,RUSH
0.449873737,0,0,0.678571429,1,0,0,0,0.25,0,0.494949495,0,RUSH
0.441136364,0,0,0.678571429,0,1,0,0,0.275,0,0.505050505,0,RUSH
0.43239899,0,0,0.678571429,1,0,0,0,0.25,0,0.303030303,0,PASS
0.423661616,0,0,0.678571429,0,1,0,0,0.025,0,0.212121212,0,RUSH
0.414924242,0,0,0.678571429,0,0,1,0,0.125,0,0.252525253,0,PASS
0.406186869,0,0,0.678571429,0,0,0,1,0.025,0,0.212121212,0,RUSH
0.397449495,0,0,0.678571429,1,0,0,0,0.25,0,0.191919192,1,PASS
0.388712121,0,0,0.678571429,0,1,0,0,0.025,0,0.101010101,1,RUSH
0.373611111,0,0,0.678571429,0,0,1,0,0.125,0,0.141414141,1,RUSH
0.364873737,0,0,0.678571429,1,0,0,0,0.05,0,0.02020202,1,RUSH
0.325277778,0,0,0.728571429,1,0,0,0,0.25,0,0.535353535,0,PASS
0.306388889,0,0,0.728571429,0,1,0,0,0.475,0,0.626262626,0,PASS
0.264722222,0,0,0.671428571,1,0,0,0,0.25,0,0.757575758,0,PASS
0.257986111,0,0,0.671428571,0,1,0,0,0.25,0,0.757575758,0,RUSH
0.25125,0,0,0.671428571,1,0,0,0,0.25,0,0.656565657,0,RUSH
0.25,0,0,0.671428571,0,1,0,0,0.15,0,0.616161616,0,RUSH
0.243263889,0,0,0.671428571,1,0,0,0,0.25,0,0.484848485,0,PASS
0.236527778,0,0,0.671428571,0,1,0,0,0.125,0,0.434343434,0,RUSH
0.229791667,0,0,0.671428571,0,0,1,0,0.15,0,0.444444444,0,RUSH
0.223055556,0,0,0.671428571,1,0,0,0,0.25,0,0.373737374,0,PASS
0.163888889,0,0,0.721428571,1,0,0,0,0.25,0,0.858585859,0,RUSH
0.156464646,0,0,0.721428571,0,1,0,0,0.175,0,0.828282828,0,RUSH
0.141616162,0,0,0.721428571,1,0,0,0,0.25,0,0.727272727,0,RUSH
0.134191919,0,0,0.721428571,0,1,0,0,0.05,0,0.646464646,0,RUSH
0.126767677,0,0,0.721428571,1,0,0,0,0.25,0,0.616161616,0,PASS
0.119343434,0,0,0.721428571,0,1,0,0,0.25,0,0.616161616,0,RUSH
0.111919192,0,1,0.721428571,1,0,0,0,0.25,0,0.383838384,0,PASS
0.104494949,0,1,0.721428571,1,0,0,0,0.25,0,0.272727273,0,RUSH
0.097070707,0,1,0.721428571,0,1,0,0,0.175,0,0.242424242,0,RUSH
0.089646465,0,1,0.721428571,1,0,0,0,0.25,0,0.161616162,1,RUSH
0.081944444,0,1,0.664285714,1,0,0,0,0.25,0,0.444444444,0,RUSH
0.073650794,0,1,0.664285714,0,1,0,0,0.075,0,0.373737374,0,RUSH
0.065357143,0,1,0.664285714,1,0,0,0,0.25,0,0.282828283,0,RUSH
0.057063492,0,1,0.664285714,0,1,0,0,0.125,0,0.232323232,0,RUSH
0.048769841,0,1,0.664285714,1,0,0,0,0.25,0,0.121212121,1,RUSH
0.04047619,0,1,0.664285714,0,1,0,0,0.15,0,0.080808081,1,RUSH
0.03218254,1,1,0.664285714,0,0,1,0,0.025,0,0.03030303,1,RUSH
0.983611111,0,0,0.5,1,0,0,0,0.25,0,0.848484848,0,RUSH
0.977932099,0,0,0.5,0,1,0,0,0.1,0,0.787878788,0,PASS
0.972253086,0,0,0.5,0,0,1,0,0.1,0,0.787878788,0,RUSH
0.966574074,0,0,0.5,1,0,0,0,0.25,0,0.686868687,0,PASS
0.960895062,0,0,0.5,0,1,0,0,0.1,0,0.626262626,0,RUSH
0.955216049,0,0,0.5,1,0,0,0,0.25,0,0.545454545,0,PASS
0.949537037,0,0,0.5,1,0,0,0,0.25,0,0.404040404,0,PASS
0.943858025,0,0,0.5,0,1,0,0,0.25,0,0.404040404,0,RUSH
0.946666667,0,0,0.5,0,0,1,0,0.175,1,0.373737374,0,RUSH
0.946666667,0,0,0.5,0,0,0,1,0.15,0,0.363636364,0,PUNT
0.859444444,0,0,0.5,1,0,0,0,0.25,0,0.808080808,0,RUSH
0.852579365,0,0,0.5,0,1,0,0,0.075,0,0.737373737,0,PASS
0.845714286,0,0,0.5,1,0,0,0,0.25,0,0.555555556,0,RUSH
0.838849206,0,0,0.5,0,1,0,0,0.05,0,0.474747475,0,RUSH
0.831984127,0,0,0.5,1,0,0,0,0.25,0,0.414141414,0,RUSH
0.825119048,0,0,0.5,0,1,0,0,0.175,0,0.383838384,0,PASS
0.823888889,0,0,0.5,0,0,1,0,0.175,1,0.383838384,0,RUSH
0.823888889,0,0,0.5,0,0,0,1,0.275,1,0.424242424,0,PUNT
0.736666667,0,0,0.55,1,0,0,0,0.25,0,0.696969697,0,RUSH
0.7309375,0,0,0.55,0,1,0,0,0.325,0,0.727272727,0,PASS
0.725208333,0,0,0.55,0,0,1,0,0.125,0,0.646464646,0,PASS
0.719479167,0,0,0.55,1,0,0,0,0.25,0,0.505050505,0,RUSH
0.71375,0,0,0.55,0,1,0,0,0.175,0,0.474747475,0,PASS
0.708020833,0,0,0.55,0,0,1,0,0.05,0,0.424242424,0,PASS
0.702291667,0,0,0.55,1,0,0,0,0.25,0,0.323232323,0,RUSH
0.6965625,0,0,0.55,1,0,0,0,0.25,0,0.151515152,1,RUSH
0.624444444,0,0,0.55,1,0,0,0,0.25,0,0.858585859,0,PASS
0.618055556,0,0,0.55,0,1,0,0,0.25,0,0.858585859,0,RUSH
0.611666667,0,0,0.55,0,0,1,0,0.25,1,0.858585859,0,RUSH
0.611666667,0,0,0.55,0,0,0,1,0.425,1,0.929292929,0,PUNT
0.588611111,0,0,0.55,1,0,0,0,0.25,0,0.858585859,0,RUSH
0.58037037,0,0,0.55,0,1,0,0,0.125,0,0.808080808,0,PASS
0.57212963,0,0,0.55,0,0,1,0,0.05,0,0.777777778,0,RUSH
0.57212963,0,0,0.55,0,0,0,1,0.025,0,0.767676768,0,PUNT
0.508611111,1,0,0.55,1,0,0,0,0.25,0,0.888888889,0,RUSH
0.498888889,0,0,0.55,1,0,0,0,0.25,0,0.868686869,0,RUSH
0.491722222,0,0,0.55,0,1,0,0,0.125,0,0.818181818,0,PASS
0.484555556,0,0,0.55,1,0,0,0,0.25,0,0.707070707,0,RUSH
0.477388889,0,0,0.55,0,1,0,0,0.3,0,0.727272727,0,RUSH
0.470222222,0,0,0.55,0,0,1,0,0.4,1,0.767676768,0,PASS
0.470222222,0,0,0.55,0,0,0,1,0.4,1,0.767676768,0,PUNT
0.426944444,0,0,0.55,1,0,0,0,0.25,0,0.646464646,0,RUSH
0.420753968,0,0,0.55,0,1,0,0,0.15,0,0.606060606,0,RUSH
0.414563492,0,0,0.55,1,0,0,0,0.25,0,0.535353535,0,PASS
0.408373016,0,0,0.55,0,1,0,0,0.05,0,0.454545455,0,RUSH
0.40218254,0,0,0.55,1,0,0,0,0.25,0,0.424242424,0,PASS
0.395992063,0,0,0.55,0,1,0,0,0.25,0,0.424242424,0,RUSH
0.389801587,0,0,0.55,0,0,1,0,0.225,1,0.414141414,0,PASS
0.389801587,0,0,0.55,0,0,0,1,0.225,1,0.414141414,0,PUNT
0.248888889,0,0,0.55,1,0,0,0,0.25,0,0.777777778,0,RUSH
0.240277778,0,0,0.55,0,1,0,0,0.275,0,0.787878788,0,RUSH
0.231666667,0,0,0.55,1,0,0,0,0.25,0,0.606060606,0,RUSH
0.214444444,0,0,0.55,0,1,0,0,0.4,0,0.666666667,0,PASS
0.205833333,0,0,0.55,0,0,1,0,0.775,1,0.818181818,0,RUSH
0.205833333,0,0,0.55,0,0,0,1,0.625,1,0.757575758,0,PUNT
0.153611111,0,0,0.55,1,0,0,0,0.25,0,0.808080808,0,RUSH
0.141296296,0,0,0.55,0,1,0,0,0.225,0,0.797979798,0,RUSH
0.128981481,0,0,0.55,0,0,1,0,0.175,1,0.777777778,0,RUSH
0.128981481,0,0,0.55,0,0,0,1,0.325,1,0.838383838,0,PUNT
0.046111111,0,1,0.55,1,0,0,0,0.25,0,0.949494949,0,RUSH
0.043888889,0,1,0.55,0,1,0,0,0.15,0,0.909090909,0,RUSH
0.041944444,0,1,0.55,0,0,1,0,0.25,1,0.949494949,0,RUSH
0.041944444,0,1,0.55,0,0,0,1,0.15,0,0.909090909,0,PUNT
0.002222222,1,1,0.5,1,0,0,0,0.25,0,0.757575758,0,RUSH
-0.247777778,1,1,0.5,1,0,0,0,0.25,0,0.252525253,0,RUSH
-0.247777778,1,1,0.5,1,0,0,0,0.25,0,0.141414141,1,RUSH
-0.247777778,1,1,0.5,0,1,0,0,0.15,0,0.101010101,1,RUSH
-0.247777778,1,1,0.5,1,0,0,0,0.05,0,0.02020202,1,RUSH
0.993564815,0,0,0.5,1,0,0,0,0.25,0,0.757575758,0,RUSH
0.98712963,0,0,0.5,0,1,0,0,0.075,0,0.686868687,0,RUSH
0.980694444,0,0,0.5,0,0,1,0,0.05,0,0.676767677,0,RUSH
0.974259259,0,0,0.5,1,0,0,0,0.25,0,0.606060606,0,PASS
0.967824074,0,0,0.5,1,0,0,0,0.2,0,0.080808081,1,PASS
0.961388889,0,0,0.5,0,1,0,0,0.075,0,0.03030303,1,RUSH
0.925,0,0,0.55,1,0,0,0,0.25,0,0.676767677,0,RUSH
0.912222222,0,0,0.55,0,1,0,0,0.25,0,0.676767677,0,PASS
0.899444444,0,0,0.55,0,0,1,0,0.075,0,0.606060606,0,RUSH
0.899444444,0,0,0.55,0,0,0,1,0.525,1,0.787878788,0,PUNT
0.8675,0,0,0.5,1,0,0,0,0.25,0,0.717171717,0,PASS
0.857752525,0,0,0.5,1,0,0,0,0.25,0,0.606060606,0,RUSH
0.848005051,0,0,0.5,0,1,0,0,0.25,0,0.606060606,0,RUSH
0.838257576,0,0,0.5,0,0,1,0,0.1,0,0.545454545,0,PASS
0.828510101,0,0,0.5,1,0,0,0,0.25,0,0.393939394,0,RUSH
0.818762626,0,0,0.5,0,1,0,0,0.45,0,0.474747475,0,RUSH
0.809015152,0,0,0.5,0,0,1,0,0.35,1,0.434343434,0,PASS
0.779772727,0,0,0.5,1,0,0,0,0.625,0,0.393939394,0,PASS
0.760277778,0,0,0.5,0,1,0,0,0.525,0,0.353535354,0,PASS
0.750530303,0,0,0.5,0,0,1,0,0.25,1,0.242424242,0,PASS
0.740782828,0,0,0.5,0,0,0,1,0.25,1,0.242424242,0,FIELD_GOAL
0.678333333,0,0,0.471428571,1,0,0,0,0.25,0,0.757575758,0,RUSH
0.667944444,0,0,0.471428571,0,1,0,0,0.175,0,0.727272727,0,RUSH
0.657555556,0,0,0.471428571,1,0,0,0,0.25,0,0.515151515,0,RUSH
0.647166667,0,0,0.471428571,0,1,0,0,0.15,0,0.474747475,0,RUSH
0.626388889,0,0,0.471428571,0,0,1,0,0.175,1,0.484848485,0,RUSH
0.626388889,0,0,0.471428571,0,0,0,1,0.35,1,0.555555556,0,PUNT
0.564444444,0,0,0.471428571,1,0,0,0,0.25,0,0.595959596,0,RUSH
0.55787037,0,0,0.471428571,1,0,0,0,0.25,0,0.444444444,0,RUSH
0.551296296,0,0,0.471428571,0,1,0,0,0.175,0,0.414141414,0,RUSH
0.538148148,0,0,0.471428571,1,0,0,0,0.125,0,0.252525253,0,RUSH
0.531574074,1,0,0.471428571,0,1,0,0,0.125,0,0.252525253,0,RUSH
0.525,1,0,0.471428571,1,0,0,0,0.25,0,0.141414141,1,PASS
0.508888889,1,0,0.471428571,1,0,0,0,0.25,0,0.656565657,0,RUSH
0.507111111,1,0,0.471428571,1,0,0,0,0.25,0,0.484848485,0,PASS
0.505333333,1,0,0.471428571,0,1,0,0,0.125,0,0.434343434,0,PASS
0.503555556,1,0,0.471428571,1,0,0,0,0.25,0,0.353535354,0,PASS
0.501388889,1,0,0.471428571,0,1,0,0,0.25,0,0.353535354,0,FIELD_GOAL
0.448333333,0,0,0.492857143,1,0,0,0,0.25,0,0.464646465,0,RUSH
0.43952381,0,0,0.492857143,1,0,0,0,0.25,0,0.292929293,0,RUSH
0.430714286,0,0,0.492857143,0,1,0,0,0.1,0,0.232323232,0,RUSH
0.421904762,0,0,0.492857143,1,0,0,0,0.25,0,0.191919192,1,RUSH
0.413095238,0,0,0.492857143,0,1,0,0,0.275,0,0.202020202,1,RUSH
0.404285714,0,0,0.492857143,0,0,1,0,0.15,0,0.151515152,1,RUSH
0.39547619,0,0,0.492857143,0,0,0,1,0.05,0,0.111111111,1,FIELD_GOAL
0.373888889,0,0,0.514285714,1,0,0,0,0.25,0,0.373737374,0,RUSH
0.367152778,0,0,0.514285714,0,1,0,0,0.175,0,0.343434343,0,PASS
0.360416667,0,0,0.514285714,1,0,0,0,0.25,0,0.252525253,0,RUSH
0.353680556,0,0,0.514285714,0,1,0,0,0.1,0,0.191919192,1,RUSH
0.346944444,0,0,0.514285714,1,0,0,0,0.25,0,0.131313131,1,RUSH
0.340208333,0,0,0.514285714,0,1,0,0,0.025,0,0.04040404,1,RUSH
0.331944444,0,0,0.514285714,0,0,1,0,0.175,1,0.101010101,1,RUSH
0.325208333,0,0,0.514285714,0,0,0,1,0.475,1,0.222222222,0,FIELD_GOAL
0.285,0,0,0.514285714,1,0,0,0,0.25,0,0.919191919,0,RUSH
0.277261905,0,0,0.514285714,0,1,0,0,0.2,0,0.898989899,0,RUSH
0.26952381,0,0,0.514285714,1,0,0,0,0.25,0,0.757575758,0,RUSH
0.261785714,0,0,0.514285714,0,1,0,0,0.15,0,0.717171717,0,RUSH
0.25,0,0,0.514285714,1,0,0,0,0.25,0,0.292929293,0,RUSH
0.235555556,0,0,0.514285714,0,1,0,0,0.225,0,0.282828283,0,PASS
0.22781746,0,0,0.514285714,0,0,1,0,0.225,1,0.282828283,0,RUSH
0.198611111,0,0,0.514285714,1,0,0,0,0.25,0,0.757575758,0,PASS
0.189888889,0,0,0.514285714,1,0,0,0,0.25,0,0.626262626,0,PASS
0.181166667,0,0,0.514285714,1,0,0,0,0.25,0,0.515151515,0,RUSH
0.172444444,0,0,0.514285714,0,1,0,0,0.225,0,0.505050505,0,RUSH
0.163722222,0,0,0.514285714,0,0,1,0,0.2,1,0.494949495,0,PASS
0.163722222,0,0,0.514285714,0,0,0,1,0.2,1,0.494949495,0,PUNT
0.138611111,0,0,0.514285714,1,0,0,0,0.25,0,0.101010101,1,RUSH
0.130763889,0,0,0.514285714,0,1,0,0,0.125,0,0.050505051,1,RUSH
0.122916667,0,0,0.514285714,0,0,1,0,0.125,0,0.050505051,1,RUSH
0.115069444,0,1,0.514285714,0,0,0,1,0.2,1,0.080808081,1,FIELD_GOAL
0.070486111,0,1,0.535714286,1,0,0,0,0.375,0,0.535353535,0,RUSH
0.060416667,0,1,0.535714286,0,1,0,0,0.3,0,0.505050505,0,RUSH
0.050347222,0,1,0.535714286,0,0,1,0,0.175,1,0.454545455,0,RUSH
0.040277778,0,1,0.535714286,1,0,0,0,0.25,0,0.323232323,0,RUSH
0.030208333,1,1,0.535714286,0,1,0,0,0.1,0,0.262626263,0,RUSH
0.023888889,1,1,0.535714286,1,0,0,0,0.25,0,0.212121212,0,RUSH
0.023333333,1,1,0.535714286,0,1,0,0,0.35,0,0.252525253,0,RUSH
0.013263889,1,1,0.535714286,0,0,1,0,0.425,1,0.282828283,0,RUSH