Game Clock,2min Warning,Late Game,Lead,d1,d2,d3,d4,Distance,LateLong,Spot,isRedZone,Play Type
0.001389,1,1,0.5,0,0,1,0,0.075,0,0.343434343,0,FIELD_GOAL
0.001995,1,1,0.508333333,0,1,0,0,0.3,0,0.161616162,1,RUSH
0.002099,1,1,0.475,0,0,1,0,0.075,0,0.353535354,0,PASS
0.002833,1,1,0.475,1,0,0,0,0.25,0,0.555555556,0,PASS
0.002882,1,1,0.333333333,0,0,1,0,0.1,0,0.04040404,1,PASS
0.003426,1,1,0.541666667,0,1,0,0,0.15,0,0.454545455,0,RUSH
0.004444,1,1,0.5,0,1,0,0,0.075,0,0.343434343,0,PASS
0.004907,1,1,0.475,0,1,0,0,0.375,0,0.474747475,0,PASS
0.005667,1,1,0.475,0,0,0,1,0.05,0,0.676767677,0,RUSH
0.005694,1,1,0.333333333,0,0,1,0,0.225,1,0.606060606,0,PASS
0.005764,1,1,0.333333333,0,1,0,0,0.1,0,0.04040404,1,PASS
0.006389,1,1,0.708333333,0,1,0,0,0.3,0,0.777777778,0,RUSH
0.006667,1,1,0.5,1,0,0,0,0.25,0,0.414141414,0,RUSH
0.006746,1,1,0.225,0,1,0,0,0.35,0,0.676767677,0,RUSH
0.007716,1,1,0.475,1,0,0,0,0.375,0,0.474747475,0,PASS
0.008009,1,1,0.208333333,0,0,1,0,0.175,1,0.787878788,0,RUSH
0.0085,1,1,0.475,0,0,1,0,0.15,0,0.717171717,0,RUSH
0.008611,1,1,0.733333333,0,1,0,0,0.35,0,0.757575758,0,RUSH
0.008646,1,1,0.333333333,1,0,0,0,0.075,0,0.03030303,1,RUSH
0.008819,1,1,0.641666667,0,0,0,1,0.35,1,0.434343434,0,RUSH
0.008889,1,1,0.5,1,0,0,0,0.25,0,0.535353535,0,RUSH
0.009028,1,1,0.616666667,1,0,0,0,0.25,0,0.212121212,0,RUSH
0.010303,1,1,0.508333333,1,0,0,0,0.25,0,0.141414141,1,RUSH
0.010741,1,1,0.541666667,1,0,0,0,0.125,0,0.444444444,0,RUSH
0.010972,1,1,0.616666667,0,1,0,0,0.275,0,0.555555556,0,RUSH
0.011333,1,1,0.475,0,1,0,0,0.15,0,0.717171717,0,PASS
0.011389,1,1,0.333333333,0,1,0,0,0.25,0,0.616161616,0,RUSH
0.011528,1,1,0.333333333,0,0,1,0,0.025,0,0.060606061,1,PASS
0.012778,1,1,0.708333333,1,0,0,0,0.25,0,0.757575758,0,RUSH
0.013333,1,1,0.475,0,0,1,0,0.275,1,0.555555556,0,PASS
0.013492,1,1,0.225,1,0,0,0,0.25,0,0.636363636,0,RUSH
0.014167,1,1,0.475,1,0,0,0,0.25,0,0.757575758,0,RUSH
0.01441,1,1,0.333333333,0,1,0,0,0.1,0,0.090909091,1,RUSH
0.01466,1,1,0.475,0,1,0,0,0.25,0,0.545454545,0,RUSH
0.016019,1,1,0.208333333,0,1,0,0,0.3,0,0.838383838,0,RUSH
0.016019,1,1,0.341666667,0,0,0,1,0.2,1,0.151515152,1,PASS
0.017083,1,1,0.333333333,1,0,0,0,0.25,0,0.616161616,0,PASS
0.017278,1,1,0.441666667,0,0,0,1,0.1,0,0.373737374,0,PASS
0.017292,1,1,0.333333333,1,0,0,0,0.25,0,0.151515152,1,PASS
0.017469,1,1,0.475,1,0,0,0,0.25,0,0.545454545,0,PASS
0.017639,1,1,0.641666667,0,0,1,0,0.325,1,0.424242424,0,RUSH
0.019444,1,1,0.541666667,0,0,1,0,0.075,0,0.545454545,0,RUSH
0.019583,1,1,0.733333333,1,0,0,0,0.25,0,0.717171717,0,RUSH
0.019833,1,1,0.441666667,0,0,1,0,0.1,0,0.373737374,0,PASS
0.020174,1,1,0.333333333,1,0,0,0,0.25,0,0.262626263,0,PASS
0.020238,1,1,0.225,0,1,0,0,0.05,0,0.656565657,0,RUSH
0.020278,1,1,0.475,0,0,1,0,0.125,0,0.666666667,0,RUSH
0.020278,1,1,0.616666667,0,0,1,0,0.075,0,0.252525253,0,RUSH
0.021481,1,1,0.341666667,0,0,1,0,0.2,1,0.151515152,1,RUSH
0.021759,1,1,0.541666667,0,1,0,0,0.025,0,0.646464646,0,RUSH
0.021944,1,1,0.616666667,1,0,0,0,0.25,0,0.545454545,0,RUSH
0.022389,1,1,0.441666667,0,1,0,0,0.225,0,0.424242424,0,PASS
0.022778,1,1,0.333333333,0,0,1,0,0.025,0,0.666666667,0,RUSH
0.023056,1,1,0.333333333,0,0,1,0,0.25,1,0.383838384,0,PASS
0.024028,1,1,0.208333333,1,0,0,0,0.25,0,0.818181818,0,RUSH
0.024444,1,1,0.45,0,0,0,1,0.4,1,0.646464646,0,PASS
0.024528,1,1,0.675,0,0,0,1,0.2,1,0.151515152,1,RUSH
0.024691,1,1,0.475,0,1,0,0,0.15,0,0.676767677,0,RUSH
0.024944,1,1,0.441666667,1,0,0,0,0.25,0,0.434343434,0,RUSH
0.025938,1,1,0.333333333,0,1,0,0,0.25,0,0.383838384,0,PASS
0.026296,1,1,0.408333333,0,0,0,1,0.25,1,0.353535354,0,FIELD_GOAL
0.026296,1,1,0.541666667,0,1,0,0,0.2,0,0.595959596,0,RUSH
0.026458,1,1,0.641666667,0,1,0,0,0.3,0,0.414141414,0,RUSH
0.026944,1,1,0.341666667,0,1,0,0,0.2,0,0.151515152,1,PASS
0.026984,1,1,0.225,1,0,0,0,0.25,0,0.737373737,0,RUSH
0.0275,1,1,0.475,1,0,0,0,0.25,0,0.717171717,0,PASS
0.0275,1,1,0.441666667,1,0,0,0,0.25,0,0.757575758,0,PASS
0.028009,1,1,0.45,0,0,1,0,0.375,1,0.636363636,0,RUSH
0.028472,1,1,0.333333333,0,1,0,0,0.075,0,0.686868687,0,RUSH
0.028819,1,1,0.333333333,1,0,0,0,0.25,0,0.383838384,0,PASS
0.028981,1,1,0.408333333,0,0,1,0,0.25,1,0.353535354,0,PASS
0.029074,1,1,0.541666667,1,0,0,0,0.25,0,0.737373737,0,RUSH
0.030556,1,1,0.733333333,0,0,0,1,0.025,0,0.787878788,0,RUSH
0.030833,1,1,0.5,0,0,0,1,0.075,0,0.505050505,0,PUNT
0.031574,1,1,0.45,0,1,0,0,0.375,0,0.636363636,0,PASS
0.031667,1,1,0.408333333,0,1,0,0,0.25,0,0.353535354,0,PASS
0.031701,1,1,0.333333333,0,0,0,1,0.05,0,0.414141414,0,PASS
0.032037,1,1,0.208333333,0,0,1,0,0.05,0,0.878787879,0,RUSH
0.032407,1,1,0.341666667,1,0,0,0,0.25,0,0.171717172,1,RUSH
0.032917,1,1,0.616666667,0,1,0,0,0.225,0,0.666666667,0,RUSH
0.033611,0,1,0.541666667,1,0,0,0,0.25,0,0.616161616,0,RUSH
0.03373,0,1,0.225,0,0,1,0,0.05,0,0.808080808,0,RUSH
0.03375,0,1,0.616666667,0,1,0,0,0.225,0,0.313131313,0,RUSH
0.034167,0,1,0.333333333,1,0,0,0,0.25,0,0.757575758,0,RUSH
0.034222,0,1,0.675,0,0,1,0,0.2,1,0.151515152,1,RUSH
0.034352,0,1,0.408333333,1,0,0,0,0.25,0,0.353535354,0,PASS
0.034583,0,1,0.333333333,0,0,1,0,0.075,0,0.424242424,0,RUSH
0.035278,0,1,0.641666667,1,0,0,0,0.25,0,0.393939394,0,RUSH
0.036389,0,1,0.541666667,0,1,0,0,0.175,0,0.818181818,0,RUSH
0.037037,0,1,0.408333333,0,1,0,0,0.175,0,0.525252525,0,PASS
0.037465,0,1,0.333333333,0,1,0,0,0.25,0,0.494949495,0,PASS
0.037813,0,1,0.5,0,0,1,0,0.3,1,0.595959596,0,PASS
0.03787,0,1,0.341666667,0,0,1,0,0.05,0,0.222222222,0,RUSH
0.038333,0,1,0.4,0,0,0,1,0.55,1,0.545454545,0,PASS
0.038384,0,1,0.508333333,0,1,0,0,0.225,0,0.252525253,0,RUSH
0.038704,0,1,0.45,1,0,0,0,0.25,0,0.585858586,0,PASS
0.039722,0,1,0.408333333,1,0,0,0,0.25,0,0.555555556,0,PASS
0.040046,0,1,0.208333333,0,1,0,0,0.25,0,0.95959596,0,RUSH
0.040278,0,1,0.4,0,0,1,0,0.5,1,0.525252525,0,RUSH
0.040347,0,1,0.333333333,1,0,0,0,0.25,0,0.494949495,0,PASS
0.040476,0,1,0.225,0,1,0,0,0.225,0,0.878787879,0,RUSH
0.041389,0,1,0.616666667,0,0,0,1,0.075,0,0.03030303,1,FIELD_GOAL
0.042269,0,1,0.45,0,1,0,0,0.25,0,0.808080808,0,PASS
0.043056,0,1,0.616666667,0,0,1,0,0.1,0,0.04040404,1,RUSH
0.043229,0,1,0.333333333,0,1,0,0,0.05,0,0.595959596,0,RUSH
0.043333,0,1,0.341666667,0,1,0,0,0.125,0,0.252525253,0,RUSH
0.043889,0,1,0.733333333,0,0,1,0,0.15,0,0.838383838,0,RUSH
0.043889,0,1,0.616666667,1,0,0,0,0.25,0,0.676767677,0,RUSH
0.043917,0,1,0.675,0,1,0,0,0.275,0,0.181818182,1,RUSH
0.045,0,1,0.616666667,1,0,0,0,0.25,0,0.323232323,0,RUSH
0.045667,0,1,0.4,0,1,0,0,0.35,0,0.464646465,0,RUSH
0.045833,0,1,0.45,1,0,0,0,0.25,0,0.808080808,0,PASS
0.046111,0,1,0.333333333,1,0,0,0,0.25,0,0.676767677,0,PASS
0.046692,0,1,0.508333333,1,0,0,0,0.25,0,0.262626263,0,RUSH
0.047222,0,1,0.225,1,0,0,0,0.25,0,0.888888889,0,RUSH
0.047222,0,1,0.383333333,1,0,0,0,0.5,0,0.838383838,0,RUSH
0.0475,0,1,0.066666667,1,0,0,0,0.25,0,0.111111111,1,RUSH
0.047847,0,1,0.5,0,1,0,0,0.2,0,0.555555556,0,RUSH
0.048056,0,1,0.208333333,1,0,0,0,0.25,0,0.95959596,0,RUSH
0.048704,0,1,0.35,0,1,0,0,0.175,0,0.393939394,0,PASS
0.048796,0,1,0.341666667,1,0,0,0,0.25,0,0.303030303,0,PASS
0.050167,0,1,0.4,1,0,0,0,0.375,0,0.474747475,0,RUSH
0.050556,0,1,0.066666667,1,0,0,0,0.25,0,0.343434343,0,PASS
0.052056,0,1,0.158333333,0,1,0,0,0.125,0,0.050505051,1,RUSH
0.052222,0,1,0.541666667,0,0,1,0,0.275,1,0.767676768,0,PASS
0.052222,0,1,0.541666667,0,0,0,1,0.275,1,0.767676768,0,PUNT
0.053611,0,1,0.675,1,0,0,0,0.25,0,0.171717172,1,RUSH
0.054259,0,1,0.341666667,0,1,0,0,0.175,0,0.666666667,0,RUSH
0.054352,0,1,0.35,1,0,0,0,0.25,0,0.424242424,0,RUSH
0.054861,0,1,0.733333333,0,1,0,0,0.2,0,0.858585859,0,RUSH
0.055,0,1,0.508333333,0,0,1,0,0.25,1,0.434343434,0,PASS
0.056389,0,1,0.508333333,0,1,0,0,0.225,0,0.424242424,0,RUSH
0.056611,0,1,0.158333333,1,0,0,0,0.25,0,0.101010101,1,RUSH
0.057882,0,1,0.5,1,0,0,0,0.25,0,0.575757576,0,RUSH
0.059167,0,1,0.4,1,0,0,0,0.25,0,0.535353535,0,RUSH
0.059722,0,1,0.341666667,1,0,0,0,0.25,0,0.696969697,0,RUSH
0.06,0,1,0.35,1,0,0,0,0.25,0,0.575757576,0,PASS
0.061167,0,1,0.158333333,0,1,0,0,0.125,0,0.252525253,0,RUSH
0.061944,0,1,0.558333333,0,0,1,0,0.075,0,0.03030303,1,RUSH
0.062037,0,1,0.316666667,0,0,1,0,0.2,1,0.737373737,0,PASS
0.062037,0,1,0.316666667,0,0,0,1,0.2,1,0.737373737,0,PUNT
0.063667,0,1,0.4,0,0,1,0,0.1,0,0.626262626,0,RUSH
0.064697,0,1,0.616666667,0,1,0,0,0.1,0,0.04040404,1,RUSH
0.065583,0,1,0.675,0,1,0,0,0.125,0,0.222222222,0,RUSH
0.065648,0,1,0.35,0,0,1,0,0.125,0,0.707070707,0,RUSH
0.065722,0,1,0.158333333,1,0,0,0,0.25,0,0.303030303,0,RUSH
0.065833,0,1,0.733333333,1,0,0,0,0.25,0,0.878787879,0,RUSH
0.065833,0,1,0.541666667,1,0,0,0,0.25,0,0.848484848,0,RUSH
0.066465,0,1,0.508333333,1,0,0,0,0.25,0,0.434343434,0,RUSH
0.067593,0,1,0.391666667,0,0,1,0,0.225,1,0.757575758,0,PASS
0.067917,0,1,0.5,0,0,1,0,0.05,0,0.626262626,0,PASS
0.068167,0,1,0.4,0,1,0,0,0.25,0,0.686868687,0,RUSH
0.069877,0,1,0.558333333,0,1,0,0,0.15,0,0.060606061,1,RUSH
0.070278,0,1,0.158333333,0,1,0,0,0.175,0,0.383838384,0,RUSH
0.070741,0,1,0.316666667,0,1,0,0,0.225,0,0.747474747,0,RUSH
0.070741,0,1,0.391666667,0,1,0,0,0.25,0,0.767676768,0,RUSH
0.071296,0,1,0.35,0,1,0,0,0.35,0,0.797979798,0,RUSH
0.072652,0,1,0.616666667,1,0,0,0,0.15,0,0.060606061,1,RUSH
0.072667,0,1,0.4,1,0,0,0,0.25,0,0.686868687,0,PASS
0.073889,0,1,0.391666667,1,0,0,0,0.25,0,0.767676768,0,PASS
0.074105,0,1,0.558333333,1,0,0,0,0.2,0,0.080808081,1,RUSH
0.074773,0,1,0.508333333,0,0,1,0,0.1,0,0.505050505,0,RUSH
0.074833,0,1,0.158333333,1,0,0,0,0.25,0,0.414141414,0,RUSH
0.075278,0,1,0.675,1,0,0,0,0.25,0,0.272727273,0,RUSH
0.075926,0,1,0.616666667,0,0,1,0,0.15,0,0.686868687,0,RUSH
0.075926,0,1,0.616666667,0,0,0,1,0.15,0,0.686868687,0,PUNT
0.076944,0,1,0.35,1,0,0,0,0.25,0,0.757575758,0,RUSH
0.077167,0,1,0.4,0,1,0,0,0.1,0,0.747474747,0,RUSH
0.077951,0,1,0.5,0,1,0,0,0.15,0,0.666666667,0,RUSH
0.078333,0,1,0.558333333,1,0,0,0,0.25,0,0.373737374,0,PASS
0.079389,0,1,0.158333333,1,0,0,0,0.25,0,0.575757576,0,PASS
0.079444,0,1,0.316666667,1,0,0,0,0.25,0,0.757575758,0,RUSH
0.080606,0,1,0.616666667,0,1,0,0,0.025,0,0.101010101,1,RUSH
0.081667,0,1,0.4,1,0,0,0,0.25,0,0.808080808,0,RUSH
0.08254,0,1,0.45,0,0,0,1,0.075,0,0.434343434,0,RUSH
0.083081,0,1,0.508333333,0,1,0,0,0.15,0,0.525252525,0,RUSH
0.083135,0,1,0.416666667,0,0,1,0,0.075,0,0.03030303,1,RUSH
0.083944,0,1,0.158333333,0,1,0,0,0.125,0,0.636363636,0,RUSH
0.084389,0,1,0.225,0,0,0,1,0.15,0,0.424242424,0,PUNT
0.085772,0,1,0.558333333,1,0,0,0,0.25,0,0.484848485,0,RUSH
0.086944,0,1,0.558333333,0,1,0,0,0.2,0,0.464646465,0,PASS
0.087222,0,1,0.541666667,0,1,0,0,0.175,0,0.727272727,0,RUSH
0.087986,0,1,0.5,1,0,0,0,0.25,0,0.707070707,0,RUSH
0.088214,0,1,0.416666667,0,1,0,0,0.175,0,0.070707071,1,RUSH
0.0885,0,1,0.158333333,1,0,0,0,0.25,0,0.686868687,0,RUSH
0.088561,0,1,0.616666667,1,0,0,0,0.25,0,0.191919192,1,RUSH
0.088611,0,1,0.208333333,0,0,0,1,0.1,0,0.393939394,0,RUSH
0.088796,0,1,0.616666667,0,1,0,0,0.175,0,0.696969697,0,RUSH
0.089551,0,1,0.016666667,0,0,1,0,0.025,0,0.131313131,1,RUSH
0.090639,0,1,0.675,0,1,0,0,0.2,0,0.363636364,0,RUSH
0.090913,0,1,0.45,0,0,1,0,0.125,0,0.454545455,0,RUSH
0.091389,0,1,0.508333333,1,0,0,0,0.25,0,0.565656566,0,RUSH
0.093056,0,1,0.158333333,1,0,0,0,0.25,0,0.808080808,0,RUSH
0.093294,0,1,0.416666667,1,0,0,0,0.225,0,0.090909091,1,RUSH
0.095214,0,1,0.016666667,0,1,0,0,0.25,0,0.222222222,0,RUSH
0.095216,0,1,0.208333333,0,0,1,0,0.15,0,0.414141414,0,RUSH
0.095216,0,1,0.558333333,1,0,0,0,0.25,0,0.646464646,0,RUSH
0.096515,0,1,0.616666667,0,0,1,0,0.025,0,0.222222222,0,RUSH
0.098021,0,1,0.5,0,1,0,0,0.075,0,0.747474747,0,RUSH
0.098148,0,1,0.408333333,0,0,1,0,0.25,1,0.888888889,0,PASS
0.098373,0,1,0.416666667,0,1,0,0,0.125,0,0.181818182,1,RUSH
0.098889,0,1,0.541666667,1,0,0,0,0.25,0,0.757575758,0,RUSH
0.099286,0,1,0.45,0,1,0,0,0.2,0,0.484848485,0,RUSH
0.099444,0,1,0.558333333,1,0,0,0,0.25,0,0.757575758,0,PASS
0.09963,0,1,0.408333333,0,1,0,0,0.25,0,0.888888889,0,PASS
0.100333,0,1,0.675,1,0,0,0,0.25,0,0.383838384,0,RUSH
0.100648,0,1,0.233333333,0,0,1,0,0.175,1,0.888888889,0,PASS
0.100648,0,1,0.233333333,0,0,0,1,0.175,1,0.888888889,0,PUNT
0.100876,0,1,0.016666667,1,0,0,0,0.25,0,0.222222222,0,PASS
0.101111,0,1,0.408333333,1,0,0,0,0.25,0,0.888888889,0,PASS
0.101167,0,1,0.225,0,0,1,0,0.15,0,0.424242424,0,RUSH
0.101667,0,1,0.616666667,1,0,0,0,0.25,0,0.727272727,0,RUSH
0.101821,0,1,0.208333333,0,1,0,0,0.1,0,0.393939394,0,RUSH
0.103452,0,1,0.416666667,1,0,0,0,0.25,0,0.232323232,0,RUSH
0.103965,0,1,0.341666667,0,0,1,0,0.45,1,0.353535354,0,PASS
0.10447,0,1,0.616666667,0,1,0,0,0.15,0,0.272727273,0,RUSH
0.105463,0,1,0.233333333,0,1,0,0,0.175,0,0.888888889,0,PASS
0.106538,0,1,0.016666667,0,0,0,1,0.025,0,0.232323232,0,RUSH
0.107659,0,1,0.45,1,0,0,0,0.25,0,0.505050505,0,RUSH
0.108056,0,1,0.5,1,0,0,0,0.25,0,0.818181818,0,RUSH
0.108426,0,1,0.208333333,1,0,0,0,0.25,0,0.454545455,0,RUSH
0.108532,0,1,0.416666667,0,1,0,0,0.025,0,0.262626263,0,RUSH
0.109556,0,1,0.225,0,1,0,0,0.15,0,0.424242424,0,PASS
0.110028,0,1,0.675,0,1,0,0,0.15,0,0.474747475,0,RUSH
0.110278,0,1,0.233333333,1,0,0,0,0.25,0,0.919191919,0,RUSH
0.110707,0,1,0.341666667,0,1,0,0,0.45,0,0.353535354,0,PASS
0.111944,0,1,0.433333333,0,0,0,1,0.6,1,0.393939394,0,RUSH
0.112201,0,1,0.016666667,0,0,1,0,0.2,1,0.303030303,0,RUSH
0.112424,0,1,0.616666667,1,0,0,0,0.25,0,0.313131313,0,RUSH
0.113611,0,1,0.416666667,1,0,0,0,0.25,0,0.353535354,0,RUSH
0.114398,0,1,0.325,1,0,0,0,0.25,0,0.131313131,1,RUSH
0.114537,0,1,0.4,0,0,1,0,0.5,1,0.909090909,0,PASS
0.114537,0,1,0.4,0,0,0,1,0.5,1,0.909090909,0,PUNT
0.115031,0,1,0.208333333,0,1,0,0,0.125,0,0.505050505,0,RUSH
0.116032,0,1,0.45,0,0,1,0,0.2,1,0.646464646,0,RUSH
0.117449,0,0,0.341666667,1,0,0,0,0.25,0,0.272727273,0,RUSH
0.117863,0,0,0.016666667,0,1,0,0,0.2,0,0.303030303,0,PASS
0.117944,0,0,0.225,1,0,0,0,0.25,0,0.464646465,0,RUSH
0.118167,0,0,0.433333333,0,0,1,0,0.6,1,0.393939394,0,PASS
0.119722,0,0,0.675,1,0,0,0,0.25,0,0.515151515,0,RUSH
0.119907,0,0,0.4,0,1,0,0,0.25,0,0.808080808,0,RUSH
0.120379,0,0,0.616666667,1,0,0,0,0.25,0,0.484848485,0,RUSH
0.121019,0,0,0.325,0,0,0,1,0.025,0,0.151515152,1,RUSH
0.121636,0,0,0.208333333,1,0,0,0,0.25,0,0.555555556,0,PASS
0.123526,0,0,0.016666667,1,0,0,0,0.25,0,0.323232323,0,RUSH
0.124192,0,0,0.341666667,0,0,0,1,0.075,0,0.313131313,0,RUSH
0.124389,0,0,0.433333333,0,1,0,0,0.6,0,0.393939394,0,RUSH
0.124405,0,0,0.45,0,1,0,0,0.2,0,0.646464646,0,RUSH
0.125278,0,0,0.4,1,0,0,0,0.25,0,0.808080808,0,PASS
0.12609,0,0,0.7,0,0,1,0,0.1,0,0.101010101,1,RUSH
0.126333,0,0,0.225,0,1,0,0,0.15,0,0.545454545,0,RUSH
0.126944,0,0,0.508333333,0,0,1,0,0.125,0,0.707070707,0,PASS
0.126944,0,0,0.508333333,0,0,0,1,0.125,0,0.707070707,0,PUNT
0.127639,0,0,0.325,0,0,1,0,0.225,1,0.232323232,0,PASS
0.128241,0,0,0.208333333,0,0,1,0,0.125,0,0.707070707,0,RUSH
0.128333,0,0,0.616666667,1,0,0,0,0.25,0,0.626262626,0,RUSH
0.129167,0,0,0.45,0,0,1,0,0.125,0,0.050505051,1,RUSH
0.129188,0,0,0.016666667,0,0,1,0,0.25,1,0.474747475,0,PASS
0.130611,0,0,0.433333333,1,0,0,0,0.625,0,0.404040404,0,RUSH
0.130694,0,0,0.616666667,0,0,1,0,0.275,1,0.505050505,0,RUSH
0.130694,0,0,0.616666667,0,0,0,1,0.075,0,0.424242424,0,PUNT
0.130934,0,0,0.341666667,0,0,1,0,0.1,0,0.323232323,0,RUSH
0.132778,0,0,0.45,1,0,0,0,0.25,0,0.666666667,0,RUSH
0.133611,0,0,0.7,0,1,0,0,0.15,0,0.121212121,1,RUSH
0.134259,0,0,0.325,0,1,0,0,0.275,0,0.252525253,0,RUSH
0.134722,0,0,0.225,1,0,0,0,0.25,0,0.585858586,0,RUSH
0.134846,0,0,0.208333333,0,1,0,0,0.3,0,0.777777778,0,PASS
0.13485,0,0,0.016666667,0,1,0,0,0.25,0,0.474747475,0,PASS
0.135556,0,0,0.508333333,0,1,0,0,0.2,0,0.737373737,0,RUSH
0.136163,0,0,0.45,0,1,0,0,0.175,0,0.070707071,1,RUSH
0.136667,0,0,0.375,1,0,0,0,0.25,0,0.656565657,0,PASS
0.137677,0,0,0.341666667,0,1,0,0,0.225,0,0.373737374,0,PASS
0.13787,0,0,0.541666667,0,1,0,0,0.225,0,0.232323232,0,PASS
0.140513,0,0,0.016666667,1,0,0,0,0.25,0,0.474747475,0,RUSH
0.14088,0,0,0.325,1,0,0,0,0.25,0,0.242424242,0,RUSH
0.140926,0,0,0.158333333,0,0,1,0,0.125,0,0.717171717,0,RUSH
0.140926,0,0,0.158333333,0,0,0,1,0.15,0,0.727272727,0,PUNT
0.141389,0,0,0.616666667,0,1,0,0,0.3,0,0.515151515,0,RUSH
0.141512,0,0,0.175,1,0,0,0,0.25,0,0.373737374,0,PASS
0.142083,0,0,0.408333333,0,1,0,0,0.25,0,0.757575758,0,PASS
0.143056,0,0,0.433333333,1,0,0,0,0.25,0,0.515151515,0,RUSH
0.143397,0,0,0.7,1,0,0,0,0.25,0,0.161616162,1,RUSH
0.144167,0,0,0.408333333,1,0,0,0,0.25,0,0.757575758,0,PASS
0.144167,0,0,0.508333333,1,0,0,0,0.25,0,0.757575758,0,RUSH
0.144419,0,0,0.341666667,1,0,0,0,0.25,0,0.383838384,0,RUSH
0.146061,0,0,0.266666667,0,0,1,0,0.1,0,0.04040404,1,RUSH
0.146175,0,0,0.016666667,0,1,0,0,0.125,0,0.606060606,0,RUSH
0.146852,0,0,0.541666667,1,0,0,0,0.25,0,0.242424242,0,RUSH
0.1475,0,0,0.325,1,0,0,0,0.25,0,0.535353535,0,PASS
0.148056,0,0,0.208333333,1,0,0,0,0.25,0,0.757575758,0,RUSH
0.14858,0,0,0.175,0,1,0,0,0.2,0,0.474747475,0,PASS
0.149,0,0,0.433333333,0,0,1,0,0.025,0,0.535353535,0,RUSH
0.14963,0,0,0.158333333,0,1,0,0,0.175,0,0.737373737,0,RUSH
0.150156,0,0,0.45,1,0,0,0,0.075,0,0.03030303,1,RUSH
0.150919,0,0,0.7,0,0,1,0,0.075,0,0.232323232,0,RUSH
0.151162,0,0,0.341666667,1,0,0,0,0.25,0,0.727272727,0,RUSH
0.151838,0,0,0.016666667,1,0,0,0,0.25,0,0.656565657,0,RUSH
0.152083,0,0,0.616666667,1,0,0,0,0.25,0,0.494949495,0,RUSH
0.152323,0,0,0.266666667,0,1,0,0,0.15,0,0.060606061,1,RUSH
0.154722,0,0,0.508333333,1,0,0,0,0.25,0,0.545454545,0,PASS
0.154722,0,0,0.558333333,0,0,1,0,0.225,1,0.747474747,0,RUSH
0.154722,0,0,0.558333333,0,0,0,1,0.15,0,0.717171717,0,PUNT
0.155222,0,0,0.433333333,0,1,0,0,0.025,0,0.535353535,0,PASS
0.155648,0,0,0.175,1,0,0,0,0.25,0,0.494949495,0,RUSH
0.155833,0,0,0.541666667,0,0,1,0,0.15,0,0.434343434,0,RUSH
0.157153,0,0,0.45,0,0,1,0,0.025,0,0.050505051,1,RUSH
0.157389,0,0,0.675,0,1,0,0,0.175,0,0.121212121,1,RUSH
0.1575,0,0,0.016666667,1,0,0,0,0.25,0,0.757575758,0,PASS
0.157904,0,0,0.341666667,0,0,1,0,0.125,0,0.797979798,0,RUSH
0.158333,0,0,0.158333333,1,0,0,0,0.25,0,0.767676768,0,RUSH
0.15844,0,0,0.7,0,1,0,0,0.15,0,0.262626263,0,RUSH
0.158611,0,0,0.508333333,1,0,0,0,0.25,0,0.696969697,0,RUSH
0.158889,0,0,0.675,0,0,0,1,0.3,1,0.141414141,1,FIELD_GOAL
0.159167,0,0,0.558333333,0,0,1,0,0.025,0,0.01010101,1,RUSH
0.161444,0,0,0.433333333,1,0,0,0,0.25,0,0.626262626,0,RUSH
0.161722,0,0,0.675,1,0,0,0,0.25,0,0.151515152,1,RUSH
0.162716,0,0,0.175,0,1,0,0,0.1,0,0.575757576,0,RUSH
0.162778,0,0,0.616666667,0,0,1,0,0.15,0,0.616161616,0,RUSH
0.163333,0,0,0.416666667,0,0,1,0,0.175,1,0.676767677,0,RUSH
0.163333,0,0,0.416666667,0,0,0,1,0.15,0,0.666666667,0,PUNT
0.164149,0,0,0.45,0,1,0,0,0.175,0,0.111111111,1,RUSH
0.164646,0,0,0.341666667,0,1,0,0,0.225,0,0.838383838,0,RUSH
0.164815,0,0,0.541666667,0,1,0,0,0.125,0,0.424242424,0,RUSH
0.164848,0,0,0.266666667,1,0,0,0,0.025,0,0.01010101,1,RUSH
0.165476,0,0,0.558333333,0,1,0,0,0.05,0,0.02020202,1,RUSH
0.165962,0,0,0.7,1,0,0,0,0.25,0,0.303030303,0,RUSH
0.166056,0,0,0.675,1,0,0,0,0.25,0,0.343434343,0,RUSH
0.166574,0,0,0.558333333,0,1,0,0,0.325,0,0.787878788,0,RUSH
0.166852,0,0,0.616666667,0,0,1,0,0.1,0,0.656565657,0,RUSH
0.166852,0,0,0.616666667,0,0,0,1,0.075,0,0.646464646,0,PUNT
0.167667,0,0,0.433333333,0,1,0,0,0.125,0,0.696969697,0,RUSH
0.169167,0,0,0.416666667,0,1,0,0,0.25,0,0.707070707,0,RUSH
0.169784,0,0,0.175,1,0,0,0,0.25,0,0.636363636,0,RUSH
0.170389,0,0,0.675,0,1,0,0,0.225,0,0.767676768,0,PASS
0.171111,0,0,0.266666667,0,0,0,1,0.225,1,0.565656566,0,PASS
0.171146,0,0,0.45,1,0,0,0,0.25,0,0.141414141,1,RUSH
0.171389,0,0,0.341666667,1,0,0,0,0.25,0,0.848484848,0,RUSH
0.171786,0,0,0.558333333,1,0,0,0,0.1,0,0.04040404,1,RUSH
0.173472,0,0,0.616666667,0,1,0,0,0.125,0,0.606060606,0,RUSH
0.173483,0,0,0.7,0,1,0,0,0.275,0,0.424242424,0,RUSH
0.173796,0,0,0.541666667,1,0,0,0,0.25,0,0.474747475,0,RUSH
0.173889,0,0,0.433333333,1,0,0,0,0.25,0,0.747474747,0,RUSH
0.174722,0,0,0.675,1,0,0,0,0.25,0,0.777777778,0,RUSH
0.175,0,0,0.416666667,1,0,0,0,0.25,0,0.707070707,0,PASS
0.175317,0,0,0.675,0,0,1,0,0.225,1,0.111111111,1,RUSH
0.1755,0,0,0.541666667,0,1,0,0,0.15,0,0.545454545,0,RUSH
0.176852,0,0,0.175,0,0,0,1,0.025,0,0.666666667,0,RUSH
0.178095,0,0,0.558333333,0,0,1,0,0.1,0,0.080808081,1,RUSH
0.178142,0,0,0.45,0,1,0,0,0.2,0,0.242424242,0,RUSH
0.178426,0,0,0.558333333,1,0,0,0,0.375,0,0.808080808,0,RUSH
0.178981,0,0,0.616666667,0,1,0,0,0.2,0,0.696969697,0,RUSH
0.179091,0,0,0.266666667,0,0,1,0,0.225,1,0.565656566,0,PASS
0.180833,0,0,0.416666667,0,1,0,0,0.025,0,0.727272727,0,RUSH
0.181004,0,0,0.7,1,0,0,0,0.25,0,0.414141414,0,RUSH
0.181833,0,0,0.541666667,1,0,0,0,0.25,0,0.585858586,0,RUSH
0.182778,0,0,0.541666667,0,0,0,1,0.025,0,0.515151515,0,RUSH
0.182778,0,0,0.408333333,0,0,0,1,0.175,1,0.070707071,1,FIELD_GOAL
0.183532,0,0,0.675,0,1,0,0,0.225,0,0.111111111,1,RUSH
0.18392,0,0,0.175,0,0,1,0,0.075,0,0.686868687,0,RUSH
0.184167,0,0,0.616666667,1,0,0,0,0.25,0,0.656565657,0,RUSH
0.184405,0,0,0.558333333,0,1,0,0,0.15,0,0.101010101,1,RUSH
0.185139,0,0,0.45,1,0,0,0,0.25,0,0.262626263,0,RUSH
0.185354,0,0,0.266666667,0,1,0,0,0.25,0,0.575757576,0,RUSH
0.186667,0,0,0.416666667,1,0,0,0,0.25,0,0.818181818,0,RUSH
0.188167,0,0,0.541666667,0,0,1,0,0.025,0,0.636363636,0,RUSH
0.188526,0,0,0.7,1,0,0,0,0.25,0,0.555555556,0,RUSH
0.188889,0,0,0.408333333,0,0,1,0,0.075,0,0.03030303,1,RUSH
0.190278,0,0,0.208333333,0,0,1,0,0.3,1,0.737373737,0,RUSH
0.190278,0,0,0.208333333,0,0,0,1,0.025,0,0.626262626,0,PUNT
0.190714,0,0,0.558333333,1,0,0,0,0.25,0,0.141414141,1,RUSH
0.190988,0,0,0.175,0,1,0,0,0.125,0,0.707070707,0,RUSH
0.191111,0,0,0.616666667,1,0,0,0,0.25,0,0.717171717,0,RUSH
0.191616,0,0,0.266666667,1,0,0,0,0.25,0,0.575757576,0,PASS
0.191746,0,0,0.675,1,0,0,0,0.25,0,0.121212121,1,RUSH
0.191759,0,0,0.541666667,0,0,1,0,0.1,0,0.545454545,0,PASS
0.192135,0,0,0.45,1,0,0,0,0.25,0,0.404040404,0,PASS
0.1945,0,0,0.541666667,0,1,0,0,0.15,0,0.686868687,0,RUSH
0.195,0,0,0.408333333,0,1,0,0,0.075,0,0.03030303,1,RUSH
0.196047,0,0,0.7,0,0,1,0,0.175,1,0.676767677,0,RUSH
0.196157,0,0,0.233333333,1,0,0,0,0.25,0,0.383838384,0,PASS
0.197024,0,0,0.558333333,0,0,1,0,0.075,0,0.181818182,1,RUSH
0.197222,0,0,0.341666667,0,0,1,0,0.225,1,0.797979798,0,RUSH
0.197222,0,0,0.341666667,0,0,0,1,0.375,1,0.858585859,0,PUNT
0.197315,0,0,0.4,0,0,1,0,0.175,1,0.777777778,0,PASS
0.197315,0,0,0.4,0,0,0,1,0.175,1,0.777777778,0,PUNT
0.197879,0,0,0.266666667,0,0,0,1,0.025,0,0.595959596,0,RUSH
0.198056,0,0,0.175,1,0,0,0,0.25,0,0.757575758,0,RUSH
0.199132,0,0,0.45,0,0,1,0,0.075,0,0.444444444,0,RUSH
0.200741,0,0,0.541666667,0,1,0,0,0.175,0,0.575757576,0,RUSH
0.200833,0,0,0.541666667,1,0,0,0,0.25,0,0.727272727,0,RUSH
0.201111,0,0,0.408333333,1,0,0,0,0.175,0,0.070707071,1,RUSH
0.2025,0,0,0.408333333,0,0,1,0,0.1,0,0.080808081,1,RUSH
0.202593,0,0,0.233333333,0,0,1,0,0.025,0,0.414141414,0,RUSH
0.202986,0,0,0.616666667,1,0,0,0,0.25,0,0.636363636,0,RUSH
0.203333,0,0,0.558333333,0,1,0,0,0.15,0,0.212121212,0,RUSH
0.203568,0,0,0.7,0,1,0,0,0.175,0,0.676767677,0,PASS
0.203958,0,0,0.675,0,0,1,0,0.225,1,0.414141414,0,PASS
0.203958,0,0,0.675,0,0,0,1,0.225,1,0.414141414,0,PUNT
0.204141,0,0,0.266666667,0,0,1,0,0.15,0,0.646464646,0,PASS
0.204444,0,0,0.675,0,0,0,1,0.2,1,0.606060606,0,PUNT
0.204907,0,0,0.4,0,1,0,0,0.2,0,0.787878788,0,RUSH
0.206128,0,0,0.45,0,1,0,0,0.3,0,0.535353535,0,RUSH
0.208175,0,0,0.675,0,1,0,0,0.225,0,0.252525253,0,RUSH
0.208333,0,0,0.341666667,0,1,0,0,0.25,0,0.808080808,0,RUSH
0.208889,0,0,0.616666667,0,0,0,1,0.225,1,0.545454545,0,PUNT
0.209028,0,0,0.233333333,0,1,0,0,0.05,0,0.424242424,0,RUSH
0.209643,0,0,0.558333333,1,0,0,0,0.25,0,0.252525253,0,RUSH
0.209722,0,0,0.541666667,1,0,0,0,0.25,0,0.606060606,0,RUSH
0.210139,0,0,0.616666667,0,0,1,0,0.025,0,0.676767677,0,RUSH
0.210404,0,0,0.266666667,0,1,0,0,0.3,0,0.707070707,0,PASS
0.210417,0,0,0.675,0,1,0,0,0.2,0,0.404040404,0,RUSH
0.21109,0,0,0.7,1,0,0,0,0.25,0,0.707070707,0,RUSH
0.2125,0,0,0.4,1,0,0,0,0.25,0,0.808080808,0,RUSH
0.212685,0,0,0.208333333,0,1,0,0,0.15,0,0.676767677,0,RUSH
0.213125,0,0,0.45,1,0,0,0,0.25,0,0.515151515,0,RUSH
0.213333,0,0,0.408333333,0,0,1,0,0.025,0,0.151515152,1,RUSH
0.213556,0,0,0.675,0,0,1,0,0.3,1,0.646464646,0,RUSH
0.215463,0,0,0.233333333,1,0,0,0,0.25,0,0.505050505,0,RUSH
0.215952,0,0,0.558333333,0,1,0,0,0.375,0,0.464646465,0,RUSH
0.216389,0,0,0.675,1,0,0,0,0.25,0,0.262626263,0,RUSH
0.216667,0,0,0.266666667,1,0,0,0,0.25,0,0.686868687,0,RUSH
0.216875,0,0,0.675,1,0,0,0,0.25,0,0.424242424,0,RUSH
0.217,0,0,0.408333333,0,1,0,0,0.125,0,0.090909091,1,RUSH
0.217292,0,0,0.616666667,0,1,0,0,0.15,0,0.727272727,0,RUSH
0.218611,0,0,0.7,1,0,0,0,0.25,0,0.888888889,0,RUSH
0.219444,0,0,0.408333333,0,1,0,0,0.25,0,0.242424242,0,PASS
0.219444,0,0,0.341666667,1,0,0,0,0.25,0,0.808080808,0,RUSH
0.220122,0,0,0.45,0,0,0,1,0.025,0,0.585858586,0,RUSH
0.221898,0,0,0.233333333,0,1,0,0,0.1,0,0.606060606,0,RUSH
0.222262,0,0,0.558333333,1,0,0,0,0.375,0,0.464646465,0,RUSH
0.2225,0,0,0.408333333,1,0,0,0,0.25,0,0.141414141,1,RUSH
0.222667,0,0,0.675,0,1,0,0,0.35,0,0.666666667,0,RUSH
0.223333,0,0,0.675,1,0,0,0,0.25,0,0.565656566,0,RUSH
0.223889,0,0,0.208333333,1,0,0,0,0.25,0,0.717171717,0,RUSH
0.223981,0,0,0.441666667,0,0,1,0,0.2,1,0.737373737,0,PASS
0.223981,0,0,0.441666667,0,0,0,1,0.2,1,0.737373737,0,PUNT
0.224444,0,0,0.616666667,1,0,0,0,0.25,0,0.767676768,0,RUSH
0.225556,0,0,0.408333333,1,0,0,0,0.25,0,0.242424242,0,PASS
0.227118,0,0,0.45,0,0,1,0,0.025,0,0.585858586,0,RUSH
0.228,0,0,0.408333333,0,0,1,0,0.175,1,0.252525253,0,PASS
0.228333,0,0,0.233333333,1,0,0,0,0.25,0,0.666666667,0,RUSH
0.229444,0,0,0.616666667,0,0,1,0,0.2,1,0.535353535,0,RUSH
0.231667,0,0,0.408333333,0,1,0,0,0.1,0,0.292929293,0,RUSH
0.231778,0,0,0.675,1,0,0,0,0.5,0,0.727272727,0,RUSH
0.23213,0,0,0.441666667,0,1,0,0,0.3,0,0.777777778,0,PASS
0.2335,0,0,0.408333333,0,1,0,0,0.25,0,0.282828283,0,RUSH
0.234115,0,0,0.45,0,1,0,0,0.175,0,0.646464646,0,RUSH
0.234881,0,0,0.558333333,1,0,0,0,0.25,0,0.515151515,0,RUSH
0.237525,0,0,0.183333333,0,0,0,1,0.15,0,0.404040404,0,RUSH
0.237778,0,0,0.408333333,1,0,0,0,0.25,0,0.353535354,0,RUSH
0.237778,0,0,0.266666667,0,0,0,1,0.025,0,0.494949495,0,RUSH
0.239,0,0,0.408333333,1,0,0,0,0.25,0,0.282828283,0,PASS
0.239722,0,0,0.616666667,0,1,0,0,0.25,0,0.555555556,0,RUSH
0.240278,0,0,0.441666667,1,0,0,0,0.25,0,0.757575758,0,RUSH
0.241111,0,0,0.45,1,0,0,0,0.25,0,0.676767677,0,RUSH
0.24119,0,0,0.558333333,0,1,0,0,0.1,0,0.676767677,0,PASS
0.242778,0,0,0.475,0,0,1,0,0.125,0,0.777777778,0,RUSH
0.242778,0,0,0.475,0,0,0,1,0.175,1,0.797979798,0,PUNT
0.243542,0,0,0.466666667,0,0,0,1,0.05,0,0.343434343,0,RUSH
0.243763,0,0,0.183333333,0,0,1,0,0.05,0,0.363636364,0,RUSH
0.243889,0,0,0.408333333,1,0,0,0,0.25,0,0.696969697,0,PASS
0.243889,0,0,0.266666667,0,0,1,0,0.175,1,0.555555556,0,PASS
0.2445,0,0,0.408333333,0,0,0,1,0.125,0,0.343434343,0,RUSH
0.245694,0,0,0.558333333,1,0,0,0,0.025,0,0.01010101,1,RUSH
0.2475,0,0,0.558333333,1,0,0,0,0.25,0,0.737373737,0,RUSH
0.249778,0,0,0.408333333,0,1,0,0,0.25,0,0.393939394,0,RUSH
0.249889,0,0,0.475,1,0,0,0,0.25,0,0.828282828,0,RUSH
0.25,0,0,0.408333333,0,0,1,0,0.1,0,0.777777778,0,RUSH
0.25,0,0,0.233333333,0,0,0,1,0.175,1,0.080808081,1,PASS
0.25,0,0,0.466666667,0,0,1,0,0.15,0,0.383838384,0,RUSH
0.25,0,0,0.616666667,1,0,0,0,0.25,0,0.555555556,0,PASS
0.25,0,0,0.266666667,0,1,0,0,0.2,0,0.565656566,0,RUSH
0.25,0,0,0.558333333,0,0,1,0,0.15,0,0.292929293,0,PASS
0.25,0,0,0.441666667,0,0,1,0,0.025,0,0.01010101,1,RUSH
0.25,0,0,0.408333333,0,0,1,0,0.075,0,0.323232323,0,RUSH
0.25,0,0,0.475,0,1,0,0,0.125,0,0.777777778,0,RUSH
0.25,0,0,0.533333333,1,0,0,0,0.025,0,0.01010101,1,RUSH
0.25,0,0,0.183333333,0,1,0,0,0.15,0,0.404040404,0,RUSH
0.251035,0,0,0.183333333,1,0,0,0,0.25,0,0.444444444,0,RUSH
0.253056,0,0,0.675,0,0,0,1,0.875,1,0.353535354,0,FIELD_GOAL
0.254444,0,0,0.616666667,0,1,0,0,0.2,0,0.747474747,0,RUSH
0.255083,0,0,0.233333333,0,0,1,0,0.175,1,0.080808081,1,PASS
0.255278,0,0,0.408333333,1,0,0,0,0.25,0,0.393939394,0,PASS
0.25625,0,0,0.533333333,0,1,0,0,0.15,0,0.222222222,0,RUSH
0.256889,0,0,0.475,0,1,0,0,0.2,0,0.919191919,0,RUSH
0.256944,0,0,0.266666667,1,0,0,0,0.25,0,0.585858586,0,RUSH
0.257273,0,0,0.183333333,0,0,0,1,0.05,0,0.515151515,0,RUSH
0.257278,0,0,0.675,0,1,0,0,0.15,0,0.767676768,0,RUSH
0.257361,0,0,0.675,0,0,1,0,0.425,1,0.171717172,1,RUSH
0.25875,0,0,0.558333333,0,1,0,0,0.225,0,0.323232323,0,RUSH
0.259563,0,0,0.441666667,0,1,0,0,0.25,0,0.101010101,1,PASS
0.260278,0,0,0.291666667,0,0,1,0,0.05,0,0.050505051,1,RUSH
0.261,0,0,0.233333333,0,1,0,0,0.1,0,0.050505051,1,RUSH
0.261042,0,0,0.466666667,0,1,0,0,0.2,0,0.404040404,0,RUSH
0.261667,0,0,0.408333333,0,1,0,0,0.175,0,0.808080808,0,RUSH
0.262639,0,0,0.558333333,0,0,1,0,0.05,0,0.02020202,1,RUSH
0.263056,0,0,0.675,0,0,1,0,0.075,0,0.03030303,1,RUSH
0.263056,0,0,0.558333333,1,0,0,0,0.25,0,0.333333333,0,RUSH
0.263333,0,0,0.533333333,1,0,0,0,0.25,0,0.262626263,0,RUSH
0.26351,0,0,0.183333333,0,0,1,0,0.025,0,0.505050505,0,RUSH
0.263889,0,0,0.475,1,0,0,0,0.25,0,0.939393939,0,RUSH
0.263889,0,0,0.391666667,0,1,0,0,0.05,0,0.02020202,1,RUSH
0.264722,0,0,0.616666667,1,0,0,0,0.25,0,0.767676768,0,RUSH
0.265,0,0,0.291666667,0,1,0,0,0.175,0,0.101010101,1,RUSH
0.26506,0,0,0.441666667,1,0,0,0,0.225,0,0.090909091,1,RUSH
0.266389,0,0,0.675,1,0,0,0,0.25,0,0.808080808,0,RUSH
0.266488,0,0,0.475,1,0,0,0,0.25,0,0.212121212,0,RUSH
0.266917,0,0,0.233333333,1,0,0,0,0.25,0,0.111111111,1,RUSH
0.267361,0,0,0.558333333,1,0,0,0,0.25,0,0.383838384,0,PASS
0.2675,0,0,0.466666667,1,0,0,0,0.25,0,0.424242424,0,RUSH
0.267778,0,0,0.408333333,1,0,0,0,0.25,0,0.838383838,0,PASS
0.268576,0,0,0.558333333,0,1,0,0,0.1,0,0.04040404,1,RUSH
0.26875,0,0,0.675,0,1,0,0,0.075,0,0.03030303,1,RUSH
0.269722,0,0,0.291666667,1,0,0,0,0.25,0,0.131313131,1,RUSH
0.269747,0,0,0.183333333,0,1,0,0,0.175,0,0.565656566,0,RUSH
0.270417,0,0,0.533333333,0,1,0,0,0.15,0,0.353535354,0,RUSH
0.270556,0,0,0.441666667,0,0,0,1,0.025,0,0.141414141,1,RUSH
0.271667,0,0,0.558333333,0,0,1,0,0.025,0,0.424242424,0,RUSH
0.272698,0,0,0.475,0,1,0,0,0.175,0,0.313131313,0,RUSH
0.272833,0,0,0.233333333,0,0,1,0,0.275,1,0.303030303,0,RUSH
0.273958,0,0,0.466666667,1,0,0,0,0.25,0,0.545454545,0,RUSH
0.274444,0,0,0.675,1,0,0,0,0.175,0,0.070707071,1,RUSH
0.274514,0,0,0.558333333,1,0,0,0,0.2,0,0.080808081,1,RUSH
0.27537,0,0,0.391666667,1,0,0,0,0.25,0,0.101010101,1,RUSH
0.275972,0,0,0.558333333,0,1,0,0,0.2,0,0.494949495,0,RUSH
0.275985,0,0,0.183333333,1,0,0,0,0.25,0,0.595959596,0,RUSH
0.276481,0,0,0.075,0,0,1,0,0.125,0,0.707070707,0,RUSH
0.276481,0,0,0.075,0,0,0,1,0.05,0,0.676767677,0,PUNT
0.276925,0,0,0.441666667,0,0,1,0,0.075,0,0.161616162,1,RUSH
0.2775,0,0,0.533333333,1,0,0,0,0.375,0,0.444444444,0,RUSH
0.27875,0,0,0.233333333,0,1,0,0,0.3,0,0.313131313,0,RUSH
0.278909,0,0,0.475,1,0,0,0,0.25,0,0.343434343,0,RUSH
0.280139,0,0,0.675,1,0,0,0,0.25,0,0.212121212,0,RUSH
0.280278,0,0,0.558333333,1,0,0,0,0.25,0,0.515151515,0,RUSH
0.280417,0,0,0.466666667,0,0,1,0,0.025,0,0.565656566,0,RUSH
0.280451,0,0,0.558333333,0,1,0,0,0.1,0,0.141414141,1,RUSH
0.281111,0,0,0.391666667,0,1,0,0,0.2,0,0.212121212,0,RUSH
0.282222,0,0,0.183333333,0,0,1,0,0.225,1,0.747474747,0,PASS
0.282407,0,0,0.266666667,0,0,1,0,0.15,0,0.808080808,0,PASS
0.282407,0,0,0.266666667,0,0,0,1,0.15,0,0.808080808,0,PUNT
0.282421,0,0,0.441666667,0,1,0,0,0.2,0,0.212121212,0,RUSH
0.283472,0,0,0.408333333,0,0,0,1,0.075,0,0.03030303,1,RUSH
0.284583,0,0,0.558333333,0,1,0,0,0.025,0,0.616161616,0,RUSH
0.284599,0,0,0.533333333,0,0,1,0,0.1,0,0.111111111,1,RUSH
0.285119,0,0,0.475,0,1,0,0,0.175,0,0.444444444,0,RUSH
0.285833,0,0,0.675,0,1,0,0,0.175,0,0.393939394,0,PASS
0.286389,0,0,0.558333333,1,0,0,0,0.25,0,0.202020202,1,RUSH
0.286852,0,0,0.075,0,1,0,0,0.175,0,0.727272727,0,RUSH
0.286852,0,0,0.391666667,1,0,0,0,0.25,0,0.232323232,0,RUSH
0.286875,0,0,0.466666667,0,1,0,0,0.1,0,0.595959596,0,RUSH
0.287917,0,0,0.441666667,1,0,0,0,0.25,0,0.232323232,0,RUSH
0.288889,0,0,0.558333333,1,0,0,0,0.25,0,0.707070707,0,RUSH
0.288981,0,0,0.266666667,0,1,0,0,0.3,0,0.868686869,0,RUSH
0.289444,0,0,0.233333333,0,0,1,0,0.25,1,0.757575758,0,PASS
0.289444,0,0,0.233333333,0,0,0,1,0.25,1,0.757575758,0,PUNT
0.289444,0,0,0.616666667,1,0,0,0,0.25,0,0.343434343,0,RUSH
0.290278,0,0,0.266666667,0,0,1,0,0.2,1,0.737373737,0,PASS
0.290278,0,0,0.266666667,0,0,0,1,0.2,1,0.737373737,0,PUNT
0.290301,0,0,0.408333333,0,0,1,0,0.075,0,0.03030303,1,RUSH
0.290583,0,0,0.233333333,1,0,0,0,0.25,0,0.292929293,0,RUSH
0.291329,0,0,0.475,1,0,0,0,0.25,0,0.474747475,0,RUSH
0.291667,0,0,0.533333333,0,0,1,0,0.075,0,0.434343434,0,RUSH
0.292593,0,0,0.391666667,0,1,0,0,0.15,0,0.303030303,0,RUSH
0.293333,0,0,0.466666667,1,0,0,0,0.25,0,0.656565657,0,RUSH
0.293413,0,0,0.441666667,0,1,0,0,0.25,0,0.373737374,0,RUSH
0.293457,0,0,0.533333333,0,1,0,0,0.225,0,0.161616162,1,RUSH
0.294167,0,0,0.233333333,0,1,0,0,0.25,0,0.757575758,0,RUSH
0.294444,0,0,0.616666667,0,0,1,0,0.075,0,0.434343434,0,RUSH
0.295069,0,0,0.558333333,0,0,1,0,0.05,0,0.727272727,0,RUSH
0.295152,0,0,0.183333333,0,1,0,0,0.2,0,0.737373737,0,RUSH
0.295556,0,0,0.266666667,1,0,0,0,0.25,0,0.848484848,0,RUSH
0.296111,0,0,0.266666667,0,1,0,0,0.225,0,0.747474747,0,RUSH
0.2965,0,0,0.233333333,0,1,0,0,0.125,0,0.585858586,0,RUSH
0.29713,0,0,0.408333333,0,1,0,0,0.175,0,0.070707071,1,RUSH
0.297222,0,0,0.675,1,0,0,0,0.25,0,0.424242424,0,PASS
0.297222,0,0,0.075,1,0,0,0,0.25,0,0.757575758,0,RUSH
0.29754,0,0,0.475,0,0,1,0,0.075,0,0.525252525,0,RUSH
0.297546,0,0,0.675,0,0,1,0,0.05,0,0.494949495,0,RUSH
0.298333,0,0,0.391666667,1,0,0,0,0.25,0,0.343434343,0,RUSH
0.29875,0,0,0.533333333,0,1,0,0,0.075,0,0.434343434,0,RUSH
0.298889,0,0,0.233333333,1,0,0,0,0.25,0,0.757575758,0,PASS
0.298909,0,0,0.441666667,1,0,0,0,0.25,0,0.373737374,0,PASS
0.299444,0,0,0.616666667,0,1,0,0,0.25,0,0.505050505,0,RUSH
0.300556,0,0,0.408333333,0,0,1,0,0.325,1,0.787878788,0,PASS
0.300556,0,0,0.408333333,0,0,0,1,0.325,1,0.787878788,0,PUNT
0.300972,0,0,0.291666667,0,0,1,0,0.325,1,0.474747475,0,RUSH
0.300972,0,0,0.291666667,0,0,0,1,0.3,1,0.464646465,0,PUNT
0.301007,0,0,0.558333333,0,1,0,0,0.125,0,0.757575758,0,RUSH
0.301389,0,0,0.183333333,1,0,0,0,0.25,0,0.757575758,0,RUSH
0.301944,0,0,0.266666667,1,0,0,0,0.25,0,0.757575758,0,RUSH
0.302315,0,0,0.533333333,1,0,0,0,0.25,0,0.171717172,1,RUSH
0.302417,0,0,0.233333333,1,0,0,0,0.25,0,0.636363636,0,RUSH
0.302917,0,0,0.675,0,1,0,0,0.125,0,0.484848485,0,RUSH
0.303148,0,0,0.675,0,1,0,0,0.075,0,0.505050505,0,RUSH
0.30375,0,0,0.475,0,1,0,0,0.15,0,0.555555556,0,RUSH
0.303958,0,0,0.408333333,1,0,0,0,0.2,0,0.080808081,1,RUSH
0.304074,0,0,0.391666667,0,0,1,0,0.2,1,0.828282828,0,RUSH
0.304405,0,0,0.441666667,0,1,0,0,0.2,0,0.494949495,0,PASS
0.304444,0,0,0.616666667,1,0,0,0,0.25,0,0.505050505,0,RUSH
0.305833,0,0,0.408333333,0,1,0,0,0.375,0,0.808080808,0,RUSH
0.305833,0,0,0.533333333,1,0,0,0,0.25,0,0.505050505,0,RUSH
0.305833,0,0,0.5,0,0,0,1,0.175,1,0.535353535,0,PUNT
0.306944,0,0,0.558333333,1,0,0,0,0.25,0,0.808080808,0,RUSH
0.308333,0,0,0.233333333,1,0,0,0,0.25,0,0.898989899,0,RUSH
0.308611,0,0,0.675,1,0,0,0,0.25,0,0.535353535,0,RUSH
0.308611,0,0,0.291666667,0,1,0,0,0.25,0,0.444444444,0,RUSH
0.30875,0,0,0.675,1,0,0,0,0.25,0,0.575757576,0,RUSH
0.309444,0,0,0.616666667,0,1,0,0,0.025,0,0.535353535,0,RUSH
0.309815,0,0,0.391666667,0,1,0,0,0.25,0,0.848484848,0,RUSH
0.309901,0,0,0.441666667,1,0,0,0,0.25,0,0.515151515,0,RUSH
0.30996,0,0,0.475,1,0,0,0,0.25,0,0.595959596,0,RUSH
0.310787,0,0,0.408333333,0,0,1,0,0.15,0,0.141414141,1,RUSH
0.311111,0,0,0.408333333,1,0,0,0,0.375,0,0.808080808,0,PASS
0.311173,0,0,0.533333333,0,0,1,0,0.025,0,0.202020202,1,RUSH
0.312917,0,0,0.533333333,0,1,0,0,0.15,0,0.676767677,0,RUSH
0.314352,0,0,0.675,0,0,1,0,0.05,0,0.626262626,0,RUSH
0.314444,0,0,0.616666667,1,0,0,0,0.25,0,0.626262626,0,RUSH
0.315397,0,0,0.441666667,0,0,1,0,0.175,1,0.686868687,0,PASS
0.315556,0,0,0.391666667,1,0,0,0,0.25,0,0.848484848,0,PASS
0.316171,0,0,0.475,0,0,1,0,0.025,0,0.626262626,0,RUSH
0.31625,0,0,0.291666667,1,0,0,0,0.25,0,0.444444444,0,PASS
0.317616,0,0,0.408333333,0,1,0,0,0.2,0,0.161616162,1,RUSH
0.318056,0,0,0.5,0,0,1,0,0.125,0,0.515151515,0,RUSH
0.319192,0,0,0.241666667,0,0,1,0,0.575,1,0.232323232,0,RUSH
0.319954,0,0,0.675,0,1,0,0,0.15,0,0.666666667,0,RUSH
0.32,0,0,0.533333333,1,0,0,0,0.25,0,0.717171717,0,RUSH
0.320031,0,0,0.533333333,0,1,0,0,0.15,0,0.252525253,0,RUSH
0.320648,0,0,0.558333333,1,0,0,0,0.25,0,0.717171717,0,PASS
0.320893,0,0,0.441666667,0,1,0,0,0.175,0,0.686868687,0,PASS
0.321296,0,0,0.391666667,0,0,1,0,0.075,0,0.888888889,0,RUSH
0.322381,0,0,0.475,0,1,0,0,0.125,0,0.666666667,0,RUSH
0.323889,0,0,0.291666667,0,1,0,0,0.3,0,0.595959596,0,PASS
0.324444,0,0,0.408333333,1,0,0,0,0.25,0,0.181818182,1,RUSH
0.324773,0,0,0.241666667,0,1,0,0,0.125,0,0.050505051,1,RUSH
0.325556,0,0,0.675,1,0,0,0,0.25,0,0.707070707,0,RUSH
0.326389,0,0,0.441666667,1,0,0,0,0.25,0,0.717171717,0,RUSH
0.326458,0,0,0.466666667,0,0,1,0,0.25,1,0.525252525,0,PASS
0.326458,0,0,0.466666667,0,0,0,1,0.25,1,0.525252525,0,PUNT
0.326574,0,0,0.558333333,0,1,0,0,0.025,0,0.757575758,0,RUSH
0.327037,0,0,0.391666667,0,1,0,0,0.15,0,0.919191919,0,RUSH
0.327463,0,0,0.525,0,1,0,0,0.025,0,0.01010101,1,RUSH
0.327685,0,0,0.408333333,0,0,1,0,0.025,0,0.212121212,0,RUSH
0.328591,0,0,0.475,1,0,0,0,0.25,0,0.717171717,0,RUSH
0.328889,0,0,0.533333333,1,0,0,0,0.25,0,0.292929293,0,RUSH
0.330278,0,0,0.5,0,1,0,0,0.2,0,0.545454545,0,RUSH
0.330354,0,0,0.241666667,1,0,0,0,0.2,0,0.080808081,1,RUSH
0.331528,0,0,0.291666667,1,0,0,0,0.25,0,0.575757576,0,RUSH
0.331667,0,0,0.616666667,0,1,0,0,0.15,0,0.222222222,0,RUSH
0.331852,0,0,0.558333333,0,0,1,0,0.075,0,0.707070707,0,RUSH
0.331852,0,0,0.558333333,0,0,0,1,0.125,0,0.727272727,0,PUNT
0.332083,0,0,0.466666667,0,1,0,0,0.25,0,0.525252525,0,PASS
0.3325,0,0,0.558333333,1,0,0,0,0.25,0,0.848484848,0,RUSH
0.332778,0,0,0.558333333,0,0,1,0,0.175,1,0.424242424,0,PASS
0.332778,0,0,0.558333333,0,0,0,1,0.175,1,0.424242424,0,PUNT
0.332778,0,0,0.391666667,1,0,0,0,0.25,0,0.95959596,0,RUSH
0.333537,0,0,0.525,1,0,0,0,0.075,0,0.03030303,1,RUSH
0.334514,0,0,0.408333333,0,1,0,0,0.25,0,0.303030303,0,RUSH
0.334802,0,0,0.475,0,0,1,0,0.025,0,0.747474747,0,RUSH
0.335934,0,0,0.241666667,0,0,1,0,0.15,0,0.141414141,1,RUSH
0.337551,0,0,0.616666667,1,0,0,0,0.25,0,0.262626263,0,RUSH
0.337708,0,0,0.466666667,1,0,0,0,0.25,0,0.525252525,0,RUSH
0.338294,0,0,0.533333333,0,0,1,0,0.325,1,0.505050505,0,PASS
0.338294,0,0,0.533333333,0,0,0,1,0.325,1,0.505050505,0,PUNT
0.338333,0,0,0.341666667,1,0,0,0,0.025,0,0.01010101,1,RUSH
0.339167,0,0,0.291666667,1,0,0,0,0.25,0,0.757575758,0,RUSH
0.339611,0,0,0.525,0,1,0,0,0.15,0,0.090909091,1,RUSH
0.340062,0,0,0.533333333,0,1,0,0,0.075,0,0.414141414,0,RUSH
0.341012,0,0,0.475,0,1,0,0,0.125,0,0.787878788,0,RUSH
0.341204,0,0,0.558333333,0,1,0,0,0.075,0,0.707070707,0,RUSH
0.341343,0,0,0.408333333,1,0,0,0,0.25,0,0.303030303,0,RUSH
0.341515,0,0,0.241666667,0,1,0,0,0.175,0,0.151515152,1,RUSH
0.3425,0,0,0.5,1,0,0,0,0.25,0,0.565656566,0,RUSH
0.343333,0,0,0.466666667,0,0,1,0,0.025,0,0.545454545,0,RUSH
0.343434,0,0,0.616666667,0,1,0,0,0.05,0,0.282828283,0,RUSH
0.343472,0,0,0.133333333,0,0,1,0,0.3,1,0.666666667,0,PASS
0.343472,0,0,0.133333333,0,0,0,1,0.1,0,0.585858586,0,PUNT
0.344472,0,0,0.341666667,0,0,1,0,0.025,0,0.04040404,1,RUSH
0.345685,0,0,0.525,1,0,0,0,0.25,0,0.131313131,1,RUSH
0.347096,0,0,0.241666667,1,0,0,0,0.25,0,0.181818182,1,RUSH
0.347143,0,0,0.533333333,0,1,0,0,0.3,0,0.494949495,0,RUSH
0.347222,0,0,0.475,1,0,0,0,0.25,0,0.838383838,0,RUSH
0.348171,0,0,0.408333333,0,1,0,0,0.15,0,0.626262626,0,PASS
0.348333,0,0,0.291666667,0,0,1,0,0.075,0,0.686868687,0,RUSH
0.348333,0,0,0.291666667,0,0,0,1,0.05,0,0.676767677,0,PUNT
0.34892,0,0,0.533333333,1,0,0,0,0.25,0,0.484848485,0,RUSH
0.348958,0,0,0.466666667,0,1,0,0,0.175,0,0.606060606,0,RUSH
0.349318,0,0,0.616666667,1,0,0,0,0.25,0,0.363636364,0,RUSH
0.350556,0,0,0.558333333,1,0,0,0,0.25,0,0.777777778,0,RUSH
0.351263,0,0,0.233333333,0,0,0,1,0.175,1,0.272727273,0,FIELD_GOAL
0.351759,0,0,0.525,0,0,0,1,0.075,0,0.171717172,1,RUSH
0.352037,0,0,0.558333333,0,1,0,0,0.1,0,0.393939394,0,RUSH
0.352677,0,0,0.241666667,0,1,0,0,0.15,0,0.333333333,0,RUSH
0.353333,0,0,0.133333333,0,1,0,0,0.375,0,0.696969697,0,RUSH
0.354444,0,0,0.291666667,0,1,0,0,0.25,0,0.757575758,0,RUSH
0.354583,0,0,0.466666667,1,0,0,0,0.25,0,0.636363636,0,RUSH
0.355,0,0,0.408333333,1,0,0,0,0.25,0,0.666666667,0,RUSH
0.355202,0,0,0.616666667,0,0,1,0,0.15,0,0.626262626,0,RUSH
0.355992,0,0,0.533333333,1,0,0,0,0.25,0,0.474747475,0,RUSH
0.35675,0,0,0.341666667,0,1,0,0,0.15,0,0.090909091,1,RUSH
0.357778,0,0,0.533333333,1,0,0,0,0.25,0,0.757575758,0,RUSH
0.357833,0,0,0.525,0,0,1,0,0.075,0,0.171717172,1,RUSH
0.358081,0,0,0.233333333,0,0,1,0,0.125,0,0.252525253,0,RUSH
0.358258,0,0,0.241666667,1,0,0,0,0.25,0,0.373737374,0,RUSH
0.359907,0,0,0.558333333,0,0,1,0,0.075,0,0.838383838,0,RUSH
0.360208,0,0,0.466666667,0,1,0,0,0.025,0,0.656565657,0,RUSH
0.360556,0,0,0.291666667,1,0,0,0,0.25,0,0.757575758,0,PASS
0.361086,0,0,0.616666667,0,1,0,0,0.525,0,0.777777778,0,RUSH
0.361667,0,0,0.558333333,1,0,0,0,0.25,0,0.454545455,0,RUSH
0.362889,0,0,0.341666667,1,0,0,0,0.25,0,0.131313131,1,RUSH
0.363194,0,0,0.133333333,1,0,0,0,0.25,0,0.646464646,0,RUSH
0.363838,0,0,0.241666667,0,0,1,0,0.1,0,0.545454545,0,RUSH
0.363907,0,0,0.525,0,1,0,0,0.15,0,0.202020202,1,RUSH
0.364841,0,0,0.533333333,0,0,0,1,0.125,0,0.575757576,0,RUSH
0.364899,0,0,0.233333333,0,1,0,0,0.25,0,0.303030303,0,RUSH
0.365833,0,0,0.466666667,1,0,0,0,0.25,0,0.747474747,0,RUSH
0.365972,0,0,0.466666667,0,0,1,0,0.25,1,0.696969697,0,PASS
0.365972,0,0,0.466666667,0,0,0,1,0.25,1,0.696969697,0,PUNT
0.36697,0,0,0.616666667,0,1,0,0,0.175,0,0.636363636,0,RUSH
0.369028,0,0,0.341666667,0,1,0,0,0.2,0,0.232323232,0,RUSH
0.369228,0,0,0.45,1,0,0,0,0.175,0,0.070707071,1,PASS
0.369259,0,0,0.558333333,0,1,0,0,0.1,0,0.848484848,0,RUSH
0.369419,0,0,0.241666667,0,1,0,0,0.175,0,0.575757576,0,RUSH
0.369861,0,0,0.475,1,0,0,0,0.025,0,0.01010101,1,RUSH
0.369981,0,0,0.525,1,0,0,0,0.25,0,0.242424242,0,RUSH
0.371296,0,0,0.325,0,0,1,0,0.025,0,0.666666667,0,RUSH
0.371296,0,0,0.325,0,0,0,1,0.05,0,0.676767677,0,PUNT
0.371717,0,0,0.233333333,1,0,0,0,0.25,0,0.303030303,0,PASS
0.372854,0,0,0.616666667,1,0,0,0,0.25,0,0.666666667,0,RUSH
0.373056,0,0,0.133333333,1,0,0,0,0.25,0,0.757575758,0,RUSH
0.37369,0,0,0.533333333,0,0,1,0,0.325,1,0.656565657,0,RUSH
0.374444,0,0,0.333333333,0,0,1,0,0.225,1,0.747474747,0,RUSH
0.374444,0,0,0.333333333,0,0,0,1,0.125,0,0.707070707,0,PUNT
0.374722,0,0,0.466666667,0,1,0,0,0.3,0,0.717171717,0,RUSH
0.374846,0,0,0.45,0,1,0,0,0.15,0,0.141414141,1,RUSH
0.375,0,0,0.241666667,1,0,0,0,0.25,0,0.606060606,0,RUSH
0.375167,0,0,0.341666667,1,0,0,0,0.25,0,0.252525253,0,RUSH
0.375833,0,0,0.475,0,0,1,0,0.125,0,0.232323232,0,PASS
0.376056,0,0,0.525,0,0,0,1,0.15,0,0.333333333,0,RUSH
0.3775,0,0,0.191666667,1,0,0,0,0.25,0,0.909090909,0,RUSH
0.378535,0,0,0.233333333,0,0,0,1,0.05,0,0.555555556,0,RUSH
0.378611,0,0,0.558333333,1,0,0,0,0.25,0,0.909090909,0,RUSH
0.378737,0,0,0.616666667,0,1,0,0,0.125,0,0.747474747,0,RUSH
0.380463,0,0,0.45,1,0,0,0,0.25,0,0.181818182,1,RUSH
0.380648,0,0,0.325,0,1,0,0,0.1,0,0.696969697,0,RUSH
0.381306,0,0,0.341666667,1,0,0,0,0.25,0,0.565656566,0,RUSH
0.381806,0,0,0.475,0,1,0,0,0.175,0,0.252525253,0,RUSH
0.38213,0,0,0.525,0,0,1,0,0.125,0,0.323232323,0,RUSH
0.38254,0,0,0.533333333,0,1,0,0,0.325,0,0.656565657,0,RUSH
0.383472,0,0,0.466666667,1,0,0,0,0.25,0,0.696969697,0,RUSH
0.384621,0,0,0.616666667,1,0,0,0,0.25,0,0.797979798,0,RUSH
0.385,0,0,0.333333333,0,1,0,0,0.175,0,0.727272727,0,RUSH
0.385354,0,0,0.233333333,0,0,1,0,0.15,0,0.595959596,0,PASS
0.38608,0,0,0.45,0,1,0,0,0.175,0,0.373737374,0,PASS
0.387444,0,0,0.341666667,0,0,1,0,0.025,0,0.717171717,0,RUSH
0.387639,0,0,0.35,0,0,0,1,0.075,0,0.686868687,0,RUSH
0.387778,0,0,0.475,1,0,0,0,0.25,0,0.282828283,0,RUSH
0.388204,0,0,0.525,0,1,0,0,0.125,0,0.323232323,0,RUSH
0.39,0,0,0.325,1,0,0,0,0.25,0,0.757575758,0,RUSH
0.390556,0,0,0.475,0,0,0,1,0.025,0,0.474747475,0,RUSH
0.391389,0,0,0.533333333,1,0,0,0,0.25,0,0.626262626,0,RUSH
0.391698,0,0,0.45,1,0,0,0,0.25,0,0.404040404,0,RUSH
0.392172,0,0,0.233333333,0,1,0,0,0.275,0,0.646464646,0,RUSH
0.392222,0,0,0.466666667,0,1,0,0,0.125,0,0.747474747,0,RUSH
0.393519,0,0,0.5,0,0,1,0,0.25,1,0.757575758,0,PASS
0.393519,0,0,0.5,0,0,0,1,0.25,1,0.757575758,0,PUNT
0.393583,0,0,0.341666667,0,1,0,0,0.025,0,0.717171717,0,PASS
0.39375,0,0,0.475,0,1,0,0,0.15,0,0.434343434,0,RUSH
0.394278,0,0,0.525,1,0,0,0,0.25,0,0.373737374,0,RUSH
0.395556,0,0,0.333333333,1,0,0,0,0.25,0,0.757575758,0,RUSH
0.395833,0,0,0.35,0,0,1,0,0.05,0,0.676767677,0,RUSH
0.396389,0,0,0.475,0,0,1,0,0.05,0,0.484848485,0,RUSH
0.396944,0,0,0.5,1,0,0,0,0.25,0,0.787878788,0,RUSH
0.397315,0,0,0.45,0,1,0,0,0.075,0,0.444444444,0,RUSH
0.39899,0,0,0.233333333,1,0,0,0,0.25,0,0.636363636,0,RUSH
0.399722,0,0,0.341666667,1,0,0,0,0.25,0,0.808080808,0,RUSH
0.399722,0,0,0.475,1,0,0,0,0.25,0,0.474747475,0,RUSH
0.399792,0,0,0.533333333,0,0,0,1,0.25,1,0.343434343,0,FIELD_GOAL
0.400352,0,0,0.525,1,0,0,0,0.25,0,0.515151515,0,RUSH
0.400926,0,0,0.5,0,1,0,0,0.225,0,0.747474747,0,RUSH
0.400972,0,0,0.466666667,1,0,0,0,0.25,0,0.797979798,0,RUSH
0.402222,0,0,0.475,0,1,0,0,0.25,0,0.565656566,0,PASS
0.402932,0,0,0.45,1,0,0,0,0.25,0,0.515151515,0,RUSH
0.404028,0,0,0.35,0,1,0,0,0.275,0,0.767676768,0,PASS
0.404444,0,0,0.675,1,0,0,0,0.175,0,0.070707071,1,RUSH
0.405694,0,0,0.475,0,0,1,0,0.1,0,0.535353535,0,RUSH
0.405808,0,0,0.233333333,0,0,1,0,0.05,0,0.676767677,0,PASS
0.406426,0,0,0.525,0,1,0,0,0.125,0,0.707070707,0,RUSH
0.4075,0,0,0.533333333,0,0,1,0,0.375,1,0.393939394,0,RUSH
0.408056,0,0,0.475,1,0,0,0,0.25,0,0.565656566,0,RUSH
0.408333,0,0,0.5,1,0,0,0,0.25,0,0.757575758,0,RUSH
0.408549,0,0,0.45,0,1,0,0,0.1,0,0.686868687,0,RUSH
0.409722,0,0,0.466666667,0,0,1,0,0.25,1,0.929292929,0,RUSH
0.410833,0,0,0.675,0,1,0,0,0.175,0,0.070707071,1,RUSH
0.411667,0,0,0.475,0,1,0,0,0.125,0,0.545454545,0,RUSH
0.412222,0,0,0.35,1,0,0,0,0.25,0,0.757575758,0,RUSH
0.4125,0,0,0.525,1,0,0,0,0.25,0,0.757575758,0,RUSH
0.412626,0,0,0.233333333,0,1,0,0,0.175,0,0.727272727,0,RUSH
0.413889,0,0,0.475,0,1,0,0,0.1,0,0.616161616,0,RUSH
0.414167,0,0,0.45,1,0,0,0,0.25,0,0.747474747,0,RUSH
0.415208,0,0,0.533333333,0,1,0,0,0.225,0,0.333333333,0,RUSH
0.415278,0,0,0.675,1,0,0,0,0.225,0,0.090909091,1,RUSH
0.4155,0,0,0.35,1,0,0,0,0.25,0,0.646464646,0,RUSH
0.415833,0,0,0.391666667,0,0,1,0,0.15,0,0.737373737,0,PASS
0.415833,0,0,0.391666667,0,0,0,1,0.15,0,0.737373737,0,PUNT
0.417639,0,0,0.475,1,0,0,0,0.25,0,0.595959596,0,RUSH
0.418472,0,0,0.466666667,0,1,0,0,0.25,0,0.929292929,0,RUSH
0.418939,0,0,0.533333333,1,0,0,0,0.225,0,0.090909091,1,RUSH
0.419444,0,0,0.233333333,1,0,0,0,0.25,0,0.757575758,0,RUSH
0.419563,0,0,0.408333333,0,0,0,1,0.025,0,0.01010101,1,RUSH
0.419722,0,0,0.675,0,0,1,0,0.05,0,0.131313131,1,RUSH
0.419722,0,0,0.475,1,0,0,0,0.25,0,0.676767677,0,RUSH
0.422222,0,0,0.391666667,0,1,0,0,0.15,0,0.737373737,0,RUSH
0.422917,0,0,0.533333333,1,0,0,0,0.375,0,0.393939394,0,RUSH
0.422944,0,0,0.35,0,0,0,1,0.025,0,0.666666667,0,RUSH
0.423611,0,0,0.475,1,0,0,0,0.25,0,0.757575758,0,RUSH
0.424167,0,0,0.675,0,1,0,0,0.15,0,0.171717172,1,RUSH
0.425238,0,0,0.408333333,0,0,1,0,0.025,0,0.01010101,1,RUSH
0.425556,0,0,0.475,0,1,0,0,0.2,0,0.787878788,0,RUSH
0.426889,0,0,0.3,0,0,1,0,0.125,0,0.626262626,0,PASS
0.427222,0,0,0.466666667,1,0,0,0,0.25,0,0.929292929,0,RUSH
0.428611,0,0,0.675,1,0,0,0,0.25,0,0.212121212,0,RUSH
0.428611,0,0,0.391666667,1,0,0,0,0.25,0,0.777777778,0,RUSH
0.430093,0,0,0.466666667,0,0,1,0,0.075,0,0.707070707,0,RUSH
0.430093,0,0,0.466666667,0,0,0,1,0.025,0,0.686868687,0,PUNT
0.430389,0,0,0.35,0,0,1,0,0.1,0,0.696969697,0,RUSH
0.430525,0,0,0.591666667,1,0,0,0,0.25,0,0.484848485,0,PASS
0.430913,0,0,0.408333333,0,1,0,0,0.075,0,0.03030303,1,RUSH
0.431278,0,0,0.3,0,1,0,0,0.25,0,0.676767677,0,RUSH
0.431389,0,0,0.475,1,0,0,0,0.25,0,0.808080808,0,RUSH
0.433056,0,0,0.675,1,0,0,0,0.25,0,0.515151515,0,RUSH
0.434802,0,0,0.5,0,0,1,0,0.125,0,0.050505051,1,RUSH
0.435152,0,0,0.533333333,0,1,0,0,0.125,0,0.181818182,1,RUSH
0.435667,0,0,0.3,1,0,0,0,0.25,0,0.676767677,0,PASS
0.436327,0,0,0.591666667,0,0,1,0,0.025,0,0.505050505,0,RUSH
0.436587,0,0,0.408333333,1,0,0,0,0.15,0,0.060606061,1,RUSH
0.437833,0,0,0.35,0,1,0,0,0.15,0,0.717171717,0,PASS
0.438333,0,0,0.533333333,0,0,0,1,0.025,0,0.393939394,0,RUSH
0.440056,0,0,0.3,0,1,0,0,0.15,0,0.818181818,0,RUSH
0.440992,0,0,0.5,0,1,0,0,0.125,0,0.050505051,1,RUSH
0.441296,0,0,0.466666667,0,1,0,0,0.125,0,0.727272727,0,RUSH
0.44213,0,0,0.591666667,0,1,0,0,0.15,0,0.555555556,0,RUSH
0.442262,0,0,0.408333333,0,1,0,0,0.175,0,0.151515152,1,PASS
0.443258,0,0,0.533333333,1,0,0,0,0.25,0,0.232323232,0,RUSH
0.444444,0,0,0.3,1,0,0,0,0.25,0,0.858585859,0,RUSH
0.445278,0,0,0.35,1,0,0,0,0.25,0,0.757575758,0,RUSH
0.445432,0,0,0.383333333,0,1,0,0,0.275,0,0.393939394,0,RUSH
0.446042,0,0,0.533333333,0,0,1,0,0.15,0,0.444444444,0,RUSH
0.447183,0,0,0.5,1,0,0,0,0.2,0,0.080808081,1,RUSH
0.447932,0,0,0.591666667,1,0,0,0,0.25,0,0.595959596,0,RUSH
0.447937,0,0,0.408333333,1,0,0,0,0.25,0,0.181818182,1,RUSH
0.449306,0,0,0.583333333,0,1,0,0,0.1,0,0.666666667,0,RUSH
0.451364,0,0,0.533333333,0,1,0,0,0.15,0,0.313131313,0,RUSH
0.452253,0,0,0.383333333,1,0,0,0,0.25,0,0.383838384,0,PASS
0.4525,0,0,0.466666667,1,0,0,0,0.25,0,0.777777778,0,RUSH
0.453095,0,0,0.408333333,1,0,0,0,0.25,0,0.373737374,0,RUSH
0.453373,0,0,0.5,0,1,0,0,0.075,0,0.121212121,1,RUSH
0.453611,0,0,0.408333333,1,0,0,0,0.25,0,0.353535354,0,PASS
0.453735,0,0,0.591666667,0,0,1,0,0.125,0,0.646464646,0,RUSH
0.45375,0,0,0.533333333,0,1,0,0,0.15,0,0.444444444,0,PASS
0.455278,0,0,0.583333333,1,0,0,0,0.25,0,0.727272727,0,RUSH
0.45881,0,0,0.25,0,0,1,0,0.15,0,0.595959596,0,PASS
0.45881,0,0,0.25,0,0,0,1,0.05,0,0.555555556,0,PUNT
0.459074,0,0,0.383333333,0,0,1,0,0.025,0,0.404040404,0,RUSH
0.459286,0,0,0.408333333,0,0,1,0,0.075,0,0.464646465,0,RUSH
0.45947,0,0,0.533333333,1,0,0,0,0.25,0,0.353535354,0,RUSH
0.459537,0,0,0.591666667,0,1,0,0,0.25,0,0.696969697,0,RUSH
0.459563,0,0,0.5,1,0,0,0,0.25,0,0.191919192,1,RUSH
0.460913,0,0,0.408333333,0,0,0,1,0.05,0,0.414141414,0,RUSH
0.461458,0,0,0.533333333,1,0,0,0,0.25,0,0.484848485,0,RUSH
0.46496,0,0,0.408333333,0,1,0,0,0.25,0,0.535353535,0,RUSH
0.46534,0,0,0.591666667,1,0,0,0,0.25,0,0.696969697,0,PASS
0.465675,0,0,0.25,0,1,0,0,0.25,0,0.636363636,0,RUSH
0.465754,0,0,0.5,0,1,0,0,0.05,0,0.737373737,0,RUSH
0.465895,0,0,0.383333333,0,1,0,0,0.05,0,0.414141414,0,RUSH
0.466667,0,0,0.408333333,0,0,1,0,0.1,0,0.585858586,0,RUSH
0.466667,0,0,0.408333333,0,0,0,1,0.025,0,0.555555556,0,PUNT
0.467576,0,0,0.533333333,0,1,0,0,0.075,0,0.585858586,0,PASS
0.46873,0,0,0.408333333,0,0,1,0,0.125,0,0.444444444,0,RUSH
0.469167,0,0,0.533333333,1,0,0,0,0.125,0,0.585858586,0,RUSH
0.470635,0,0,0.408333333,1,0,0,0,0.25,0,0.535353535,0,PASS
0.471142,0,0,0.591666667,0,1,0,0,0.175,0,0.787878788,0,RUSH
0.471944,0,0,0.5,1,0,0,0,0.25,0,0.818181818,0,RUSH
0.472454,0,0,0.558333333,0,0,1,0,0.225,1,0.434343434,0,PASS
0.472454,0,0,0.558333333,0,0,0,1,0.225,1,0.434343434,0,PUNT
0.47254,0,0,0.25,1,0,0,0,0.25,0,0.636363636,0,PASS
0.472716,0,0,0.383333333,1,0,0,0,0.25,0,0.494949495,0,PASS
0.475,0,0,0.408333333,0,1,0,0,0.35,0,0.686868687,0,RUSH
0.475682,0,0,0.533333333,1,0,0,0,0.25,0,0.656565657,0,RUSH
0.47631,0,0,0.408333333,0,0,1,0,0.05,0,0.565656566,0,RUSH
0.476548,0,0,0.408333333,0,1,0,0,0.175,0,0.464646465,0,RUSH
0.476944,0,0,0.591666667,1,0,0,0,0.25,0,0.818181818,0,RUSH
0.477963,0,0,0.558333333,0,1,0,0,0.3,0,0.464646465,0,RUSH
0.479074,0,0,0.5,0,0,1,0,0.175,1,0.727272727,0,RUSH
0.479074,0,0,0.5,0,0,0,1,0.125,0,0.707070707,0,PUNT
0.479405,0,0,0.25,0,0,0,1,0.025,0,0.666666667,0,RUSH
0.479537,0,0,0.383333333,1,0,0,0,0.25,0,0.606060606,0,RUSH
0.481984,0,0,0.408333333,0,1,0,0,0.1,0,0.585858586,0,RUSH
0.483333,0,0,0.408333333,1,0,0,0,0.375,0,0.696969697,0,RUSH
0.483472,0,0,0.558333333,1,0,0,0,0.25,0,0.444444444,0,RUSH
0.483788,0,0,0.533333333,0,0,1,0,0.125,0,0.707070707,0,RUSH
0.484167,0,0,0.441666667,0,1,0,0,0.125,0,0.101010101,1,PASS
0.484365,0,0,0.408333333,1,0,0,0,0.25,0,0.494949495,0,RUSH
0.484583,0,0,0.533333333,0,0,1,0,0.075,0,0.686868687,0,PASS
0.486111,0,0,0.533333333,1,0,0,0,0.25,0,0.313131313,0,RUSH
0.48627,0,0,0.25,0,0,1,0,0.025,0,0.666666667,0,RUSH
0.486358,0,0,0.383333333,0,0,1,0,0.125,0,0.707070707,0,RUSH
0.486667,0,0,0.391666667,0,0,1,0,0.325,1,0.787878788,0,PASS
0.486667,0,0,0.391666667,0,0,0,1,0.325,1,0.787878788,0,PUNT
0.487659,0,0,0.408333333,1,0,0,0,0.25,0,0.646464646,0,RUSH
0.488056,0,0,0.441666667,1,0,0,0,0.25,0,0.151515152,1,RUSH
0.488981,0,0,0.558333333,0,0,1,0,0.2,1,0.737373737,0,PASS
0.489537,0,0,0.5,0,1,0,0,0.25,0,0.757575758,0,RUSH
0.490741,0,0,0.533333333,1,0,0,0,0.25,0,0.595959596,0,RUSH
0.491894,0,0,0.533333333,0,1,0,0,0.2,0,0.737373737,0,RUSH
0.491944,0,0,0.441666667,1,0,0,0,0.25,0,0.616161616,0,RUSH
0.492183,0,0,0.408333333,0,1,0,0,0.075,0,0.686868687,0,RUSH
0.492292,0,0,0.533333333,0,1,0,0,0.175,0,0.727272727,0,RUSH
0.493135,0,0,0.25,0,1,0,0,0.025,0,0.666666667,0,PASS
0.493179,0,0,0.383333333,0,1,0,0,0.075,0,0.686868687,0,RUSH
0.493333,0,0,0.408333333,1,0,0,0,0.25,0,0.888888889,0,RUSH
0.493333,0,0,0.391666667,0,1,0,0,0.275,0,0.767676768,0,RUSH
0.494491,0,0,0.558333333,0,1,0,0,0.2,0,0.737373737,0,PASS
0.49537,0,0,0.533333333,1,0,0,0,0.25,0,0.707070707,0,RUSH
0.495833,0,0,0.441666667,1,0,0,0,0.25,0,0.868686869,0,PASS
0.498056,1,0,0.475,1,0,0,0,0.25,0,0.454545455,0,PASS
0.499753,1,0,0.408333333,0,0,1,0,0.1,0,0.252525253,0,FIELD_GOAL
0.5,0,0,0.408333333,1,0,0,0,0.25,0,0.757575758,0,RUSH
0.5,0,0,0.533333333,1,0,0,0,0.25,0,0.757575758,0,RUSH
0.5,0,0,0.533333333,1,0,0,0,0.25,0,0.757575758,0,RUSH
0.5,0,0,0.383333333,1,0,0,0,0.25,0,0.757575758,0,RUSH
0.5,0,0,0.5,1,0,0,0,0.25,0,0.757575758,0,RUSH
0.5,0,0,0.25,1,0,0,0,0.25,0,0.757575758,0,RUSH
0.5,0,0,0.391666667,1,0,0,0,0.25,0,0.757575758,0,RUSH
0.5,0,0,0.408333333,1,0,0,0,0.25,0,0.757575758,0,RUSH
0.5,0,0,0.558333333,1,0,0,0,0.25,0,0.757575758,0,RUSH
0.500278,1,0,0.291666667,1,0,0,0,0.25,0,0.686868687,0,RUSH
0.500556,1,0,0.558333333,1,0,0,0,0.25,0,0.95959596,0,RUSH
0.500694,1,0,0.475,0,0,1,0,0.05,0,0.595959596,0,RUSH
0.500833,1,0,0.508333333,1,0,0,0,0.25,0,0.313131313,0,FIELD_GOAL
0.500926,1,0,0.408333333,0,1,0,0,0.25,0,0.313131313,0,PASS
0.502099,1,0,0.408333333,1,0,0,0,0.25,0,0.313131313,0,PASS
0.502222,1,0,0.616666667,1,0,0,0,0.25,0,0.777777778,0,RUSH
0.502222,1,0,0.3,0,0,0,1,0.1,0,0.838383838,0,PUNT
0.502778,1,0,0.283333333,0,0,1,0,0.025,0,0.01010101,1,RUSH
0.502986,1,0,0.508333333,0,0,0,1,0.05,0,0.343434343,0,RUSH
0.503272,1,0,0.408333333,0,0,0,1,0.075,0,0.353535354,0,RUSH
0.503333,1,0,0.408333333,1,0,0,0,0.25,0,0.757575758,0,RUSH
0.503333,1,0,0.475,0,1,0,0,0.05,0,0.595959596,0,PASS
0.503333,1,0,0.533333333,1,0,0,0,0.25,0,0.646464646,0,RUSH
0.504444,1,0,0.408333333,0,0,1,0,0.25,1,0.424242424,0,RUSH
0.504444,1,0,0.3,0,0,1,0,0.1,0,0.838383838,0,PASS
0.50566,1,0,0.508333333,0,0,1,0,0.225,1,0.414141414,0,RUSH
0.505694,1,0,0.533333333,1,0,0,0,0.175,0,0.070707071,1,RUSH
0.506667,1,0,0.466666667,1,0,0,0,0.25,0,0.757575758,0,RUSH
0.507037,1,0,0.408333333,0,1,0,0,0.25,0,0.424242424,0,RUSH
0.507601,1,0,0.283333333,0,1,0,0,0.025,0,0.01010101,1,RUSH
0.507731,1,0,0.441666667,0,0,1,0,0.025,0,0.01010101,1,RUSH
0.50821,1,0,0.408333333,1,0,0,0,0.25,0,0.424242424,0,PASS
0.508333,1,0,0.533333333,1,0,0,0,0.25,0,0.808080808,0,RUSH
0.508333,1,0,0.508333333,0,1,0,0,0.225,0,0.414141414,0,PASS
0.508611,1,0,0.533333333,1,0,0,0,0.25,0,0.656565657,0,PASS
0.509074,1,0,0.3,0,1,0,0,0.2,0,0.878787879,0,RUSH
0.509383,1,0,0.408333333,1,0,0,0,0.25,0,0.565656566,0,PASS
0.510556,1,0,0.475,1,0,0,0,0.25,0,0.676767677,0,PASS
0.510556,1,0,0.408333333,1,0,0,0,0.25,0,0.808080808,0,RUSH
0.512407,1,0,0.441666667,0,1,0,0,0.025,0,0.01010101,1,RUSH
0.5125,1,0,0.525,0,0,1,0,0.35,1,0.98989899,0,RUSH
0.51298,1,0,0.283333333,1,0,0,0,0.05,0,0.02020202,1,RUSH
0.513194,1,0,0.475,0,1,0,0,0.025,0,0.717171717,0,RUSH
0.513333,1,0,0.275,0,0,0,1,0.075,0,0.707070707,0,PUNT
0.513368,1,0,0.508333333,1,0,0,0,0.25,0,0.424242424,0,RUSH
0.513611,1,0,0.433333333,0,0,0,1,0.325,1,0.797979798,0,PUNT
0.513611,1,0,0.525,0,1,0,0,0.3,0,0.96969697,0,RUSH
0.513611,1,0,0.3,1,0,0,0,0.25,0,0.898989899,0,RUSH
0.513796,1,0,0.441666667,0,0,1,0,0.15,0,0.828282828,0,RUSH
0.513889,1,0,0.525,1,0,0,0,0.25,0,0.949494949,0,RUSH
0.514444,1,0,0.441666667,0,0,0,1,0.075,0,0.797979798,0,PUNT
0.515833,1,0,0.475,1,0,0,0,0.25,0,0.808080808,0,RUSH
0.516042,1,0,0.508333333,1,0,0,0,0.25,0,0.575757576,0,RUSH
0.516111,1,0,0.5,0,0,0,1,0.025,0,0.818181818,0,PUNT
0.51625,1,0,0.416666667,1,0,0,0,0.25,0,0.282828283,0,PASS
0.516481,1,0,0.441666667,0,1,0,0,0.15,0,0.828282828,0,PASS
0.516667,1,0,0.616666667,0,1,0,0,0.1,0,0.04040404,1,PASS
0.517083,1,0,0.441666667,1,0,0,0,0.075,0,0.03030303,1,RUSH
0.517222,1,0,0.275,0,0,1,0,0.075,0,0.707070707,0,RUSH
0.5175,1,0,0.383333333,0,1,0,0,0.175,0,0.161616162,1,RUSH
0.518148,1,0,0.416666667,0,0,1,0,0.3,1,0.474747475,0,PASS
0.518359,1,0,0.283333333,0,1,0,0,0.05,0,0.04040404,1,RUSH
0.518715,1,0,0.508333333,0,1,0,0,0.025,0,0.616161616,0,RUSH
0.518796,1,0,0.433333333,0,0,1,0,0.2,1,0.747474747,0,PASS
0.519167,1,0,0.441666667,1,0,0,0,0.25,0,0.868686869,0,PASS
0.520556,1,0,0.533333333,0,0,0,1,0.075,0,0.686868687,0,PUNT
0.520741,1,0,0.525,1,0,0,0,0.25,0,0.292929293,0,PASS
0.520833,1,0,0.616666667,1,0,0,0,0.15,0,0.060606061,1,RUSH
0.521111,1,0,0.5,0,0,1,0,0.175,1,0.878787879,0,RUSH
0.521389,1,0,0.508333333,1,0,0,0,0.25,0,0.707070707,0,RUSH
0.521759,1,0,0.441666667,0,1,0,0,0.075,0,0.222222222,0,PASS
0.521944,1,0,0.416666667,0,1,0,0,0.175,0,0.424242424,0,PASS
0.522222,1,0,0.533333333,0,0,1,0,0.225,1,0.747474747,0,RUSH
0.523056,1,0,0.275,0,1,0,0,0.25,0,0.777777778,0,RUSH
0.523611,1,0,0.408333333,0,1,0,0,0.125,0,0.050505051,1,RUSH
0.523704,1,0,0.416666667,1,0,0,0,0.25,0,0.454545455,0,RUSH
0.523737,1,0,0.283333333,1,0,0,0,0.25,0,0.121212121,1,RUSH
0.523981,1,0,0.433333333,0,1,0,0,0.25,0,0.767676768,0,RUSH
0.524167,1,0,0.35,0,0,0,1,0.6,1,0.787878788,0,PUNT
0.524444,1,0,0.5,0,1,0,0,0.225,0,0.898989899,0,RUSH
0.525,1,0,0.616666667,1,0,0,0,0.25,0,0.505050505,0,RUSH
0.525602,1,0,0.416666667,0,1,0,0,0.2,0,0.737373737,0,PASS
0.525833,1,0,0.35,0,0,1,0,0.375,1,0.696969697,0,RUSH
0.525926,1,0,0.525,0,1,0,0,0.05,0,0.424242424,0,RUSH
0.526412,1,0,0.675,0,1,0,0,0.125,0,0.141414141,1,RUSH
0.526435,1,0,0.441666667,1,0,0,0,0.25,0,0.292929293,0,RUSH
0.5265,1,0,0.383333333,1,0,0,0,0.25,0,0.191919192,1,RUSH
0.5275,1,0,0.416666667,1,0,0,0,0.25,0,0.757575758,0,RUSH
0.528333,1,0,0.533333333,0,1,0,0,0.2,0,0.737373737,0,RUSH
0.528889,1,0,0.275,1,0,0,0,0.25,0,0.777777778,0,PASS
0.529116,1,0,0.283333333,0,0,1,0,0.05,0,0.151515152,1,RUSH
0.529167,1,0,0.433333333,1,0,0,0,0.25,0,0.767676768,0,PASS
0.529722,1,0,0.5,1,0,0,0,0.25,0,0.909090909,0,RUSH
0.530972,1,0,0.675,1,0,0,0,0.25,0,0.191919192,1,RUSH
0.531111,1,0,0.441666667,1,0,0,0,0.25,0,0.727272727,0,RUSH
0.531111,1,0,0.525,1,0,0,0,0.25,0,0.505050505,0,PASS
0.531417,1,0,0.383333333,1,0,0,0,0.25,0,0.383838384,0,PASS
0.533333,0,0,0.533333333,1,0,0,0,0.25,0,0.757575758,0,RUSH
0.533788,0,0,0.408333333,1,0,0,0,0.175,0,0.070707071,1,RUSH
0.534495,0,0,0.283333333,0,1,0,0,0.1,0,0.171717172,1,RUSH
0.535532,0,0,0.675,1,0,0,0,0.25,0,0.303030303,0,PASS
0.536111,0,0,0.558333333,1,0,0,0,0.225,0,0.090909091,1,RUSH
0.536265,0,0,0.466666667,1,0,0,0,0.25,0,0.181818182,1,RUSH
0.536296,0,0,0.525,1,0,0,0,0.25,0,0.696969697,0,RUSH
0.536333,0,0,0.383333333,0,1,0,0,0.025,0,0.404040404,0,RUSH
0.536667,0,0,0.35,0,1,0,0,0.3,0,0.666666667,0,PASS
0.538333,0,0,0.616666667,0,1,0,0,0.25,0,0.454545455,0,RUSH
0.538889,0,0,0.508333333,0,0,0,1,0.25,1,0.666666667,0,PUNT
0.539571,0,0,0.408333333,0,1,0,0,0.15,0,0.191919192,1,RUSH
0.539874,0,0,0.283333333,1,0,0,0,0.25,0,0.232323232,0,RUSH
0.540093,0,0,0.675,0,0,1,0,0.025,0,0.343434343,0,RUSH
0.540159,0,0,0.408333333,0,0,0,1,0.1,0,0.232323232,0,RUSH
0.540417,0,0,0.558333333,1,0,0,0,0.25,0,0.202020202,1,RUSH
0.541204,0,0,0.508333333,0,0,1,0,0.125,0,0.616161616,0,RUSH
0.54125,0,0,0.383333333,1,0,0,0,0.25,0,0.494949495,0,RUSH
0.541481,0,0,0.525,0,1,0,0,0.1,0,0.777777778,0,RUSH
0.541975,0,0,0.466666667,1,0,0,0,0.25,0,0.373737374,0,PASS
0.543333,0,0,0.616666667,1,0,0,0,0.25,0,0.454545455,0,RUSH
0.54375,0,0,0.35,1,0,0,0,0.25,0,0.646464646,0,RUSH
0.544653,0,0,0.675,0,1,0,0,0.1,0,0.373737374,0,RUSH
0.544722,0,0,0.558333333,0,0,1,0,0.125,0,0.292929293,0,RUSH
0.545253,0,0,0.283333333,0,1,0,0,0.075,0,0.454545455,0,PASS
0.545354,0,0,0.408333333,1,0,0,0,0.25,0,0.232323232,0,RUSH
0.545741,0,0,0.508333333,0,1,0,0,0.175,0,0.636363636,0,RUSH
0.546167,0,0,0.383333333,0,1,0,0,0.15,0,0.555555556,0,RUSH
0.546667,0,0,0.525,1,0,0,0,0.25,0,0.838383838,0,RUSH
0.547222,0,0,0.558333333,0,1,0,0,0.125,0,0.292929293,0,PASS
0.547685,0,0,0.466666667,0,0,1,0,0.075,0,0.424242424,0,RUSH
0.547738,0,0,0.408333333,0,0,1,0,0.1,0,0.232323232,0,PASS
0.548025,0,0,0.5,0,0,1,0,0.025,0,0.01010101,1,RUSH
0.548333,0,0,0.616666667,0,1,0,0,0.25,0,0.565656566,0,RUSH
0.549213,0,0,0.675,1,0,0,0,0.25,0,0.434343434,0,RUSH
0.550093,0,0,0.3,0,0,1,0,0.15,0,0.717171717,0,RUSH
0.550093,0,0,0.3,0,0,0,1,0.125,0,0.707070707,0,PUNT
0.550278,0,0,0.508333333,1,0,0,0,0.25,0,0.666666667,0,RUSH
0.550631,0,0,0.283333333,1,0,0,0,0.25,0,0.525252525,0,RUSH
0.550833,0,0,0.35,0,0,1,0,0.075,0,0.686868687,0,PASS
0.551083,0,0,0.383333333,1,0,0,0,0.25,0,0.595959596,0,RUSH
0.551136,0,0,0.408333333,0,0,1,0,0.25,1,0.343434343,0,RUSH
0.551528,0,0,0.558333333,1,0,0,0,0.25,0,0.343434343,0,RUSH
0.552716,0,0,0.5,0,1,0,0,0.025,0,0.01010101,1,RUSH
0.553333,0,0,0.616666667,1,0,0,0,0.25,0,0.565656566,0,PASS
0.553395,0,0,0.466666667,0,1,0,0,0.125,0,0.444444444,0,RUSH
0.553773,0,0,0.675,0,0,0,1,0.025,0,0.454545455,0,RUSH
0.555278,0,0,0.383333333,0,0,0,1,0.075,0,0.191919192,1,PASS
0.555317,0,0,0.408333333,0,1,0,0,0.1,0,0.232323232,0,RUSH
0.555556,0,0,0.375,0,1,0,0,0.075,0,0.03030303,1,RUSH
0.555833,0,0,0.558333333,0,0,1,0,0.075,0,0.505050505,0,RUSH
0.556,0,0,0.383333333,0,0,1,0,0.05,0,0.676767677,0,RUSH
0.55601,0,0,0.283333333,1,0,0,0,0.125,0,0.616161616,0,RUSH
0.556852,0,0,0.3,0,1,0,0,0.15,0,0.717171717,0,PASS
0.556919,0,0,0.408333333,0,1,0,0,0.4,0,0.404040404,0,PASS
0.557222,0,0,0.383333333,1,0,0,0,0.125,0,0.464646465,0,PASS
0.557407,0,0,0.5,1,0,0,0,0.15,0,0.060606061,1,RUSH
0.557917,0,0,0.35,0,1,0,0,0.125,0,0.707070707,0,RUSH
0.558333,0,0,0.675,0,0,1,0,0.2,1,0.525252525,0,PASS
0.558333,0,0,0.616666667,0,0,1,0,0.025,0,0.585858586,0,RUSH
0.559097,0,0,0.675,0,1,0,0,0.25,0,0.545454545,0,RUSH
0.559105,0,0,0.466666667,1,0,0,0,0.25,0,0.494949495,0,RUSH
0.560139,0,0,0.558333333,0,1,0,0,0.075,0,0.505050505,0,PASS
0.560556,0,0,0.475,1,0,0,0,0.25,0,0.626262626,0,RUSH
0.560917,0,0,0.383333333,0,1,0,0,0.15,0,0.717171717,0,RUSH
0.561197,0,0,0.383333333,0,0,1,0,0.125,0,0.212121212,0,RUSH
0.561736,0,0,0.375,1,0,0,0,0.125,0,0.050505051,1,RUSH
0.562099,0,0,0.5,0,1,0,0,0.15,0,0.161616162,1,RUSH
0.5625,0,0,0.333333333,0,0,1,0,0.1,0,0.808080808,0,PASS
0.5625,0,0,0.333333333,0,0,0,1,0.1,0,0.808080808,0,PUNT
0.562702,0,0,0.408333333,0,1,0,0,0.175,0,0.313131313,0,RUSH
0.562897,0,0,0.408333333,1,0,0,0,0.25,0,0.292929293,0,PASS
0.563333,0,0,0.616666667,0,1,0,0,0.025,0,0.585858586,0,RUSH
0.563611,0,0,0.3,1,0,0,0,0.25,0,0.757575758,0,RUSH
0.563657,0,0,0.675,1,0,0,0,0.25,0,0.545454545,0,PASS
0.564444,0,0,0.558333333,1,0,0,0,0.25,0,0.575757576,0,PASS
0.564815,0,0,0.466666667,0,1,0,0,0.175,0,0.616161616,0,RUSH
0.565,0,0,0.35,1,0,0,0,0.25,0,0.757575758,0,RUSH
0.565833,0,0,0.383333333,1,0,0,0,0.25,0,0.757575758,0,PASS
0.56679,0,0,0.5,1,0,0,0,0.25,0,0.202020202,1,RUSH
0.568218,0,0,0.675,1,0,0,0,0.25,0,0.696969697,0,PASS
0.568333,0,0,0.616666667,1,0,0,0,0.25,0,0.676767677,0,RUSH
0.568485,0,0,0.408333333,1,0,0,0,0.25,0,0.343434343,0,RUSH
0.568504,0,0,0.383333333,0,1,0,0,0.175,0,0.232323232,0,RUSH
0.569722,0,0,0.333333333,0,1,0,0,0.175,0,0.838383838,0,RUSH
0.570417,0,0,0.383333333,0,0,1,0,0.1,0,0.575757576,0,RUSH
0.570476,0,0,0.408333333,0,0,0,1,0.05,0,0.353535354,0,RUSH
0.570525,0,0,0.466666667,1,0,0,0,0.25,0,0.646464646,0,RUSH
0.571481,0,0,0.5,0,0,0,1,0.025,0,0.262626263,0,RUSH
0.571667,0,0,0.5,0,0,0,1,0.025,0,0.494949495,0,RUSH
0.572778,0,0,0.675,1,0,0,0,0.25,0,0.878787879,0,RUSH
0.574097,0,0,0.375,1,0,0,0,0.25,0,0.141414141,1,RUSH
0.574268,0,0,0.408333333,0,0,1,0,0.175,1,0.525252525,0,RUSH
0.575812,0,0,0.383333333,1,0,0,0,0.25,0,0.262626263,0,RUSH
0.576173,0,0,0.5,0,0,1,0,0.2,1,0.333333333,0,RUSH
0.576235,0,0,0.466666667,0,1,0,0,0.15,0,0.757575758,0,RUSH
0.576852,0,0,0.5,0,0,1,0,0.375,1,0.636363636,0,RUSH
0.576944,0,0,0.333333333,1,0,0,0,0.25,0,0.868686869,0,RUSH
0.577014,0,0,0.383333333,0,1,0,0,0.2,0,0.616161616,0,RUSH
0.578056,0,0,0.408333333,0,0,1,0,0.1,0,0.373737374,0,RUSH
0.578611,0,0,0.475,1,0,0,0,0.25,0,0.646464646,0,PASS
0.580051,0,0,0.408333333,0,1,0,0,0.175,0,0.525252525,0,PASS
0.580864,0,0,0.5,0,1,0,0,0.25,0,0.353535354,0,RUSH
0.581944,0,0,0.466666667,1,0,0,0,0.25,0,0.797979798,0,RUSH
0.582037,0,0,0.5,0,1,0,0,0.35,0,0.626262626,0,RUSH
0.58312,0,0,0.383333333,0,1,0,0,0.05,0,0.303030303,0,RUSH
0.583611,0,0,0.383333333,1,0,0,0,0.25,0,0.636363636,0,RUSH
0.584167,0,0,0.333333333,0,1,0,0,0.225,0,0.98989899,0,PASS
0.584722,0,0,0.5,0,1,0,0,0.025,0,0.01010101,1,RUSH
0.585556,0,0,0.5,1,0,0,0,0.25,0,0.353535354,0,PASS
0.585833,0,0,0.408333333,1,0,0,0,0.25,0,0.555555556,0,RUSH
0.586458,0,0,0.375,0,1,0,0,0.15,0,0.353535354,0,RUSH
0.587222,0,0,0.5,1,0,0,0,0.375,0,0.636363636,0,RUSH
0.589722,0,0,0.5,1,0,0,0,0.075,0,0.03030303,1,RUSH
0.590427,0,0,0.383333333,1,0,0,0,0.25,0,0.383838384,0,RUSH
0.591389,0,0,0.333333333,1,0,0,0,0.25,0,1,0,RUSH
0.592639,0,0,0.375,1,0,0,0,0.25,0,0.393939394,0,RUSH
0.594722,0,0,0.5,0,1,0,0,0.075,0,0.080808081,1,RUSH
0.597593,0,0,0.5,0,1,0,0,0.125,0,0.656565657,0,RUSH
0.597735,0,0,0.383333333,0,0,1,0,0.025,0,0.404040404,0,RUSH
0.598819,0,0,0.375,0,0,1,0,0.1,0,0.444444444,0,RUSH
0.599722,0,0,0.5,1,0,0,0,0.25,0,0.151515152,1,RUSH
0.600556,0,0,0.408333333,0,1,0,0,0.15,0,0.393939394,0,RUSH
0.602778,0,0,0.5,1,0,0,0,0.25,0,0.707070707,0,RUSH
0.603333,0,0,0.475,0,0,1,0,0.1,0,0.141414141,1,RUSH
0.60392,0,0,0.525,1,0,0,0,0.25,0,0.121212121,1,RUSH
0.604722,0,0,0.5,0,1,0,0,0.05,0,0.212121212,0,RUSH
0.605,0,0,0.375,0,1,0,0,0.25,0,0.505050505,0,PASS
0.605043,0,0,0.383333333,0,1,0,0,0.25,0,0.494949495,0,RUSH
0.608,0,0,0.441666667,0,1,0,0,0.2,0,0.090909091,1,RUSH
0.608135,0,0,0.408333333,1,0,0,0,0.25,0,0.434343434,0,RUSH
0.608611,0,0,0.475,0,1,0,0,0.25,0,0.202020202,1,RUSH
0.609506,0,0,0.525,0,0,1,0,0.025,0,0.161616162,1,RUSH
0.609722,0,0,0.5,1,0,0,0,0.25,0,0.292929293,0,RUSH
0.611181,0,0,0.375,1,0,0,0,0.25,0,0.505050505,0,RUSH
0.611667,0,0,0.408333333,0,0,1,0,0.2,1,0.737373737,0,PASS
0.611667,0,0,0.408333333,0,0,0,1,0.2,1,0.737373737,0,PUNT
0.61235,0,0,0.383333333,1,0,0,0,0.375,0,0.545454545,0,RUSH
0.612611,0,0,0.441666667,1,0,0,0,0.25,0,0.111111111,1,RUSH
0.613611,0,0,0.466666667,0,0,1,0,0.025,0,0.01010101,1,RUSH
0.613889,0,0,0.475,1,0,0,0,0.25,0,0.202020202,1,RUSH
0.614722,0,0,0.5,0,1,0,0,0.025,0,0.444444444,0,RUSH
0.615093,0,0,0.525,0,1,0,0,0.075,0,0.181818182,1,RUSH
0.615521,0,0,0.441666667,0,0,0,1,0.05,0,0.141414141,1,RUSH
0.615714,0,0,0.408333333,0,0,0,1,0.025,0,0.505050505,0,RUSH
0.617222,0,0,0.441666667,0,1,0,0,0.325,0,0.313131313,0,RUSH
0.618889,0,0,0.408333333,0,1,0,0,0.15,0,0.717171717,0,RUSH
0.619167,0,0,0.475,1,0,0,0,0.25,0,0.393939394,0,RUSH
0.619722,0,0,0.5,1,0,0,0,0.25,0,0.535353535,0,RUSH
0.620679,0,0,0.525,1,0,0,0,0.25,0,0.252525253,0,RUSH
0.621667,0,0,0.466666667,0,1,0,0,0.05,0,0.02020202,1,RUSH
0.622333,0,0,0.441666667,1,0,0,0,0.25,0,0.282828283,0,RUSH
0.622708,0,0,0.441666667,0,0,1,0,0.075,0,0.151515152,1,RUSH
0.623294,0,0,0.408333333,0,0,1,0,0.075,0,0.525252525,0,RUSH
0.624213,0,0,0.525,0,0,1,0,0.1,0,0.646464646,0,PASS
0.624213,0,0,0.525,0,0,0,1,0.1,0,0.646464646,0,PUNT
0.624444,0,0,0.475,0,1,0,0,0.075,0,0.515151515,0,PASS
0.624722,0,0,0.5,0,1,0,0,0.025,0,0.595959596,0,PASS
0.626111,0,0,0.408333333,1,0,0,0,0.25,0,0.757575758,0,RUSH
0.626265,0,0,0.525,1,0,0,0,0.25,0,0.434343434,0,PASS
0.626389,0,0,0.533333333,0,1,0,0,0.05,0,0.02020202,1,RUSH
0.626944,0,0,0.441666667,1,0,0,0,0.25,0,0.434343434,0,PASS
0.626966,0,0,0.383333333,0,1,0,0,0.175,0,0.636363636,0,PASS
0.627381,0,0,0.616666667,0,1,0,0,0.35,0,0.414141414,0,RUSH
0.629722,0,0,0.5,1,0,0,0,0.25,0,0.686868687,0,RUSH
0.629722,0,0,0.375,0,1,0,0,0.15,0,0.606060606,0,PASS
0.629722,0,0,0.466666667,1,0,0,0,0.025,0,0.01010101,1,RUSH
0.629722,0,0,0.475,1,0,0,0,0.25,0,0.585858586,0,RUSH
0.629896,0,0,0.441666667,0,1,0,0,0.125,0,0.171717172,1,RUSH
0.630093,0,0,0.408333333,0,0,1,0,0.225,1,0.747474747,0,RUSH
0.630093,0,0,0.408333333,0,0,0,1,0.225,1,0.747474747,0,PUNT
0.630873,0,0,0.408333333,0,1,0,0,0.2,0,0.575757576,0,PASS
0.631556,0,0,0.441666667,0,0,1,0,0.025,0,0.474747475,0,RUSH
0.631852,0,0,0.525,1,0,0,0,0.25,0,0.555555556,0,RUSH
0.632315,0,0,0.525,0,1,0,0,0.225,0,0.696969697,0,PASS
0.633095,0,0,0.616666667,1,0,0,0,0.25,0,0.373737374,0,PASS
0.633333,0,0,0.533333333,1,0,0,0,0.2,0,0.080808081,1,RUSH
0.634274,0,0,0.383333333,1,0,0,0,0.25,0,0.666666667,0,RUSH
0.634722,0,0,0.5,0,1,0,0,0.15,0,0.808080808,0,RUSH
0.635903,0,0,0.375,1,0,0,0,0.25,0,0.646464646,0,RUSH
0.636167,0,0,0.441666667,0,1,0,0,0.075,0,0.494949495,0,RUSH
0.636389,0,0,0.533333333,0,0,0,1,0.025,0,0.292929293,0,RUSH
0.637083,0,0,0.441666667,1,0,0,0,0.25,0,0.222222222,0,RUSH
0.637438,0,0,0.525,0,0,1,0,0.05,0,0.575757576,0,RUSH
0.637778,0,0,0.466666667,0,0,1,0,0.025,0,0.03030303,1,RUSH
0.638452,0,0,0.408333333,1,0,0,0,0.25,0,0.595959596,0,RUSH
0.638519,0,0,0.408333333,0,1,0,0,0.3,0,0.777777778,0,RUSH
0.638542,0,0,0.533333333,0,1,0,0,0.025,0,0.01010101,1,RUSH
0.63881,0,0,0.616666667,0,0,0,1,0.05,0,0.444444444,0,RUSH
0.639722,0,0,0.5,1,0,0,0,0.25,0,0.848484848,0,RUSH
0.640417,0,0,0.525,1,0,0,0,0.25,0,0.707070707,0,RUSH
0.640778,0,0,0.441666667,1,0,0,0,0.25,0,0.565656566,0,RUSH
0.64123,0,0,0.475,0,0,0,1,0.2,1,0.323232323,0,PASS
0.641581,0,0,0.383333333,0,1,0,0,0.075,0,0.727272727,0,RUSH
0.642083,0,0,0.375,0,0,1,0,0.125,0,0.707070707,0,RUSH
0.642639,0,0,0.333333333,0,0,0,1,0.1,0,0.272727273,0,RUSH
0.642963,0,0,0.35,0,1,0,0,0.15,0,0.060606061,1,RUSH
0.643025,0,0,0.525,0,1,0,0,0.25,0,0.656565657,0,RUSH
0.643368,0,0,0.533333333,0,0,1,0,0.075,0,0.313131313,0,RUSH
0.644271,0,0,0.441666667,1,0,0,0,0.25,0,0.323232323,0,PASS
0.644524,0,0,0.616666667,0,0,1,0,0.075,0,0.454545455,0,RUSH
0.645,0,0,0.508333333,0,0,1,0,0.3,1,0.383838384,0,PASS
0.645,0,0,0.508333333,0,0,0,1,0.3,1,0.383838384,0,PUNT
0.645139,0,0,0.533333333,1,0,0,0,0.05,0,0.02020202,1,RUSH
0.645389,0,0,0.441666667,0,1,0,0,0.1,0,0.606060606,0,RUSH
0.645833,0,0,0.466666667,0,1,0,0,0.15,0,0.080808081,1,RUSH
0.646032,0,0,0.408333333,0,1,0,0,0.15,0,0.717171717,0,RUSH
0.646944,0,0,0.408333333,1,0,0,0,0.25,0,0.757575758,0,RUSH
0.647183,0,0,0.475,0,0,1,0,0.3,1,0.363636364,0,RUSH
0.647593,0,0,0.35,1,0,0,0,0.225,0,0.090909091,1,RUSH
0.648264,0,0,0.375,0,1,0,0,0.125,0,0.707070707,0,RUSH
0.648519,0,0,0.525,0,0,1,0,0.075,0,0.737373737,0,RUSH
0.648611,0,0,0.525,1,0,0,0,0.25,0,0.656565657,0,RUSH
0.648889,0,0,0.383333333,1,0,0,0,0.25,0,0.797979798,0,RUSH
0.649144,0,0,0.333333333,0,0,1,0,0.15,0,0.292929293,0,RUSH
0.649352,0,0,0.475,0,0,1,0,0.125,0,0.707070707,0,RUSH
0.649352,0,0,0.475,0,0,0,1,0.15,0,0.717171717,0,PUNT
0.65,0,0,0.441666667,1,0,0,0,0.25,0,0.666666667,0,RUSH
0.650238,0,0,0.616666667,0,1,0,0,0.325,0,0.555555556,0,RUSH
0.650347,0,0,0.533333333,0,1,0,0,0.075,0,0.313131313,0,RUSH
0.651458,0,0,0.441666667,0,0,1,0,0.05,0,0.383838384,0,RUSH
0.651667,0,0,0.675,0,0,1,0,0.1,0,0.737373737,0,RUSH
0.651667,0,0,0.675,0,0,0,1,0.05,0,0.717171717,0,PUNT
0.651736,0,0,0.533333333,0,1,0,0,0.175,0,0.727272727,0,RUSH
0.652222,0,0,0.35,0,1,0,0,0.1,0,0.292929293,0,RUSH
0.652222,0,0,0.508333333,0,1,0,0,0.325,0,0.393939394,0,RUSH
0.653135,0,0,0.475,0,1,0,0,0.3,0,0.363636364,0,PASS
0.653611,0,0,0.408333333,1,0,0,0,0.25,0,0.757575758,0,RUSH
0.653889,0,0,0.466666667,1,0,0,0,0.25,0,0.121212121,1,RUSH
0.654074,0,0,0.275,1,0,0,0,0.25,0,0.313131313,0,PASS
0.654444,0,0,0.375,1,0,0,0,0.25,0,0.757575758,0,RUSH
0.655648,0,0,0.333333333,0,1,0,0,0.175,0,0.303030303,0,RUSH
0.655952,0,0,0.616666667,1,0,0,0,0.25,0,0.525252525,0,RUSH
0.65662,0,0,0.525,0,1,0,0,0.125,0,0.757575758,0,RUSH
0.656852,0,0,0.35,1,0,0,0,0.25,0,0.353535354,0,PASS
0.657326,0,0,0.533333333,1,0,0,0,0.25,0,0.383838384,0,RUSH
0.658333,0,0,0.533333333,1,0,0,0,0.25,0,0.757575758,0,RUSH
0.658426,0,0,0.275,0,1,0,0,0.2,0,0.454545455,0,RUSH
0.658646,0,0,0.441666667,0,1,0,0,0.15,0,0.424242424,0,RUSH
0.658704,0,0,0.475,0,1,0,0,0.2,0,0.737373737,0,RUSH
0.659087,0,0,0.475,1,0,0,0,0.25,0,0.343434343,0,RUSH
0.659444,0,0,0.508333333,1,0,0,0,0.25,0,0.363636364,0,RUSH
0.659444,0,0,0.675,0,1,0,0,0.25,0,0.797979798,0,RUSH
0.661481,0,0,0.35,0,0,1,0,0.025,0,0.373737374,0,RUSH
0.661667,0,0,0.616666667,1,0,0,0,0.25,0,0.838383838,0,PASS
0.661944,0,0,0.466666667,0,1,0,0,0.25,0,0.656565657,0,PASS
0.662153,0,0,0.333333333,1,0,0,0,0.25,0,0.333333333,0,RUSH
0.662778,0,0,0.275,1,0,0,0,0.25,0,0.474747475,0,RUSH
0.664306,0,0,0.533333333,0,0,1,0,0.3,1,0.535353535,0,RUSH
0.664722,0,0,0.525,1,0,0,0,0.25,0,0.808080808,0,RUSH
0.66504,0,0,0.475,1,0,0,0,0.25,0,0.484848485,0,PASS
0.665833,0,0,0.441666667,1,0,0,0,0.25,0,0.464646465,0,RUSH
0.666111,0,0,0.35,0,1,0,0,0.25,0,0.464646465,0,PASS
0.667222,0,0,0.675,1,0,0,0,0.25,0,0.797979798,0,PASS
0.668056,0,0,0.475,1,0,0,0,0.25,0,0.757575758,0,RUSH
0.668657,0,0,0.333333333,0,1,0,0,0.175,0,0.434343434,0,PASS
0.67,0,0,0.466666667,1,0,0,0,0.25,0,0.656565657,0,RUSH
0.670741,0,0,0.35,1,0,0,0,0.25,0,0.464646465,0,PASS
0.670992,0,0,0.475,0,1,0,0,0.15,0,0.585858586,0,RUSH
0.671285,0,0,0.533333333,0,1,0,0,0.35,0,0.555555556,0,RUSH
0.6725,0,0,0.358333333,0,0,1,0,0.225,1,0.757575758,0,PASS
0.6725,0,0,0.358333333,0,0,0,1,0.225,1,0.757575758,0,PUNT
0.673426,0,0,0.441666667,1,0,0,0,0.25,0,0.424242424,0,RUSH
0.674915,0,0,0.441666667,0,0,0,1,0.25,1,0.292929293,0,FIELD_GOAL
0.675162,0,0,0.333333333,1,0,0,0,0.25,0,0.464646465,0,RUSH
0.67537,0,0,0.35,0,1,0,0,0.05,0,0.676767677,0,RUSH
0.675833,0,0,0.45,0,0,1,0,0.4,1,0.161616162,1,RUSH
0.676574,0,0,0.441666667,1,0,0,0,0.25,0,0.646464646,0,RUSH
0.676667,0,0,0.358333333,0,1,0,0,0.25,0,0.767676768,0,RUSH
0.676944,0,0,0.475,1,0,0,0,0.25,0,0.626262626,0,RUSH
0.678056,0,0,0.466666667,1,0,0,0,0.25,0,0.757575758,0,RUSH
0.679722,0,0,0.441666667,1,0,0,0,0.25,0,0.757575758,0,PASS
0.68,0,0,0.35,1,0,0,0,0.25,0,0.757575758,0,RUSH
0.680556,0,0,0.441666667,0,0,1,0,0.25,1,0.292929293,0,RUSH
0.680833,0,0,0.358333333,1,0,0,0,0.25,0,0.767676768,0,PASS
0.681667,0,0,0.333333333,0,0,1,0,0.1,0,0.585858586,0,PASS
0.684074,0,0,0.45,0,1,0,0,0.525,0,0.212121212,0,RUSH
0.685243,0,0,0.533333333,1,0,0,0,0.25,0,0.515151515,0,RUSH
0.685534,0,0,0.441666667,0,1,0,0,0.25,0,0.292929293,0,RUSH
0.688426,0,0,0.333333333,0,1,0,0,0.15,0,0.606060606,0,RUSH
0.691175,0,0,0.441666667,1,0,0,0,0.25,0,0.292929293,0,PASS
0.692222,0,0,0.533333333,1,0,0,0,0.25,0,0.676767677,0,RUSH
0.694931,0,0,0.333333333,1,0,0,0,0.25,0,0.646464646,0,PASS
0.695278,0,0,0.466666667,0,0,1,0,0.15,0,0.868686869,0,RUSH
0.695278,0,0,0.466666667,0,0,0,1,0.075,0,0.838383838,0,PUNT
0.696816,0,0,0.441666667,0,0,1,0,0.025,0,0.313131313,0,RUSH
0.698403,0,0,0.441666667,1,0,0,0,0.25,0,0.111111111,1,RUSH
0.700556,0,0,0.45,1,0,0,0,0.15,0,0.060606061,1,RUSH
0.700714,0,0,0.533333333,1,0,0,0,0.25,0,0.323232323,0,RUSH
0.701435,0,0,0.333333333,0,0,1,0,0.275,1,0.767676768,0,PASS
0.702457,0,0,0.441666667,0,1,0,0,0.1,0,0.343434343,0,RUSH
0.703194,0,0,0.441666667,1,0,0,0,0.25,0,0.313131313,0,RUSH
0.705754,0,0,0.525,0,0,0,1,0.2,1,0.323232323,0,FIELD_GOAL
0.706389,0,0,0.466666667,0,1,0,0,0.3,0,0.929292929,0,PASS
0.7075,0,0,0.441666667,0,0,0,1,0.275,1,0.454545455,0,RUSH
0.70794,0,0,0.333333333,0,1,0,0,0.275,0,0.767676768,0,PASS
0.707986,0,0,0.441666667,0,0,1,0,0.1,0,0.494949495,0,RUSH
0.708098,0,0,0.441666667,1,0,0,0,0.25,0,0.404040404,0,RUSH
0.708373,0,0,0.533333333,0,0,1,0,0.1,0,0.383838384,0,RUSH
0.708796,0,0,0.45,0,1,0,0,0.025,0,0.080808081,1,RUSH
0.708889,0,0,0.433333333,0,0,0,1,0.15,0,0.777777778,0,PUNT
0.710625,0,0,0.525,1,0,0,0,0.25,0,0.464646465,0,PASS
0.712083,0,0,0.441666667,0,1,0,0,0.05,0,0.02020202,1,RUSH
0.7125,0,0,0.441666667,0,0,1,0,0.275,1,0.454545455,0,PASS
0.712778,0,0,0.441666667,0,1,0,0,0.125,0,0.505050505,0,RUSH
0.713739,0,0,0.441666667,0,0,1,0,0.025,0,0.434343434,0,RUSH
0.714444,0,0,0.333333333,1,0,0,0,0.25,0,0.757575758,0,RUSH
0.714603,0,0,0.525,0,0,1,0,0.075,0,0.272727273,0,RUSH
0.716032,0,0,0.533333333,0,1,0,0,0.225,0,0.434343434,0,PASS
0.716144,0,0,0.5,0,0,0,1,0.15,0,0.161616162,1,FIELD_GOAL
0.71625,0,0,0.525,1,0,0,0,0.25,0,0.565656566,0,RUSH
0.7175,0,0,0.441666667,1,0,0,0,0.05,0,0.02020202,1,RUSH
0.7175,0,0,0.441666667,0,1,0,0,0.25,0,0.444444444,0,RUSH
0.717569,0,0,0.441666667,1,0,0,0,0.25,0,0.555555556,0,RUSH
0.71875,0,0,0.433333333,0,0,1,0,0.05,0,0.737373737,0,RUSH
0.71938,0,0,0.441666667,0,1,0,0,0.225,0,0.515151515,0,RUSH
0.721151,0,0,0.616666667,1,0,0,0,0.25,0,0.272727273,0,RUSH
0.721875,0,0,0.525,1,0,0,0,0.25,0,0.707070707,0,RUSH
0.722361,0,0,0.441666667,0,0,1,0,0.2,1,0.757575758,0,PASS
0.7225,0,0,0.441666667,1,0,0,0,0.25,0,0.444444444,0,RUSH
0.722685,0,0,0.325,1,0,0,0,0.25,0,0.101010101,1,PASS
0.722917,0,0,0.441666667,1,0,0,0,0.25,0,0.161616162,1,RUSH
0.723452,0,0,0.525,0,1,0,0,0.25,0,0.343434343,0,PASS
0.72369,0,0,0.533333333,1,0,0,0,0.25,0,0.444444444,0,RUSH
0.724608,0,0,0.5,0,0,1,0,0.225,1,0.191919192,1,RUSH
0.724881,0,0,0.616666667,1,0,0,0,0.25,0,0.404040404,0,RUSH
0.725021,0,0,0.441666667,1,0,0,0,0.25,0,0.525252525,0,RUSH
0.725278,0,0,0.45,1,0,0,0,0.25,0,0.171717172,1,RUSH
0.727153,0,0,0.441666667,0,1,0,0,0.225,0,0.767676768,0,RUSH
0.7275,0,0,0.525,0,0,1,0,0.025,0,0.737373737,0,RUSH
0.72787,0,0,0.325,0,0,0,1,0.05,0,0.323232323,0,RUSH
0.728333,0,0,0.441666667,0,0,1,0,0.025,0,0.282828283,0,RUSH
0.728611,0,0,0.433333333,0,1,0,0,0.125,0,0.767676768,0,RUSH
0.728611,0,0,0.466666667,1,0,0,0,0.25,0,0.909090909,0,RUSH
0.728611,0,0,0.616666667,0,0,1,0,0.05,0,0.444444444,0,RUSH
0.730662,0,0,0.441666667,0,1,0,0,0.025,0,0.565656566,0,RUSH
0.731349,0,0,0.533333333,0,0,1,0,0.025,0,0.494949495,0,RUSH
0.731389,0,0,0.558333333,0,1,0,0,0.15,0,0.636363636,0,RUSH
0.731944,0,0,0.441666667,1,0,0,0,0.25,0,0.777777778,0,RUSH
0.732302,0,0,0.525,1,0,0,0,0.25,0,0.343434343,0,RUSH
0.733056,0,0,0.325,0,0,1,0,0.1,0,0.343434343,0,RUSH
0.733072,0,0,0.5,0,1,0,0,0.25,0,0.202020202,1,RUSH
0.733125,0,0,0.525,0,1,0,0,0.125,0,0.777777778,0,RUSH
0.733519,0,0,0.45,0,1,0,0,0.025,0,0.565656566,0,PASS
0.73375,0,0,0.441666667,0,1,0,0,0.125,0,0.323232323,0,RUSH
0.735198,0,0,0.616666667,0,1,0,0,0.15,0,0.484848485,0,RUSH
0.736303,0,0,0.441666667,1,0,0,0,0.25,0,0.656565657,0,RUSH
0.736389,0,0,0.558333333,1,0,0,0,0.25,0,0.676767677,0,RUSH
0.738241,0,0,0.325,0,1,0,0,0.175,0,0.373737374,0,RUSH
0.738472,0,0,0.433333333,1,0,0,0,0.25,0,0.818181818,0,RUSH
0.73875,0,0,0.525,1,0,0,0,0.25,0,0.828282828,0,RUSH
0.738929,0,0,0.616666667,1,0,0,0,0.25,0,0.525252525,0,RUSH
0.739008,0,0,0.533333333,0,1,0,0,0.175,0,0.555555556,0,RUSH
0.739167,0,0,0.441666667,1,0,0,0,0.25,0,0.373737374,0,RUSH
0.740171,0,0,0.383333333,1,0,0,0,0.025,0,0.01010101,1,RUSH
0.741151,0,0,0.525,0,1,0,0,0.075,0,0.444444444,0,RUSH
0.741536,0,0,0.5,1,0,0,0,0.25,0,0.202020202,1,RUSH
0.741759,0,0,0.45,1,0,0,0,0.25,0,0.656565657,0,RUSH
0.741944,0,0,0.441666667,1,0,0,0,0.25,0,0.757575758,0,RUSH
0.742659,0,0,0.616666667,0,1,0,0,0.2,0,0.656565657,0,RUSH
0.743426,0,0,0.325,1,0,0,0,0.25,0,0.404040404,0,RUSH
0.744222,0,0,0.5,0,0,0,1,0.025,0,0.01010101,1,RUSH
0.744375,0,0,0.525,0,1,0,0,0.15,0,0.919191919,0,RUSH
0.744583,0,0,0.441666667,0,0,1,0,0.025,0,0.383838384,0,RUSH
0.744676,0,0,0.391666667,0,0,0,1,0.075,0,0.575757576,0,RUSH
0.745085,0,0,0.383333333,1,0,0,0,0.25,0,0.181818182,1,PASS
0.746389,0,0,0.616666667,1,0,0,0,0.25,0,0.676767677,0,RUSH
0.746667,0,0,0.533333333,1,0,0,0,0.25,0,0.585858586,0,RUSH
0.748611,0,0,0.325,1,0,0,0,0.25,0,0.626262626,0,PASS
0.749306,0,0,0.558333333,0,0,1,0,0.5,1,0.888888889,0,RUSH
0.749306,0,0,0.558333333,0,0,0,1,0.4,1,0.848484848,0,PUNT
0.75,0,0,0.5,0,0,1,0,0.025,0,0.252525253,0,RUSH
0.75,0,0,0.5,1,0,0,0,0.2,0,0.080808081,1,RUSH
0.75,0,0,0.525,1,0,0,0,0.25,0,0.515151515,0,RUSH
0.75,0,0,0.45,0,1,0,0,0.05,0,0.676767677,0,RUSH
0.75,0,0,0.383333333,0,0,0,1,0.075,0,0.222222222,0,RUSH
0.75,0,0,0.391666667,0,0,1,0,0.1,0,0.585858586,0,RUSH
0.75,0,0,0.475,0,0,0,1,0.075,0,0.646464646,0,PUNT
0.75,0,0,0.525,1,0,0,0,0.25,0,0.95959596,0,RUSH
0.75,0,0,0.5,0,0,1,0,0.1,0,0.04040404,1,RUSH
0.75,0,0,0.466666667,0,0,0,1,0.025,0,0.292929293,0,RUSH
0.75,0,0,0.441666667,0,1,0,0,0.175,0,0.444444444,0,RUSH
0.752361,0,0,0.441666667,1,0,0,0,0.25,0,0.474747475,0,RUSH
0.753796,0,0,0.475,0,0,1,0,0.025,0,0.626262626,0,RUSH
0.755139,0,0,0.391666667,0,1,0,0,0.175,0,0.616161616,0,RUSH
0.755833,0,0,0.45,1,0,0,0,0.25,0,0.757575758,0,RUSH
0.757333,0,0,0.5,0,1,0,0,0.075,0,0.03030303,1,RUSH
0.757436,0,0,0.383333333,0,0,1,0,0.2,1,0.272727273,0,RUSH
0.757778,0,0,0.441666667,0,0,1,0,0.1,0,0.545454545,0,RUSH
0.758333,0,0,0.333333333,0,0,0,1,0.1,0,0.696969697,0,PUNT
0.758611,0,0,0.558333333,0,1,0,0,0.625,0,0.939393939,0,RUSH
0.760463,0,0,0.391666667,1,0,0,0,0.25,0,0.646464646,0,RUSH
0.760764,0,0,0.466666667,0,0,1,0,0.1,0,0.323232323,0,RUSH
0.760833,0,0,0.5,0,0,1,0,0.05,0,0.141414141,1,RUSH
0.760926,0,0,0.475,0,1,0,0,0.1,0,0.656565657,0,PASS
0.761587,0,0,0.525,0,0,1,0,0.05,0,0.555555556,0,RUSH
0.76235,0,0,0.383333333,0,1,0,0,0.25,0,0.292929293,0,RUSH
0.762958,0,0,0.5,0,1,0,0,0.1,0,0.282828283,0,RUSH
0.763111,0,0,0.5,1,0,0,0,0.2,0,0.080808081,1,RUSH
0.763194,0,0,0.441666667,0,1,0,0,0.125,0,0.555555556,0,RUSH
0.763452,0,0,0.5,1,0,0,0,0.25,0,0.121212121,1,RUSH
0.763796,0,0,0.333333333,0,0,1,0,0.15,0,0.717171717,0,RUSH
0.765,0,0,0.441666667,0,0,1,0,0.5,1,0.595959596,0,RUSH
0.765,0,0,0.441666667,0,0,0,1,0.5,1,0.595959596,0,PUNT
0.765787,0,0,0.391666667,0,1,0,0,0.1,0,0.717171717,0,RUSH
0.766111,0,0,0.466666667,0,0,1,0,0.25,1,0.626262626,0,RUSH
0.766111,0,0,0.466666667,0,0,0,1,0.2,1,0.606060606,0,PUNT
0.766424,0,0,0.466666667,0,1,0,0,0.2,0,0.363636364,0,RUSH
0.767083,0,0,0.5,0,1,0,0,0.275,0,0.232323232,0,RUSH
0.767265,0,0,0.383333333,1,0,0,0,0.25,0,0.292929293,0,PASS
0.768056,0,0,0.475,1,0,0,0,0.25,0,0.717171717,0,RUSH
0.768611,0,0,0.441666667,1,0,0,0,0.25,0,0.606060606,0,RUSH
0.768657,0,0,0.441666667,0,0,1,0,0.1,0,0.414141414,0,RUSH
0.768657,0,0,0.441666667,0,0,0,1,0.225,1,0.464646465,0,PUNT
0.768889,0,0,0.5,1,0,0,0,0.25,0,0.272727273,0,PASS
0.76996,0,0,0.5,0,1,0,0,0.2,0,0.262626263,0,RUSH
0.770437,0,0,0.525,0,1,0,0,0.15,0,0.595959596,0,RUSH
0.771111,0,0,0.391666667,1,0,0,0,0.25,0,0.777777778,0,RUSH
0.771422,0,0,0.5,1,0,0,0,0.25,0,0.343434343,0,RUSH
0.771759,0,0,0.333333333,0,1,0,0,0.275,0,0.767676768,0,RUSH
0.772037,0,0,0.325,0,0,1,0,0.125,0,0.707070707,0,RUSH
0.772037,0,0,0.325,0,0,0,1,0.1,0,0.696969697,0,PUNT
0.772083,0,0,0.466666667,1,0,0,0,0.25,0,0.383838384,0,RUSH
0.772179,0,0,0.383333333,0,0,1,0,0.275,1,0.444444444,0,PASS
0.773333,0,0,0.5,1,0,0,0,0.25,0,0.222222222,0,RUSH
0.773565,0,0,0.441666667,0,1,0,0,0.3,0,0.515151515,0,RUSH
0.775017,0,0,0.616666667,0,1,0,0,0.1,0,0.04040404,1,RUSH
0.776204,0,0,0.441666667,0,1,0,0,0.175,0,0.444444444,0,RUSH
0.776468,0,0,0.5,1,0,0,0,0.25,0,0.282828283,0,RUSH
0.7765,0,0,0.466666667,0,1,0,0,0.4,0,0.686868687,0,RUSH
0.777094,0,0,0.383333333,0,1,0,0,0.25,0,0.434343434,0,RUSH
0.777743,0,0,0.466666667,1,0,0,0,0.25,0,0.505050505,0,RUSH
0.779286,0,0,0.525,1,0,0,0,0.25,0,0.636363636,0,RUSH
0.779722,0,0,0.333333333,1,0,0,0,0.25,0,0.757575758,0,RUSH
0.779886,0,0,0.5,0,0,0,1,0.05,0,0.404040404,0,RUSH
0.780444,0,0,0.5,1,0,0,0,0.25,0,0.555555556,0,RUSH
0.78059,0,0,0.616666667,1,0,0,0,0.1,0,0.04040404,1,RUSH
0.781852,0,0,0.325,0,1,0,0,0.2,0,0.737373737,0,RUSH
0.782009,0,0,0.383333333,1,0,0,0,0.25,0,0.434343434,0,RUSH
0.78213,0,0,0.441666667,1,0,0,0,0.375,0,0.545454545,0,RUSH
0.782976,0,0,0.5,0,0,1,0,0.1,0,0.424242424,0,RUSH
0.783403,0,0,0.466666667,1,0,0,0,0.25,0,0.747474747,0,RUSH
0.78375,0,0,0.441666667,1,0,0,0,0.25,0,0.474747475,0,RUSH
0.786163,0,0,0.616666667,0,0,1,0,0.025,0,0.151515152,1,RUSH
0.786222,0,0,0.5,0,0,1,0,0.075,0,0.595959596,0,RUSH
0.7865,0,0,0.5,0,0,1,0,0.125,0,0.505050505,0,PASS
0.7865,0,0,0.5,0,0,0,1,0.1,0,0.494949495,0,PUNT
0.786528,0,0,0.558333333,1,0,0,0,0.25,0,0.787878788,0,RUSH
0.786889,0,0,0.466666667,1,0,0,0,0.5,0,0.727272727,0,RUSH
0.786923,0,0,0.383333333,0,0,1,0,0.025,0,0.454545455,0,RUSH
0.788135,0,0,0.525,0,1,0,0,0.125,0,0.717171717,0,RUSH
0.788333,0,0,0.5,0,0,1,0,0.475,1,0.97979798,0,RUSH
0.788333,0,0,0.5,0,0,0,1,0.325,1,0.919191919,0,PUNT
0.78835,0,0,0.5,0,0,1,0,0.1,0,0.424242424,0,RUSH
0.789063,0,0,0.466666667,0,1,0,0,0.15,0,0.848484848,0,RUSH
0.789484,0,0,0.5,0,1,0,0,0.125,0,0.434343434,0,RUSH
0.790333,0,0,0.441666667,1,0,0,0,0.15,0,0.060606061,1,RUSH
0.791296,0,0,0.441666667,0,0,1,0,0.05,0,0.676767677,0,RUSH
0.791667,0,0,0.325,1,0,0,0,0.25,0,0.757575758,0,RUSH
0.791736,0,0,0.616666667,0,1,0,0,0.2,0,0.222222222,0,RUSH
0.791838,0,0,0.383333333,0,1,0,0,0.125,0,0.494949495,0,PASS
0.792,0,0,0.5,0,1,0,0,0.125,0,0.616161616,0,RUSH
0.792722,0,0,0.5,0,1,0,0,0.125,0,0.505050505,0,PASS
0.794722,0,0,0.466666667,1,0,0,0,0.25,0,0.888888889,0,RUSH
0.795833,0,0,0.558333333,1,0,0,0,0.25,0,0.898989899,0,RUSH
0.795992,0,0,0.5,1,0,0,0,0.25,0,0.484848485,0,RUSH
0.796752,0,0,0.383333333,1,0,0,0,0.25,0,0.545454545,0,RUSH
0.796814,0,0,0.5,0,1,0,0,0.15,0,0.444444444,0,RUSH
0.796984,0,0,0.525,1,0,0,0,0.25,0,0.767676768,0,RUSH
0.797309,0,0,0.616666667,1,0,0,0,0.25,0,0.242424242,0,RUSH
0.797778,0,0,0.5,1,0,0,0,0.25,0,0.666666667,0,RUSH
0.798,0,0,0.441666667,0,1,0,0,0.2,0,0.666666667,0,RUSH
0.798287,0,0,0.5,0,1,0,0,0.5,0,0.98989899,0,RUSH
0.798843,0,0,0.441666667,0,1,0,0,0.175,0,0.727272727,0,RUSH
0.798944,0,0,0.5,1,0,0,0,0.25,0,0.555555556,0,RUSH
0.799259,0,0,0.441666667,0,1,0,0,0.05,0,0.545454545,0,RUSH
0.800185,0,0,0.441666667,0,0,1,0,0.225,1,0.747474747,0,RUSH
0.800185,0,0,0.441666667,0,0,0,1,0.05,0,0.676767677,0,PUNT
0.801481,0,0,0.325,0,0,1,0,0.05,0,0.787878788,0,RUSH
0.801574,0,0,0.408333333,0,0,0,1,0.4,1,0.171717172,1,FIELD_GOAL
0.801667,0,0,0.383333333,1,0,0,0,0.25,0,0.757575758,0,RUSH
0.801736,0,0,0.45,0,1,0,0,0.05,0,0.414141414,0,PASS
0.8025,0,0,0.5,1,0,0,0,0.25,0,0.757575758,0,RUSH
0.802882,0,0,0.616666667,0,0,1,0,0.1,0,0.292929293,0,RUSH
0.804259,0,0,0.466666667,1,0,0,0,0.2,0,0.080808081,1,RUSH
0.805167,0,0,0.5,0,1,0,0,0.225,0,0.747474747,0,RUSH
0.805278,0,0,0.5,1,0,0,0,0.25,0,0.484848485,0,RUSH
0.805667,0,0,0.441666667,1,0,0,0,0.25,0,0.686868687,0,RUSH
0.805833,0,0,0.525,0,0,1,0,0.025,0,0.787878788,0,RUSH
0.806389,0,0,0.441666667,1,0,0,0,0.25,0,0.757575758,0,RUSH
0.806528,0,0,0.45,1,0,0,0,0.25,0,0.494949495,0,PASS
0.806833,0,0,0.391666667,0,1,0,0,0.25,0,0.494949495,0,RUSH
0.807667,0,0,0.466666667,0,1,0,0,0.075,0,0.686868687,0,RUSH
0.807824,0,0,0.441666667,1,0,0,0,0.25,0,0.626262626,0,RUSH
0.808056,0,0,0.408333333,0,0,1,0,0.4,1,0.171717172,1,RUSH
0.808241,0,0,0.5,1,0,0,0,0.25,0,0.888888889,0,RUSH
0.808426,0,0,0.441666667,0,1,0,0,0.2,0,0.737373737,0,RUSH
0.808455,0,0,0.616666667,0,1,0,0,0.25,0,0.353535354,0,RUSH
0.80963,0,0,0.466666667,0,1,0,0,0.175,0,0.303030303,0,RUSH
0.810889,0,0,0.391666667,1,0,0,0,0.25,0,0.494949495,0,PASS
0.811296,0,0,0.325,0,1,0,0,0.125,0,0.818181818,0,RUSH
0.811319,0,0,0.45,0,1,0,0,0.05,0,0.575757576,0,RUSH
0.811389,0,0,0.5,1,0,0,0,0.25,0,0.757575758,0,RUSH
0.812222,0,0,0.441666667,0,0,0,1,0.05,0,0.04040404,1,FIELD_GOAL
0.813333,0,0,0.441666667,0,1,0,0,0.1,0,0.747474747,0,RUSH
0.814028,0,0,0.616666667,1,0,0,0,0.25,0,0.353535354,0,PASS
0.814944,0,0,0.391666667,0,0,1,0,0.1,0,0.696969697,0,RUSH
0.815,0,0,0.466666667,1,0,0,0,0.25,0,0.333333333,0,RUSH
0.816111,0,0,0.45,1,0,0,0,0.25,0,0.656565657,0,RUSH
0.816389,0,0,0.441666667,1,0,0,0,0.25,0,0.737373737,0,RUSH
0.816667,0,0,0.441666667,1,0,0,0,0.25,0,0.757575758,0,RUSH
0.818056,0,0,0.466666667,1,0,0,0,0.25,0,0.757575758,0,RUSH
0.818075,0,0,0.441666667,0,0,1,0,0.025,0,0.03030303,1,RUSH
0.818095,0,0,0.525,0,1,0,0,0.125,0,0.828282828,0,RUSH
0.818194,0,0,0.5,0,0,1,0,0.025,0,0.909090909,0,RUSH
0.819,0,0,0.391666667,0,1,0,0,0.225,0,0.747474747,0,RUSH
0.819601,0,0,0.616666667,0,0,1,0,0.025,0,0.363636364,0,RUSH
0.82037,0,0,0.466666667,0,0,1,0,0.075,0,0.373737374,0,RUSH
0.821019,0,0,0.408333333,0,1,0,0,0.275,0,0.121212121,1,PASS
0.821111,0,0,0.325,1,0,0,0,0.25,0,0.868686869,0,RUSH
0.821291,0,0,0.5,0,0,0,1,0.025,0,0.505050505,0,RUSH
0.823056,0,0,0.391666667,1,0,0,0,0.25,0,0.757575758,0,RUSH
0.823929,0,0,0.441666667,0,1,0,0,0.05,0,0.04040404,1,RUSH
0.824091,0,0,0.441666667,0,1,0,0,0.025,0,0.01010101,1,RUSH
0.824722,0,0,0.441666667,1,0,0,0,0.25,0,0.808080808,0,RUSH
0.825174,0,0,0.616666667,0,1,0,0,0.175,0,0.424242424,0,RUSH
0.825741,0,0,0.466666667,0,1,0,0,0.075,0,0.373737374,0,PASS
0.826944,0,0,0.525,1,0,0,0,0.25,0,0.878787879,0,RUSH
0.8275,0,0,0.408333333,1,0,0,0,0.25,0,0.111111111,1,RUSH
0.828148,0,0,0.5,0,1,0,0,0.05,0,0.919191919,0,RUSH
0.829755,0,0,0.5,0,0,1,0,0.1,0,0.535353535,0,RUSH
0.829782,0,0,0.441666667,1,0,0,0,0.25,0,0.121212121,1,RUSH
0.83,0,0,0.5,0,0,0,1,0.05,0,0.090909091,1,RUSH
0.830101,0,0,0.441666667,1,0,0,0,0.05,0,0.02020202,1,RUSH
0.830278,0,0,0.441666667,0,0,1,0,0.1,0,0.666666667,0,RUSH
0.830278,0,0,0.441666667,0,0,0,1,0.125,0,0.676767677,0,PUNT
0.830556,0,0,0.5,1,0,0,0,0.25,0,0.101010101,1,RUSH
0.830747,0,0,0.616666667,1,0,0,0,0.25,0,0.454545455,0,RUSH
0.831111,0,0,0.466666667,1,0,0,0,0.25,0,0.444444444,0,RUSH
0.832824,0,0,0.391666667,0,0,1,0,0.15,0,0.525252525,0,PASS
0.832824,0,0,0.391666667,0,0,0,1,0.15,0,0.525252525,0,PUNT
0.834444,0,0,0.5,0,0,1,0,0.075,0,0.101010101,1,RUSH
0.835635,0,0,0.441666667,0,0,1,0,0.15,0,0.191919192,1,RUSH
0.836319,0,0,0.616666667,0,0,1,0,0.075,0,0.535353535,0,RUSH
0.836481,0,0,0.466666667,0,1,0,0,0.125,0,0.515151515,0,RUSH
0.836667,0,0,0.5,1,0,0,0,0.25,0,0.313131313,0,RUSH
0.836944,0,0,0.525,0,0,0,1,0.025,0,0.343434343,0,RUSH
0.837006,0,0,0.558333333,0,0,0,1,0.1,0,0.313131313,0,PASS
0.837685,0,0,0.408333333,0,0,0,1,0.025,0,0.151515152,1,RUSH
0.838102,0,0,0.5,1,0,0,0,0.125,0,0.949494949,0,RUSH
0.838219,0,0,0.5,0,1,0,0,0.225,0,0.585858586,0,RUSH
0.838889,0,0,0.5,0,1,0,0,0.25,0,0.171717172,1,RUSH
0.839537,0,0,0.391666667,0,1,0,0,0.2,0,0.545454545,0,RUSH
0.84,0,0,0.441666667,0,1,0,0,0.1,0,0.666666667,0,RUSH
0.841852,0,0,0.466666667,1,0,0,0,0.25,0,0.565656566,0,RUSH
0.841892,0,0,0.616666667,0,1,0,0,0.2,0,0.585858586,0,RUSH
0.842778,0,0,0.5,0,0,0,1,0.05,0,0.333333333,0,RUSH
0.843333,0,0,0.5,1,0,0,0,0.25,0,0.171717172,1,RUSH
0.843457,0,0,0.558333333,0,0,1,0,0.15,0,0.333333333,0,RUSH
0.844056,0,0,0.558333333,0,0,0,1,0.15,0,0.101010101,1,FIELD_GOAL
0.844167,0,0,0.408333333,0,0,1,0,0.1,0,0.181818182,1,RUSH
0.846111,0,0,0.525,0,0,1,0,0.125,0,0.383838384,0,RUSH
0.84625,0,0,0.391666667,1,0,0,0,0.25,0,0.565656566,0,RUSH
0.846389,0,0,0.525,1,0,0,0,0.25,0,0.808080808,0,PASS
0.846515,0,0,0.441666667,0,1,0,0,0.425,0,0.171717172,1,RUSH
0.846683,0,0,0.5,1,0,0,0,0.25,0,0.595959596,0,RUSH
0.847222,0,0,0.466666667,1,0,0,0,0.25,0,0.757575758,0,RUSH
0.847341,0,0,0.441666667,0,1,0,0,0.15,0,0.191919192,1,RUSH
0.847465,0,0,0.616666667,1,0,0,0,0.25,0,0.606060606,0,RUSH
0.847778,0,0,0.5,1,0,0,0,0.25,0,0.373737374,0,RUSH
0.849907,0,0,0.558333333,0,1,0,0,0.225,0,0.363636364,0,RUSH
0.85,0,0,0.416666667,1,0,0,0,0.025,0,0.01010101,1,RUSH
0.850648,0,0,0.408333333,0,1,0,0,0.25,0,0.242424242,0,RUSH
0.851167,0,0,0.558333333,0,0,1,0,0.125,0,0.090909091,1,RUSH
0.852222,0,0,0.5,1,0,0,0,0.25,0,0.515151515,0,RUSH
0.853038,0,0,0.616666667,0,1,0,0,0.05,0,0.727272727,0,RUSH
0.853056,0,0,0.5,0,0,1,0,0.175,1,0.383838384,0,RUSH
0.853194,0,0,0.441666667,1,0,0,0,0.25,0,0.232323232,0,RUSH
0.855147,0,0,0.5,0,1,0,0,0.175,0,0.727272727,0,RUSH
0.855278,0,0,0.525,0,1,0,0,0.25,0,0.434343434,0,RUSH
0.855992,0,0,0.416666667,1,0,0,0,0.25,0,0.262626263,0,PASS
0.856358,0,0,0.558333333,1,0,0,0,0.25,0,0.373737374,0,RUSH
0.856667,0,0,0.5,0,1,0,0,0.15,0,0.747474747,0,PASS
0.85713,0,0,0.408333333,1,0,0,0,0.25,0,0.242424242,0,PASS
0.858278,0,0,0.558333333,0,1,0,0,0.175,0,0.111111111,1,RUSH
0.858535,0,0,0.441666667,1,0,0,0,0.1,0,0.04040404,1,RUSH
0.858611,0,0,0.616666667,1,0,0,0,0.25,0,0.808080808,0,RUSH
0.859048,0,0,0.441666667,1,0,0,0,0.25,0,0.414141414,0,PASS
0.859167,0,0,0.5,0,1,0,0,0.375,0,0.464646465,0,RUSH
0.859444,0,0,0.441666667,1,0,0,0,0.25,0,0.727272727,0,RUSH
0.859676,0,0,0.391666667,1,0,0,0,0.25,0,0.767676768,0,RUSH
0.861111,0,0,0.5,1,0,0,0,0.25,0,0.787878788,0,RUSH
0.861984,0,0,0.416666667,0,1,0,0,0.125,0,0.323232323,0,RUSH
0.862809,0,0,0.558333333,0,1,0,0,0.05,0,0.404040404,0,RUSH
0.863611,0,0,0.5,1,0,0,0,0.25,0,0.757575758,0,RUSH
0.864444,0,0,0.525,1,0,0,0,0.25,0,0.434343434,0,PASS
0.864444,0,0,0.45,0,0,1,0,0.1,0,0.747474747,0,RUSH
0.864444,0,0,0.45,0,0,0,1,0.075,0,0.737373737,0,PUNT
0.864545,0,0,0.441666667,0,0,1,0,0.2,1,0.171717172,1,PASS
0.864901,0,0,0.441666667,1,0,0,0,0.25,0,0.515151515,0,RUSH
0.865278,0,0,0.5,1,0,0,0,0.375,0,0.464646465,0,PASS
0.865389,0,0,0.558333333,1,0,0,0,0.25,0,0.141414141,1,RUSH
0.865972,0,0,0.5,1,0,0,0,0.25,0,0.454545455,0,RUSH
0.866389,0,0,0.391666667,1,0,0,0,0.25,0,0.919191919,0,PASS
0.867976,0,0,0.416666667,1,0,0,0,0.25,0,0.373737374,0,RUSH
0.869259,0,0,0.558333333,1,0,0,0,0.25,0,0.484848485,0,RUSH
0.870093,0,0,0.408333333,0,0,1,0,0.15,0,0.343434343,0,RUSH
0.870556,0,0,0.441666667,0,1,0,0,0.2,0,0.171717172,1,RUSH
0.870754,0,0,0.441666667,0,1,0,0,0.025,0,0.535353535,0,RUSH
0.871667,0,0,0.5,0,0,1,0,0.075,0,0.626262626,0,RUSH
0.8725,0,0,0.558333333,0,1,0,0,0.1,0,0.191919192,1,RUSH
0.873081,0,0,0.441666667,1,0,0,0,0.25,0,0.191919192,1,RUSH
0.873611,0,0,0.45,0,1,0,0,0.025,0,0.717171717,0,RUSH
0.873968,0,0,0.416666667,1,0,0,0,0.125,0,0.535353535,0,RUSH
0.87571,0,0,0.558333333,1,0,0,0,0.25,0,0.696969697,0,RUSH
0.876574,0,0,0.408333333,0,1,0,0,0.25,0,0.383838384,0,RUSH
0.876607,0,0,0.441666667,1,0,0,0,0.25,0,0.626262626,0,RUSH
0.877361,0,0,0.5,0,1,0,0,0.25,0,0.696969697,0,RUSH
0.8775,0,0,0.5,0,1,0,0,0.05,0,0.464646465,0,RUSH
0.879091,0,0,0.441666667,1,0,0,0,0.25,0,0.383838384,0,RUSH
0.879611,0,0,0.558333333,1,0,0,0,0.25,0,0.252525253,0,RUSH
0.881875,0,0,0.383333333,0,0,0,1,0.05,0,0.676767677,0,RUSH
0.88216,0,0,0.558333333,0,1,0,0,0.025,0,0.717171717,0,RUSH
0.88246,0,0,0.441666667,0,0,1,0,0.3,1,0.777777778,0,PASS
0.882778,0,0,0.45,1,0,0,0,0.25,0,0.808080808,0,RUSH
0.883056,0,0,0.408333333,1,0,0,0,0.25,0,0.383838384,0,RUSH
0.883056,0,0,0.5,1,0,0,0,0.25,0,0.696969697,0,RUSH
0.883611,0,0,0.5,1,0,0,0,0.25,0,0.545454545,0,RUSH
0.885101,0,0,0.441666667,0,1,0,0,0.175,0,0.626262626,0,RUSH
0.885513,0,0,0.5,0,0,0,1,0.15,0,0.282828283,0,FIELD_GOAL
0.885952,0,0,0.416666667,0,1,0,0,0.025,0,0.696969697,0,PASS
0.886722,0,0,0.558333333,0,0,0,1,0.025,0,0.343434343,0,RUSH
0.8875,0,0,0.383333333,0,0,1,0,0.1,0,0.696969697,0,RUSH
0.888313,0,0,0.441666667,0,1,0,0,0.275,0,0.767676768,0,RUSH
0.888611,0,0,0.558333333,1,0,0,0,0.25,0,0.808080808,0,RUSH
0.889722,0,0,0.5,0,1,0,0,0.05,0,0.636363636,0,RUSH
0.889975,0,0,0.383333333,0,0,0,1,0.275,1,0.161616162,1,FIELD_GOAL
0.891111,0,0,0.441666667,1,0,0,0,0.25,0,0.656565657,0,PASS
0.891944,0,0,0.416666667,1,0,0,0,0.25,0,0.787878788,0,RUSH
0.892521,0,0,0.5,0,0,0,1,0.05,0,0.04040404,1,FIELD_GOAL
0.893025,0,0,0.5,0,0,0,1,0.25,1,0.161616162,1,FIELD_GOAL
0.893833,0,0,0.558333333,0,0,1,0,0.05,0,0.353535354,0,RUSH
0.894167,0,0,0.441666667,1,0,0,0,0.25,0,0.757575758,0,RUSH
0.894672,0,0,0.383333333,0,0,1,0,0.275,1,0.161616162,1,PASS
0.895,0,0,0.525,1,0,0,0,0.25,0,0.686868687,0,RUSH
0.895833,0,0,0.5,1,0,0,0,0.25,0,0.717171717,0,RUSH
0.897037,0,0,0.5,0,0,1,0,0.25,1,0.808080808,0,RUSH
0.898542,0,0,0.383333333,0,1,0,0,0.2,0,0.737373737,0,RUSH
0.898611,0,0,0.5,0,0,1,0,0.25,1,0.161616162,1,PASS
0.899369,0,0,0.383333333,0,1,0,0,0.25,0,0.151515152,1,RUSH
0.899487,0,0,0.5,0,0,1,0,0.1,0,0.060606061,1,RUSH
0.900893,0,0,0.5,0,0,0,1,0.15,0,0.191919192,1,FIELD_GOAL
0.900944,0,0,0.558333333,0,1,0,0,0.1,0,0.373737374,0,RUSH
0.902051,0,0,0.5,0,0,1,0,0.25,1,0.323232323,0,RUSH
0.903241,0,0,0.5,0,1,0,0,0.275,0,0.818181818,0,RUSH
0.904066,0,0,0.383333333,1,0,0,0,0.25,0,0.151515152,1,PASS
0.904167,0,0,0.383333333,1,0,0,0,0.25,0,0.757575758,0,RUSH
0.906453,0,0,0.5,0,1,0,0,0.175,0,0.090909091,1,RUSH
0.9075,0,0,0.5,0,0,1,0,0.125,0,0.181818182,1,RUSH
0.908056,0,0,0.558333333,1,0,0,0,0.25,0,0.434343434,0,RUSH
0.908763,0,0,0.383333333,1,0,0,0,0.25,0,0.252525253,0,RUSH
0.908765,0,0,0.5,0,1,0,0,0.25,0,0.161616162,1,PASS
0.909444,0,0,0.5,1,0,0,0,0.25,0,0.808080808,0,RUSH
0.91,0,0,0.441666667,0,0,1,0,0.15,0,0.717171717,0,RUSH
0.91,0,0,0.441666667,0,0,0,1,0.3,1,0.777777778,0,PUNT
0.910321,0,0,0.5,0,1,0,0,0.25,0,0.323232323,0,PASS
0.912963,0,0,0.441666667,0,0,1,0,0.05,0,0.727272727,0,RUSH
0.912963,0,0,0.441666667,0,0,0,1,0.05,0,0.727272727,0,PUNT
0.913419,0,0,0.5,1,0,0,0,0.25,0,0.121212121,1,RUSH
0.91346,0,0,0.383333333,0,0,0,1,0.025,0,0.373737374,0,PASS
0.914107,0,0,0.5,0,1,0,0,0.175,0,0.202020202,1,RUSH
0.914167,0,0,0.441666667,0,1,0,0,0.2,0,0.737373737,0,RUSH
0.914352,0,0,0.5,1,0,0,0,0.25,0,0.161616162,1,RUSH
0.915167,0,0,0.558333333,1,0,0,0,0.25,0,0.545454545,0,RUSH
0.916944,0,0,0.441666667,0,1,0,0,0.15,0,0.717171717,0,PASS
0.918157,0,0,0.383333333,0,0,1,0,0.2,1,0.444444444,0,RUSH
0.91859,0,0,0.5,1,0,0,0,0.25,0,0.323232323,0,RUSH
0.918611,0,0,0.5,0,0,1,0,0.05,0,0.080808081,1,RUSH
0.919389,0,0,0.441666667,1,0,0,0,0.25,0,0.636363636,0,RUSH
0.919938,0,0,0.5,1,0,0,0,0.25,0,0.515151515,0,PASS
0.92,0,0,0.5,0,0,0,1,0.525,1,0.272727273,0,FIELD_GOAL
0.920385,0,0,0.5,0,1,0,0,0.225,0,0.222222222,0,RUSH
0.920714,0,0,0.5,1,0,0,0,0.25,0,0.232323232,0,RUSH
0.921056,0,0,0.45,0,0,1,0,0.05,0,0.484848485,0,RUSH
0.921056,0,0,0.45,0,0,0,1,0.075,0,0.494949495,0,PUNT
0.922037,0,0,0.441666667,0,1,0,0,0.2,0,0.787878788,0,RUSH
0.922083,0,0,0.441666667,1,0,0,0,0.125,0,0.707070707,0,RUSH
0.922278,0,0,0.558333333,0,0,1,0,0.025,0,0.575757576,0,RUSH
0.922667,0,0,0.441666667,0,1,0,0,0.075,0,0.676767677,0,RUSH
0.922854,0,0,0.383333333,0,1,0,0,0.25,0,0.464646465,0,RUSH
0.923889,0,0,0.441666667,1,0,0,0,0.25,0,0.757575758,0,RUSH
0.925278,0,0,0.558333333,1,0,0,0,0.25,0,0.535353535,0,PASS
0.925394,0,0,0.5,0,1,0,0,0.15,0,0.121212121,1,RUSH
0.925525,0,0,0.5,0,1,0,0,0.175,0,0.606060606,0,PASS
0.925944,0,0,0.441666667,1,0,0,0,0.25,0,0.747474747,0,RUSH
0.926859,0,0,0.5,0,0,1,0,0.075,0,0.404040404,0,PASS
0.927222,0,0,0.5,0,1,0,0,0.025,0,0.01010101,1,RUSH
0.92735,0,0,0.5,1,0,0,0,0.25,0,0.232323232,0,RUSH
0.927551,0,0,0.383333333,1,0,0,0,0.25,0,0.464646465,0,RUSH
0.927667,0,0,0.45,0,1,0,0,0.2,0,0.545454545,0,RUSH
0.928333,0,0,0.5,0,0,1,0,0.025,0,0.01010101,1,RUSH
0.929222,0,0,0.441666667,0,1,0,0,0.2,0,0.838383838,0,RUSH
0.929389,0,0,0.558333333,0,1,0,0,0.05,0,0.585858586,0,RUSH
0.931111,0,0,0.5,1,0,0,0,0.25,0,0.636363636,0,RUSH
0.931111,0,0,0.441666667,1,0,0,0,0.25,0,0.808080808,0,RUSH
0.931389,0,0,0.558333333,0,0,1,0,0.05,0,0.575757576,0,RUSH
0.931944,0,0,0.5,0,0,1,0,0.1,0,0.363636364,0,RUSH
0.931944,0,0,0.5,0,0,0,1,0.125,0,0.373737374,0,PUNT
0.932176,0,0,0.5,1,0,0,0,0.25,0,0.161616162,1,RUSH
0.932247,0,0,0.383333333,0,1,0,0,0.125,0,0.808080808,0,PASS
0.9325,0,0,0.441666667,1,0,0,0,0.25,0,0.858585859,0,RUSH
0.932821,0,0,0.5,1,0,0,0,0.075,0,0.03030303,1,RUSH
0.933929,0,0,0.5,0,1,0,0,0.225,0,0.343434343,0,PASS
0.934278,0,0,0.45,1,0,0,0,0.25,0,0.565656566,0,RUSH
0.934316,0,0,0.5,0,0,1,0,0.1,0,0.292929293,0,RUSH
0.934444,0,0,0.5,0,0,1,0,0.375,1,0.707070707,0,RUSH
0.934444,0,0,0.5,0,0,0,1,0.45,1,0.737373737,0,PUNT
0.934568,0,0,0.5,0,0,0,1,0.275,1,0.393939394,0,PUNT
0.935128,0,0,0.5,0,1,0,0,0.125,0,0.424242424,0,RUSH
0.9355,0,0,0.5,0,1,0,0,0.025,0,0.01010101,1,RUSH
0.9365,0,0,0.558333333,1,0,0,0,0.25,0,0.666666667,0,PASS
0.936944,0,0,0.383333333,1,0,0,0,0.25,0,0.858585859,0,RUSH
0.9375,0,0,0.558333333,0,1,0,0,0.175,0,0.626262626,0,RUSH
0.938419,0,0,0.5,1,0,0,0,0.25,0,0.202020202,1,RUSH
0.938958,0,0,0.5,0,1,0,0,0.125,0,0.232323232,0,RUSH
0.939063,0,0,0.5,0,0,1,0,0.4,1,0.464646465,0,RUSH
0.939063,0,0,0.5,0,0,0,1,0.4,1,0.464646465,0,PUNT
0.939444,0,0,0.475,0,0,1,0,0.075,0,0.686868687,0,RUSH
0.939444,0,0,0.475,0,0,0,1,0.025,0,0.666666667,0,PUNT
0.940536,0,0,0.5,1,0,0,0,0.25,0,0.353535354,0,RUSH
0.940667,0,0,0.5,0,0,1,0,0.175,1,0.323232323,0,RUSH
0.940667,0,0,0.5,0,0,0,1,0.3,1,0.373737374,0,PUNT
0.940889,0,0,0.45,0,1,0,0,0.175,0,0.757575758,0,PASS
0.941111,0,0,0.5,0,0,1,0,0.15,0,0.343434343,0,PASS
0.941282,0,0,0.5,0,1,0,0,0.1,0,0.292929293,0,PASS
0.941389,0,0,0.5,0,0,0,1,0.15,0,0.434343434,0,PUNT
0.941914,0,0,0.5,0,1,0,0,0.15,0,0.717171717,0,PASS
0.942667,0,0,0.5,1,0,0,0,0.125,0,0.050505051,1,RUSH
0.942778,0,0,0.5,0,0,0,1,0.1,0,0.252525253,0,FIELD_GOAL
0.943056,0,0,0.5,0,1,0,0,0.25,0,0.424242424,0,RUSH
0.943397,0,0,0.5,1,0,0,0,0.25,0,0.474747475,0,RUSH
0.943611,0,0,0.558333333,1,0,0,0,0.25,0,0.656565657,0,RUSH
0.943611,0,0,0.558333333,1,0,0,0,0.25,0,0.777777778,0,RUSH
0.944017,0,0,0.5,0,0,1,0,0.1,0,0.282828283,0,RUSH
0.94537,0,0,0.5,0,1,0,0,0.375,0,0.707070707,0,RUSH
0.945741,0,0,0.5,1,0,0,0,0.25,0,0.282828283,0,RUSH
0.945833,0,0,0.5,0,1,0,0,0.45,0,0.484848485,0,RUSH
0.947143,0,0,0.5,0,0,1,0,0.225,1,0.444444444,0,RUSH
0.9475,0,0,0.5,1,0,0,0,0.25,0,0.757575758,0,RUSH
0.9475,0,0,0.45,1,0,0,0,0.25,0,0.787878788,0,RUSH
0.947654,0,0,0.5,0,1,0,0,0.075,0,0.313131313,0,RUSH
0.948248,0,0,0.5,1,0,0,0,0.25,0,0.353535354,0,RUSH
0.948278,0,0,0.5,0,1,0,0,0.25,0,0.353535354,0,RUSH
0.9485,0,0,0.5,0,0,1,0,0.325,1,0.343434343,0,RUSH
0.948889,0,0,0.475,0,1,0,0,0.15,0,0.717171717,0,RUSH
0.949615,0,0,0.5,0,1,0,0,0.25,0,0.343434343,0,PASS
0.949833,0,0,0.5,1,0,0,0,0.25,0,0.252525253,0,RUSH
0.950093,0,0,0.5,0,0,1,0,0.15,0,0.434343434,0,RUSH
0.951667,0,0,0.5,0,0,1,0,0.125,0,0.555555556,0,RUSH
0.952523,0,0,0.5,1,0,0,0,0.25,0,0.505050505,0,PASS
0.95375,0,0,0.5,0,1,0,0,0.4,0,0.515151515,0,RUSH
0.954167,0,0,0.5,1,0,0,0,0.25,0,0.424242424,0,RUSH
0.954198,0,0,0.5,1,0,0,0,0.25,0,0.383838384,0,PASS
0.954222,0,0,0.5,0,0,1,0,0.175,1,0.282828283,0,RUSH
0.955214,0,0,0.5,1,0,0,0,0.25,0,0.343434343,0,PASS
0.955214,0,0,0.5,0,0,1,0,0.125,0,0.505050505,0,PASS
0.955889,0,0,0.5,1,0,0,0,0.25,0,0.353535354,0,PASS
0.956296,0,0,0.5,1,0,0,0,0.25,0,0.656565657,0,RUSH
0.957,0,0,0.5,0,1,0,0,0.2,0,0.414141414,0,RUSH
0.958333,0,0,0.475,1,0,0,0,0.25,0,0.757575758,0,RUSH
0.958611,0,0,0.5,0,0,1,0,0.175,1,0.585858586,0,RUSH
0.958611,0,0,0.5,0,0,0,1,0.25,1,0.616161616,0,PUNT
0.958654,0,0,0.5,0,1,0,0,0.225,0,0.595959596,0,RUSH
0.958796,0,0,0.5,0,1,0,0,0.2,0,0.454545455,0,RUSH
0.959306,0,0,0.5,0,1,0,0,0.075,0,0.565656566,0,RUSH
0.959375,0,0,0.5,1,0,0,0,0.25,0,0.404040404,0,RUSH
0.959944,0,0,0.5,0,1,0,0,0.25,0,0.313131313,0,RUSH
0.960357,0,0,0.5,1,0,0,0,0.375,0,0.505050505,0,RUSH
0.960741,0,0,0.5,0,0,1,0,0.05,0,0.535353535,0,RUSH
0.960812,0,0,0.5,0,1,0,0,0.2,0,0.474747475,0,RUSH
0.962179,0,0,0.5,0,1,0,0,0.175,0,0.525252525,0,RUSH
0.9635,0,0,0.5,0,1,0,0,0.1,0,0.474747475,0,RUSH
0.963889,0,0,0.441666667,1,0,0,0,0.25,0,0.757575758,0,RUSH
0.964167,0,0,0.5,1,0,0,0,0.25,0,0.434343434,0,RUSH
0.964167,0,0,0.5,1,0,0,0,0.25,0,0.333333333,0,RUSH
0.965509,0,0,0.5,0,1,0,0,0.175,0,0.585858586,0,PASS
0.965667,0,0,0.5,1,0,0,0,0.25,0,0.313131313,0,PASS
0.966088,0,0,0.5,1,0,0,0,0.625,0,0.787878788,0,RUSH
0.966146,0,0,0.5,0,0,1,0,0.025,0,0.494949495,0,RUSH
0.96641,0,0,0.5,1,0,0,0,0.25,0,0.494949495,0,RUSH
0.966923,0,0,0.5,1,0,0,0,0.25,0,0.606060606,0,RUSH
0.967222,0,0,0.5,0,0,1,0,0.025,0,0.727272727,0,RUSH
0.967284,0,0,0.5,0,1,0,0,0.125,0,0.565656566,0,RUSH
0.9675,0,0,0.5,1,0,0,0,0.25,0,0.474747475,0,RUSH
0.969145,0,0,0.5,1,0,0,0,0.25,0,0.555555556,0,RUSH
0.970139,0,0,0.5,1,0,0,0,0.25,0,0.494949495,0,RUSH
0.971111,0,0,0.5,1,0,0,0,0.25,0,0.535353535,0,RUSH
0.971389,0,0,0.5,0,0,1,0,0.1,0,0.373737374,0,RUSH
0.972009,0,0,0.5,0,1,0,0,0.175,0,0.575757576,0,RUSH
0.972407,0,0,0.5,1,0,0,0,0.25,0,0.616161616,0,RUSH
0.972917,0,0,0.5,0,1,0,0,0.175,0,0.555555556,0,RUSH
0.973056,0,0,0.5,0,0,1,0,0.2,1,0.737373737,0,RUSH
0.973056,0,0,0.5,0,0,0,1,0.1,0,0.696969697,0,PUNT
0.973827,0,0,0.5,1,0,0,0,0.25,0,0.616161616,0,RUSH
0.975192,0,0,0.5,0,0,1,0,0.2,1,0.757575758,0,PASS
0.975278,0,0,0.5,0,1,0,0,0.025,0,0.353535354,0,PASS
0.976111,0,0,0.5,0,1,0,0,0.25,0,0.626262626,0,PASS
0.976111,0,0,0.5,1,0,0,0,0.25,0,0.707070707,0,RUSH
0.977111,0,0,0.5,0,1,0,0,0.25,0,0.434343434,0,RUSH
0.9775,0,0,0.5,1,0,0,0,0.175,0,0.070707071,1,RUSH
0.977607,0,0,0.5,1,0,0,0,0.25,0,0.606060606,0,RUSH
0.978148,0,0,0.5,0,1,0,0,0.1,0,0.757575758,0,RUSH
0.9785,0,0,0.5,1,0,0,0,0.25,0,0.636363636,0,RUSH
0.979306,0,0,0.5,0,0,1,0,0.05,0,0.656565657,0,RUSH
0.979653,0,0,0.5,0,0,1,0,0.025,0,0.666666667,0,RUSH
0.979688,0,0,0.5,1,0,0,0,0.25,0,0.585858586,0,RUSH
0.980179,0,0,0.5,0,1,0,0,0.15,0,0.595959596,0,RUSH
0.98037,0,0,0.5,0,0,1,0,0.025,0,0.666666667,0,RUSH
0.981458,0,0,0.5,1,0,0,0,0.25,0,0.444444444,0,RUSH
0.982,0,0,0.5,0,1,0,0,0.2,0,0.595959596,0,RUSH
0.982037,0,0,0.5,0,1,0,0,0.175,0,0.727272727,0,RUSH
0.982083,0,0,0.5,1,0,0,0,0.25,0,0.626262626,0,PASS
0.982833,0,0,0.5,1,0,0,0,0.25,0,0.434343434,0,RUSH
0.983205,0,0,0.5,0,0,1,0,0.1,0,0.696969697,0,RUSH
0.983462,0,0,0.5,0,1,0,0,0.15,0,0.737373737,0,RUSH
0.985667,0,0,0.5,0,1,0,0,0.1,0,0.696969697,0,RUSH
0.986204,0,0,0.5,0,1,0,0,0.1,0,0.676767677,0,RUSH
0.986435,0,0,0.5,0,1,0,0,0.1,0,0.696969697,0,RUSH
0.986458,0,0,0.5,0,1,0,0,0.05,0,0.676767677,0,RUSH
0.9865,0,0,0.5,1,0,0,0,0.25,0,0.616161616,0,RUSH
0.986786,0,0,0.5,1,0,0,0,0.25,0,0.636363636,0,RUSH
0.986914,0,0,0.5,0,1,0,0,0.175,0,0.727272727,0,PASS
0.987639,0,0,0.5,0,1,0,0,0.025,0,0.666666667,0,RUSH
0.988056,0,0,0.5,0,1,0,0,0.125,0,0.707070707,0,RUSH
0.988556,0,0,0.5,1,0,0,0,0.25,0,0.585858586,0,RUSH
0.988803,0,0,0.5,0,1,0,0,0.175,0,0.727272727,0,RUSH
0.989074,0,0,0.5,1,0,0,0,0.25,0,0.818181818,0,RUSH
0.991,0,0,0.5,0,1,0,0,0.15,0,0.717171717,0,RUSH
0.991019,0,0,0.5,1,0,0,0,0.25,0,0.757575758,0,RUSH
0.991731,0,0,0.5,1,0,0,0,0.25,0,0.777777778,0,RUSH
0.993102,0,0,0.5,1,0,0,0,0.25,0,0.737373737,0,RUSH
0.993218,0,0,0.5,1,0,0,0,0.25,0,0.757575758,0,RUSH
0.993229,0,0,0.5,1,0,0,0,0.25,0,0.757575758,0,RUSH
0.993393,0,0,0.5,1,0,0,0,0.25,0,0.757575758,0,RUSH
0.993457,0,0,0.5,1,0,0,0,0.25,0,0.757575758,0,RUSH
0.993819,0,0,0.5,1,0,0,0,0.25,0,0.757575758,0,RUSH
0.994028,0,0,0.5,1,0,0,0,0.25,0,0.757575758,0,RUSH
0.994278,0,0,0.5,1,0,0,0,0.25,0,0.757575758,0,PASS
0.994402,0,0,0.5,1,0,0,0,0.25,0,0.757575758,0,RUSH
0.9955,0,0,0.5,1,0,0,0,0.25,0,0.757575758,0,RUSH
1,0,0,0.5,1,0,0,0,0.25,0,0.757575758,0,RUSH