pqb,prb,pwr,pte,pol,pp,pk,pdl,plb,pdb,Speed,Height,Weight,Injury,Stamina,Short Route,Medium Route,Deep Route,Power Run,Speed Run,Short Pass,Medium Pass,Deep Pass,Run Block,Pass Block,Run Rush,Pass Rush,Tackle,Man Coverage,Zone Coverage,Kick Power,Kick Accuracy,Salary
0,0,0,0,0,0,0,0,0,1,0.88,0.4,0.140909091,0.821428571,0.694444444,0.454545455,0.455555556,0.438202247,0.5,0.607594937,0.074468085,0.053763441,0.04494382,0.307692308,0.295454545,0.564705882,0.613636364,0.682926829,0.75,0.711111111,0.119565217,0.096774194,0.488633133
0,0,0,0,0,0,0,0,1,0,0.56,0.6,0.340909091,0.535714286,0.555555556,0.409090909,0.411111111,0.393258427,0.464285714,0.481012658,0.393617021,0.376344086,0.348314607,0.417582418,0.409090909,0.717647059,0.670454545,0.804878049,0.434782609,0.477777778,0.054347826,0.075268817,0.207381896
0,0,0,0,1,0,0,0,0,0,0.28,0.866666667,0.759090909,0.714285714,0.444444444,0.113636364,0.077777778,0.078651685,0.119047619,0.101265823,0,0,0.011235955,0.582417582,0.647727273,0.282352941,0.272727273,0.256097561,0.076086957,0.055555556,0.27173913,0.225806452,0.185727237
0,0,0,0,0,0,1,0,0,0,0.56,0.4,0.136363636,0.75,0.555555556,0.147727273,0.166666667,0.168539326,0.142857143,0.139240506,0.276595745,0.204301075,0.179775281,0.087912088,0.011363636,0.152941176,0.159090909,0.231707317,0.108695652,0.088888889,0.923913043,0.838709677,0.218672704
0,0,0,0,0,0,0,0,0,1,0.82,0.533333333,0.181818182,0.571428571,0.694444444,0.556818182,0.488888889,0.449438202,0.452380952,0.620253165,0.010638298,0.010752688,0.02247191,0.307692308,0.295454545,0.505882353,0.590909091,0.597560976,0.739130435,0.711111111,0.130434783,0.053763441,0.052039307
0,0,0,0,0,0,0,1,0,0,0.58,0.6,0.509090909,0.642857143,0.472222222,0.159090909,0.133333333,0.112359551,0.154761905,0.227848101,0.010638298,0.010752688,0.02247191,0.417582418,0.409090909,0.8,0.75,0.829268293,0.358695652,0.444444444,0.25,0.258064516,0.410062581
0,0,0,0,1,0,0,0,0,0,0.52,0.666666667,0.663636364,0.607142857,0.527777778,0.340909091,0.344444444,0.314606742,0.273809524,0.215189873,0.010638298,0.010752688,0.02247191,0.703296703,0.602272727,0.305882353,0.25,0.231707317,0.086956522,0.088888889,0.163043478,0.161290323,0.401895138
0,0,0,0,0,0,1,0,0,0,0.44,0.533333333,0.113636364,0.678571429,0.583333333,0.102272727,0.122222222,0.123595506,0.142857143,0.063291139,0.340425532,0.301075269,0.258426966,0.186813187,0.079545455,0.152941176,0,0.109756098,0.076086957,0.055555556,0.956521739,0.817204301,0.62445246
0,0,0,1,0,0,0,0,0,0,0.64,0.733333333,0.422727273,0.75,0.472222222,0.681818182,0.655555556,0.640449438,0.69047619,0.746835443,0.106382979,0.053763441,0.02247191,0.615384615,0.590909091,0.247058824,0.272727273,0.231707317,0.076086957,0.088888889,0.206521739,0.172043011,0.20226203
0,0,0,0,0,0,0,1,0,0,0.36,0.6,0.604545455,0.714285714,0.25,0.193181818,0.177777778,0.157303371,0.154761905,0.113924051,0.106382979,0.053763441,0.033707865,0.417582418,0.352272727,0.741176471,0.681818182,0.756097561,0.108695652,0.155555556,0.054347826,0.053763441,0.30252199
0,0,0,0,0,0,0,0,1,0,0.54,0.466666667,0.340909091,0.821428571,0.527777778,0.375,0.333333333,0.314606742,0.392857143,0.443037975,0.010638298,0.010752688,0.02247191,0.417582418,0.409090909,0.741176471,0.693181818,0.817073171,0.445652174,0.566666667,0.076086957,0.096774194,0.24935506
0,0,0,0,0,0,0,1,0,0,0.46,0.533333333,0.568181818,0.785714286,0.305555556,0.25,0.211111111,0.202247191,0.226190476,0.329113924,0.010638298,0.021505376,0.02247191,0.417582418,0.352272727,0.694117647,0.727272727,0.768292683,0.184782609,0.244444444,0.043478261,0.021505376,0.423626006
0,0,0,0,1,0,0,0,0,0,0.3,0.733333333,0.704545455,0.285714286,0.611111111,0.204545455,0.166666667,0.168539326,0.154761905,0.113924051,0.010638298,0.010752688,0.02247191,0.703296703,0.727272727,0.494117647,0.465909091,0.5,0.076086957,0.088888889,0.195652174,0.204301075,0.218672704
0,0,0,0,1,0,0,0,0,0,0.46,0.733333333,0.690909091,0.785714286,0.555555556,0.068181818,0.088888889,0.056179775,0.107142857,0.075949367,0.010638298,0.010752688,0.02247191,0.714285714,0.636363636,0.235294118,0.272727273,0.195121951,0.065217391,0.044444444,0.065217391,0.064516129,0.486668103
0,0,0,0,0,0,0,1,0,0,0.6,0.6,0.427272727,0.75,0.25,0.136363636,0.1,0.08988764,0.154761905,0.265822785,0.010638298,0.010752688,0.02247191,0.417582418,0.409090909,0.670588235,0.681818182,0.743902439,0.163043478,0.277777778,0.097826087,0.053763441,0.207381896
0,0,1,0,0,0,0,0,0,0,0.82,0.2,0.063636364,0.5,0.5,0.704545455,0.711111111,0.707865169,0.654761905,0.759493671,0.35106383,0.290322581,0.258426966,0.373626374,0.159090909,0.2,0.215909091,0.195121951,0.086956522,0.111111111,0.152173913,0.129032258,0.37261704
0,0,0,0,0,0,0,0,0,1,0.9,0.333333333,0.136363636,0.642857143,0.805555556,0.477272727,0.466666667,0.438202247,0.428571429,0.620253165,0.106382979,0.053763441,0.04494382,0.307692308,0.295454545,0.494117647,0.579545455,0.597560976,0.902173913,0.888888889,0.119565217,0.075268817,0.859904799
0,0,0,0,0,0,0,0,0,1,0.8,0.533333333,0.159090909,0.714285714,0.666666667,0.409090909,0.4,0.382022472,0.404761905,0.569620253,0.010638298,0.010752688,0.02247191,0.307692308,0.295454545,0.552941176,0.647727273,0.646341463,0.673913043,0.733333333,0.076086957,0.075268817,0.207381896
1,0,0,0,0,0,0,0,0,0,0.62,0.6,0.245454545,0.714285714,0.638888889,0.125,0.133333333,0.123595506,0.476190476,0.53164557,0.914893617,0.827956989,0.898876404,0.274725275,0.056818182,0.105882353,0.113636364,0.06097561,0.054347826,0.077777778,0.369565217,0.247311828,0.509511719
0,0,0,0,0,0,1,0,0,0,0.46,0.4,0.122727273,0.892857143,0.611111111,0.136363636,0.155555556,0.157303371,0.083333333,0.050632911,0.319148936,0.268817204,0.235955056,0.054945055,0.090909091,0.094117647,0.045454545,0.06097561,0.076086957,0.055555556,0.967391304,0.774193548,0.203988692
0,1,0,0,0,0,0,0,0,0,0.78,0.2,0.159090909,0.607142857,0.527777778,0.636363636,0.622222222,0.584269663,0.654761905,0.772151899,0.212765957,0.182795699,0.179775281,0.351648352,0.306818182,0.2,0.181818182,0.170731707,0.108695652,0.144444444,0.141304348,0.129032258,0.207381896
0,1,0,0,0,0,0,0,0,0,0.84,0.133333333,0.15,0.464285714,0.472222222,0.545454545,0.511111111,0.460674157,0.714285714,0.810126582,0.159574468,0.107526882,0.06741573,0.230769231,0.329545455,0.152941176,0.147727273,0.134146341,0.054347826,0.088888889,0.119565217,0.075268817,0.218672704
0,0,0,0,1,0,0,0,0,0,0.26,0.8,0.727272727,0.535714286,0.444444444,0.125,0.088888889,0.08988764,0.107142857,0.037974684,0.010638298,0.010752688,0.02247191,0.659340659,0.625,0.2,0.215909091,0.12195122,0.065217391,0.044444444,0.217391304,0.096774194,0.401895138
0,0,0,0,0,0,0,0,0,1,0.78,0.6,0.218181818,0.535714286,0.861111111,0.409090909,0.388888889,0.370786517,0.428571429,0.594936709,0.010638298,0.010752688,0.02247191,0.307692308,0.295454545,0.611764706,0.636363636,0.731707317,0.695652174,0.777777778,0.076086957,0.053763441,0.446497224
0,0,0,0,0,0,0,0,0,1,0.88,0.333333333,0.113636364,0.607142857,0.722222222,0.647727273,0.611111111,0.595505618,0.547619048,0.772151899,0.010638298,0.010752688,0.02247191,0.307692308,0.295454545,0.458823529,0.556818182,0.585365854,0.847826087,0.866666667,0.239130435,0.279569892,0.615835496
0,0,0,0,0,0,1,0,0,0,0.5,0.466666667,0.109090909,0.5,0.638888889,0.079545455,0.1,0.101123596,0.071428571,0.101265823,0.308510638,0.258064516,0.213483146,0.164835165,0.079545455,0.176470588,0.113636364,0.146341463,0.076086957,0.055555556,0.913043478,0.76344086,0.229152166
0,0,0,1,0,0,0,0,0,0,0.72,0.733333333,0.295454545,0.5,0.305555556,0.625,0.622222222,0.617977528,0.666666667,0.746835443,0.553191489,0.451612903,0.449438202,0.516483516,0.443181818,0.270588235,0.284090909,0.256097561,0.22826087,0.277777778,0.086956522,0.096774194,0.364848601
0,0,0,0,0,0,0,0,1,0,0.86,0.666666667,0.340909091,0.607142857,0.611111111,0.454545455,0.444444444,0.415730337,0.69047619,0.683544304,0.489361702,0.440860215,0.449438202,0.538461538,0.5,0.729411765,0.715909091,0.780487805,0.510869565,0.522222222,0.184782609,0.161290323,0.447147119
0,1,0,0,0,0,0,0,0,0,0.76,0.6,0.318181818,0.678571429,0.583333333,0.579545455,0.544444444,0.505617978,0.892857143,0.924050633,0.319148936,0.290322581,0.258426966,0.538461538,0.556818182,0.317647059,0.284090909,0.280487805,0.141304348,0.2,0.141304348,0.172043011,0.090318572
0,0,0,0,0,0,0,1,0,0,0.68,0.6,0.386363636,0.678571429,0.527777778,0.284090909,0.277777778,0.247191011,0.357142857,0.455696203,0.021276596,0.010752688,0.011235955,0.417582418,0.409090909,0.635294118,0.670454545,0.731707317,0.217391304,0.311111111,0.141304348,0.150537634,0.423626006
0,0,0,0,0,0,0,0,0,1,0.8,0.333333333,0.136363636,0.785714286,0.833333333,0.5,0.477777778,0.460674157,0.452380952,0.620253165,0.276595745,0.247311828,0.224719101,0.307692308,0.295454545,0.552941176,0.579545455,0.634146341,0.75,0.766666667,0.380434783,0.322580645,0.471844378
0,1,0,0,0,0,0,0,0,0,0.8,0.4,0.227272727,0.714285714,0.555555556,0.534090909,0.522222222,0.494382022,0.714285714,0.797468354,0.234042553,0.193548387,0.123595506,0.428571429,0.477272727,0.258823529,0.284090909,0.292682927,0.152173913,0.222222222,0.086956522,0.053763441,0.207381896
0,0,0,0,0,0,0,0,1,0,0.64,0.6,0.454545455,0.714285714,0.305555556,0.170454545,0.144444444,0.123595506,0.238095238,0.316455696,0.010638298,0.010752688,0.02247191,0.417582418,0.409090909,0.682352941,0.715909091,0.780487805,0.358695652,0.433333333,0.086956522,0.107526882,0.364848601
0,0,0,1,0,0,0,0,0,0,0.58,0.8,0.409090909,0.678571429,0.638888889,0.693181818,0.655555556,0.629213483,0.619047619,0.620253165,0.159574468,0.107526882,0.06741573,0.582417582,0.511363636,0.576470588,0.545454545,0.585365854,0.347826087,0.422222222,0.119565217,0.096774194,0.423626006
0,0,0,0,1,0,0,0,0,0,0.42,0.733333333,0.663636364,0.107142857,0.472222222,0.079545455,0.066666667,0.06741573,0.035714286,0.012658228,0.010638298,0.010752688,0.02247191,0.615384615,0.727272727,0.117647059,0.147727273,0.170731707,0.108695652,0.144444444,0.195652174,0.204301075,0.094012471
0,0,0,0,0,1,0,0,0,0,0.5,0.733333333,0.136363636,0.571428571,0.333333333,0.159090909,0.177777778,0.179775281,0.130952381,0.189873418,0.308510638,0.215053763,0.168539326,0.087912088,0.090909091,0.188235294,0.170454545,0.182926829,0.065217391,0.144444444,0.913043478,0.720430108,0.218672704
0,0,1,0,0,0,0,0,0,0,0.84,0.533333333,0.181818182,0.857142857,0.638888889,0.840909091,0.844444444,0.865168539,0.726190476,0.810126582,0.308510638,0.258064516,0.235955056,0.604395604,0.329545455,0.247058824,0.170454545,0.182926829,0.108695652,0.188888889,0.163043478,0.11827957,0.530545288
0,0,1,0,0,0,0,0,0,0,0.76,0.533333333,0.2,0.714285714,0.611111111,0.795454545,0.788888889,0.764044944,0.69047619,0.734177215,0.159574468,0.107526882,0.06741573,0.472527473,0.238636364,0.211764706,0.227272727,0.182926829,0.097826087,0.155555556,0.130434783,0.075268817,0.20226203
0,0,0,0,0,0,0,0,0,1,0.82,0.333333333,0.181818182,0.392857143,0.722222222,0.465909091,0.455555556,0.438202247,0.404761905,0.582278481,0.106382979,0.053763441,0.06741573,0.285714286,0.261363636,0.529411765,0.556818182,0.62195122,0.597826087,0.677777778,0.086956522,0.11827957,0.417001849
0,0,1,0,0,0,0,0,0,0,0.78,0.533333333,0.272727273,0.607142857,0.722222222,0.818181818,0.811111111,0.808988764,0.738095238,0.835443038,0.106382979,0.053763441,0.02247191,0.549450549,0.329545455,0.364705882,0.363636364,0.353658537,0.141304348,0.188888889,0.195652174,0.258064516,0.579663145
0,0,0,0,1,0,0,0,0,0,0.3,0.666666667,0.663636364,0.678571429,0.611111111,0.090909091,0.055555556,0.056179775,0.130952381,0.063291139,0.010638298,0.010752688,0.02247191,0.714285714,0.75,0.223529412,0.238636364,0.158536585,0.086956522,0.044444444,0.065217391,0.053763441,0.428496075
0,0,0,0,0,0,0,0,1,0,0.68,0.6,0.372727273,0.642857143,0.666666667,0.363636364,0.322222222,0.292134831,0.297619048,0.392405063,0.010638298,0.010752688,0.02247191,0.417582418,0.409090909,0.741176471,0.75,0.792682927,0.52173913,0.577777778,0.076086957,0.064516129,0.577556232
1,0,0,0,0,0,0,0,0,0,0.74,0.466666667,0.2,0.5,0.472222222,0.306818182,0.277777778,0.258426966,0.488095238,0.594936709,0.840425532,0.774193548,0.786516854,0.043956044,0.022727273,0.082352941,0.125,0.085365854,0.054347826,0.055555556,0.108695652,0.053763441,0.368784518
0,0,1,0,0,0,0,0,0,0,0.76,0.4,0.136363636,0.714285714,0.5,0.75,0.755555556,0.752808989,0.535714286,0.658227848,0.106382979,0.053763441,0.02247191,0.428571429,0.272727273,0.294117647,0.306818182,0.280487805,0.152173913,0.211111111,0.141304348,0.172043011,0.410062581
0,0,0,0,0,0,0,0,0,1,0.86,0.333333333,0.136363636,0.321428571,0.611111111,0.340909091,0.344444444,0.325842697,0.404761905,0.569620253,0.010638298,0.010752688,0.02247191,0.307692308,0.295454545,0.576470588,0.602272727,0.682926829,0.652173913,0.666666667,0.086956522,0.064516129,0.365417417
0,0,0,0,0,0,0,1,0,0,0.38,0.666666667,0.554545455,0.571428571,0.333333333,0.159090909,0.144444444,0.123595506,0.178571429,0.164556962,0.127659574,0.075268817,0.056179775,0.417582418,0.409090909,0.752941176,0.715909091,0.780487805,0.195652174,0.233333333,0.163043478,0.161290323,0.207381896
0,0,0,0,0,0,0,0,0,1,0.8,0.133333333,0.122727273,0.464285714,0.694444444,0.5,0.488888889,0.471910112,0.452380952,0.683544304,0.29787234,0.23655914,0.224719101,0.241758242,0.079545455,0.482352941,0.579545455,0.597560976,0.695652174,0.744444444,0.043478261,0.043010753,0.401895138
0,0,0,0,0,0,0,0,1,0,0.76,0.533333333,0.327272727,0.678571429,0.638888889,0.227272727,0.188888889,0.191011236,0.357142857,0.35443038,0.010638298,0.010752688,0.02247191,0.417582418,0.409090909,0.694117647,0.715909091,0.792682927,0.489130435,0.533333333,0.152173913,0.107526882,0.417399943
0,0,0,0,0,0,0,0,0,1,0.8,0.4,0.213636364,0.535714286,0.722222222,0.454545455,0.411111111,0.382022472,0.476190476,0.620253165,0.106382979,0.053763441,0.06741573,0.307692308,0.295454545,0.635294118,0.670454545,0.804878049,0.77173913,0.844444444,0.195652174,0.204301075,0.566109835
1,0,0,0,0,0,0,0,0,0,0.66,0.333333333,0.254545455,0.642857143,0.25,0.147727273,0.155555556,0.146067416,0.476190476,0.620253165,0.79787234,0.709677419,0.775280899,0.098901099,0.090909091,0.152941176,0.170454545,0.146341463,0.076086957,0.122222222,0.152173913,0.150537634,0.360803556
0,0,0,0,0,0,0,0,0,1,0.86,0.533333333,0.222727273,0.607142857,0.638888889,0.409090909,0.4,0.393258427,0.428571429,0.607594937,0.053191489,0.032258065,0.02247191,0.296703297,0.272727273,0.552941176,0.568181818,0.585365854,0.652173913,0.622222222,0.065217391,0.086021505,0.416602666
0,1,0,0,0,0,0,0,0,0,0.64,0.333333333,0.409090909,0.714285714,0.666666667,0.625,0.588888889,0.528089888,0.726190476,0.772151899,0.234042553,0.193548387,0.157303371,0.637362637,0.715909091,0.317647059,0.375,0.341463415,0.076086957,0.122222222,0.119565217,0.064516129,0.458975013
0,0,0,0,0,0,0,1,0,0,0.32,0.533333333,0.781818182,0.785714286,0.055555556,0.079545455,0.077777778,0.06741573,0.178571429,0.063291139,0.021276596,0.010752688,0.011235955,0.417582418,0.409090909,0.729411765,0.670454545,0.695121951,0.043478261,0.033333333,0.032608696,0.043010753,0.423626006
0,0,0,0,0,0,0,0,1,0,0.82,0.4,0.295454545,0.607142857,0.472222222,0.295454545,0.255555556,0.258426966,0.428571429,0.544303797,0.106382979,0.096774194,0.08988764,0.417582418,0.409090909,0.670588235,0.704545455,0.768292683,0.565217391,0.633333333,0.260869565,0.247311828,0.185727237
0,0,0,0,0,0,0,0,0,1,0.84,0.466666667,0.213636364,0.857142857,0.833333333,0.488636364,0.466666667,0.449438202,0.535714286,0.734177215,0.010638298,0.010752688,0.02247191,0.307692308,0.295454545,0.694117647,0.715909091,0.817073171,0.826086957,0.977777778,0.086956522,0.075268817,0.806197968
0,0,0,0,0,0,0,1,0,0,0.48,0.666666667,0.590909091,0.785714286,0.444444444,0.079545455,0.077777778,0.06741573,0.19047619,0.189873418,0.031914894,0.010752688,0,0.417582418,0.409090909,0.741176471,0.727272727,0.817073171,0.152173913,0.222222222,0.141304348,0.086021505,0.438463935
0,0,0,0,0,0,0,0,0,1,0.82,0.533333333,0.204545455,0.571428571,0.694444444,0.431818182,0.388888889,0.370786517,0.428571429,0.620253165,0.010638298,0.010752688,0.02247191,0.307692308,0.295454545,0.6,0.636363636,0.707317073,0.652173913,0.688888889,0.119565217,0.11827957,0.218672704
0,0,0,0,0,0,0,1,0,0,0.5,0.6,0.636363636,0.607142857,0.222222222,0.204545455,0.177777778,0.157303371,0.178571429,0.215189873,0.042553191,0.043010753,0.056179775,0.417582418,0.409090909,0.741176471,0.693181818,0.780487805,0.173913043,0.233333333,0.097826087,0.064516129,0.185727237
0,0,0,0,0,0,0,1,0,0,0.64,0.533333333,0.409090909,0.535714286,0.305555556,0.193181818,0.211111111,0.213483146,0.273809524,0.253164557,0,0,0.011235955,0.417582418,0.409090909,0.823529412,0.795454545,0.841463415,0.434782609,0.488888889,0.086956522,0.043010753,0.286858252
0,0,0,0,1,0,0,0,0,0,0.48,0.8,0.636363636,0.678571429,0.527777778,0.090909091,0.077777778,0.078651685,0.142857143,0.164556962,0.010638298,0.010752688,0.02247191,0.681318681,0.602272727,0.317647059,0.284090909,0.256097561,0.076086957,0.055555556,0.173913043,0.11827957,0.229152166
0,0,0,0,0,0,0,0,0,1,0.78,0.466666667,0.209090909,0.607142857,0.611111111,0.397727273,0.4,0.382022472,0.535714286,0.658227848,0.127659574,0.086021505,0.078651685,0.307692308,0.295454545,0.541176471,0.590909091,0.597560976,0.630434783,0.677777778,0.086956522,0.075268817,0.356643158
0,0,1,0,0,0,0,0,0,0,0.88,0.4,0.113636364,0.678571429,0.527777778,0.772727273,0.777777778,0.797752809,0.571428571,0.696202532,0.106382979,0.053763441,0.02247191,0.472527473,0.215909091,0.105882353,0.147727273,0.085365854,0.054347826,0.033333333,0.130434783,0.139784946,0.448116566
0,0,0,0,0,0,1,0,0,0,0.32,0.4,0.045454545,0.392857143,0.583333333,0.125,0.144444444,0.146067416,0.107142857,0.088607595,0.223404255,0.161290323,0.101123596,0.087912088,0.011363636,0.094117647,0.090909091,0.073170732,0.108695652,0.144444444,0.902173913,0.64516129,0.185727237
0,0,0,0,1,0,0,0,0,0,0.26,0.666666667,0.681818182,0.75,0.527777778,0.227272727,0.166666667,0.168539326,0.142857143,0.139240506,0.010638298,0.010752688,0.02247191,0.659340659,0.670454545,0.305882353,0.261363636,0.292682927,0.076086957,0.055555556,0.163043478,0.11827957,0.126569386
0,0,0,0,0,0,0,0,0,1,0.74,0.4,0.186363636,0.642857143,0.75,0.340909091,0.355555556,0.359550562,0.404761905,0.620253165,0.010638298,0.010752688,0.02247191,0.307692308,0.295454545,0.694117647,0.693181818,0.780487805,0.739130435,0.811111111,0.086956522,0.064516129,0.40452406
0,0,0,0,0,0,0,1,0,0,0.16,0.6,0.840909091,0.464285714,0.333333333,0.125,0.1,0.078651685,0.166666667,0.151898734,0.010638298,0.010752688,0.02247191,0.395604396,0.409090909,0.776470588,0.75,0.792682927,0.195652174,0.244444444,0.086956522,0.107526882,0.570072478
0,0,0,0,0,0,0,0,0,1,0.8,0.666666667,0.113636364,0.714285714,0.638888889,0.579545455,0.555555556,0.539325843,0.5,0.64556962,0.106382979,0.053763441,0.02247191,0.340659341,0.295454545,0.529411765,0.579545455,0.62195122,0.630434783,0.688888889,0.152173913,0.107526882,0.428127171
0,0,0,0,0,0,0,1,0,0,0.66,0.733333333,0.454545455,0.535714286,0.194444444,0.306818182,0.288888889,0.269662921,0.261904762,0.35443038,0.010638298,0.010752688,0.02247191,0.417582418,0.409090909,0.717647059,0.704545455,0.743902439,0.304347826,0.422222222,0.119565217,0.139784946,0.318243264
0,0,0,0,0,0,0,1,0,0,0.48,0.666666667,0.590909091,0.75,0.583333333,0.329545455,0.322222222,0.292134831,0.321428571,0.367088608,0.010638298,0.010752688,0.02247191,0.417582418,0.409090909,0.788235294,0.761363636,0.829268293,0.163043478,0.233333333,0.108695652,0.043010753,0.476425217
0,0,0,0,0,0,0,0,1,0,0.76,0.533333333,0.368181818,0.642857143,0.722222222,0.284090909,0.3,0.303370787,0.333333333,0.493670886,0.180851064,0.161290323,0.168539326,0.417582418,0.409090909,0.752941176,0.75,0.817073171,0.630434783,0.688888889,0.076086957,0.064516129,0.328831416
0,0,0,0,0,0,0,0,1,0,0.8,0.533333333,0.277272727,0.642857143,0.694444444,0.443181818,0.422222222,0.393258427,0.428571429,0.518987342,0.372340426,0.333333333,0.292134831,0.417582418,0.409090909,0.717647059,0.772727273,0.841463415,0.673913043,0.766666667,0.119565217,0.11827957,0.443868302
0,0,0,0,0,0,0,0,0,1,0.84,0.333333333,0.15,0.678571429,0.777777778,0.397727273,0.355555556,0.325842697,0.404761905,0.569620253,0.010638298,0.010752688,0.02247191,0.296703297,0.272727273,0.576470588,0.636363636,0.719512195,0.793478261,0.811111111,0.163043478,0.161290323,0.503687838
0,0,0,0,1,0,0,0,0,0,0.34,0.666666667,0.690909091,0.714285714,0.583333333,0.25,0.211111111,0.179775281,0.178571429,0.189873418,0.010638298,0.010752688,0.02247191,0.626373626,0.715909091,0.270588235,0.261363636,0.243902439,0.076086957,0.066666667,0.184782609,0.172043011,0.423626006
0,0,0,0,0,0,0,1,0,0,0,0.533333333,0.813636364,0.642857143,0.277777778,0.079545455,0.055555556,0.056179775,0.25,0.151898734,0.010638298,0.010752688,0.02247191,0.538461538,0.409090909,0.776470588,0.75,0.829268293,0.108695652,0.144444444,0.304347826,0.204301075,0.218672704
0,0,0,0,1,0,0,0,0,0,0.34,0.933333333,0.654545455,0.535714286,0.444444444,0.090909091,0.088888889,0.078651685,0.119047619,0.025316456,0.010638298,0.010752688,0.02247191,0.659340659,0.670454545,0.176470588,0.159090909,0.146341463,0.076086957,0.1,0.032608696,0.064516129,0.410062581
0,1,0,0,0,0,0,0,0,0,0.62,0.533333333,0.386363636,0.642857143,0.444444444,0.534090909,0.5,0.460674157,0.55952381,0.64556962,0.425531915,0.376344086,0.348314607,0.648351648,0.625,0.352941176,0.431818182,0.37804878,0.065217391,0.1,0.119565217,0.075268817,0.218672704
0,0,1,0,0,0,0,0,0,0,0.78,0.666666667,0.286363636,0.607142857,0.611111111,0.761363636,0.755555556,0.764044944,0.666666667,0.683544304,0.106382979,0.053763441,0.02247191,0.527472527,0.306818182,0.341176471,0.318181818,0.292682927,0.173913043,0.222222222,0.097826087,0.053763441,0.328831416
0,1,0,0,0,0,0,0,0,0,0.88,0.133333333,0.118181818,0.642857143,0.583333333,0.636363636,0.588888889,0.606741573,0.666666667,0.797468354,0.212765957,0.204301075,0.179775281,0.362637363,0.340909091,0.176470588,0.204545455,0.195121951,0.217391304,0.277777778,0.032608696,0.043010753,0.368784518
0,0,0,0,1,0,0,0,0,0,0.34,0.8,0.654545455,0.5,0.444444444,0.147727273,0.166666667,0.168539326,0.142857143,0.075949367,0.010638298,0.010752688,0.02247191,0.615384615,0.568181818,0.188235294,0.136363636,0.170731707,0.076086957,0.088888889,0.141304348,0.096774194,0.223256366
0,0,0,0,0,0,1,0,0,0,0.32,0.466666667,0.227272727,0.75,0.611111111,0.125,0.133333333,0.123595506,0.130952381,0.139240506,0.308510638,0.290322581,0.247191011,0.087912088,0.068181818,0.176470588,0.193181818,0.207317073,0.076086957,0.088888889,0.956521739,0.817204301,0.445188684
0,0,1,0,0,0,0,0,0,0,0.78,0.133333333,0.113636364,0.535714286,0.638888889,0.761363636,0.766666667,0.752808989,0.607142857,0.784810127,0.287234043,0.225806452,0.280898876,0.373626374,0.238636364,0.235294118,0.284090909,0.195121951,0.054347826,0.2,0.206521739,0.258064516,0.226234045
0,0,0,0,0,0,0,1,0,0,0.48,0.666666667,0.590909091,0.714285714,0.361111111,0.170454545,0.155555556,0.134831461,0.273809524,0.189873418,0.010638298,0.010752688,0.02247191,0.406593407,0.397727273,0.788235294,0.772727273,0.817073171,0.141304348,0.211111111,0.108695652,0.11827957,0.259085412
0,0,0,0,1,0,0,0,0,0,0.3,0.866666667,0.727272727,0,0.444444444,0.068181818,0.055555556,0.056179775,0.083333333,0.164556962,0.010638298,0.010752688,0.02247191,0.615384615,0.579545455,0.294117647,0.227272727,0.219512195,0.054347826,0.055555556,0.119565217,0.075268817,0.218672704
0,0,0,0,0,1,0,0,0,0,0.46,0.666666667,0.295454545,0.821428571,0.611111111,0.102272727,0.122222222,0.123595506,0.071428571,0.037974684,0.265957447,0.268817204,0.235955056,0.164835165,0.113636364,0.047058824,0.136363636,0.097560976,0.076086957,0.088888889,0.934782609,0.849462366,0.094012471
0,0,0,0,0,0,0,1,0,0,0.6,0.466666667,0.545454545,0.678571429,0.5,0.136363636,0.133333333,0.123595506,0.166666667,0.088607595,0.010638298,0.010752688,0.02247191,0.417582418,0.409090909,0.752941176,0.75,0.792682927,0.152173913,0.244444444,0.141304348,0.150537634,0.229152166
0,0,0,0,0,0,0,0,1,0,0.78,0.466666667,0.318181818,0.5,0.527777778,0.261363636,0.222222222,0.224719101,0.333333333,0.506329114,0.180851064,0.129032258,0.08988764,0.417582418,0.409090909,0.741176471,0.727272727,0.804878049,0.554347826,0.577777778,0.108695652,0.064516129,0.218672704
0,0,0,1,0,0,0,0,0,0,0.58,0.8,0.340909091,0.892857143,0.555555556,0.613636364,0.588888889,0.573033708,0.595238095,0.670886076,0.010638298,0.010752688,0.02247191,0.703296703,0.647727273,0.247058824,0.261363636,0.256097561,0.097826087,0.155555556,0.152173913,0.139784946,0.369889835
0,0,1,0,0,0,0,0,0,0,0.82,0.533333333,0.2,0.607142857,0.638888889,0.840909091,0.833333333,0.831460674,0.69047619,0.721518987,0.159574468,0.107526882,0.06741573,0.505494505,0.306818182,0.294117647,0.306818182,0.256097561,0.152173913,0.188888889,0.119565217,0.107526882,0.463392137
0,0,0,0,1,0,0,0,0,0,0.4,0.733333333,0.704545455,0.571428571,0.694444444,0.159090909,0.122222222,0.123595506,0.154761905,0.101265823,0.010638298,0.010752688,0.02247191,0.846153846,0.829545455,0.223529412,0.159090909,0.158536585,0.054347826,0.088888889,0.195652174,0.204301075,0.674106408
0,0,0,1,0,0,0,0,0,0,0.62,0.733333333,0.422727273,0.678571429,0.611111111,0.727272727,0.7,0.674157303,0.69047619,0.734177215,0.595744681,0.537634409,0.483146067,0.681318681,0.636363636,0.258823529,0.261363636,0.243902439,0.086956522,0.133333333,0.217391304,0.150537634,0.094012471
0,0,0,1,0,0,0,0,0,0,0.34,0.666666667,0.386363636,0.642857143,0.361111111,0.431818182,0.411111111,0.393258427,0.261904762,0.291139241,0.010638298,0.010752688,0.02247191,0.406593407,0.5,0.447058824,0.431818182,0.43902439,0.217391304,0.188888889,0.065217391,0.075268817,0.410480039
0,0,0,1,0,0,0,0,0,0,0.6,0.8,0.45,0.785714286,0.666666667,0.681818182,0.655555556,0.629213483,0.607142857,0.708860759,0.106382979,0.053763441,0.02247191,0.626373626,0.556818182,0.423529412,0.431818182,0.426829268,0.173913043,0.211111111,0.173913043,0.139784946,0.410062581
0,0,0,0,0,0,0,1,0,0,0.58,0.666666667,0.581818182,0.75,0.472222222,0.181818182,0.155555556,0.134831461,0.178571429,0.202531646,0.042553191,0.043010753,0.056179775,0.417582418,0.409090909,0.894117647,0.829545455,0.902439024,0.217391304,0.288888889,0.097826087,0.064516129,0.77215988
0,0,0,1,0,0,0,0,0,0,0.66,0.733333333,0.359090909,0.607142857,0.388888889,0.670454545,0.655555556,0.629213483,0.607142857,0.620253165,0.106382979,0.053763441,0.02247191,0.582417582,0.534090909,0.247058824,0.215909091,0.195121951,0.097826087,0.155555556,0.152173913,0.139784946,0.218672704
0,0,0,0,0,0,0,0,0,1,0.84,0.4,0.15,0.821428571,0.777777778,0.420454545,0.388888889,0.382022472,0.583333333,0.708860759,0.170212766,0.107526882,0.08988764,0.307692308,0.181818182,0.435294118,0.534090909,0.56097561,0.597826087,0.711111111,0.163043478,0.182795699,0.446497224
0,0,0,0,1,0,0,0,0,0,0.26,0.733333333,0.704545455,0.607142857,0.5,0.125,0.088888889,0.08988764,0.095238095,0.075949367,0.010638298,0.010752688,0.02247191,0.626373626,0.602272727,0.305882353,0.284090909,0.268292683,0.076086957,0.088888889,0.141304348,0.107526882,0.32810008
0,0,0,0,0,0,0,0,1,0,0.82,0.6,0.363636364,0.214285714,0.5,0.386363636,0.377777778,0.359550562,0.416666667,0.518987342,0.14893617,0.086021505,0.06741573,0.417582418,0.409090909,0.811764706,0.75,0.87804878,0.586956522,0.588888889,0.097826087,0.096774194,0.417399943
0,0,1,0,0,0,0,0,0,0,0.76,0.333333333,0.131818182,0.642857143,0.666666667,0.772727273,0.766666667,0.741573034,0.642857143,0.746835443,0.106382979,0.053763441,0.02247191,0.494505495,0.261363636,0.235294118,0.295454545,0.280487805,0.173913043,0.244444444,0.130434783,0.096774194,0.416602666
0,1,0,0,0,0,0,0,0,0,0.82,0.4,0.25,0.464285714,0.444444444,0.534090909,0.511111111,0.460674157,0.714285714,0.810126582,0.159574468,0.107526882,0.06741573,0.362637363,0.443181818,0.188235294,0.238636364,0.219512195,0.065217391,0.111111111,0.086956522,0.053763441,0.423626006
0,1,0,0,0,0,0,0,0,0,0.78,0.466666667,0.25,0.75,0.694444444,0.625,0.588888889,0.550561798,0.845238095,0.860759494,0.159574468,0.129032258,0.08988764,0.307692308,0.420454545,0.258823529,0.272727273,0.256097561,0.065217391,0.122222222,0.108695652,0.096774194,0.417399943
0,0,0,0,1,0,0,0,0,0,0.54,0.666666667,0.745454545,0.714285714,0.472222222,0.113636364,0.1,0.08988764,0.107142857,0.075949367,0.010638298,0.010752688,0.02247191,0.681318681,0.647727273,0.2,0.204545455,0.219512195,0.032608696,0.022222222,0.217391304,0.182795699,0.416602666
0,0,1,0,0,0,0,0,0,0,0.74,0.133333333,0.095454545,0.607142857,0.472222222,0.772727273,0.766666667,0.764044944,0.547619048,0.708860759,0.106382979,0.053763441,0.02247191,0.461538462,0.306818182,0.294117647,0.318181818,0.243902439,0.119565217,0.188888889,0.108695652,0.064516129,0.196955947
0,0,1,0,0,0,0,0,0,0,0.86,0.6,0.159090909,0.535714286,0.444444444,0.693181818,0.711111111,0.730337079,0.55952381,0.683544304,0.234042553,0.161290323,0.08988764,0.384615385,0.295454545,0.317647059,0.272727273,0.329268293,0.141304348,0.211111111,0.119565217,0.075268817,0.229152166
0,0,0,1,0,0,0,0,0,0,0.58,0.733333333,0.409090909,0.714285714,0.527777778,0.647727273,0.622222222,0.595505618,0.619047619,0.620253165,0.106382979,0.053763441,0.02247191,0.604395604,0.545454545,0.411764706,0.386363636,0.365853659,0.076086957,0.111111111,0.184782609,0.139784946,0.410062581
0,1,0,0,0,0,0,0,0,0,0.74,0.2,0.204545455,0.535714286,0.611111111,0.602272727,0.555555556,0.505617978,0.880952381,0.886075949,0.212765957,0.161290323,0.123595506,0.362637363,0.5,0.282352941,0.306818182,0.292682927,0.173913043,0.233333333,0.152173913,0.107526882,0.30425893
0,0,0,0,0,0,0,1,0,0,0.66,0.6,0.477272727,0.5,0.583333333,0.147727273,0.133333333,0.112359551,0.297619048,0.35443038,0.010638298,0.010752688,0.02247191,0.417582418,0.409090909,0.952941176,0.909090909,0.914634146,0.369565217,0.477777778,0.130434783,0.139784946,0.619562551
0,0,0,0,0,1,0,0,0,0,0.7,0.533333333,0.272727273,0.5,0.694444444,0.147727273,0.166666667,0.168539326,0.261904762,0.101265823,0.265957447,0.268817204,0.235955056,0,0,0.329411765,0.284090909,0.426829268,0.054347826,0.222222222,0.934782609,0.88172043,0.528517569
0,0,0,0,0,0,0,1,0,0,0.48,0.666666667,0.681818182,0.642857143,0.444444444,0.079545455,0.055555556,0.033707865,0.095238095,0.126582278,0.010638298,0.010752688,0.02247191,0.417582418,0.409090909,0.835294118,0.784090909,0.853658537,0.163043478,0.211111111,0.010869565,0,0.636714083
0,0,0,0,1,0,0,0,0,0,0.3,0.6,0.636363636,0.785714286,0.388888889,0.193181818,0.155555556,0.146067416,0.19047619,0.151898734,0.010638298,0.010752688,0.02247191,0.648351648,0.625,0.294117647,0.215909091,0.182926829,0.054347826,0.033333333,0.076086957,0.064516129,0.185727237
0,0,0,0,0,0,0,0,0,1,0.8,0.533333333,0.168181818,0.75,0.722222222,0.465909091,0.455555556,0.438202247,0.452380952,0.594936709,0.127659574,0.096774194,0.08988764,0.296703297,0.227272727,0.517647059,0.613636364,0.597560976,0.739130435,0.766666667,0.097826087,0.11827957,0.417399943
0,1,0,0,0,0,0,0,0,0,0.78,0.266666667,0.154545455,0.75,0.666666667,0.670454545,0.644444444,0.595505618,0.80952381,0.848101266,0.159574468,0.107526882,0.06741573,0.252747253,0.454545455,0.211764706,0.204545455,0.195121951,0.141304348,0.2,0.108695652,0.064516129,0.224752801
0,0,0,1,0,0,0,0,0,0,0.64,0.8,0.363636364,0.642857143,0.472222222,0.681818182,0.666666667,0.651685393,0.642857143,0.683544304,0.106382979,0.053763441,0.02247191,0.571428571,0.534090909,0.223529412,0.238636364,0.207317073,0.097826087,0.1,0.152173913,0.139784946,0.417399943
0,0,0,0,0,0,0,1,0,0,0.58,0.533333333,0.545454545,0.785714286,0.555555556,0.079545455,0.077777778,0.06741573,0.178571429,0.17721519,0.010638298,0.010752688,0.02247191,0.417582418,0.409090909,0.835294118,0.806818182,0.853658537,0.152173913,0.211111111,0.141304348,0.129032258,0.430690119
0,0,0,1,0,0,0,0,0,0,0.66,0.666666667,0.413636364,0.571428571,0.5,0.636363636,0.622222222,0.606741573,0.595238095,0.670886076,0.106382979,0.053763441,0.02247191,0.483516484,0.5,0.211764706,0.204545455,0.182926829,0.108695652,0.155555556,0.130434783,0.096774194,0.30252199
0,0,0,0,1,0,0,0,0,0,0.3,0.8,0.75,0.571428571,0.527777778,0.079545455,0.044444444,0.04494382,0.035714286,0.025316456,0.010638298,0.010752688,0.02247191,0.681318681,0.602272727,0.152941176,0.147727273,0.097560976,0.054347826,0.033333333,0.043478261,0.043010753,0.418981543
0,0,0,0,1,0,0,0,0,0,0.28,0.8,0.704545455,0.857142857,0.694444444,0.284090909,0.277777778,0.269662921,0.30952381,0.341772152,0.053191489,0.032258065,0.02247191,0.758241758,0.693181818,0.376470588,0.363636364,0.341463415,0.108695652,0.144444444,0.358695652,0.333333333,0.417399943
0,0,0,0,0,0,0,1,0,0,0.62,0.733333333,0.568181818,0.535714286,0.277777778,0.534090909,0.522222222,0.483146067,0.535714286,0.518987342,0.021276596,0.010752688,0.011235955,0.472527473,0.431818182,0.788235294,0.761363636,0.804878049,0.27173913,0.355555556,0.086956522,0.096774194,0.460462296
0,0,0,1,0,0,0,0,0,0,0.6,0.8,0.390909091,0.714285714,0.638888889,0.715909091,0.7,0.674157303,0.678571429,0.670886076,0.106382979,0.053763441,0.02247191,0.593406593,0.568181818,0.164705882,0.136363636,0.158536585,0.054347826,0.066666667,0.130434783,0.086021505,0.46105299
0,0,1,0,0,0,0,0,0,0,0.76,0.533333333,0.186363636,0.714285714,0.583333333,0.704545455,0.7,0.696629213,0.654761905,0.721518987,0.372340426,0.279569892,0.280898876,0.483516484,0.25,0.211764706,0.204545455,0.182926829,0.054347826,0.033333333,0.108695652,0.096774194,0.423626006
0,0,0,1,0,0,0,0,0,0,0.52,0.6,0.386363636,0.607142857,0.472222222,0.329545455,0.311111111,0.303370787,0.25,0.329113924,0.010638298,0.010752688,0.02247191,0.417582418,0.511363636,0.423529412,0.375,0.414634146,0.108695652,0.2,0.108695652,0.150537634,0.321347662
0,0,0,0,0,0,0,1,0,0,0.34,0.6,0.636363636,0.464285714,0.138888889,0.193181818,0.166666667,0.146067416,0.178571429,0.215189873,0.042553191,0.043010753,0.056179775,0.417582418,0.409090909,0.764705882,0.727272727,0.768292683,0.173913043,0.233333333,0.097826087,0.064516129,0.218672704
0,0,0,0,0,0,0,0,0,1,0.78,0.266666667,0.109090909,0.714285714,0.666666667,0.363636364,0.344444444,0.337078652,0.345238095,0.556962025,0.010638298,0.010752688,0.02247191,0.307692308,0.295454545,0.4,0.477272727,0.524390244,0.673913043,0.611111111,0.065217391,0.053763441,0.410062581
0,0,1,0,0,0,0,0,0,0,0.82,0,0.045454545,0.392857143,0.555555556,0.761363636,0.777777778,0.786516854,0.547619048,0.772151899,0.319148936,0.268817204,0.179775281,0.351648352,0.181818182,0.141176471,0.204545455,0.109756098,0.065217391,0.2,0.130434783,0.096774194,0.443536331
0,0,0,0,0,1,0,0,0,0,0.3,0.733333333,0.313636364,0.785714286,0.611111111,0.181818182,0.2,0.202247191,0.107142857,0.063291139,0.489361702,0.397849462,0.314606742,0.241758242,0.181818182,0.164705882,0.193181818,0.219512195,0.108695652,0.088888889,0.934782609,0.784946237,0.432493618
0,0,1,0,0,0,0,0,0,0,0.8,0.466666667,0.172727273,0.714285714,0.583333333,0.715909091,0.733333333,0.719101124,0.654761905,0.784810127,0.212765957,0.161290323,0.123595506,0.483516484,0.375,0.247058824,0.272727273,0.243902439,0.130434783,0.155555556,0.086956522,0.086021505,0.30252199
0,0,0,0,1,0,0,0,0,0,0.22,0.666666667,0.681818182,0.785714286,0.694444444,0.147727273,0.111111111,0.078651685,0.107142857,0.025316456,0.010638298,0.010752688,0.02247191,0.714285714,0.852272727,0.235294118,0.261363636,0.243902439,0.076086957,0.055555556,0.195652174,0.161290323,0.570768905
0,0,1,0,0,0,0,0,0,0,0.82,0.466666667,0.181818182,0.714285714,0.583333333,0.715909091,0.7,0.674157303,0.642857143,0.746835443,0.106382979,0.053763441,0.02247191,0.483516484,0.204545455,0.294117647,0.318181818,0.292682927,0.184782609,0.211111111,0.119565217,0.075268817,0.207381896
0,0,0,0,0,0,0,0,1,0,0.54,0.533333333,0.459090909,0.607142857,0.25,0.215909091,0.211111111,0.213483146,0.369047619,0.443037975,0.010638298,0.010752688,0.02247191,0.417582418,0.409090909,0.729411765,0.704545455,0.780487805,0.326086957,0.377777778,0.184782609,0.139784946,0.218672704
0,0,0,0,1,0,0,0,0,0,0.3,0.866666667,0.709090909,0.285714286,0.555555556,0.102272727,0.122222222,0.123595506,0.154761905,0.088607595,0.010638298,0.010752688,0.02247191,0.769230769,0.738636364,0.176470588,0.102272727,0.182926829,0.076086957,0.088888889,0.184782609,0.172043011,0.627026412
1,0,0,0,0,0,0,0,0,0,0.6,0.533333333,0.25,0.464285714,0.277777778,0.045454545,0.066666667,0.06741573,0.297619048,0.35443038,0.755319149,0.709677419,0.752808989,0.098901099,0.045454545,0.117647059,0.147727273,0.109756098,0.065217391,0.133333333,0.608695652,0.537634409,0.37261704
0,0,0,0,1,0,0,0,0,0,0.3,0.733333333,0.659090909,0.642857143,0.555555556,0.113636364,0.111111111,0.112359551,0.130952381,0.050632911,0.010638298,0.010752688,0.02247191,0.714285714,0.681818182,0.235294118,0.238636364,0.243902439,0.108695652,0.155555556,0.152173913,0.247311828,0.401895138
0,0,0,0,0,0,0,0,1,0,0.68,0.666666667,0.681818182,0.75,0.333333333,0.238636364,0.211111111,0.179775281,0.428571429,0.46835443,0.010638298,0.010752688,0.02247191,0.417582418,0.454545455,0.788235294,0.75,0.829268293,0.27173913,0.311111111,0.010869565,0,0.218672704
0,0,0,0,0,0,0,1,0,0,0.44,0.733333333,0.613636364,0.857142857,0.666666667,0.204545455,0.188888889,0.179775281,0.202380952,0.189873418,0.010638298,0.010752688,0.02247191,0.417582418,0.409090909,1,0.954545455,0.975609756,0.184782609,0.277777778,0.054347826,0.053763441,0.784452508
0,0,0,1,0,0,0,0,0,0,0.66,0.733333333,0.318181818,0.678571429,0.611111111,0.693181818,0.677777778,0.674157303,0.69047619,0.708860759,0.106382979,0.107526882,0.06741573,0.604395604,0.613636364,0.458823529,0.477272727,0.451219512,0.195652174,0.266666667,0.141304348,0.129032258,0.463392137
0,0,0,0,1,0,0,0,0,0,0.38,0.733333333,0.709090909,0.714285714,0.611111111,0.079545455,0.066666667,0.06741573,0.166666667,0.075949367,0.010638298,0.010752688,0.02247191,0.736263736,0.715909091,0.2,0.170454545,0.158536585,0.054347826,0.044444444,0.119565217,0.11827957,0.440514103
0,0,1,0,0,0,0,0,0,0,0.78,0.466666667,0.186363636,0.678571429,0.5,0.75,0.766666667,0.775280899,0.583333333,0.721518987,0.106382979,0.053763441,0.02247191,0.406593407,0.306818182,0.258823529,0.284090909,0.268292683,0.22826087,0.288888889,0.108695652,0.064516129,0.220216647
0,0,0,0,1,0,0,0,0,0,0.36,0.666666667,0.695454545,0.857142857,0.694444444,0.159090909,0.155555556,0.134831461,0.178571429,0.139240506,0.031914894,0.032258065,0.04494382,0.78021978,0.818181818,0.164705882,0.181818182,0.170731707,0.054347826,0.022222222,0.27173913,0.258064516,0.537340935
0,0,0,0,1,0,0,0,0,0,0.32,0.8,0.681818182,0.392857143,0.472222222,0.170454545,0.155555556,0.146067416,0.142857143,0.101265823,0,0,0.011235955,0.681318681,0.659090909,0.258823529,0.204545455,0.134146341,0.032608696,0.022222222,0.043478261,0.043010753,0.423626006
0,0,0,0,0,0,0,0,1,0,0.7,0.466666667,0.318181818,0.607142857,0.305555556,0.295454545,0.255555556,0.224719101,0.452380952,0.46835443,0.340425532,0.290322581,0.258426966,0.417582418,0.409090909,0.717647059,0.704545455,0.780487805,0.565217391,0.6,0.141304348,0.150537634,0.218672704
0,0,0,0,0,0,0,1,0,0,0.44,0.8,0.636363636,0.321428571,0.277777778,0.181818182,0.155555556,0.157303371,0.25,0.151898734,0.010638298,0.010752688,0.02247191,0.417582418,0.409090909,0.835294118,0.772727273,0.841463415,0.217391304,0.244444444,0.108695652,0.204301075,0.218672704
0,0,0,0,0,0,0,0,0,1,0.88,0.533333333,0.172727273,0.75,0.722222222,0.579545455,0.577777778,0.561797753,0.55952381,0.64556962,0.404255319,0.387096774,0.382022472,0.307692308,0.181818182,0.447058824,0.545454545,0.548780488,0.706521739,0.688888889,0.141304348,0.096774194,0.423626006
0,0,0,0,0,0,0,0,0,1,0.8,0.333333333,0.181818182,0.857142857,0.861111111,0.443181818,0.4,0.382022472,0.523809524,0.696202532,0.010638298,0.010752688,0.02247191,0.307692308,0.295454545,0.658823529,0.693181818,0.780487805,0.684782609,0.733333333,0.108695652,0.139784946,0.50759614
0,0,0,0,0,0,0,1,0,0,0.28,0.666666667,0.690909091,0.642857143,0.361111111,0.102272727,0.1,0.08988764,0.166666667,0.17721519,0.010638298,0.010752688,0.02247191,0.417582418,0.409090909,0.811764706,0.761363636,0.817073171,0.108695652,0.144444444,0.086956522,0.064516129,0.458675728
0,0,0,0,1,0,0,0,0,0,0.24,0.733333333,0.75,0.607142857,0.555555556,0.090909091,0.066666667,0.06741573,0.119047619,0.063291139,0.010638298,0.010752688,0.02247191,0.714285714,0.75,0.247058824,0.204545455,0.219512195,0.076086957,0.077777778,0.141304348,0.150537634,0.218672704
0,0,0,0,0,0,0,0,0,1,0.84,0.333333333,0.109090909,0.571428571,0.75,0.295454545,0.255555556,0.258426966,0.333333333,0.544303797,0.010638298,0.010752688,0.02247191,0.120879121,0.011363636,0.447058824,0.556818182,0.56097561,0.739130435,0.822222222,0.032608696,0.053763441,0.126569386
0,1,0,0,0,0,0,0,0,0,0.84,0.266666667,0.190909091,0.714285714,0.555555556,0.613636364,0.577777778,0.539325843,0.773809524,0.797468354,0.170212766,0.107526882,0.08988764,0.296703297,0.511363636,0.317647059,0.329545455,0.280487805,0.108695652,0.144444444,0.130434783,0.086021505,0.355432352
0,0,1,0,0,0,0,0,0,0,0.78,0.666666667,0.286363636,0.642857143,0.777777778,0.875,0.877777778,0.865168539,0.714285714,0.797468354,0.361702128,0.301075269,0.269662921,0.527472527,0.386363636,0.447058824,0.352272727,0.414634146,0.097826087,0.144444444,0.163043478,0.096774194,0.4761597
0,0,0,0,0,0,0,0,1,0,0.74,0.466666667,0.340909091,0.75,0.444444444,0.261363636,0.222222222,0.224719101,0.44047619,0.455696203,0.180851064,0.129032258,0.08988764,0.417582418,0.352272727,0.682352941,0.647727273,0.743902439,0.456521739,0.511111111,0.326086957,0.279569892,0.318243264
0,0,1,0,0,0,0,0,0,0,0.86,0.6,0.259090909,0.571428571,0.444444444,0.693181818,0.7,0.730337079,0.619047619,0.708860759,0.106382979,0.053763441,0.06741573,0.417582418,0.284090909,0.294117647,0.306818182,0.292682927,0.076086957,0.122222222,0.163043478,0.107526882,0.410062581
0,0,0,1,0,0,0,0,0,0,0.48,0.733333333,0.477272727,0.75,0.527777778,0.659090909,0.633333333,0.606741573,0.607142857,0.620253165,0.180851064,0.107526882,0.078651685,0.637362637,0.613636364,0.294117647,0.295454545,0.268292683,0.054347826,0.033333333,0.086956522,0.064516129,0.417399943
0,0,0,0,0,0,0,0,1,0,0.7,0.6,0.340909091,0.785714286,0.75,0.477272727,0.477777778,0.471910112,0.488095238,0.53164557,0.117021277,0.075268817,0.06741573,0.417582418,0.409090909,0.776470588,0.806818182,0.841463415,0.597826087,0.688888889,0.369565217,0.344086022,0.497162255
0,0,0,0,0,0,0,1,0,0,0.24,0.466666667,0.713636364,0.821428571,0.472222222,0.102272727,0.077777778,0.056179775,0.214285714,0.17721519,0.010638298,0.010752688,0.02247191,0.417582418,0.409090909,0.788235294,0.772727273,0.829268293,0.152173913,0.233333333,0.108695652,0.064516129,0.094012471
0,0,0,0,1,0,0,0,0,0,0.22,0.8,0.690909091,0.571428571,0.555555556,0.056818182,0.044444444,0.04494382,0.107142857,0.075949367,0.010638298,0.010752688,0.02247191,0.703296703,0.625,0.352941176,0.329545455,0.304878049,0.054347826,0.044444444,0.086956522,0.086021505,0.417399943
0,0,0,0,0,0,0,1,0,0,0.3,0.466666667,0.768181818,0.535714286,0.388888889,0.159090909,0.133333333,0.123595506,0.214285714,0.189873418,0.010638298,0.010752688,0.02247191,0.417582418,0.409090909,0.741176471,0.715909091,0.780487805,0.163043478,0.233333333,0.141304348,0.150537634,0.218672704
0,0,0,0,1,0,0,0,0,0,0.4,0.866666667,0.922727273,0.142857143,0.277777778,0.147727273,0.122222222,0.123595506,0.273809524,0.101265823,0.010638298,0.010752688,0.02247191,0.835164835,0.704545455,0.317647059,0.136363636,0.158536585,0.076086957,0.088888889,0.141304348,0.150537634,0.328831416
0,0,0,0,0,0,1,0,0,0,0.48,0.066666667,0.077272727,0.571428571,0.611111111,0.113636364,0.133333333,0.134831461,0.071428571,0.126582278,0.329787234,0.268817204,0.213483146,0.054945055,0.011363636,0.082352941,0.102272727,0.109756098,0.108695652,0.088888889,0.891304348,0.709677419,0.30252199
0,0,0,1,0,0,0,0,0,0,0.64,0.8,0.409090909,0.5,0.638888889,0.727272727,0.711111111,0.696629213,0.738095238,0.797468354,0.670212766,0.612903226,0.617977528,0.582417582,0.522727273,0.270588235,0.238636364,0.280487805,0.152173913,0.2,0.195652174,0.150537634,0.654663115
0,1,0,0,0,0,0,0,0,0,0.82,0.4,0.272727273,0.642857143,0.527777778,0.568181818,0.511111111,0.471910112,0.738095238,0.82278481,0.180851064,0.11827957,0.101123596,0.351648352,0.465909091,0.2,0.238636364,0.280487805,0.108695652,0.1,0.108695652,0.129032258,0.207381896
0,0,1,0,0,0,0,0,0,0,0.76,0.133333333,0.090909091,0.678571429,0.583333333,0.727272727,0.733333333,0.741573034,0.595238095,0.721518987,0.106382979,0.053763441,0.02247191,0.406593407,0.238636364,0.305882353,0.329545455,0.341463415,0.108695652,0.166666667,0.108695652,0.064516129,0.229152166
0,0,0,0,0,0,0,1,0,0,0.64,0.533333333,0.436363636,0.75,0.444444444,0.204545455,0.177777778,0.157303371,0.178571429,0.202531646,0.010638298,0.010752688,0.02247191,0.417582418,0.409090909,0.776470588,0.738636364,0.817073171,0.260869565,0.4,0.097826087,0.053763441,0.094012471
0,0,0,1,0,0,0,0,0,0,0.66,0.666666667,0.418181818,0.607142857,0.527777778,0.659090909,0.633333333,0.606741573,0.571428571,0.607594937,0.563829787,0.494623656,0.471910112,0.516483516,0.534090909,0.4,0.375,0.365853659,0.108695652,0.177777778,0.108695652,0.075268817,0.229152166
0,0,0,0,1,0,0,0,0,0,0.26,0.733333333,0.636363636,0.642857143,0.388888889,0.079545455,0.066666667,0.06741573,0.130952381,0.126582278,0.010638298,0.010752688,0.02247191,0.648351648,0.681818182,0.2,0.181818182,0.134146341,0.054347826,0.055555556,0.076086957,0.086021505,0.294439241
0,0,0,1,0,0,0,0,0,0,0.76,0.733333333,0.395454545,0.785714286,0.916666667,0.909090909,0.888888889,0.876404494,0.726190476,0.82278481,0.106382979,0.053763441,0.011235955,0.67032967,0.511363636,0.211764706,0.227272727,0.195121951,0.076086957,0.088888889,0.054347826,0.043010753,0.74185698
0,0,1,0,0,0,0,0,0,0,0.78,0.533333333,0.25,0.571428571,0.5,0.795454545,0.788888889,0.786516854,0.583333333,0.759493671,0.234042553,0.193548387,0.168539326,0.604395604,0.488636364,0.411764706,0.420454545,0.402439024,0.119565217,0.188888889,0.163043478,0.150537634,0.286858252
0,0,1,0,0,0,0,0,0,0,0.8,0.666666667,0.236363636,0.642857143,0.694444444,0.840909091,0.844444444,0.853932584,0.654761905,0.772151899,0.159574468,0.107526882,0.123595506,0.527472527,0.386363636,0.258823529,0.227272727,0.231707317,0.163043478,0.211111111,0.130434783,0.096774194,0.625888036
0,0,0,0,1,0,0,0,0,0,0.46,0.6,0.686363636,0.785714286,0.555555556,0.306818182,0.3,0.269662921,0.357142857,0.35443038,0.010638298,0.010752688,0.02247191,0.615384615,0.659090909,0.317647059,0.329545455,0.280487805,0.054347826,0.033333333,0.076086957,0.064516129,0.417001849
0,0,0,0,0,0,0,0,1,0,0.64,0.466666667,0.340909091,0.285714286,0.527777778,0.363636364,0.322222222,0.280898876,0.452380952,0.455696203,0.010638298,0.010752688,0.02247191,0.417582418,0.409090909,0.741176471,0.681818182,0.804878049,0.380434783,0.533333333,0.076086957,0.043010753,0.364848601
0,0,0,0,0,0,1,0,0,0,0.44,0.4,0.136363636,0.5,0.638888889,0.079545455,0.1,0.101123596,0.071428571,0.101265823,0.308510638,0.258064516,0.213483146,0.164835165,0.079545455,0.176470588,0.113636364,0.146341463,0.076086957,0.055555556,0.967391304,0.827956989,0.229152166
0,0,0,0,1,0,0,0,0,0,0.46,0.733333333,0.686363636,0.607142857,0.75,0.090909091,0.088888889,0.056179775,0.119047619,0.025316456,0.010638298,0.010752688,0.02247191,0.89010989,0.863636364,0.211764706,0.204545455,0.182926829,0.054347826,0.044444444,0.130434783,0.107526882,0.772683137
0,1,0,0,0,0,0,0,0,0,0.78,0.4,0.240909091,0.785714286,0.638888889,0.545454545,0.511111111,0.471910112,0.833333333,0.860759494,0.159574468,0.11827957,0.08988764,0.296703297,0.477272727,0.258823529,0.284090909,0.268292683,0.065217391,0.1,0.108695652,0.096774194,0.445844421
0,0,1,0,0,0,0,0,0,0,0.84,0.333333333,0.240909091,0.678571429,0.638888889,0.75,0.755555556,0.775280899,0.714285714,0.835443038,0.127659574,0.086021505,0.06741573,0.461538462,0.306818182,0.176470588,0.181818182,0.231707317,0.108695652,0.188888889,0.141304348,0.075268817,0.218672704
0,0,0,0,0,0,0,0,1,0,0.76,0.4,0.309090909,0.535714286,0.472222222,0.272727273,0.233333333,0.235955056,0.30952381,0.367088608,0.010638298,0.010752688,0.02247191,0.417582418,0.409090909,0.752941176,0.727272727,0.792682927,0.554347826,0.611111111,0.119565217,0.064516129,0.229152166
0,1,0,0,0,0,0,0,0,0,0.74,0.333333333,0.204545455,0.785714286,0.555555556,0.636363636,0.6,0.550561798,0.69047619,0.784810127,0.255319149,0.204301075,0.191011236,0.318681319,0.511363636,0.223529412,0.193181818,0.256097561,0.108695652,0.144444444,0.130434783,0.161290323,0.349222853
0,0,1,0,0,0,0,0,0,0,0.86,0.133333333,0.059090909,0.678571429,0.472222222,0.772727273,0.777777778,0.786516854,0.535714286,0.759493671,0.234042553,0.161290323,0.123595506,0.296703297,0.284090909,0.141176471,0.204545455,0.170731707,0.108695652,0.188888889,0.152173913,0.150537634,0.173561759
0,0,0,0,0,0,0,0,1,0,0.62,0.733333333,0.477272727,0.964285714,0.555555556,0.329545455,0.288888889,0.269662921,0.297619048,0.455696203,0.010638298,0.010752688,0.02247191,0.417582418,0.409090909,0.823529412,0.829545455,0.804878049,0.5,0.566666667,0.326086957,0.258064516,0.77961917
0,1,0,0,0,0,0,0,0,0,0.9,0.266666667,0.3,0.857142857,0.916666667,0.636363636,0.6,0.573033708,0.928571429,0.987341772,0.212765957,0.161290323,0.123595506,0.296703297,0.477272727,0.188235294,0.215909091,0.195121951,0.076086957,0.133333333,0.108695652,0.096774194,0.50608866
0,0,0,0,0,0,0,0,1,0,0.74,0.4,0.254545455,0.535714286,0.833333333,0.5,0.511111111,0.516853933,0.392857143,0.443037975,0.106382979,0.053763441,0.06741573,0.406593407,0.397727273,0.741176471,0.738636364,0.817073171,0.586956522,0.633333333,0.152173913,0.129032258,0.230589628
0,0,1,0,0,0,0,0,0,0,0.8,0.333333333,0.068181818,0.714285714,0.666666667,0.795454545,0.811111111,0.808988764,0.571428571,0.772151899,0.446808511,0.365591398,0.314606742,0.384615385,0.204545455,0.282352941,0.329545455,0.341463415,0.25,0.3,0.173913043,0.11827957,0.50608866
0,0,0,0,1,0,0,0,0,0,0.36,0.666666667,0.768181818,0.571428571,0.722222222,0.522727273,0.477777778,0.438202247,0.238095238,0.227848101,0.010638298,0.010752688,0.02247191,0.714285714,0.818181818,0.352941176,0.215909091,0.304878049,0.108695652,0.144444444,0.195652174,0.204301075,0.591823394
0,0,0,0,0,0,0,0,1,0,0.74,0.6,0.340909091,0.678571429,0.444444444,0.25,0.211111111,0.213483146,0.357142857,0.392405063,0.010638298,0.010752688,0.02247191,0.417582418,0.409090909,0.682352941,0.647727273,0.743902439,0.434782609,0.566666667,0.119565217,0.11827957,0.218672704
0,0,0,1,0,0,0,0,0,0,0.38,0.733333333,0.590909091,0.607142857,0.388888889,0.454545455,0.444444444,0.415730337,0.333333333,0.405063291,0.010638298,0.010752688,0.02247191,0.483516484,0.545454545,0.564705882,0.568181818,0.548780488,0.25,0.277777778,0.065217391,0.075268817,0.218672704
0,0,0,0,1,0,0,0,0,0,0.28,0.666666667,0.727272727,0.714285714,0.388888889,0.227272727,0.211111111,0.213483146,0.333333333,0.278481013,0.244680851,0.204301075,0.157303371,0.67032967,0.602272727,0.4,0.375,0.365853659,0.054347826,0.055555556,0.217391304,0.204301075,0.207381896
0,0,0,0,0,0,0,1,0,0,0.28,0.733333333,0.75,0.607142857,0.166666667,0.022727273,0.022222222,0.011235955,0.178571429,0.126582278,0.021276596,0.010752688,0.011235955,0.417582418,0.409090909,0.811764706,0.738636364,0.804878049,0.065217391,0.066666667,0.010869565,0.010752688,0.423626006
0,0,0,0,0,0,0,0,1,0,0.82,0.533333333,0.304545455,0.714285714,0.583333333,0.431818182,0.4,0.370786517,0.55952381,0.683544304,0.095744681,0.075268817,0.06741573,0.307692308,0.295454545,0.729411765,0.715909091,0.792682927,0.565217391,0.622222222,0.195652174,0.172043011,0.229152166
0,0,0,0,0,0,0,1,0,0,0.26,0.666666667,0.718181818,0.642857143,0.416666667,0.090909091,0.066666667,0.04494382,0.071428571,0.088607595,0.010638298,0.010752688,0.02247191,0.417582418,0.409090909,0.776470588,0.784090909,0.804878049,0.141304348,0.233333333,0.032608696,0.096774194,0.581611121
0,0,0,0,0,0,0,0,0,1,0.78,0.266666667,0.090909091,0.714285714,0.777777778,0.477272727,0.455555556,0.438202247,0.44047619,0.620253165,0.106382979,0.075268817,0.06741573,0.274725275,0.238636364,0.470588235,0.556818182,0.646341463,0.652173913,0.666666667,0.076086957,0.11827957,0.416602666
0,0,0,0,0,0,0,0,0,1,0.84,0.466666667,0.145454545,0.75,0.777777778,0.5,0.5,0.471910112,0.476190476,0.620253165,0.010638298,0.010752688,0.02247191,0.307692308,0.295454545,0.494117647,0.579545455,0.597560976,0.673913043,0.733333333,0.27173913,0.268817204,0.430690119
0,0,0,0,0,0,0,1,0,0,0.52,0.6,0.636363636,0.678571429,0.416666667,0.215909091,0.188888889,0.168539326,0.154761905,0.240506329,0.010638298,0.010752688,0.02247191,0.417582418,0.409090909,0.835294118,0.795454545,0.853658537,0.184782609,0.211111111,0.086956522,0.064516129,0.521677197
0,0,0,0,0,0,0,0,1,0,0.76,0.333333333,0.295454545,0.642857143,0.75,0.295454545,0.266666667,0.258426966,0.226190476,0.329113924,0.010638298,0.010752688,0.02247191,0.241758242,0.136363636,0.741176471,0.75,0.853658537,0.586956522,0.666666667,0.130434783,0.139784946,0.607435985
0,0,0,0,0,0,0,0,1,0,0.64,0.533333333,0.340909091,0.5,0.611111111,0.238636364,0.222222222,0.202247191,0.30952381,0.35443038,0.010638298,0.010752688,0.02247191,0.417582418,0.352272727,0.729411765,0.704545455,0.829268293,0.434782609,0.477777778,0.163043478,0.161290323,0.37261704
0,0,0,1,0,0,0,0,0,0,0.62,0.866666667,0.413636364,0.571428571,0.5,0.75,0.733333333,0.696629213,0.619047619,0.658227848,0.106382979,0.053763441,0.02247191,0.593406593,0.590909091,0.447058824,0.420454545,0.414634146,0.119565217,0.166666667,0.152173913,0.107526882,0.402135412
0,0,1,0,0,0,0,0,0,0,0.78,0.466666667,0.204545455,0.571428571,0.472222222,0.681818182,0.677777778,0.685393258,0.666666667,0.734177215,0.723404255,0.666666667,0.662921348,0.395604396,0.170454545,0.152941176,0.181818182,0.146341463,0.054347826,0.033333333,0.27173913,0.247311828,0.37261704
1,0,0,0,0,0,0,0,0,0,0.72,0.6,0.272727273,0.678571429,0.611111111,0.113636364,0.111111111,0.112359551,0.523809524,0.632911392,0.85106383,0.774193548,0.786516854,0.131868132,0.068181818,0.141176471,0.159090909,0.134146341,0.076086957,0.088888889,0.163043478,0.086021505,0.423626006
0,0,0,0,0,0,0,0,0,1,0.78,0.333333333,0.090909091,0.535714286,0.666666667,0.579545455,0.555555556,0.539325843,0.44047619,0.632911392,0.010638298,0.010752688,0.02247191,0.307692308,0.295454545,0.4,0.488636364,0.524390244,0.684782609,0.7,0.347826087,0.301075269,0.218672704
0,0,0,0,0,0,0,1,0,0,0.56,0.666666667,0.613636364,0.571428571,0.194444444,0.125,0.1,0.08988764,0.130952381,0.151898734,0.010638298,0.010752688,0.02247191,0.406593407,0.397727273,0.717647059,0.704545455,0.731707317,0.141304348,0.211111111,0.108695652,0.11827957,0.30252199
0,0,0,0,0,0,0,0,0,1,0.82,0.466666667,0.159090909,0.714285714,0.777777778,0.477272727,0.477777778,0.449438202,0.428571429,0.658227848,0.010638298,0.010752688,0.02247191,0.307692308,0.295454545,0.588235294,0.636363636,0.695121951,0.760869565,0.844444444,0.086956522,0.086021505,0.410062581
0,0,0,0,0,0,0,0,1,0,0.62,0.4,0.340909091,0.642857143,0.527777778,0.238636364,0.2,0.202247191,0.321428571,0.35443038,0.010638298,0.010752688,0.02247191,0.417582418,0.409090909,0.752941176,0.704545455,0.804878049,0.52173913,0.588888889,0.141304348,0.150537634,0.410062581
0,0,1,0,0,0,0,0,0,0,0.84,0.4,0.159090909,0.678571429,0.555555556,0.738636364,0.744444444,0.775280899,0.654761905,0.759493671,0.404255319,0.290322581,0.292134831,0.428571429,0.181818182,0.329411765,0.340909091,0.304878049,0.184782609,0.244444444,0.108695652,0.075268817,0.410062581
0,1,0,0,0,0,0,0,0,0,0.8,0.533333333,0.309090909,0.678571429,0.638888889,0.579545455,0.555555556,0.516853933,0.857142857,0.835443038,0.212765957,0.161290323,0.123595506,0.406593407,0.534090909,0.329411765,0.318181818,0.341463415,0.141304348,0.211111111,0.086956522,0.086021505,0.417399943
0,0,0,1,0,0,0,0,0,0,0.62,0.8,0.454545455,0.571428571,0.5,0.625,0.6,0.584269663,0.619047619,0.632911392,0.457446809,0.419354839,0.404494382,0.593406593,0.602272727,0.282352941,0.329545455,0.268292683,0.086956522,0.144444444,0.108695652,0.075268817,0.218672704
0,0,0,0,0,0,0,0,0,1,0.84,0.466666667,0.163636364,0.607142857,0.666666667,0.397727273,0.377777778,0.348314607,0.428571429,0.569620253,0.010638298,0.010752688,0.02247191,0.307692308,0.295454545,0.541176471,0.602272727,0.62195122,0.630434783,0.6,0.130434783,0.064516129,0.218672704
0,0,1,0,0,0,0,0,0,0,0.8,0.533333333,0.159090909,0.607142857,0.75,0.875,0.866666667,0.876404494,0.678571429,0.835443038,0.436170213,0.344086022,0.314606742,0.494505495,0.295454545,0.258823529,0.238636364,0.207317073,0.054347826,0.1,0.293478261,0.311827957,0.444529986
0,0,0,0,1,0,0,0,0,0,0.24,0.933333333,0.977272727,0.642857143,0.305555556,0.056818182,0.055555556,0.056179775,0.261904762,0.126582278,0.010638298,0.010752688,0.02247191,0.802197802,0.647727273,0.364705882,0.215909091,0.170731707,0.043478261,0.022222222,0.02173913,0.032258065,0.423626006
0,0,0,0,1,0,0,0,0,0,0.3,0.733333333,0.686363636,0.642857143,0.472222222,0.079545455,0.066666667,0.06741573,0.166666667,0.025316456,0.010638298,0.010752688,0.02247191,0.692307692,0.670454545,0.188235294,0.136363636,0.134146341,0.043478261,0.055555556,0.108695652,0.043010753,0.218672704
1,0,0,0,0,0,0,0,0,0,0.66,0.466666667,0.309090909,0.678571429,0.555555556,0.340909091,0.311111111,0.303370787,0.547619048,0.696202532,0.691489362,0.720430108,0.730337079,0.043956044,0.022727273,0.117647059,0.113636364,0.097560976,0.054347826,0.055555556,0.086956522,0.075268817,0.318243264
0,0,0,0,0,0,0,0,0,1,0.76,0.266666667,0.159090909,0.571428571,0.722222222,0.409090909,0.366666667,0.348314607,0.452380952,0.632911392,0.010638298,0.010752688,0.02247191,0.307692308,0.295454545,0.611764706,0.625,0.658536585,0.641304348,0.666666667,0.152173913,0.11827957,0.260257316
0,0,0,0,1,0,0,0,0,0,0.24,0.533333333,0.631818182,0.642857143,0.583333333,0.102272727,0.077777778,0.078651685,0.095238095,0.050632911,0.010638298,0.010752688,0.02247191,0.648351648,0.625,0.235294118,0.215909091,0.219512195,0.076086957,0.077777778,0.141304348,0.150537634,0.218672704
0,0,0,0,0,0,1,0,0,0,0.48,0.666666667,0.177272727,0.607142857,0.527777778,0.102272727,0.122222222,0.123595506,0.083333333,0.139240506,0.29787234,0.215053763,0.235955056,0.120879121,0.113636364,0.047058824,0.022727273,0,0.108695652,0.088888889,0.967391304,0.849462366,0.60293623
0,0,0,0,0,0,0,0,0,1,0.82,0.4,0.181818182,0.607142857,0.861111111,0.488636364,0.477777778,0.460674157,0.452380952,0.607594937,0.319148936,0.290322581,0.292134831,0.307692308,0.295454545,0.670588235,0.75,0.817073171,0.760869565,0.822222222,0.152173913,0.129032258,0.410062581
1,0,0,0,0,0,0,0,0,0,0.58,0.666666667,0.322727273,0.607142857,0.666666667,0.238636364,0.255555556,0.247191011,0.607142857,0.721518987,0.861702128,0.795698925,0.853932584,0.32967033,0.068181818,0.411764706,0.431818182,0.414634146,0.076086957,0.066666667,0.25,0.215053763,0.126569386
1,0,0,0,0,0,0,0,0,0,0.7,0.533333333,0.354545455,0.714285714,0.888888889,0.215909091,0.233333333,0.224719101,0.714285714,0.708860759,0.936170213,0.913978495,0.943820225,0.351648352,0.136363636,0.305882353,0.238636364,0.292682927,0.076086957,0.122222222,0.206521739,0.172043011,0.75571592
0,0,1,0,0,0,0,0,0,0,0.8,0.733333333,0.304545455,0.464285714,0.583333333,0.829545455,0.833333333,0.831460674,0.654761905,0.746835443,0.106382979,0.053763441,0.02247191,0.571428571,0.409090909,0.317647059,0.340909091,0.280487805,0.108695652,0.2,0.119565217,0.075268817,0.636182566
1,0,0,0,0,0,0,0,0,0,0.54,0.466666667,0.272727273,0.75,0.75,0.079545455,0.088888889,0.078651685,0.392857143,0.518987342,0.819148936,0.76344086,0.808988764,0.131868132,0.090909091,0.141176471,0.136363636,0.12195122,0.054347826,0.066666667,0.336956522,0.279569892,0.417399943
0,0,0,0,0,0,0,0,0,1,0.76,0.466666667,0.195454545,0.642857143,0.694444444,0.352272727,0.355555556,0.348314607,0.523809524,0.670886076,0.159574468,0.107526882,0.08988764,0.307692308,0.284090909,0.635294118,0.670454545,0.756097561,0.576086957,0.722222222,0.22826087,0.182795699,0.364848601
0,0,0,0,0,0,0,0,0,1,0.82,0.2,0.104545455,0.642857143,0.666666667,0.340909091,0.3,0.292134831,0.380952381,0.594936709,0.010638298,0.010752688,0.02247191,0.307692308,0.295454545,0.529411765,0.613636364,0.634146341,0.619565217,0.622222222,0.076086957,0.075268817,0.229152166
0,0,0,0,1,0,0,0,0,0,0.2,0.733333333,0.727272727,0.5,0.527777778,0.045454545,0.044444444,0.04494382,0.119047619,0.063291139,0.010638298,0.010752688,0.02247191,0.747252747,0.613636364,0.223529412,0.261363636,0.207317073,0.054347826,0.055555556,0.152173913,0.11827957,0.432134698
0,0,0,0,0,0,0,0,0,1,0.78,0.4,0.159090909,0.5,0.666666667,0.409090909,0.411111111,0.404494382,0.452380952,0.582278481,0.010638298,0.010752688,0.02247191,0.307692308,0.295454545,0.447058824,0.488636364,0.56097561,0.630434783,0.6,0.152173913,0.096774194,0.410062581
0,0,0,0,1,0,0,0,0,0,0.32,0.8,0.668181818,0.75,0.722222222,0.079545455,0.066666667,0.06741573,0.071428571,0.037974684,0.010638298,0.010752688,0.02247191,0.692307692,0.738636364,0.211764706,0.181818182,0.182926829,0.054347826,0.033333333,0.108695652,0.086021505,0.440514103
0,0,0,0,0,0,0,1,0,0,0.46,0.466666667,0.631818182,0.642857143,0.305555556,0.147727273,0.122222222,0.112359551,0.178571429,0.189873418,0.010638298,0.010752688,0.02247191,0.417582418,0.397727273,0.764705882,0.727272727,0.792682927,0.184782609,0.2,0.108695652,0.11827957,0.218672704
0,0,0,0,0,0,0,0,0,1,0.84,0.333333333,0.090909091,0.607142857,0.694444444,0.375,0.333333333,0.337078652,0.476190476,0.569620253,0.010638298,0.010752688,0.02247191,0.307692308,0.295454545,0.411764706,0.568181818,0.56097561,0.663043478,0.644444444,0.152173913,0.096774194,0.423626006
0,0,0,0,0,0,0,1,0,0,0.58,0.733333333,0.659090909,0.535714286,0.333333333,0.204545455,0.188888889,0.179775281,0.369047619,0.35443038,0.085106383,0.053763441,0.033707865,0.417582418,0.352272727,0.729411765,0.761363636,0.780487805,0.206521739,0.233333333,0.184782609,0.182795699,0.496931945
0,0,0,0,0,0,0,1,0,0,0.44,0.666666667,0.704545455,0.714285714,0.388888889,0.125,0.111111111,0.101123596,0.285714286,0.316455696,0.010638298,0.010752688,0.02247191,0.417582418,0.409090909,0.764705882,0.738636364,0.792682927,0.173913043,0.222222222,0.097826087,0.064516129,0.423244564
0,0,0,0,0,0,0,1,0,0,0.2,0.6,0.845454545,0.607142857,0.222222222,0.068181818,0.066666667,0.056179775,0.178571429,0.101265823,0.010638298,0.010752688,0.02247191,0.417582418,0.409090909,0.764705882,0.75,0.780487805,0.076086957,0.088888889,0.032608696,0.043010753,0.318243264
0,1,0,0,0,0,0,0,0,0,0.8,0.133333333,0.209090909,0.571428571,0.527777778,0.625,0.611111111,0.595505618,0.714285714,0.810126582,0.29787234,0.247311828,0.157303371,0.241758242,0.5,0.164705882,0.136363636,0.134146341,0.076086957,0.077777778,0.065217391,0.129032258,0.233422751
0,1,0,0,0,0,0,0,0,0,0.82,0.2,0.218181818,0.607142857,0.805555556,0.704545455,0.688888889,0.674157303,0.880952381,0.962025316,0.319148936,0.268817204,0.179775281,0.197802198,0.590909091,0.176470588,0.215909091,0.207317073,0.108695652,0.144444444,0.152173913,0.150537634,0.67141277
0,0,0,0,0,0,0,0,1,0,0.68,0.466666667,0.345454545,0.607142857,0.833333333,0.340909091,0.333333333,0.325842697,0.357142857,0.417721519,0.010638298,0.010752688,0.02247191,0.417582418,0.409090909,0.764705882,0.738636364,0.890243902,0.641304348,0.677777778,0.076086957,0.172043011,0.399667596
1,0,0,0,0,0,0,0,0,0,0.72,0.333333333,0.25,0.964285714,0.972222222,0.443181818,0.4,0.348314607,0.571428571,0.784810127,0.861702128,0.784946237,0.91011236,0.417582418,0.011363636,0.129411765,0.25,0.280487805,0.108695652,0.077777778,0.032608696,0.139784946,1
0,0,0,0,0,0,0,0,0,1,0.76,0.4,0.181818182,0.678571429,0.694444444,0.465909091,0.422222222,0.348314607,0.654761905,0.670886076,0.106382979,0.053763441,0.06741573,0.307692308,0.352272727,0.588235294,0.636363636,0.719512195,0.663043478,0.744444444,0.086956522,0.139784946,0.449399222
0,1,0,0,0,0,0,0,0,0,0.82,0.266666667,0.245454545,0.714285714,0.611111111,0.636363636,0.611111111,0.573033708,0.785714286,0.82278481,0.159574468,0.107526882,0.06741573,0.384615385,0.454545455,0.235294118,0.25,0.243902439,0.086956522,0.122222222,0.130434783,0.096774194,0.423626006
0,0,1,0,0,0,0,0,0,0,0.78,0.466666667,0.209090909,0.642857143,0.694444444,0.772727273,0.777777778,0.764044944,0.630952381,0.784810127,0.468085106,0.440860215,0.438202247,0.417582418,0.238636364,0.294117647,0.284090909,0.280487805,0.195652174,0.333333333,0.130434783,0.107526882,0.229152166
1,0,0,0,0,0,0,0,0,0,0.86,0.266666667,0.213636364,0.392857143,0.722222222,0.261363636,0.266666667,0.258426966,0.535714286,0.797468354,0.861702128,0.817204301,0.898876404,0.065934066,0.034090909,0.164705882,0.136363636,0.219512195,0.130434783,0.177777778,0.130434783,0.096774194,0.99400583
0,0,0,0,0,0,0,0,1,0,0.66,0.466666667,0.295454545,0.75,0.555555556,0.409090909,0.388888889,0.370786517,0.523809524,0.594936709,0.042553191,0.032258065,0.02247191,0.461538462,0.431818182,0.705882353,0.659090909,0.756097561,0.510869565,0.6,0.086956522,0.086021505,0.318243264
0,0,0,0,1,0,0,0,0,0,0.26,0.8,0.631818182,0.75,0.583333333,0.102272727,0.066666667,0.06741573,0.119047619,0.101265823,0.031914894,0.010752688,0.011235955,0.692307692,0.715909091,0.2,0.215909091,0.207317073,0.054347826,0.033333333,0.163043478,0.139784946,0.416602666
0,0,0,0,0,0,0,0,0,1,0.78,0.266666667,0.145454545,0.428571429,0.666666667,0.420454545,0.377777778,0.359550562,0.476190476,0.594936709,0.5,0.462365591,0.449438202,0.197802198,0.181818182,0.564705882,0.625,0.646341463,0.695652174,0.733333333,0.119565217,0.11827957,0.448116566
0,0,0,0,0,0,0,0,0,1,0.76,0.466666667,0.213636364,0.714285714,0.666666667,0.420454545,0.411111111,0.393258427,0.5,0.607594937,0.138297872,0.107526882,0.078651685,0.307692308,0.295454545,0.658823529,0.670454545,0.695121951,0.597826087,0.622222222,0.108695652,0.096774194,0.185727237
0,0,1,0,0,0,0,0,0,0,0.9,0.133333333,0,0.464285714,0.472222222,0.647727273,0.644444444,0.674157303,0.44047619,0.658227848,0.159574468,0.107526882,0.06741573,0.285714286,0.25,0.094117647,0.136363636,0.12195122,0.239130435,0.2,0.086956522,0.064516129,0.207381896
0,0,0,0,0,0,0,0,0,1,0.8,0.466666667,0.181818182,0.678571429,0.805555556,0.465909091,0.444444444,0.438202247,0.5,0.64556962,0.010638298,0.010752688,0.02247191,0.307692308,0.295454545,0.682352941,0.727272727,0.780487805,0.663043478,0.755555556,0.130434783,0.11827957,0.457170026
0,1,0,0,0,0,0,0,0,0,0.92,0.2,0.127272727,0.75,0.583333333,0.625,0.6,0.573033708,0.797619048,0.860759494,0.372340426,0.322580645,0.292134831,0.274725275,0.409090909,0.223529412,0.272727273,0.256097561,0.086956522,0.133333333,0.119565217,0.075268817,0.446497224
1,0,0,0,0,0,0,0,0,0,0.64,0.6,0.272727273,0.642857143,0.666666667,0.272727273,0.233333333,0.224719101,0.583333333,0.64556962,0.882978723,0.817204301,0.842696629,0.142857143,0.079545455,0.2,0.193181818,0.182926829,0.043478261,0.033333333,0.47826087,0.365591398,0.50478402
0,1,0,0,0,0,0,0,0,0,0.82,0.333333333,0.168181818,0.607142857,0.583333333,0.568181818,0.555555556,0.550561798,0.75,0.810126582,0.212765957,0.161290323,0.123595506,0.252747253,0.5,0.247058824,0.295454545,0.268292683,0.282608696,0.222222222,0.097826087,0.043010753,0.229152166
0,0,0,0,0,0,0,0,0,1,0.8,0.4,0.168181818,0.607142857,0.694444444,0.477272727,0.433333333,0.415730337,0.488095238,0.64556962,0.010638298,0.010752688,0.02247191,0.307692308,0.295454545,0.517647059,0.613636364,0.646341463,0.891304348,0.866666667,0.086956522,0.225806452,0.234818945
0,0,0,0,0,0,0,0,0,1,0.76,0.266666667,0.218181818,0.75,0.583333333,0.386363636,0.377777778,0.325842697,0.511904762,0.607594937,0.106382979,0.053763441,0.06741573,0.307692308,0.352272727,0.517647059,0.579545455,0.62195122,0.543478261,0.633333333,0.086956522,0.139784946,0.207381896
1,0,0,0,0,0,0,0,0,0,0.42,0.733333333,0.263636364,0.785714286,0.305555556,0.170454545,0.155555556,0.146067416,0.297619048,0.341772152,0.840425532,0.817204301,0.797752809,0.164835165,0.113636364,0.164705882,0.147727273,0.134146341,0.065217391,0.111111111,0.119565217,0.096774194,0.426268532
0,0,0,0,0,0,0,1,0,0,0.56,0.733333333,0.5,0.571428571,0.277777778,0.102272727,0.111111111,0.08988764,0.166666667,0.215189873,0.159574468,0.107526882,0.06741573,0.417582418,0.409090909,0.811764706,0.795454545,0.817073171,0.163043478,0.233333333,0.086956522,0.064516129,0.417399943
0,0,0,0,0,0,0,1,0,0,0.72,0.533333333,0.459090909,0.642857143,0.583333333,0.306818182,0.288888889,0.269662921,0.44047619,0.46835443,0.010638298,0.010752688,0.02247191,0.417582418,0.409090909,0.847058824,0.806818182,0.853658537,0.217391304,0.322222222,0.141304348,0.129032258,0.497621787
0,0,0,0,1,0,0,0,0,0,0.18,0.733333333,0.686363636,0.535714286,0.555555556,0.102272727,0.066666667,0.06741573,0.071428571,0.025316456,0.010638298,0.010752688,0.02247191,0.626373626,0.715909091,0.152941176,0.079545455,0.085365854,0.054347826,0.044444444,0.130434783,0.086021505,0.218672704
0,0,0,0,0,0,0,0,0,1,0.84,0.466666667,0.195454545,0.714285714,0.861111111,0.5,0.455555556,0.438202247,0.464285714,0.620253165,0.010638298,0.010752688,0.02247191,0.076923077,0.011363636,0.623529412,0.704545455,0.731707317,0.847826087,0.855555556,0.119565217,0.11827957,0.780809667
0,0,0,0,0,0,0,1,0,0,0.28,0.6,0.904545455,0.5,0.222222222,0.136363636,0.111111111,0.08988764,0.238095238,0.101265823,0.010638298,0.010752688,0.02247191,0.417582418,0.409090909,0.788235294,0.727272727,0.804878049,0.054347826,0.088888889,0.173913043,0.11827957,0.210697976
0,0,0,0,0,0,0,0,1,0,0.74,0.666666667,0.454545455,0.785714286,0.777777778,0.397727273,0.355555556,0.337078652,0.404761905,0.405063291,0.372340426,0.311827957,0.303370787,0.417582418,0.409090909,0.788235294,0.784090909,0.865853659,0.652173913,0.744444444,0.130434783,0.11827957,0.5041273
0,0,0,0,1,0,0,0,0,0,0.52,0.8,0.736363636,0.785714286,0.583333333,0.284090909,0.266666667,0.235955056,0.261904762,0.215189873,0,0,0.011235955,0.725274725,0.829545455,0.247058824,0.238636364,0.219512195,0.054347826,0.033333333,0.097826087,0.086021505,0.43983391
0,0,0,0,1,0,0,0,0,0,0.28,0.6,0.645454545,0.571428571,0.333333333,0.079545455,0.066666667,0.06741573,0.071428571,0.075949367,0.010638298,0.010752688,0.02247191,0.604395604,0.556818182,0.258823529,0.193181818,0.231707317,0.076086957,0.055555556,0.141304348,0.150537634,0.229152166
0,0,1,0,0,0,0,0,0,0,0.88,0.2,0.1,0.785714286,0.805555556,0.784090909,0.788888889,0.797752809,0.595238095,0.759493671,0.361702128,0.322580645,0.292134831,0.472527473,0.215909091,0.294117647,0.306818182,0.292682927,0.239130435,0.333333333,0.141304348,0.096774194,0.502804923
0,0,0,0,0,0,0,0,1,0,0.76,0.533333333,0.272727273,0.607142857,0.694444444,0.454545455,0.444444444,0.415730337,0.476190476,0.607594937,0.010638298,0.010752688,0.02247191,0.362637363,0.295454545,0.741176471,0.772727273,0.841463415,0.673913043,0.655555556,0.119565217,0.107526882,0.445844421
0,0,0,0,1,0,0,0,0,0,0.18,0.8,0.740909091,0.75,0.555555556,0.102272727,0.066666667,0.06741573,0.095238095,0.050632911,0.074468085,0.010752688,0.011235955,0.593406593,0.625,0.211764706,0.193181818,0.158536585,0.065217391,0.055555556,0.119565217,0.053763441,0.218672704
0,0,0,0,0,0,0,0,0,1,0.68,0.266666667,0.159090909,0.714285714,0.638888889,0.465909091,0.466666667,0.449438202,0.369047619,0.569620253,0.106382979,0.053763441,0.04494382,0.307692308,0.295454545,0.505882353,0.556818182,0.609756098,0.630434783,0.688888889,0.097826087,0.11827957,0.207381896
0,0,0,0,0,0,0,0,0,1,0.82,0.4,0.086363636,0.678571429,0.777777778,0.579545455,0.555555556,0.539325843,0.488095238,0.632911392,0.010638298,0.010752688,0.02247191,0.307692308,0.295454545,0.529411765,0.568181818,0.646341463,0.793478261,0.777777778,0.032608696,0.053763441,0.447147119
1,0,0,0,0,0,0,0,0,0,0.7,0.533333333,0.204545455,0.428571429,0.722222222,0.5,0.466666667,0.449438202,0.5,0.64556962,0.819148936,0.795698925,0.831460674,0.318681319,0.193181818,0.129411765,0.181818182,0.146341463,0.054347826,0.088888889,0.358695652,0.322580645,0.437774094
0,0,0,0,0,0,0,1,0,0,0.68,0.6,0.431818182,0.571428571,0.333333333,0.170454545,0.144444444,0.123595506,0.154761905,0.227848101,0.010638298,0.010752688,0.02247191,0.417582418,0.409090909,0.717647059,0.693181818,0.804878049,0.358695652,0.455555556,0.086956522,0.107526882,0.440514103
0,0,1,0,0,0,0,0,0,0,0.92,0.2,0.009090909,0.678571429,0.583333333,0.715909091,0.711111111,0.707865169,0.55952381,0.746835443,0.319148936,0.247311828,0.168539326,0.351648352,0.193181818,0.247058824,0.295454545,0.280487805,0.184782609,0.288888889,0.141304348,0.11827957,0.416602666
0,0,0,0,0,0,0,0,1,0,0.74,0.4,0.309090909,0.821428571,0.555555556,0.238636364,0.255555556,0.235955056,0.404761905,0.53164557,0.095744681,0.043010753,0.033707865,0.307692308,0.295454545,0.729411765,0.636363636,0.756097561,0.402173913,0.455555556,0.119565217,0.11827957,0.372075662
0,0,0,0,0,0,0,1,0,0,0.2,0.666666667,0.9,0.642857143,0.083333333,0.090909091,0.077777778,0.06741573,0.107142857,0.050632911,0.085106383,0.021505376,0.011235955,0.516483516,0.443181818,0.764705882,0.715909091,0.695121951,0.043478261,0.033333333,0.22826087,0.172043011,0.445188684
0,0,0,0,0,0,0,1,0,0,0.24,0.6,0.795454545,0.5,0.527777778,0.113636364,0.088888889,0.078651685,0.130952381,0.113924051,0.010638298,0.010752688,0.02247191,0.417582418,0.397727273,0.917647059,0.909090909,0.914634146,0.141304348,0.211111111,0.108695652,0.11827957,0.736735578
0,0,0,0,0,0,0,0,1,0,0.64,0.6,0.363636364,0.678571429,0.527777778,0.284090909,0.255555556,0.247191011,0.404761905,0.481012658,0.14893617,0.096774194,0.08988764,0.417582418,0.443181818,0.729411765,0.715909091,0.804878049,0.445652174,0.544444444,0.097826087,0.053763441,0.218672704
0,0,0,0,0,0,0,0,1,0,0.7,0.4,0.340909091,0.821428571,0.805555556,0.284090909,0.277777778,0.269662921,0.297619048,0.379746835,0.010638298,0.010752688,0.02247191,0.417582418,0.409090909,0.764705882,0.75,0.865853659,0.52173913,0.6,0.141304348,0.150537634,0.547790984
0,0,0,0,0,0,0,1,0,0,0.66,0.8,0.477272727,0.607142857,0.361111111,0.204545455,0.211111111,0.191011236,0.142857143,0.227848101,0.010638298,0.010752688,0.02247191,0.417582418,0.409090909,0.741176471,0.715909091,0.792682927,0.206521739,0.255555556,0.108695652,0.064516129,0.227700401
0,0,0,0,0,0,0,0,0,1,0.78,0.466666667,0.218181818,0.642857143,0.777777778,0.522727273,0.522222222,0.483146067,0.44047619,0.594936709,0.010638298,0.010752688,0.02247191,0.252747253,0.238636364,0.6,0.681818182,0.682926829,0.684782609,0.744444444,0.22826087,0.193548387,0.463392137
0,0,0,0,0,0,1,0,0,0,0.46,0.4,0.090909091,0.714285714,0.583333333,0.068181818,0.077777778,0.078651685,0.035714286,0.113924051,0.319148936,0.268817204,0.224719101,0.032967033,0,0.047058824,0.113636364,0.109756098,0.108695652,0.088888889,0.923913043,0.720430108,0.37261704
0,0,0,0,0,0,0,0,1,0,0.76,0.6,0.363636364,0.75,0.638888889,0.261363636,0.222222222,0.213483146,0.321428571,0.341772152,0.170212766,0.064516129,0.078651685,0.417582418,0.409090909,0.8,0.761363636,0.829268293,0.608695652,0.566666667,0.097826087,0.075268817,0.428127171
0,0,0,0,0,0,0,0,1,0,0.78,0.6,0.3,0.571428571,0.611111111,0.579545455,0.566666667,0.550561798,0.511904762,0.64556962,0.010638298,0.010752688,0.02247191,0.307692308,0.295454545,0.788235294,0.738636364,0.890243902,0.565217391,0.644444444,0.076086957,0.053763441,0.429962431
0,0,0,0,0,0,0,0,1,0,0.74,0.6,0.318181818,0.75,0.666666667,0.443181818,0.411111111,0.382022472,0.380952381,0.518987342,0.010638298,0.010752688,0.02247191,0.43956044,0.431818182,0.776470588,0.738636364,0.841463415,0.586956522,0.666666667,0.108695652,0.086021505,0.463392137
0,0,0,0,1,0,0,0,0,0,0.38,0.933333333,0.704545455,0.642857143,0.833333333,0.125,0.111111111,0.101123596,0.119047619,0.037974684,0.010638298,0.010752688,0.02247191,0.912087912,0.738636364,0.258823529,0.227272727,0.195121951,0.065217391,0.066666667,0.086956522,0.064516129,0.776464063
0,0,0,0,0,0,0,0,0,1,0.72,0.4,0.136363636,0.75,0.694444444,0.602272727,0.577777778,0.561797753,0.5,0.632911392,0.382978723,0.35483871,0.348314607,0.307692308,0.295454545,0.482352941,0.545454545,0.609756098,0.673913043,0.711111111,0.130434783,0.107526882,0.417399943
0,0,0,0,1,0,0,0,0,0,0.34,0.6,0.709090909,0.857142857,0.666666667,0.079545455,0.066666667,0.06741573,0.130952381,0.075949367,0.010638298,0.010752688,0.02247191,0.769230769,0.727272727,0.247058824,0.238636364,0.243902439,0.076086957,0.033333333,0.173913043,0.129032258,0.507810228
0,0,0,0,0,0,0,0,0,1,0.76,0.333333333,0.227272727,0.785714286,0.75,0.352272727,0.355555556,0.337078652,0.357142857,0.518987342,0.106382979,0.053763441,0.06741573,0.307692308,0.295454545,0.623529412,0.625,0.768292683,0.793478261,0.844444444,0.195652174,0.096774194,0.583660689
0,0,0,0,0,0,0,1,0,0,0.42,0.666666667,0.522727273,0.678571429,0.333333333,0.238636364,0.222222222,0.202247191,0.226190476,0.265822785,0.010638298,0.010752688,0.02247191,0.417582418,0.409090909,0.741176471,0.715909091,0.768292683,0.217391304,0.244444444,0.336956522,0.290322581,0.229152166
0,1,0,0,0,0,0,0,0,0,0.82,0.4,0.240909091,0.392857143,0.555555556,0.613636364,0.577777778,0.528089888,0.845238095,0.873417722,0.223404255,0.172043011,0.134831461,0.274725275,0.579545455,0.270588235,0.261363636,0.256097561,0.076086957,0.055555556,0.119565217,0.064516129,0.41976596
0,0,0,0,1,0,0,0,0,0,0.32,0.533333333,0.7,0.428571429,0.444444444,0.045454545,0.055555556,0.04494382,0.130952381,0.075949367,0.053191489,0.010752688,0.02247191,0.626373626,0.625,0.176470588,0.147727273,0.097560976,0.076086957,0.088888889,0.108695652,0.075268817,0.401895138
0,0,0,0,1,0,0,0,0,0,0.34,0.733333333,0.718181818,0.678571429,0.611111111,0.159090909,0.122222222,0.123595506,0.119047619,0.050632911,0.053191489,0.053763441,0.06741573,0.681318681,0.784090909,0.235294118,0.090909091,0.170731707,0.076086957,0.088888889,0.195652174,0.204301075,0.508450615
0,0,0,0,0,0,0,1,0,0,0.4,0.533333333,0.668181818,0.714285714,0.416666667,0.136363636,0.111111111,0.08988764,0.119047619,0.050632911,0.010638298,0.010752688,0.02247191,0.417582418,0.409090909,0.788235294,0.75,0.829268293,0.163043478,0.244444444,0.086956522,0.204301075,0.478270424
0,0,1,0,0,0,0,0,0,0,0.82,0.6,0.204545455,0.75,0.583333333,0.738636364,0.744444444,0.741573034,0.642857143,0.784810127,0.20212766,0.172043011,0.179775281,0.615384615,0.352272727,0.294117647,0.284090909,0.256097561,0.163043478,0.2,0.141304348,0.150537634,0.173561759
0,0,0,0,0,0,0,0,0,1,0.72,0.4,0.190909091,0.642857143,0.611111111,0.534090909,0.511111111,0.483146067,0.476190476,0.64556962,0.372340426,0.322580645,0.303370787,0.307692308,0.295454545,0.541176471,0.545454545,0.62195122,0.663043478,0.633333333,0.141304348,0.096774194,0.37043937
0,0,0,1,0,0,0,0,0,0,0.76,0.666666667,0.359090909,0.785714286,0.694444444,0.659090909,0.633333333,0.629213483,0.642857143,0.721518987,0.180851064,0.11827957,0.078651685,0.494505495,0.488636364,0.270588235,0.295454545,0.268292683,0.054347826,0.088888889,0.108695652,0.075268817,0.423626006
0,0,0,0,1,0,0,0,0,0,0.36,0.733333333,0.677272727,0.571428571,0.444444444,0.318181818,0.311111111,0.280898876,0.285714286,0.215189873,0.010638298,0.010752688,0.02247191,0.593406593,0.625,0.270588235,0.215909091,0.219512195,0.076086957,0.088888889,0.195652174,0.204301075,0.207381896
0,0,0,0,1,0,0,0,0,0,0.26,0.733333333,0.718181818,0.714285714,0.555555556,0.068181818,0.077777778,0.06741573,0.119047619,0.101265823,0.010638298,0.010752688,0.02247191,0.703296703,0.636363636,0.258823529,0.227272727,0.146341463,0.054347826,0.033333333,0.086956522,0.064516129,0.417001849
0,0,0,0,0,0,0,0,1,0,0.7,0.466666667,0.340909091,0.785714286,0.75,0.397727273,0.355555556,0.314606742,0.369047619,0.493670886,0.010638298,0.010752688,0.02247191,0.417582418,0.409090909,0.8,0.761363636,0.865853659,0.554347826,0.633333333,0.076086957,0.172043011,0.107918342
0,0,1,0,0,0,0,0,0,0,0.78,0.4,0.159090909,0.535714286,0.555555556,0.738636364,0.744444444,0.741573034,0.619047619,0.759493671,0.159574468,0.107526882,0.06741573,0.43956044,0.227272727,0.2,0.215909091,0.170731707,0.065217391,0.1,0.097826087,0.053763441,0.423626006
0,0,1,0,0,0,0,0,0,0,0.86,0.2,0.136363636,0.678571429,0.638888889,0.795454545,0.788888889,0.775280899,0.55952381,0.721518987,0.106382979,0.053763441,0.02247191,0.351648352,0.284090909,0.2,0.25,0.195121951,0.141304348,0.2,0.119565217,0.075268817,0.126569386
0,1,0,0,0,0,0,0,0,0,0.4,0.6,0.431818182,0.571428571,0.555555556,0.5,0.466666667,0.426966292,0.571428571,0.582278481,0.010638298,0.010752688,0.02247191,0.626373626,0.693181818,0.635294118,0.602272727,0.682926829,0.391304348,0.455555556,0.195652174,0.204301075,0.271486025
0,0,0,0,1,0,0,0,0,0,0.44,0.8,0.681818182,0.75,0.666666667,0.261363636,0.2,0.191011236,0.130952381,0.063291139,0.010638298,0.010752688,0.02247191,0.857142857,0.772727273,0.223529412,0.170454545,0.170731707,0.108695652,0.144444444,0.108695652,0.064516129,0.440514103
0,0,0,0,1,0,0,0,0,0,0.34,0.733333333,0.636363636,0.821428571,0.444444444,0.056818182,0.044444444,0.04494382,0.047619048,0.025316456,0.010638298,0.010752688,0.02247191,0.593406593,0.647727273,0.2,0.170454545,0.207317073,0.032608696,0.033333333,0.141304348,0.161290323,0.409643926
0,0,0,0,0,0,0,1,0,0,0.48,0.666666667,0.659090909,0.714285714,0.666666667,0.136363636,0.111111111,0.08988764,0.142857143,0.189873418,0.010638298,0.010752688,0.02247191,0.417582418,0.409090909,0.905882353,0.909090909,0.93902439,0.260869565,0.355555556,0.086956522,0.107526882,0.775681567
0,0,0,0,1,0,0,0,0,0,0.26,0.8,0.7,0.571428571,0.555555556,0.079545455,0.077777778,0.078651685,0.107142857,0.189873418,0.010638298,0.010752688,0.02247191,0.725274725,0.738636364,0.294117647,0.295454545,0.292682927,0.054347826,0.055555556,0.195652174,0.172043011,0.094012471
1,0,0,0,0,0,0,0,0,0,0.74,0.8,0.345454545,0.821428571,0.777777778,0.193181818,0.188888889,0.179775281,0.595238095,0.696202532,0.914893617,0.892473118,0.943820225,0.186813187,0.090909091,0.247058824,0.272727273,0.304878049,0.065217391,0.122222222,0.141304348,0.107526882,0.361388331
0,0,0,0,0,0,0,0,1,0,0.76,0.466666667,0.363636364,0.714285714,0.472222222,0.409090909,0.344444444,0.303370787,0.44047619,0.569620253,0.180851064,0.129032258,0.08988764,0.417582418,0.409090909,0.694117647,0.693181818,0.792682927,0.586956522,0.533333333,0.108695652,0.064516129,0.401895138
0,0,1,0,0,0,0,0,0,0,0.84,0.333333333,0.122727273,0.571428571,0.694444444,0.772727273,0.777777778,0.786516854,0.547619048,0.734177215,0.361702128,0.322580645,0.303370787,0.461538462,0.147727273,0.223529412,0.318181818,0.317073171,0.260869565,0.311111111,0.130434783,0.086021505,0.455035592
0,0,0,0,1,0,0,0,0,0,0.34,0.733333333,0.686363636,0.642857143,0.527777778,0.090909091,0.1,0.101123596,0.130952381,0.075949367,0,0,0.011235955,0.659340659,0.602272727,0.176470588,0.193181818,0.182926829,0.065217391,0.044444444,0.184782609,0.129032258,0.410062581
0,0,1,0,0,0,0,0,0,0,0.84,0.466666667,0.159090909,0.785714286,0.666666667,0.727272727,0.744444444,0.764044944,0.595238095,0.734177215,0.212765957,0.161290323,0.123595506,0.417582418,0.215909091,0.152941176,0.181818182,0.146341463,0.086956522,0.1,0.141304348,0.086021505,0.437427946
1,0,0,0,0,0,0,0,0,0,0.72,0.466666667,0.254545455,0.642857143,0.5,0.420454545,0.4,0.382022472,0.75,0.734177215,0.755319149,0.677419355,0.741573034,0.10989011,0.136363636,0.176470588,0.147727273,0.146341463,0.054347826,0.055555556,0.163043478,0.193548387,0.229152166
0,0,0,0,0,0,0,0,1,0,0.74,0.6,0.386363636,0.5,0.5,0.25,0.222222222,0.202247191,0.25,0.329113924,0,0,0.011235955,0.417582418,0.409090909,0.776470588,0.761363636,0.87804878,0.47826087,0.566666667,0.119565217,0.064516129,0.412549594
0,0,0,1,0,0,0,0,0,0,0.78,0.666666667,0.409090909,0.571428571,0.861111111,0.886363636,0.866666667,0.865168539,0.80952381,0.848101266,0.159574468,0.107526882,0.06741573,0.769230769,0.602272727,0.270588235,0.272727273,0.256097561,0.108695652,0.188888889,0.130434783,0.172043011,0.77578387
0,0,0,0,0,0,0,1,0,0,0.42,0.6,0.6,0.642857143,0.277777778,0.147727273,0.122222222,0.112359551,0.154761905,0.189873418,0.010638298,0.010752688,0.011235955,0.417582418,0.409090909,0.717647059,0.704545455,0.780487805,0.108695652,0.155555556,0.195652174,0.182795699,0.185727237
0,0,0,0,0,0,0,1,0,0,0.48,0.733333333,0.681818182,0.75,0.416666667,0.170454545,0.177777778,0.157303371,0.226190476,0.215189873,0.010638298,0.010752688,0.02247191,0.417582418,0.409090909,0.823529412,0.784090909,0.853658537,0.130434783,0.2,0.043478261,0.064516129,0.461347442
0,0,1,0,0,0,0,0,0,0,0.82,0.4,0.113636364,0.785714286,0.638888889,0.818181818,0.811111111,0.808988764,0.654761905,0.734177215,0.404255319,0.35483871,0.415730337,0.494505495,0.238636364,0.564705882,0.590909091,0.585365854,0.054347826,0.088888889,0.097826087,0.064516129,0.578613492
0,0,0,0,0,0,0,0,0,1,0.84,0.466666667,0.090909091,0.571428571,0.666666667,0.590909091,0.577777778,0.561797753,0.464285714,0.632911392,0.010638298,0.010752688,0.02247191,0.307692308,0.295454545,0.447058824,0.534090909,0.573170732,0.641304348,0.611111111,0.108695652,0.096774194,0.218672704
0,0,0,1,0,0,0,0,0,0,0.68,0.6,0.395454545,0.714285714,0.638888889,0.715909091,0.7,0.651685393,0.702380952,0.683544304,0.191489362,0.139784946,0.112359551,0.626373626,0.579545455,0.517647059,0.556818182,0.548780488,0.402173913,0.455555556,0.163043478,0.107526882,0.452244623
0,0,0,1,0,0,0,0,0,0,0.54,0.8,0.4,0.214285714,0.444444444,0.693181818,0.688888889,0.662921348,0.678571429,0.696202532,0.106382979,0.053763441,0.02247191,0.549450549,0.511363636,0.176470588,0.227272727,0.134146341,0.076086957,0.111111111,0.119565217,0.075268817,0.218672704
0,0,1,0,0,0,0,0,0,0,0.8,0.4,0.172727273,0.642857143,0.583333333,0.681818182,0.7,0.696629213,0.523809524,0.708860759,0.457446809,0.408602151,0.404494382,0.307692308,0.25,0.188235294,0.238636364,0.195121951,0.206521739,0.211111111,0.152173913,0.139784946,0.218672704
0,0,0,0,1,0,0,0,0,0,0.44,0.733333333,0.654545455,0.964285714,0.833333333,0.113636364,0.077777778,0.078651685,0.142857143,0.088607595,0.010638298,0.010752688,0.02247191,0.824175824,0.931818182,0.247058824,0.272727273,0.219512195,0.076086957,0.055555556,0.043478261,0.053763441,0.798848157
0,0,0,0,0,0,0,0,1,0,0.64,0.266666667,0.277272727,0.642857143,0.583333333,0.386363636,0.344444444,0.303370787,0.476190476,0.556962025,0.010638298,0.010752688,0.02247191,0.417582418,0.409090909,0.717647059,0.715909091,0.792682927,0.532608696,0.633333333,0.141304348,0.150537634,0.364848601
0,0,1,0,0,0,0,0,0,0,0.8,0.6,0.227272727,0.535714286,0.472222222,0.75,0.733333333,0.752808989,0.607142857,0.696202532,0.106382979,0.053763441,0.02247191,0.538461538,0.318181818,0.494117647,0.454545455,0.463414634,0.402173913,0.444444444,0.043478261,0.053763441,0.229152166
0,1,0,0,0,0,0,0,0,0,0.7,0.266666667,0.186363636,0.571428571,0.583333333,0.636363636,0.6,0.561797753,0.69047619,0.810126582,0.170212766,0.107526882,0.08988764,0.395604396,0.431818182,0.247058824,0.272727273,0.268292683,0.108695652,0.144444444,0.086956522,0.086021505,0.369338223
0,0,1,0,0,0,0,0,0,0,0.78,0.466666667,0.227272727,0.785714286,0.638888889,0.818181818,0.822222222,0.842696629,0.666666667,0.759493671,0.159574468,0.107526882,0.06741573,0.373626374,0.215909091,0.188235294,0.215909091,0.182926829,0.108695652,0.133333333,0.119565217,0.075268817,0.430326729
0,0,0,0,1,0,0,0,0,0,0.12,0.6,0.768181818,0.785714286,0.333333333,0.102272727,0.1,0.101123596,0.154761905,0.126582278,0.010638298,0.010752688,0.02247191,0.747252747,0.659090909,0.6,0.545454545,0.609756098,0.054347826,0.077777778,0.217391304,0.172043011,0.423626006
0,0,0,0,0,0,0,1,0,0,0.46,0.733333333,0.645454545,0.678571429,0.277777778,0.102272727,0.1,0.101123596,0.154761905,0.101265823,0.010638298,0.010752688,0.02247191,0.417582418,0.409090909,0.776470588,0.75,0.780487805,0.130434783,0.133333333,0.076086957,0.064516129,0.318243264
0,0,0,0,1,0,0,0,0,0,0.34,0.8,0.677272727,0.571428571,0.805555556,0.215909091,0.177777778,0.134831461,0.166666667,0.126582278,0,0,0.011235955,0.758241758,0.75,0.282352941,0.261363636,0.243902439,0.065217391,0.044444444,0.130434783,0.096774194,0.561445263
0,0,0,0,0,0,0,0,0,1,0.72,0.533333333,0.172727273,0.714285714,0.666666667,0.397727273,0.355555556,0.337078652,0.333333333,0.53164557,0.010638298,0.010752688,0.02247191,0.087912088,0.011363636,0.470588235,0.534090909,0.609756098,0.673913043,0.722222222,0.119565217,0.11827957,0.229152166
0,0,0,1,0,0,0,0,0,0,0.48,0.533333333,0.354545455,0.678571429,0.194444444,0.556818182,0.544444444,0.528089888,0.380952381,0.455696203,0.255319149,0.096774194,0.08988764,0.472527473,0.488636364,0.435294118,0.409090909,0.451219512,0.108695652,0.066666667,0.054347826,0.053763441,0.207381896
0,0,1,0,0,0,0,0,0,0,0.86,0.333333333,0.1,0.75,0.583333333,0.784090909,0.788888889,0.797752809,0.583333333,0.734177215,0.159574468,0.107526882,0.06741573,0.450549451,0.215909091,0.164705882,0.181818182,0.146341463,0.054347826,0.077777778,0.108695652,0.064516129,0.452244623
0,0,0,0,0,0,0,0,0,1,0.72,0.533333333,0.281818182,0.714285714,0.5,0.386363636,0.344444444,0.348314607,0.55952381,0.620253165,0.010638298,0.010752688,0.02247191,0.131868132,0.181818182,0.635294118,0.636363636,0.695121951,0.532608696,0.588888889,0.152173913,0.129032258,0.389441033
0,0,0,0,1,0,0,0,0,0,0.3,0.533333333,0.759090909,0.75,0.666666667,0.113636364,0.077777778,0.078651685,0.154761905,0.113924051,0.010638298,0.010752688,0.02247191,0.78021978,0.761363636,0.352941176,0.306818182,0.304878049,0.076086957,0.088888889,0.195652174,0.204301075,0.4761597
0,0,0,0,1,0,0,0,0,0,0.28,0.666666667,0.75,0.714285714,0.583333333,0.090909091,0.055555556,0.056179775,0.130952381,0.075949367,0.010638298,0.010752688,0.02247191,0.714285714,0.784090909,0.282352941,0.284090909,0.243902439,0.054347826,0.033333333,0.065217391,0.086021505,0.417399943
0,0,1,0,0,0,0,0,0,0,0.9,0.466666667,0.159090909,0.642857143,0.416666667,0.715909091,0.722222222,0.741573034,0.571428571,0.721518987,0.489361702,0.462365591,0.426966292,0.32967033,0.215909091,0.223529412,0.25,0.219512195,0.130434783,0.177777778,0.119565217,0.107526882,0.254301337
0,0,0,0,0,0,0,0,0,1,0.86,0.266666667,0.136363636,0.535714286,0.694444444,0.545454545,0.522222222,0.494382022,0.357142857,0.683544304,0.010638298,0.010752688,0.02247191,0.362637363,0.295454545,0.423529412,0.522727273,0.548780488,0.739130435,0.711111111,0.108695652,0.075268817,0.226234045
0,0,0,1,0,0,0,0,0,0,0.54,0.8,0.463636364,0.678571429,0.583333333,0.670454545,0.644444444,0.617977528,0.607142857,0.64556962,0.106382979,0.053763441,0.02247191,0.538461538,0.522727273,0.164705882,0.170454545,0.12195122,0.076086957,0.122222222,0.108695652,0.086021505,0.229152166
0,0,0,0,0,0,0,0,0,1,0.78,0.266666667,0.181818182,0.857142857,0.805555556,0.431818182,0.388888889,0.382022472,0.5,0.721518987,0.010638298,0.010752688,0.02247191,0.307692308,0.295454545,0.6,0.704545455,0.707317073,0.804347826,0.855555556,0.239130435,0.161290323,0.387989267
0,0,0,1,0,0,0,0,0,0,0.66,0.733333333,0.386363636,0.428571429,0.583333333,0.693181818,0.711111111,0.696629213,0.630952381,0.696202532,0.106382979,0.053763441,0.02247191,0.450549451,0.465909091,0.317647059,0.329545455,0.292682927,0.097826087,0.088888889,0.152173913,0.139784946,0.185727237
1,0,0,0,0,0,0,0,0,0,0.74,0.666666667,0.259090909,0.571428571,0.694444444,0.659090909,0.611111111,0.561797753,0.55952381,0.658227848,0.904255319,0.860215054,0.853932584,0.307692308,0.295454545,0.270588235,0.272727273,0.341463415,0.108695652,0.2,0.597826087,0.483870968,0.817586488
0,0,0,0,0,0,0,1,0,0,0.5,0.6,0.604545455,0.464285714,0.138888889,0.090909091,0.077777778,0.06741573,0.107142857,0.113924051,0,0,0.011235955,0.516483516,0.477272727,0.670588235,0.670454545,0.646341463,0.054347826,0.033333333,0.043478261,0.064516129,0.360803556
0,0,0,0,0,0,0,1,0,0,0.38,0.8,0.822727273,0.357142857,0.277777778,0.181818182,0.155555556,0.134831461,0.297619048,0.227848101,0.010638298,0.010752688,0.02247191,0.417582418,0.409090909,0.788235294,0.772727273,0.817073171,0.347826087,0.422222222,0.108695652,0.053763441,0.299877183
0,0,0,0,1,0,0,0,0,0,0.52,0.8,0.690909091,0.714285714,0.777777778,0.136363636,0.1,0.101123596,0.107142857,0.037974684,0.010638298,0.010752688,0.02247191,0.824175824,0.659090909,0.541176471,0.5,0.475609756,0.065217391,0.055555556,0.043478261,0.053763441,0.468522005
0,0,0,0,0,0,0,1,0,0,0.5,0.733333333,0.568181818,0.678571429,0.555555556,0.329545455,0.322222222,0.292134831,0.357142857,0.367088608,0.010638298,0.010752688,0.02247191,0.472527473,0.454545455,0.847058824,0.795454545,0.853658537,0.326086957,0.444444444,0.086956522,0.064516129,0.570768905
0,0,1,0,0,0,0,0,0,0,0.84,0.533333333,0.172727273,0.571428571,0.416666667,0.727272727,0.733333333,0.730337079,0.55952381,0.708860759,0.106382979,0.053763441,0.02247191,0.406593407,0.227272727,0.176470588,0.204545455,0.170731707,0.054347826,0.088888889,0.097826087,0.064516129,0.318243264
0,0,0,0,0,0,0,1,0,0,0.52,0.666666667,0.545454545,0.607142857,0.388888889,0.238636364,0.2,0.191011236,0.214285714,0.303797468,0.010638298,0.010752688,0.02247191,0.417582418,0.409090909,0.823529412,0.772727273,0.841463415,0.402173913,0.455555556,0.152173913,0.150537634,0.561888957
0,0,0,0,1,0,0,0,0,0,0.3,0.8,0.704545455,0.607142857,0.611111111,0.136363636,0.133333333,0.123595506,0.130952381,0.063291139,0.010638298,0.010752688,0.02247191,0.659340659,0.647727273,0.317647059,0.295454545,0.280487805,0.108695652,0.144444444,0.108695652,0.064516129,0.221744422
0,0,0,0,0,0,0,0,0,1,0.82,0.266666667,0.231818182,0.714285714,0.75,0.511363636,0.5,0.449438202,0.535714286,0.64556962,0.308510638,0.247311828,0.224719101,0.307692308,0.181818182,0.6,0.647727273,0.670731707,0.75,0.644444444,0.27173913,0.268817204,0.449079613
0,0,0,0,0,0,0,1,0,0,0.42,0.666666667,0.522727273,0.714285714,0.333333333,0.181818182,0.177777778,0.168539326,0.214285714,0.240506329,0.010638298,0.010752688,0.02247191,0.417582418,0.409090909,0.788235294,0.727272727,0.780487805,0.217391304,0.244444444,0.086956522,0.053763441,0.37261704
0,0,0,0,1,0,0,0,0,0,0.28,0.8,0.75,0.678571429,0.638888889,0.159090909,0.122222222,0.123595506,0.142857143,0.101265823,0.010638298,0.010752688,0.02247191,0.703296703,0.636363636,0.364705882,0.295454545,0.280487805,0.076086957,0.088888889,0.195652174,0.204301075,0.241606272
0,0,0,0,0,0,0,1,0,0,0.52,0.533333333,0.477272727,0.607142857,0.527777778,0.113636364,0.088888889,0.06741573,0.19047619,0.367088608,0.010638298,0.010752688,0.02247191,0.417582418,0.409090909,0.847058824,0.840909091,0.853658537,0.184782609,0.244444444,0.076086957,0.064516129,0.286858252
0,0,1,0,0,0,0,0,0,0,0.86,0.533333333,0.2,0.678571429,0.638888889,0.784090909,0.788888889,0.797752809,0.547619048,0.696202532,0.159574468,0.107526882,0.06741573,0.340659341,0.193181818,0.282352941,0.295454545,0.280487805,0.152173913,0.266666667,0.163043478,0.11827957,0.417399943
0,0,0,0,0,0,0,1,0,0,0.72,0.733333333,0.427272727,0.678571429,0.388888889,0.238636364,0.211111111,0.202247191,0.214285714,0.227848101,0.010638298,0.010752688,0.02247191,0.417582418,0.409090909,0.752941176,0.715909091,0.792682927,0.304347826,0.466666667,0.108695652,0.086021505,0.322113549
0,0,0,0,1,0,0,0,0,0,0.48,0.733333333,0.672727273,0.321428571,0.416666667,0.227272727,0.2,0.168539326,0.285714286,0.164556962,0.010638298,0.010752688,0.02247191,0.67032967,0.636363636,0.423529412,0.443181818,0.426829268,0.076086957,0.088888889,0.27173913,0.23655914,0.322113549
0,0,0,0,0,0,0,1,0,0,0.86,0.4,0.340909091,0.714285714,0.277777778,0.170454545,0.166666667,0.134831461,0.285714286,0.430379747,0.010638298,0.010752688,0.02247191,0.417582418,0.409090909,0.682352941,0.693181818,0.792682927,0.27173913,0.366666667,0.086956522,0.086021505,0.417399943
0,0,0,0,0,0,0,0,0,1,0.86,0.4,0.136363636,0.714285714,0.694444444,0.590909091,0.566666667,0.528089888,0.55952381,0.708860759,0.255319149,0.215053763,0.168539326,0.296703297,0.318181818,0.435294118,0.511363636,0.548780488,0.619565217,0.677777778,0.108695652,0.075268817,0.387989267
0,0,0,0,0,0,0,0,0,1,0.84,0.333333333,0.145454545,0.714285714,0.888888889,0.5,0.466666667,0.438202247,0.369047619,0.582278481,0.010638298,0.010752688,0.02247191,0.362637363,0.011363636,0.564705882,0.681818182,0.634146341,0.826086957,0.866666667,0.032608696,0.053763441,0.646792016
0,0,0,0,0,0,0,0,0,1,0.86,0.2,0.109090909,0.464285714,0.75,0.488636364,0.444444444,0.438202247,0.392857143,0.658227848,0.010638298,0.010752688,0.02247191,0.362637363,0.295454545,0.494117647,0.545454545,0.62195122,0.782608696,0.8,0.130434783,0.043010753,0.588907702
0,0,0,0,0,0,0,0,1,0,0.68,0.733333333,0.45,0.714285714,0.527777778,0.397727273,0.377777778,0.337078652,0.428571429,0.455696203,0.106382979,0.075268817,0.02247191,0.417582418,0.409090909,0.752941176,0.761363636,0.804878049,0.445652174,0.522222222,0.119565217,0.11827957,0.481380337
0,0,1,0,0,0,0,0,0,0,0.78,0.466666667,0.2,0.678571429,0.5,0.715909091,0.711111111,0.707865169,0.547619048,0.696202532,0.106382979,0.053763441,0.02247191,0.406593407,0.204545455,0.2,0.227272727,0.195121951,0.065217391,0.088888889,0.130434783,0.107526882,0.417399943
0,0,0,0,0,0,0,1,0,0,0.66,0.533333333,0.427272727,0.714285714,0.305555556,0.238636364,0.222222222,0.202247191,0.214285714,0.316455696,0.010638298,0.010752688,0.02247191,0.417582418,0.409090909,0.717647059,0.693181818,0.756097561,0.206521739,0.344444444,0.130434783,0.053763441,0.218672704
0,0,0,0,0,0,0,0,1,0,0.76,0.533333333,0.309090909,0.464285714,0.861111111,0.386363636,0.366666667,0.314606742,0.392857143,0.506329114,0.010638298,0.010752688,0.02247191,0.417582418,0.409090909,0.776470588,0.772727273,0.841463415,0.663043478,0.711111111,0.097826087,0.150537634,0.126569386
1,0,0,0,0,0,0,0,0,0,0.64,0.666666667,0.268181818,0.785714286,0.583333333,0.079545455,0.1,0.08988764,0.523809524,0.64556962,0.840425532,0.795698925,0.842696629,0.131868132,0.102272727,0.188235294,0.215909091,0.182926829,0.119565217,0.144444444,0.380434783,0.225806452,0.227700401
0,0,0,0,0,1,0,0,0,0,0.64,0.6,0.386363636,0.714285714,0.583333333,0.136363636,0.133333333,0.112359551,0.297619048,0.278481013,0.425531915,0.376344086,0.348314607,0,0.079545455,0.247058824,0.204545455,0.268292683,0.054347826,0.033333333,0.945652174,0.795698925,0.364848601
1,0,0,0,0,0,0,0,0,0,0.52,0.6,0.227272727,0.5,0.416666667,0.056818182,0.077777778,0.078651685,0.357142857,0.405063291,0.829787234,0.709677419,0.752808989,0.087912088,0.090909091,0.117647059,0.136363636,0.097560976,0.054347826,0.066666667,0.086956522,0.075268817,0.423626006
0,0,0,0,0,0,1,0,0,0,0.44,0.266666667,0.186363636,0.5,0.388888889,0.136363636,0.155555556,0.157303371,0.071428571,0.050632911,0.35106383,0.290322581,0.247191011,0.142857143,0.125,0.058823529,0.090909091,0.109756098,0.054347826,0.2,0.989130435,0.827956989,0.429962431
0,0,0,0,0,0,0,1,0,0,0.46,0.666666667,0.613636364,0.75,0.277777778,0.25,0.244444444,0.213483146,0.238095238,0.253164557,0.010638298,0.010752688,0.02247191,0.417582418,0.397727273,0.764705882,0.738636364,0.817073171,0.097826087,0.111111111,0.108695652,0.11827957,0.416602666
0,0,0,0,0,0,0,0,0,1,0.82,0.333333333,0.159090909,0.821428571,0.861111111,0.488636364,0.455555556,0.415730337,0.476190476,0.64556962,0.010638298,0.010752688,0.02247191,0.307692308,0.295454545,0.670588235,0.636363636,0.804878049,0.739130435,0.788888889,0.130434783,0.086021505,0.493432947
0,0,0,0,0,0,0,0,1,0,0.78,0.733333333,0.445454545,0.75,0.583333333,0.295454545,0.3,0.280898876,0.273809524,0.329113924,0.053191489,0.010752688,0.02247191,0.417582418,0.409090909,0.823529412,0.806818182,0.87804878,0.5,0.566666667,0.086956522,0.11827957,0.582511352
0,1,0,0,0,0,0,0,0,0,0.58,0.4,0.386363636,0.785714286,0.305555556,0.579545455,0.555555556,0.516853933,0.523809524,0.658227848,0.106382979,0.053763441,0.011235955,0.582417582,0.636363636,0.282352941,0.284090909,0.317073171,0.054347826,0.055555556,0.086956522,0.053763441,0.218672704
0,0,0,0,1,0,0,0,0,0,0.18,0.6,0.704545455,0.607142857,0.5,0.113636364,0.077777778,0.078651685,0.095238095,0.075949367,0.010638298,0.010752688,0.02247191,0.692307692,0.636363636,0.235294118,0.170454545,0.256097561,0.076086957,0.088888889,0.108695652,0.086021505,0.218672704
0,0,0,0,0,1,0,0,0,0,0.7,0.6,0.245454545,0.678571429,0.638888889,0.113636364,0.133333333,0.134831461,0.071428571,0.164556962,0.234042553,0.193548387,0.157303371,0.076923077,0.090909091,0.164705882,0.147727273,0.146341463,0.054347826,0.033333333,0.945652174,0.731182796,0.417399943
0,0,1,0,0,0,0,0,0,0,0.78,0.266666667,0.090909091,0.5,0.472222222,0.715909091,0.711111111,0.707865169,0.55952381,0.696202532,0.382978723,0.35483871,0.303370787,0.43956044,0.238636364,0.352941176,0.363636364,0.37804878,0.086956522,0.2,0.184782609,0.172043011,0.229152166
0,0,0,0,0,0,0,0,1,0,0.6,0.533333333,0.409090909,0.678571429,0.25,0.295454545,0.3,0.269662921,0.297619048,0.379746835,0.010638298,0.010752688,0.02247191,0.417582418,0.409090909,0.741176471,0.715909091,0.780487805,0.358695652,0.433333333,0.141304348,0.11827957,0.429962431
0,1,0,0,0,0,0,0,0,0,0.84,0.333333333,0.272727273,0.285714286,0.666666667,0.556818182,0.533333333,0.505617978,0.833333333,0.924050633,0.223404255,0.172043011,0.157303371,0.263736264,0.522727273,0.270588235,0.284090909,0.268292683,0.086956522,0.088888889,0.108695652,0.075268817,0.160288866
0,0,0,0,0,0,0,0,1,0,0.64,0.6,0.340909091,0.607142857,0.472222222,0.329545455,0.3,0.280898876,0.297619048,0.303797468,0.010638298,0.010752688,0.02247191,0.417582418,0.409090909,0.764705882,0.727272727,0.804878049,0.510869565,0.588888889,0.097826087,0.064516129,0.150718143
0,0,0,0,0,0,0,0,0,1,0.8,0.6,0.240909091,0.535714286,0.694444444,0.454545455,0.455555556,0.449438202,0.488095238,0.632911392,0.382978723,0.35483871,0.325842697,0.307692308,0.295454545,0.564705882,0.613636364,0.658536585,0.684782609,0.644444444,0.22826087,0.182795699,0.428127171
0,0,0,0,0,0,0,0,1,0,0.66,0.733333333,0.372727273,0.464285714,0.333333333,0.204545455,0.188888889,0.168539326,0.44047619,0.53164557,0.010638298,0.010752688,0.02247191,0.417582418,0.409090909,0.811764706,0.784090909,0.853658537,0.336956522,0.455555556,0.206521739,0.139784946,0.807520345
0,0,0,0,0,0,0,0,1,0,0.74,0.466666667,0.290909091,0.571428571,0.638888889,0.318181818,0.277777778,0.280898876,0.333333333,0.493670886,0.180851064,0.129032258,0.123595506,0.417582418,0.409090909,0.670588235,0.715909091,0.817073171,0.532608696,0.644444444,0.108695652,0.075268817,0.437427946
0,0,0,0,0,0,0,0,0,1,0.82,0.466666667,0.172727273,0.714285714,0.666666667,0.284090909,0.3,0.303370787,0.428571429,0.544303797,0.010638298,0.010752688,0.02247191,0.307692308,0.295454545,0.647058824,0.647727273,0.707317073,0.576086957,0.633333333,0.086956522,0.096774194,0.207381896
0,1,0,0,0,0,0,0,0,0,0.66,0.533333333,0.345454545,0.464285714,0.472222222,0.602272727,0.577777778,0.573033708,0.642857143,0.696202532,0.606382979,0.580645161,0.640449438,0.56043956,0.534090909,0.176470588,0.170454545,0.256097561,0.076086957,0.088888889,0.25,0.172043011,0.207381896
0,0,0,0,0,0,0,0,0,1,0.84,0.466666667,0.195454545,0.785714286,0.666666667,0.340909091,0.333333333,0.303370787,0.523809524,0.607594937,0.106382979,0.053763441,0.06741573,0.307692308,0.284090909,0.470588235,0.613636364,0.573170732,0.695652174,0.611111111,0.152173913,0.096774194,0.423626006
0,0,0,0,0,0,0,0,1,0,0.74,0.6,0.386363636,0.535714286,0.583333333,0.306818182,0.288888889,0.258426966,0.214285714,0.278481013,0.010638298,0.010752688,0.02247191,0.417582418,0.409090909,0.741176471,0.738636364,0.780487805,0.543478261,0.544444444,0.097826087,0.129032258,0.226234045
0,0,0,0,0,0,0,1,0,0,0.5,0.6,0.804545455,0.785714286,0.25,0.147727273,0.144444444,0.123595506,0.19047619,0.164556962,0.021276596,0.010752688,0.011235955,0.417582418,0.352272727,0.8,0.715909091,0.792682927,0.076086957,0.077777778,0.065217391,0.064516129,0.503247048
0,0,1,0,0,0,0,0,0,0,0.76,0.4,0.204545455,0.714285714,0.5,0.727272727,0.711111111,0.685393258,0.595238095,0.721518987,0.053191489,0.053763441,0.06741573,0.340659341,0.238636364,0.588235294,0.636363636,0.585365854,0.5,0.566666667,0.260869565,0.258064516,0.250607438
0,0,0,0,0,0,0,0,0,1,0.78,0.466666667,0.181818182,0.607142857,0.833333333,0.465909091,0.422222222,0.393258427,0.464285714,0.607594937,0.138297872,0.107526882,0.06741573,0.307692308,0.295454545,0.717647059,0.704545455,0.756097561,0.641304348,0.722222222,0.141304348,0.096774194,0.602489708
0,0,0,0,0,0,0,0,0,1,0.76,0.4,0.181818182,0.75,0.888888889,0.511363636,0.511111111,0.505617978,0.464285714,0.658227848,0.074468085,0.075268817,0.078651685,0.307692308,0.295454545,0.635294118,0.659090909,0.707317073,0.663043478,0.822222222,0.130434783,0.107526882,0.459869201
0,0,0,0,0,1,0,0,0,0,0.66,0.533333333,0.204545455,0.464285714,0.5,0.181818182,0.2,0.202247191,0.107142857,0.113924051,0.223404255,0.193548387,0.146067416,0,0,0.188235294,0.159090909,0.158536585,0.054347826,0.222222222,0.923913043,0.806451613,0.126569386
0,0,0,0,0,0,0,0,0,1,0.7,0.333333333,0.181818182,0.535714286,0.694444444,0.295454545,0.3,0.292134831,0.464285714,0.632911392,0.010638298,0.010752688,0.02247191,0.307692308,0.295454545,0.588235294,0.625,0.743902439,0.652173913,0.688888889,0.097826087,0.075268817,0.368228703
0,0,0,0,0,0,0,0,1,0,0.74,0.6,0.363636364,0.642857143,0.555555556,0.329545455,0.311111111,0.292134831,0.333333333,0.417721519,0.010638298,0.010752688,0.02247191,0.417582418,0.409090909,0.752941176,0.75,0.792682927,0.413043478,0.488888889,0.076086957,0.064516129,0.447147119
0,0,0,0,0,0,0,0,0,1,0.84,0.533333333,0.25,0.571428571,0.888888889,0.454545455,0.444444444,0.415730337,0.55952381,0.696202532,0.138297872,0.086021505,0.06741573,0.307692308,0.295454545,0.741176471,0.761363636,0.865853659,0.880434783,0.922222222,0.130434783,0.096774194,0.807025857
0,1,0,0,0,0,0,0,0,0,0.72,0.333333333,0.254545455,0.535714286,0.527777778,0.579545455,0.544444444,0.505617978,0.80952381,0.835443038,0.159574468,0.107526882,0.06741573,0.384615385,0.534090909,0.376470588,0.363636364,0.353658537,0.195652174,0.288888889,0.141304348,0.107526882,0.218672704
0,0,0,0,0,0,0,1,0,0,0.68,0.6,0.590909091,0.75,0.388888889,0.136363636,0.111111111,0.08988764,0.130952381,0.139240506,0.010638298,0.010752688,0.02247191,0.417582418,0.409090909,0.835294118,0.772727273,0.841463415,0.130434783,0.2,0.076086957,0.075268817,0.431052607
0,0,0,0,1,0,0,0,0,0,0.3,0.666666667,0.704545455,0.75,0.805555556,0.204545455,0.2,0.168539326,0.297619048,0.202531646,0.234042553,0.204301075,0.168539326,0.879120879,0.806818182,0.447058824,0.375,0.37804878,0.043478261,0.033333333,0.119565217,0.064516129,0.780974248
0,0,0,0,0,0,1,0,0,0,0.4,0.266666667,0.136363636,0.535714286,0.472222222,0.102272727,0.122222222,0.123595506,0.095238095,0.113924051,0.319148936,0.268817204,0.235955056,0.142857143,0.125,0.058823529,0.102272727,0.12195122,0.054347826,0.2,0.967391304,0.870967742,0.608619993
0,0,0,0,0,0,0,0,1,0,0.62,0.533333333,0.345454545,0.607142857,0.666666667,0.340909091,0.3,0.303370787,0.416666667,0.430379747,0.010638298,0.010752688,0.02247191,0.417582418,0.409090909,0.858823529,0.818181818,0.902439024,0.597826087,0.722222222,0.119565217,0.075268817,0.328831416
0,0,1,0,0,0,0,0,0,0,0.9,0.4,0.186363636,0.785714286,0.861111111,0.943181818,0.944444444,0.943820225,0.75,0.873417722,0.159574468,0.107526882,0.06741573,0.538461538,0.318181818,0.305882353,0.306818182,0.256097561,0.086956522,0.111111111,0.184782609,0.11827957,0.578349894
0,0,0,0,0,0,0,0,0,1,0.78,0.2,0.109090909,0.678571429,0.75,0.443181818,0.4,0.359550562,0.44047619,0.64556962,0.223404255,0.161290323,0.146067416,0.208791209,0.079545455,0.6,0.727272727,0.695121951,0.836956522,0.877777778,0.043478261,0.043010753,0.645298984
0,0,0,0,0,0,0,0,1,0,0.74,0.533333333,0.331818182,0.678571429,0.444444444,0.295454545,0.255555556,0.258426966,0.452380952,0.594936709,0.617021277,0.580645161,0.539325843,0.417582418,0.409090909,0.682352941,0.704545455,0.792682927,0.532608696,0.622222222,0.152173913,0.150537634,0.318243264
0,0,0,0,0,0,0,0,0,1,0.82,0.4,0.136363636,0.607142857,0.666666667,0.363636364,0.344444444,0.325842697,0.404761905,0.569620253,0.010638298,0.010752688,0.02247191,0.307692308,0.295454545,0.517647059,0.579545455,0.646341463,0.608695652,0.644444444,0.086956522,0.086021505,0.229152166
0,0,0,0,0,0,0,1,0,0,0.3,0.666666667,0.740909091,0.678571429,0.25,0.102272727,0.077777778,0.056179775,0.154761905,0.075949367,0.010638298,0.010752688,0.02247191,0.417582418,0.409090909,0.776470588,0.727272727,0.780487805,0.065217391,0.055555556,0.086956522,0.107526882,0.364848601
0,0,0,0,0,0,0,1,0,0,0.66,0.666666667,0.477272727,0.678571429,0.305555556,0.215909091,0.2,0.179775281,0.142857143,0.17721519,0.010638298,0.010752688,0.02247191,0.417582418,0.409090909,0.8,0.761363636,0.841463415,0.239130435,0.311111111,0.130434783,0.075268817,0.162586571
0,0,0,0,0,1,0,0,0,0,0.74,0.466666667,0.15,0.714285714,0.583333333,0.102272727,0.122222222,0.123595506,0.107142857,0.126582278,0.319148936,0.279569892,0.235955056,0.186813187,0.079545455,0.117647059,0,0.073170732,0.065217391,0.055555556,0.945652174,0.795698925,0.417399943
0,0,0,0,1,0,0,0,0,0,0.38,0.8,0.709090909,0.785714286,0.611111111,0.261363636,0.255555556,0.235955056,0.226190476,0.240506329,0.010638298,0.010752688,0.02247191,0.615384615,0.659090909,0.329411765,0.352272727,0.292682927,0.054347826,0.033333333,0.108695652,0.086021505,0.416602666
0,0,0,1,0,0,0,0,0,0,0.72,0.533333333,0.363636364,0.464285714,0.666666667,0.761363636,0.733333333,0.730337079,0.714285714,0.759493671,0.159574468,0.107526882,0.06741573,0.626373626,0.556818182,0.282352941,0.284090909,0.256097561,0.076086957,0.077777778,0.119565217,0.064516129,0.271486025
1,0,0,0,0,0,0,0,0,0,0.8,0.466666667,0.286363636,0.75,0.833333333,0.477272727,0.444444444,0.370786517,0.702380952,0.860759494,0.946808511,0.88172043,0.93258427,0.285714286,0.147727273,0.270588235,0.25,0.280487805,0.119565217,0.166666667,0.173913043,0.182795699,0.700513319
0,0,0,0,1,0,0,0,0,0,0.32,0.666666667,0.668181818,0.678571429,0.527777778,0.125,0.088888889,0.06741573,0.142857143,0.139240506,0.010638298,0.010752688,0.02247191,0.626373626,0.715909091,0.235294118,0.25,0.243902439,0.108695652,0.144444444,0.152173913,0.182795699,0.218672704
0,0,0,0,0,0,0,1,0,0,0.52,0.6,0.590909091,0.392857143,0.277777778,0.329545455,0.333333333,0.280898876,0.226190476,0.215189873,0.010638298,0.010752688,0.02247191,0.450549451,0.465909091,0.741176471,0.727272727,0.780487805,0.239130435,0.277777778,0.195652174,0.204301075,0.229152166
0,0,0,0,0,0,0,1,0,0,0.46,0.533333333,0.577272727,0.607142857,0.305555556,0.352272727,0.344444444,0.325842697,0.285714286,0.341772152,0.010638298,0.010752688,0.02247191,0.417582418,0.409090909,0.788235294,0.761363636,0.804878049,0.239130435,0.288888889,0.097826087,0.096774194,0.218672704
0,0,0,0,0,0,0,1,0,0,0.64,0.666666667,0.468181818,0.714285714,0.333333333,0.193181818,0.166666667,0.157303371,0.19047619,0.227848101,0.010638298,0.010752688,0.02247191,0.417582418,0.409090909,0.694117647,0.670454545,0.743902439,0.358695652,0.455555556,0.086956522,0.086021505,0.417399943
0,0,0,0,0,0,0,0,1,0,0.76,0.666666667,0.431818182,0.535714286,0.277777778,0.113636364,0.1,0.08988764,0.154761905,0.227848101,0.010638298,0.010752688,0.02247191,0.417582418,0.409090909,0.741176471,0.693181818,0.792682927,0.315217391,0.388888889,0.108695652,0.11827957,0.461347442
0,0,0,0,1,0,0,0,0,0,0.52,0.666666667,0.727272727,0.821428571,0.694444444,0.113636364,0.111111111,0.112359551,0.19047619,0.113924051,0.010638298,0.010752688,0.02247191,0.835164835,0.795454545,0.411764706,0.397727273,0.37804878,0.076086957,0.077777778,0.217391304,0.182795699,0.56881047
1,0,0,0,0,0,0,0,0,0,0.62,0.6,0.272727273,0.75,0.277777778,0.625,0.611111111,0.629213483,0.476190476,0.556962025,0.734042553,0.612903226,0.685393258,0.263736264,0.204545455,0.188235294,0.170454545,0.170731707,0.076086957,0.088888889,0.163043478,0.086021505,0.185727237
0,0,0,0,1,0,0,0,0,0,0.28,0.8,0.704545455,0.714285714,0.555555556,0.102272727,0.122222222,0.123595506,0.154761905,0.088607595,0.010638298,0.010752688,0.02247191,0.681318681,0.625,0.176470588,0.102272727,0.182926829,0.076086957,0.088888889,0.184782609,0.172043011,0.218672704
0,0,0,1,0,0,0,0,0,0,0.66,0.733333333,0.422727273,0.642857143,0.555555556,0.704545455,0.677777778,0.651685393,0.666666667,0.670886076,0.106382979,0.053763441,0.02247191,0.571428571,0.545454545,0.494117647,0.465909091,0.475609756,0.097826087,0.155555556,0.173913043,0.139784946,0.429962431
0,0,1,0,0,0,0,0,0,0,0.84,0.266666667,0.045454545,0.571428571,0.444444444,0.727272727,0.733333333,0.730337079,0.571428571,0.734177215,0.29787234,0.225806452,0.179775281,0.362637363,0.170454545,0.176470588,0.204545455,0.182926829,0.163043478,0.222222222,0.130434783,0.075268817,0.416602666
0,0,0,1,0,0,0,0,0,0,0.66,0.733333333,0.25,0.75,0.527777778,0.693181818,0.688888889,0.674157303,0.69047619,0.746835443,0.010638298,0.010752688,0.02247191,0.56043956,0.284090909,0.270588235,0.318181818,0.304878049,0.108695652,0.088888889,0.184782609,0.161290323,0.218672704
0,0,0,0,1,0,0,0,0,0,0.36,0.733333333,0.786363636,0.642857143,0.638888889,0.068181818,0.066666667,0.06741573,0.083333333,0.050632911,0.010638298,0.010752688,0.02247191,0.692307692,0.727272727,0.211764706,0.136363636,0.097560976,0.076086957,0.088888889,0.152173913,0.064516129,0.410062581
0,0,0,0,1,0,0,0,0,0,0.36,0.8,0.654545455,0.75,0.555555556,0.159090909,0.144444444,0.123595506,0.095238095,0.050632911,0.010638298,0.010752688,0.02247191,0.703296703,0.681818182,0.211764706,0.215909091,0.219512195,0.065217391,0.055555556,0.043478261,0.053763441,0.423626006
0,0,1,0,0,0,0,0,0,0,0.78,0.466666667,0.136363636,0.714285714,0.583333333,0.795454545,0.8,0.797752809,0.630952381,0.784810127,0.308510638,0.279569892,0.258426966,0.571428571,0.443181818,0.176470588,0.193181818,0.195121951,0.119565217,0.188888889,0.173913043,0.172043011,0.647368539
1,0,0,0,0,0,0,0,0,0,0.58,0.666666667,0.331818182,0.714285714,0.138888889,0.125,0.133333333,0.123595506,0.380952381,0.582278481,0.808510638,0.76344086,0.741573034,0.142857143,0.170454545,0.188235294,0.204545455,0.170731707,0.065217391,0.255555556,0.163043478,0.172043011,0.240273831
0,0,0,0,0,0,0,0,0,1,0.8,0.2,0.136363636,0.75,0.833333333,0.5,0.455555556,0.426966292,0.476190476,0.594936709,0.010638298,0.010752688,0.02247191,0.197802198,0.181818182,0.623529412,0.681818182,0.719512195,0.836956522,0.877777778,0.152173913,0.193548387,0.699883817
0,0,0,0,0,0,0,0,0,1,0.78,0.466666667,0.15,0.75,0.75,0.443181818,0.411111111,0.393258427,0.416666667,0.607594937,0.010638298,0.010752688,0.02247191,0.087912088,0.011363636,0.494117647,0.590909091,0.609756098,0.706521739,0.788888889,0.152173913,0.139784946,0.417001849
0,0,0,1,0,0,0,0,0,0,0.6,0.733333333,0.386363636,0.535714286,0.472222222,0.636363636,0.611111111,0.584269663,0.607142857,0.670886076,0.574468085,0.52688172,0.528089888,0.571428571,0.579545455,0.247058824,0.227272727,0.207317073,0.076086957,0.033333333,0.22826087,0.215053763,0.218672704
0,0,0,0,0,1,0,0,0,0,0.58,0.333333333,0.172727273,0.571428571,0.666666667,0.102272727,0.122222222,0.123595506,0.095238095,0.050632911,0.106382979,0.107526882,0.123595506,0.142857143,0.125,0.294117647,0.136363636,0.207317073,0.173913043,0.244444444,0.945652174,0.817204301,0.229152166
0,0,0,0,0,0,0,0,0,1,0.8,0.2,0.136363636,0.75,0.888888889,0.545454545,0.5,0.471910112,0.571428571,0.82278481,0.223404255,0.161290323,0.146067416,0.307692308,0.295454545,0.670588235,0.715909091,0.817073171,0.902173913,0.922222222,0.195652174,0.172043011,0.558754385
0,0,1,0,0,0,0,0,0,0,0.82,0.4,0.136363636,0.642857143,0.638888889,0.761363636,0.766666667,0.741573034,0.619047619,0.746835443,0.276595745,0.23655914,0.191011236,0.384615385,0.227272727,0.188235294,0.204545455,0.158536585,0.065217391,0.111111111,0.130434783,0.096774194,0.416602666
0,0,0,0,0,0,0,0,1,0,0.78,0.533333333,0.295454545,0.857142857,0.833333333,0.318181818,0.311111111,0.280898876,0.321428571,0.518987342,0.010638298,0.010752688,0.02247191,0.417582418,0.409090909,0.835294118,0.806818182,0.87804878,0.717391304,0.666666667,0.119565217,0.064516129,0.694984994
0,0,0,0,0,0,0,0,1,0,0.72,0.4,0.318181818,0.642857143,0.444444444,0.238636364,0.233333333,0.224719101,0.25,0.278481013,0.010638298,0.010752688,0.02247191,0.417582418,0.409090909,0.741176471,0.704545455,0.804878049,0.543478261,0.622222222,0.119565217,0.086021505,0.193308226
0,0,0,0,0,0,0,0,0,1,0.8,0.4,0.222727273,0.785714286,0.75,0.477272727,0.466666667,0.438202247,0.464285714,0.620253165,0.010638298,0.010752688,0.02247191,0.252747253,0.238636364,0.588235294,0.534090909,0.646341463,0.641304348,0.7,0.032608696,0.032258065,0.423626006
0,0,0,0,0,0,0,0,0,1,0.76,0.466666667,0.127272727,0.714285714,0.666666667,0.465909091,0.455555556,0.449438202,0.523809524,0.683544304,0.106382979,0.053763441,0.06741573,0.307692308,0.295454545,0.623529412,0.670454545,0.707317073,0.652173913,0.666666667,0.130434783,0.107526882,0.423626006
0,0,0,0,1,0,0,0,0,0,0.46,0.8,0.795454545,0.821428571,0.611111111,0.215909091,0.2,0.179775281,0.226190476,0.189873418,0,0,0.011235955,0.725274725,0.784090909,0.470588235,0.477272727,0.43902439,0.054347826,0.088888889,0.097826087,0.086021505,0.423626006
0,0,0,0,0,0,0,0,0,1,0.8,0.4,0.163636364,0.642857143,0.611111111,0.420454545,0.377777778,0.359550562,0.464285714,0.620253165,0.010638298,0.010752688,0.02247191,0.307692308,0.295454545,0.6,0.602272727,0.658536585,0.673913043,0.677777778,0.163043478,0.096774194,0.338702895
0,0,0,0,1,0,0,0,0,0,0.16,0.8,0.709090909,0.75,0.583333333,0.136363636,0.1,0.101123596,0.130952381,0.101265823,0.010638298,0.010752688,0.02247191,0.692307692,0.602272727,0.305882353,0.318181818,0.256097561,0.054347826,0.033333333,0.173913043,0.11827957,0.356643158
0,0,0,0,0,0,0,1,0,0,0.64,0.466666667,0.545454545,0.964285714,0.694444444,0.204545455,0.188888889,0.168539326,0.238095238,0.303797468,0.010638298,0.010752688,0.02247191,0.417582418,0.409090909,1,1,1,0.217391304,0.244444444,0.195652174,0.161290323,0.771880041
0,0,0,0,0,0,0,0,0,1,0.64,0.333333333,0.163636364,0.535714286,0.666666667,0.5,0.488888889,0.471910112,0.44047619,0.632911392,0.329787234,0.311827957,0.303370787,0.307692308,0.295454545,0.541176471,0.636363636,0.658536585,0.597826087,0.666666667,0.152173913,0.11827957,0.32810008
0,0,0,1,0,0,0,0,0,0,0.72,0.6,0.386363636,0.535714286,0.527777778,0.715909091,0.688888889,0.674157303,0.714285714,0.784810127,0.361702128,0.279569892,0.269662921,0.56043956,0.568181818,0.388235294,0.397727273,0.37804878,0.108695652,0.133333333,0.086956522,0.053763441,0.410062581
0,0,1,0,0,0,0,0,0,0,0.84,0.4,0.090909091,0.5,0.555555556,0.704545455,0.733333333,0.730337079,0.488095238,0.696202532,0.106382979,0.107526882,0.06741573,0.307692308,0.284090909,0.129411765,0.147727273,0.170731707,0.217391304,0.288888889,0.152173913,0.11827957,0.207381896
0,1,0,0,0,0,0,0,0,0,0.8,0.2,0.204545455,0.464285714,0.611111111,0.704545455,0.666666667,0.651685393,0.702380952,0.835443038,0.180851064,0.11827957,0.08988764,0.241758242,0.5,0.188235294,0.193181818,0.195121951,0.054347826,0.111111111,0.119565217,0.064516129,0.218672704
0,0,1,0,0,0,0,0,0,0,0.84,0.133333333,0.113636364,0.607142857,0.5,0.784090909,0.777777778,0.775280899,0.678571429,0.784810127,0.14893617,0.096774194,0.06741573,0.395604396,0.227272727,0.270588235,0.284090909,0.268292683,0.206521739,0.255555556,0.152173913,0.11827957,0.464259739
0,0,0,0,1,0,0,0,0,0,0.32,0.666666667,0.736363636,0.678571429,0.472222222,0.215909091,0.177777778,0.179775281,0.166666667,0.075949367,0.010638298,0.010752688,0.02247191,0.703296703,0.738636364,0.317647059,0.272727273,0.292682927,0.076086957,0.055555556,0.043478261,0.053763441,0.314267508
0,0,0,1,0,0,0,0,0,0,0.74,0.6,0.4,0.678571429,0.611111111,0.727272727,0.711111111,0.719101124,0.714285714,0.82278481,0.010638298,0.010752688,0.02247191,0.549450549,0.568181818,0.235294118,0.295454545,0.256097561,0.108695652,0.144444444,0.206521739,0.215053763,0.562331305
0,0,0,0,0,0,0,0,0,1,0.74,0.4,0.181818182,0.607142857,0.638888889,0.465909091,0.455555556,0.449438202,0.464285714,0.620253165,0.010638298,0.010752688,0.02247191,0.307692308,0.295454545,0.541176471,0.613636364,0.682926829,0.586956522,0.655555556,0.141304348,0.150537634,0.410062581
0,0,0,0,0,0,0,0,1,0,0.7,0.333333333,0.304545455,0.571428571,0.694444444,0.340909091,0.3,0.303370787,0.416666667,0.493670886,0.010638298,0.010752688,0.02247191,0.417582418,0.409090909,0.788235294,0.829545455,0.865853659,0.608695652,0.644444444,0.141304348,0.150537634,0.462519346
0,0,0,0,0,0,0,1,0,0,0.38,0.6,0.659090909,0.714285714,0.361111111,0.090909091,0.088888889,0.078651685,0.119047619,0.088607595,0.074468085,0.021505376,0.02247191,0.516483516,0.454545455,0.752941176,0.693181818,0.756097561,0.054347826,0.055555556,0.043478261,0.043010753,0.423626006
0,0,0,0,0,0,0,0,0,1,0.8,0.333333333,0.140909091,0.714285714,0.583333333,0.352272727,0.355555556,0.325842697,0.392857143,0.556962025,0.010638298,0.010752688,0.02247191,0.307692308,0.295454545,0.447058824,0.522727273,0.646341463,0.608695652,0.666666667,0.076086957,0.075268817,0.207381896
0,0,0,0,0,0,0,1,0,0,0.54,0.6,0.727272727,0.964285714,0.555555556,0.215909091,0.188888889,0.168539326,0.333333333,0.278481013,0.010638298,0.010752688,0.02247191,0.417582418,0.409090909,0.858823529,0.829545455,0.853658537,0.195652174,0.244444444,0.108695652,0.086021505,0.650860914
1,0,0,0,0,0,0,0,0,0,0.58,0.533333333,0.186363636,0.678571429,0.305555556,0.079545455,0.1,0.08988764,0.380952381,0.493670886,0.765957447,0.688172043,0.730337079,0.120879121,0.034090909,0.188235294,0.181818182,0.195121951,0.076086957,0.111111111,0.119565217,0.075268817,0.229152166
0,0,1,0,0,0,0,0,0,0,0.78,0.333333333,0.104545455,0.642857143,0.527777778,0.772727273,0.777777778,0.797752809,0.595238095,0.734177215,0.425531915,0.387096774,0.359550562,0.461538462,0.295454545,0.235294118,0.272727273,0.256097561,0.086956522,0.2,0.141304348,0.107526882,0.236201905
0,0,0,0,0,0,0,0,1,0,0.72,0.466666667,0.318181818,0.5,0.611111111,0.465909091,0.466666667,0.438202247,0.464285714,0.518987342,0.010638298,0.010752688,0.02247191,0.417582418,0.409090909,0.658823529,0.636363636,0.719512195,0.608695652,0.7,0.489130435,0.52688172,0.364848601
0,0,0,0,0,0,0,0,0,1,0.74,0.333333333,0.145454545,0.678571429,0.555555556,0.329545455,0.322222222,0.314606742,0.523809524,0.620253165,0.010638298,0.010752688,0.02247191,0.307692308,0.295454545,0.576470588,0.625,0.682926829,0.597826087,0.666666667,0.130434783,0.11827957,0.294439241
0,0,0,0,0,0,0,1,0,0,0.4,0.666666667,0.568181818,0.642857143,0.25,0.227272727,0.188888889,0.168539326,0.261904762,0.316455696,0.010638298,0.010752688,0.02247191,0.417582418,0.352272727,0.764705882,0.727272727,0.780487805,0.206521739,0.255555556,0.032608696,0.032258065,0.423626006
0,0,1,0,0,0,0,0,0,0,0.92,0.4,0.181818182,0.464285714,0.416666667,0.715909091,0.722222222,0.730337079,0.654761905,0.772151899,0.106382979,0.053763441,0.02247191,0.395604396,0.227272727,0.152941176,0.204545455,0.158536585,0.054347826,0.088888889,0.097826087,0.064516129,0.437774094
0,0,0,0,0,0,0,1,0,0,0.64,0.8,0.477272727,0.75,0.666666667,0.511363636,0.488888889,0.460674157,0.416666667,0.493670886,0.053191489,0.032258065,0.02247191,0.417582418,0.409090909,0.835294118,0.818181818,0.853658537,0.413043478,0.511111111,0.076086957,0.064516129,0.596789717
1,0,0,0,0,0,0,0,0,0,0.64,0.466666667,0.181818182,0.642857143,0.416666667,0.272727273,0.255555556,0.224719101,0.547619048,0.607594937,0.79787234,0.741935484,0.719101124,0.131868132,0.090909091,0.282352941,0.215909091,0.231707317,0.163043478,0.211111111,0.141304348,0.129032258,0.229152166
0,0,0,0,0,0,0,0,1,0,0.68,0.733333333,0.463636364,0.428571429,0.333333333,0.465909091,0.422222222,0.393258427,0.30952381,0.455696203,0.010638298,0.010752688,0.02247191,0.417582418,0.409090909,0.741176471,0.715909091,0.780487805,0.413043478,0.477777778,0.108695652,0.086021505,0.229152166
0,0,1,0,0,0,0,0,0,0,0.82,0.6,0.272727273,0.464285714,0.611111111,0.727272727,0.722222222,0.730337079,0.607142857,0.734177215,0.265957447,0.182795699,0.123595506,0.494505495,0.261363636,0.411764706,0.420454545,0.390243902,0.108695652,0.166666667,0.130434783,0.086021505,0.218672704
0,0,0,0,1,0,0,0,0,0,0.48,0.8,0.713636364,0.607142857,0.694444444,0.227272727,0.2,0.179775281,0.107142857,0.139240506,0.010638298,0.010752688,0.02247191,0.736263736,0.715909091,0.223529412,0.204545455,0.219512195,0.076086957,0.066666667,0.086956522,0.064516129,0.463971111
0,0,0,0,0,0,0,1,0,0,0.4,0.533333333,0.659090909,0.678571429,0.444444444,0.193181818,0.166666667,0.157303371,0.202380952,0.189873418,0.010638298,0.010752688,0.02247191,0.417582418,0.397727273,0.811764706,0.772727273,0.804878049,0.25,0.355555556,0.108695652,0.11827957,0.126569386
0,0,0,0,0,0,0,0,0,1,0.78,0.466666667,0.204545455,0.714285714,0.666666667,0.397727273,0.388888889,0.370786517,0.404761905,0.569620253,0.117021277,0.064516129,0.033707865,0.21978022,0.159090909,0.517647059,0.590909091,0.646341463,0.630434783,0.666666667,0.086956522,0.064516129,0.417399943
1,0,0,0,0,0,0,0,0,0,0.68,0.666666667,0.309090909,0.607142857,0.388888889,0.284090909,0.266666667,0.235955056,0.476190476,0.430379747,0.808510638,0.774193548,0.775280899,0.186813187,0.045454545,0.129411765,0.147727273,0.12195122,0.097826087,0.1,0.119565217,0.064516129,0.346016104
0,0,0,0,0,0,0,0,0,1,0.78,0.466666667,0.204545455,0.714285714,0.694444444,0.465909091,0.455555556,0.438202247,0.452380952,0.582278481,0.010638298,0.010752688,0.02247191,0.307692308,0.295454545,0.494117647,0.556818182,0.634146341,0.673913043,0.7,0.119565217,0.064516129,0.416602666
0,0,0,1,0,0,0,0,0,0,0.72,0.933333333,0.413636364,0.607142857,0.416666667,0.659090909,0.633333333,0.606741573,0.630952381,0.620253165,0.106382979,0.053763441,0.02247191,0.582417582,0.5,0.458823529,0.431818182,0.414634146,0.086956522,0.166666667,0.119565217,0.150537634,0.423626006
0,0,0,0,0,0,0,0,1,0,0.6,0.466666667,0.309090909,0.714285714,0.388888889,0.386363636,0.377777778,0.370786517,0.369047619,0.443037975,0.106382979,0.010752688,0.02247191,0.417582418,0.409090909,0.694117647,0.670454545,0.756097561,0.369565217,0.466666667,0.141304348,0.150537634,0.218672704
0,0,0,0,1,0,0,0,0,0,0.24,0.8,0.7,0.678571429,0.777777778,0.238636364,0.2,0.157303371,0.178571429,0.164556962,0.010638298,0.010752688,0.02247191,0.923076923,0.897727273,0.329411765,0.340909091,0.317073171,0.076086957,0.055555556,0.152173913,0.182795699,0.819088932
0,0,0,0,0,0,0,0,1,0,0.72,0.533333333,0.4,1,0.916666667,0.318181818,0.277777778,0.280898876,0.380952381,0.265822785,0.010638298,0.010752688,0.02247191,0.417582418,0.409090909,0.882352941,0.852272727,0.93902439,0.717391304,0.777777778,0.206521739,0.150537634,0.672454678
0,0,0,0,0,0,1,0,0,0,0.54,0.266666667,0.104545455,0.607142857,0.666666667,0.136363636,0.155555556,0.157303371,0.047619048,0.037974684,0.319148936,0.268817204,0.235955056,0.054945055,0.090909091,0.129411765,0.136363636,0.195121951,0.076086957,0.055555556,0.967391304,0.795698925,0.561297064
0,0,1,0,0,0,0,0,0,0,0.74,0.266666667,0.113636364,0.571428571,0.527777778,0.715909091,0.711111111,0.707865169,0.630952381,0.708860759,0.106382979,0.053763441,0.02247191,0.494505495,0.204545455,0.211764706,0.113636364,0.170731707,0.054347826,0.033333333,0.380434783,0.301075269,0.364848601
0,0,0,0,0,0,0,0,0,1,0.76,0.466666667,0.227272727,0.571428571,0.694444444,0.420454545,0.377777778,0.382022472,0.452380952,0.632911392,0.010638298,0.010752688,0.02247191,0.307692308,0.295454545,0.658823529,0.693181818,0.792682927,0.684782609,0.777777778,0.119565217,0.11827957,0.126569386
0,0,0,1,0,0,0,0,0,0,0.78,0.733333333,0.445454545,0.464285714,0.638888889,0.693181818,0.666666667,0.685393258,0.654761905,0.708860759,0.106382979,0.053763441,0.02247191,0.582417582,0.568181818,0.470588235,0.5,0.43902439,0.119565217,0.166666667,0.130434783,0.064516129,0.401895138
0,0,0,0,1,0,0,0,0,0,0.26,0.733333333,0.736363636,0.75,0.472222222,0.068181818,0.055555556,0.056179775,0.142857143,0.075949367,0.010638298,0.010752688,0.02247191,0.736263736,0.659090909,0.247058824,0.159090909,0.146341463,0.032608696,0.011111111,0.076086957,0.064516129,0.416602666
0,0,1,0,0,0,0,0,0,0,0.72,0.466666667,0.186363636,0.571428571,0.5,0.727272727,0.733333333,0.741573034,0.654761905,0.708860759,0.436170213,0.344086022,0.314606742,0.472527473,0.193181818,0.223529412,0.181818182,0.207317073,0.054347826,0.1,0.293478261,0.258064516,0.37261704
1,0,0,0,0,0,0,0,0,0,0.76,0.8,0.272727273,0.785714286,0.75,0.329545455,0.277777778,0.258426966,0.654761905,0.746835443,0.882978723,0.849462366,0.91011236,0.153846154,0.079545455,0.188235294,0.204545455,0.182926829,0.086956522,0.122222222,0.217391304,0.182795699,0.598178161
0,0,0,1,0,0,0,0,0,0,0.68,0.8,0.409090909,0.75,0.722222222,0.795454545,0.777777778,0.764044944,0.75,0.82278481,0.106382979,0.053763441,0.02247191,0.56043956,0.545454545,0.247058824,0.284090909,0.243902439,0.054347826,0.088888889,0.119565217,0.086021505,0.220216647
0,0,0,0,0,0,0,1,0,0,0.66,0.733333333,0.481818182,0.75,0.222222222,0.272727273,0.277777778,0.258426966,0.285714286,0.35443038,0.010638298,0.010752688,0.02247191,0.417582418,0.409090909,0.705882353,0.738636364,0.768292683,0.163043478,0.255555556,0.086956522,0.096774194,0.416602666
0,0,0,0,0,0,0,0,0,1,0.74,0.4,0.136363636,0.785714286,0.777777778,0.534090909,0.522222222,0.505617978,0.547619048,0.658227848,0.212765957,0.172043011,0.134831461,0.307692308,0.238636364,0.682352941,0.670454545,0.804878049,0.739130435,0.711111111,0.119565217,0.11827957,0.461347442
0,0,0,0,0,0,0,0,1,0,0.72,0.6,0.359090909,0.75,0.694444444,0.375,0.344444444,0.325842697,0.380952381,0.481012658,0.106382979,0.053763441,0.06741573,0.417582418,0.409090909,0.752941176,0.704545455,0.865853659,0.608695652,0.622222222,0.163043478,0.129032258,0.440853014
0,0,0,0,1,0,0,0,0,0,0.32,0.533333333,0.654545455,0.571428571,0.444444444,0.045454545,0.044444444,0.04494382,0.083333333,0.037974684,0.010638298,0.010752688,0.02247191,0.615384615,0.590909091,0.2,0.193181818,0.170731707,0.076086957,0.055555556,0.086956522,0.086021505,0.185727237
0,0,0,0,0,0,0,1,0,0,0.58,0.733333333,0.490909091,0.75,0.333333333,0.329545455,0.322222222,0.303370787,0.321428571,0.316455696,0.010638298,0.010752688,0.02247191,0.417582418,0.409090909,0.788235294,0.75,0.792682927,0.25,0.355555556,0.032608696,0.043010753,0.429597221
0,0,0,0,0,0,1,0,0,0,0.52,0.333333333,0.136363636,0.464285714,0.5,0.261363636,0.233333333,0.224719101,0.023809524,0.037974684,0.287234043,0.161290323,0.123595506,0.10989011,0.090909091,0.152941176,0.125,0.134146341,0.065217391,0.111111111,0.923913043,0.741935484,0.634216936
0,0,0,0,1,0,0,0,0,0,0.06,0.933333333,1,0.607142857,0.416666667,0.204545455,0.177777778,0.146067416,0.357142857,0.303797468,0.106382979,0.075268817,0.056179775,0.747252747,0.681818182,0.352941176,0.272727273,0.292682927,0.02173913,0,0.152173913,0.096774194,0.416602666
0,0,0,0,0,0,0,0,0,1,0.78,0.4,0.122727273,0.535714286,0.722222222,0.386363636,0.344444444,0.314606742,0.428571429,0.594936709,0.010638298,0.010752688,0.02247191,0.296703297,0.272727273,0.423529412,0.488636364,0.548780488,0.695652174,0.722222222,0.119565217,0.11827957,0.218672704
0,0,0,0,0,0,0,1,0,0,0.42,0.533333333,0.7,0.678571429,0.277777778,0.068181818,0.044444444,0.04494382,0.154761905,0.113924051,0.010638298,0.010752688,0.02247191,0.549450549,0.522727273,0.823529412,0.784090909,0.829268293,0.152173913,0.211111111,0.108695652,0.075268817,0.401895138
0,0,0,0,1,0,0,0,0,0,0.44,0.8,0.663636364,0.714285714,0.666666667,0.375,0.355555556,0.325842697,0.30952381,0.291139241,0.010638298,0.010752688,0.02247191,0.901098901,0.693181818,0.305882353,0.261363636,0.207317073,0.108695652,0.144444444,0.141304348,0.096774194,0.649409149
0,0,0,0,0,0,0,0,1,0,0.66,0.6,0.454545455,0.642857143,0.5,0.215909091,0.188888889,0.168539326,0.285714286,0.265822785,0.010638298,0.010752688,0.02247191,0.417582418,0.409090909,0.752941176,0.75,0.792682927,0.315217391,0.444444444,0.163043478,0.139784946,0.094012471
0,0,0,0,0,0,0,1,0,0,0.68,0.8,0.481818182,0.714285714,0.444444444,0.340909091,0.333333333,0.303370787,0.285714286,0.405063291,0.010638298,0.010752688,0.02247191,0.406593407,0.397727273,0.858823529,0.863636364,0.890243902,0.326086957,0.411111111,0.141304348,0.139784946,0.484425342
0,0,0,0,0,0,0,1,0,0,0.62,0.8,0.8,0.678571429,0.166666667,0.147727273,0.122222222,0.112359551,0.369047619,0.253164557,0.010638298,0.010752688,0.02247191,0.417582418,0.409090909,0.835294118,0.784090909,0.829268293,0.065217391,0.133333333,0.086956522,0.053763441,0.520701266
0,0,0,0,1,0,0,0,0,0,0.48,0.733333333,0.704545455,0.75,0.638888889,0.181818182,0.155555556,0.123595506,0.107142857,0.101265823,0.010638298,0.010752688,0.02247191,0.67032967,0.795454545,0.282352941,0.295454545,0.207317073,0.097826087,0.044444444,0.130434783,0.075268817,0.503026153
0,0,0,0,0,0,0,0,0,1,0.8,0.6,0.15,0.678571429,0.666666667,0.511363636,0.5,0.494382022,0.523809524,0.632911392,0.010638298,0.010752688,0.02247191,0.307692308,0.284090909,0.505882353,0.522727273,0.597560976,0.695652174,0.711111111,0.076086957,0.075268817,0.416602666
0,0,0,0,0,0,0,0,1,0,0.82,0.466666667,0.336363636,0.678571429,0.305555556,0.397727273,0.388888889,0.370786517,0.345238095,0.443037975,0.042553191,0.021505376,0.02247191,0.362637363,0.295454545,0.670588235,0.681818182,0.780487805,0.597826087,0.477777778,0.22826087,0.182795699,0.423626006
0,0,0,0,1,0,0,0,0,0,0.3,0.866666667,0.718181818,0.678571429,0.694444444,0.238636364,0.155555556,0.157303371,0.071428571,0.050632911,0.010638298,0.010752688,0.02247191,0.769230769,0.875,0.235294118,0.204545455,0.219512195,0.065217391,0.077777778,0.119565217,0.139784946,0.727066661
0,0,0,0,1,0,0,0,0,0,0.28,0.666666667,0.759090909,0.642857143,0.722222222,0.045454545,0.044444444,0.04494382,0.083333333,0.037974684,0.010638298,0.010752688,0.02247191,0.791208791,0.840909091,0.2,0.193181818,0.170731707,0.076086957,0.055555556,0.086956522,0.086021505,0.647368539
0,1,0,0,0,0,0,0,0,0,0.8,0.333333333,0.218181818,0.607142857,0.583333333,0.602272727,0.6,0.573033708,0.738095238,0.835443038,0.159574468,0.107526882,0.08988764,0.230769231,0.443181818,0.188235294,0.215909091,0.219512195,0.054347826,0.144444444,0.141304348,0.096774194,0.193308226
0,0,0,1,0,0,0,0,0,0,0.74,0.666666667,0.386363636,0.607142857,0.638888889,0.829545455,0.811111111,0.797752809,0.75,0.797468354,0.106382979,0.053763441,0.02247191,0.571428571,0.534090909,0.352941176,0.306818182,0.341463415,0.076086957,0.133333333,0.173913043,0.107526882,0.521677197
0,0,0,0,0,0,0,0,0,1,0.86,0.266666667,0.136363636,0.464285714,0.805555556,0.454545455,0.411111111,0.382022472,0.428571429,0.556962025,0.010638298,0.010752688,0.02247191,0.296703297,0.272727273,0.576470588,0.647727273,0.670731707,0.826086957,0.8,0.119565217,0.11827957,0.555242203
0,0,0,0,1,0,0,0,0,0,0.24,0.733333333,0.695454545,0.714285714,0.555555556,0.159090909,0.122222222,0.123595506,0.119047619,0.037974684,0.010638298,0.010752688,0.02247191,0.714285714,0.647727273,0.435294118,0.454545455,0.451219512,0.076086957,0.088888889,0.173913043,0.107526882,0.410062581
0,0,0,0,0,0,0,1,0,0,0.5,0.6,0.659090909,0.785714286,0.638888889,0.159090909,0.133333333,0.112359551,0.178571429,0.202531646,0.010638298,0.010752688,0.02247191,0.417582418,0.409090909,0.8,0.772727273,0.829268293,0.195652174,0.266666667,0.108695652,0.11827957,0.609794469
0,1,0,0,0,0,0,0,0,0,0.86,0.333333333,0.136363636,0.642857143,0.583333333,0.647727273,0.622222222,0.595505618,0.761904762,0.860759494,0.159574468,0.096774194,0.06741573,0.384615385,0.454545455,0.329411765,0.352272727,0.365853659,0.206521739,0.3,0.130434783,0.086021505,0.444859707
0,0,0,0,0,0,0,0,1,0,0.74,0.466666667,0.386363636,0.75,0.611111111,0.397727273,0.333333333,0.258426966,0.595238095,0.683544304,0.106382979,0.075268817,0.02247191,0.417582418,0.420454545,0.788235294,0.738636364,0.829268293,0.510869565,0.633333333,0.152173913,0.150537634,0.410062581
0,0,0,0,0,0,0,1,0,0,0.42,0.666666667,0.672727273,0.821428571,0.444444444,0.068181818,0.088888889,0.08988764,0.154761905,0.050632911,0.010638298,0.010752688,0.02247191,0.417582418,0.409090909,0.776470588,0.738636364,0.792682927,0.195652174,0.355555556,0.086956522,0.053763441,0.094012471
0,0,0,0,0,0,0,0,1,0,0.74,0.4,0.331818182,0.464285714,0.527777778,0.261363636,0.222222222,0.202247191,0.357142857,0.379746835,0.010638298,0.010752688,0.02247191,0.417582418,0.409090909,0.764705882,0.727272727,0.841463415,0.554347826,0.666666667,0.076086957,0.096774194,0.428496075
0,0,0,0,0,0,0,0,1,0,0.78,0.533333333,0.295454545,0.642857143,0.472222222,0.340909091,0.322222222,0.303370787,0.452380952,0.544303797,0.106382979,0.053763441,0.056179775,0.417582418,0.409090909,0.670588235,0.670454545,0.756097561,0.489130435,0.555555556,0.097826087,0.096774194,0.437774094
0,0,0,0,0,0,0,1,0,0,0.26,0.6,0.781818182,0.535714286,0.444444444,0.102272727,0.077777778,0.056179775,0.154761905,0.050632911,0.010638298,0.010752688,0.02247191,0.417582418,0.409090909,0.8,0.784090909,0.841463415,0.173913043,0.233333333,0.184782609,0.129032258,0.094012471
0,0,1,0,0,0,0,0,0,0,0.9,0.4,0.181818182,0.785714286,0.444444444,0.727272727,0.711111111,0.741573034,0.595238095,0.772151899,0.159574468,0.107526882,0.06741573,0.428571429,0.238636364,0.129411765,0.159090909,0.12195122,0.065217391,0.1,0.097826087,0.053763441,0.43983391
0,0,0,0,0,0,0,0,0,1,0.84,0.266666667,0.090909091,0.785714286,0.611111111,0.375,0.333333333,0.292134831,0.369047619,0.594936709,0.010638298,0.010752688,0.02247191,0.307692308,0.295454545,0.482352941,0.545454545,0.62195122,0.619565217,0.666666667,0.152173913,0.150537634,0.218672704
0,0,0,0,1,0,0,0,0,0,0.26,0.8,0.718181818,0.75,0.305555556,0.079545455,0.077777778,0.06741573,0.05952381,0.025316456,0.031914894,0.010752688,0.011235955,0.681318681,0.625,0.152941176,0.136363636,0.12195122,0.054347826,0.033333333,0.054347826,0.043010753,0.30252199
0,0,0,1,0,0,0,0,0,0,0.7,0.6,0.363636364,0.75,0.611111111,0.704545455,0.677777778,0.674157303,0.666666667,0.696202532,0.404255319,0.333333333,0.303370787,0.582417582,0.545454545,0.317647059,0.340909091,0.317073171,0.097826087,0.122222222,0.173913043,0.129032258,0.410062581
0,0,0,0,0,0,0,0,0,1,0.84,0.533333333,0.209090909,0.357142857,0.638888889,0.375,0.344444444,0.325842697,0.392857143,0.53164557,0.117021277,0.053763441,0.06741573,0.307692308,0.295454545,0.505882353,0.556818182,0.670731707,0.630434783,0.677777778,0.173913043,0.193548387,0.329559104
0,0,0,0,1,0,0,0,0,0,0.32,0.733333333,0.704545455,0.571428571,0.722222222,0.306818182,0.233333333,0.213483146,0.154761905,0.126582278,0.010638298,0.010752688,0.02247191,0.813186813,0.965909091,0.223529412,0.181818182,0.170731707,0.076086957,0.088888889,0.184782609,0.172043011,0.361388331
0,0,0,0,0,0,0,0,0,1,0.84,0.466666667,0.190909091,0.464285714,0.722222222,0.431818182,0.433333333,0.404494382,0.452380952,0.620253165,0.117021277,0.064516129,0.033707865,0.21978022,0.159090909,0.6,0.636363636,0.743902439,0.77173913,0.811111111,0.086956522,0.064516129,0.126569386
0,0,0,0,0,0,0,0,0,1,0.78,0.333333333,0.186363636,0.714285714,0.611111111,0.386363636,0.333333333,0.325842697,0.5,0.607594937,0.276595745,0.258064516,0.269662921,0.307692308,0.295454545,0.611764706,0.647727273,0.682926829,0.630434783,0.588888889,0.434782609,0.397849462,0.410062581
0,0,0,0,0,0,0,1,0,0,0.46,0.266666667,0.559090909,0.678571429,0.305555556,0.181818182,0.177777778,0.157303371,0.226190476,0.291139241,0.053191489,0.021505376,0.011235955,0.417582418,0.352272727,0.682352941,0.681818182,0.743902439,0.108695652,0.144444444,0.032608696,0.053763441,0.37261704
0,0,0,0,0,0,0,0,0,1,0.82,0.533333333,0.240909091,0.642857143,0.722222222,0.465909091,0.444444444,0.415730337,0.380952381,0.53164557,0.138297872,0.096774194,0.04494382,0.307692308,0.295454545,0.505882353,0.568181818,0.597560976,0.739130435,0.688888889,0.086956522,0.075268817,0.240273831
0,0,0,0,0,0,0,0,0,1,0.78,0.4,0.168181818,0.678571429,0.833333333,0.5,0.455555556,0.438202247,0.511904762,0.759493671,0.010638298,0.010752688,0.02247191,0.307692308,0.295454545,0.635294118,0.681818182,0.780487805,0.858695652,0.933333333,0.532608696,0.451612903,0.496701271
0,0,0,0,0,0,0,0,1,0,0.76,0.4,0.35,0.642857143,0.555555556,0.272727273,0.266666667,0.269662921,0.25,0.265822785,0.010638298,0.010752688,0.02247191,0.417582418,0.409090909,0.741176471,0.704545455,0.780487805,0.532608696,0.555555556,0.119565217,0.075268817,0.094012471
0,0,0,0,0,0,0,0,0,1,0.82,0.2,0.122727273,0.642857143,0.805555556,0.431818182,0.388888889,0.382022472,0.404761905,0.582278481,0.010638298,0.010752688,0.02247191,0.307692308,0.295454545,0.447058824,0.579545455,0.536585366,0.826086957,0.733333333,0.076086957,0.075268817,0.600916028
0,0,0,0,0,0,0,0,1,0,0.58,0.466666667,0.322727273,0.464285714,0.583333333,0.329545455,0.311111111,0.292134831,0.357142857,0.518987342,0.010638298,0.010752688,0.02247191,0.307692308,0.238636364,0.705882353,0.647727273,0.768292683,0.652173913,0.555555556,0.054347826,0.043010753,0.177730649
0,0,0,0,1,0,0,0,0,0,0.28,0.733333333,0.740909091,0.821428571,0.638888889,0.193181818,0.155555556,0.134831461,0.119047619,0.088607595,0.010638298,0.010752688,0.02247191,0.758241758,0.715909091,0.211764706,0.147727273,0.146341463,0.054347826,0.022222222,0.282608696,0.268817204,0.468241696
0,0,0,0,1,0,0,0,0,0,0.32,0.733333333,0.681818182,0.678571429,0.444444444,0.238636364,0.222222222,0.202247191,0.142857143,0.101265823,0.010638298,0.010752688,0.02247191,0.648351648,0.681818182,0.388235294,0.352272727,0.341463415,0.065217391,0.055555556,0.25,0.150537634,0.374762685
0,0,0,0,0,0,0,0,1,0,0.78,0.6,0.363636364,0.714285714,0.25,0.204545455,0.2,0.202247191,0.261904762,0.379746835,0.287234043,0.268817204,0.235955056,0.417582418,0.409090909,0.694117647,0.704545455,0.780487805,0.25,0.411111111,0.076086957,0.064516129,0.443868302
0,0,0,0,0,0,0,0,0,1,0.82,0.4,0.122727273,0.428571429,0.666666667,0.488636364,0.422222222,0.404494382,0.428571429,0.594936709,0.010638298,0.010752688,0.02247191,0.197802198,0.181818182,0.588235294,0.613636364,0.707317073,0.717391304,0.733333333,0.163043478,0.096774194,0.468241696
0,1,0,0,0,0,0,0,0,0,0.8,0.133333333,0.204545455,0.5,0.583333333,0.613636364,0.588888889,0.561797753,0.726190476,0.835443038,0.159574468,0.107526882,0.06741573,0.21978022,0.534090909,0.188235294,0.204545455,0.195121951,0.097826087,0.144444444,0.141304348,0.129032258,0.352360634
0,0,0,0,0,0,0,1,0,0,0.44,0.466666667,0.686363636,0.571428571,0.25,0.102272727,0.077777778,0.06741573,0.202380952,0.17721519,0.010638298,0.010752688,0.02247191,0.417582418,0.397727273,0.788235294,0.761363636,0.792682927,0.141304348,0.211111111,0.173913043,0.139784946,0.086528717
0,0,1,0,0,0,0,0,0,0,0.76,0.066666667,0.068181818,0.535714286,0.472222222,0.806818182,0.8,0.797752809,0.535714286,0.746835443,0.244680851,0.193548387,0.146067416,0.362637363,0.181818182,0.152941176,0.159090909,0.134146341,0.141304348,0.2,0.130434783,0.086021505,0.229152166
0,0,0,0,0,0,0,0,0,1,0.8,0.466666667,0.227272727,0.821428571,0.888888889,0.465909091,0.422222222,0.393258427,0.44047619,0.594936709,0.010638298,0.010752688,0.02247191,0.065934066,0.011363636,0.470588235,0.613636364,0.573170732,0.847826087,0.933333333,0.239130435,0.161290323,0.286858252
0,0,0,0,0,0,0,1,0,0,0.28,0.666666667,0.681818182,0.714285714,0.166666667,0.102272727,0.1,0.08988764,0.214285714,0.202531646,0.010638298,0.010752688,0.02247191,0.417582418,0.409090909,0.788235294,0.75,0.792682927,0.054347826,0.033333333,0.065217391,0.053763441,0.207381896
0,0,0,0,0,0,0,0,0,1,0.74,0.533333333,0.172727273,0.821428571,0.777777778,0.465909091,0.433333333,0.415730337,0.416666667,0.556962025,0.053191489,0.053763441,0.06741573,0.307692308,0.295454545,0.729411765,0.704545455,0.853658537,0.739130435,0.788888889,0.163043478,0.11827957,0.470469238
0,0,0,0,1,0,0,0,0,0,0.26,0.8,0.727272727,0.642857143,0.638888889,0.068181818,0.055555556,0.056179775,0.083333333,0.164556962,0.010638298,0.010752688,0.02247191,0.714285714,0.693181818,0.341176471,0.272727273,0.219512195,0.054347826,0.055555556,0.119565217,0.075268817,0.664781376
0,0,1,0,0,0,0,0,0,0,0.82,0.266666667,0.104545455,0.678571429,0.861111111,0.852272727,0.855555556,0.853932584,0.607142857,0.835443038,0.457446809,0.376344086,0.426966292,0.43956044,0.215909091,0.211764706,0.25,0.243902439,0.130434783,0.144444444,0.489130435,0.494623656,0.678687247
0,0,0,0,0,0,0,0,1,0,0.64,0.333333333,0.363636364,0.535714286,0.75,0.306818182,0.266666667,0.269662921,0.333333333,0.367088608,0.010638298,0.010752688,0.02247191,0.417582418,0.409090909,0.835294118,0.818181818,0.902439024,0.532608696,0.644444444,0.141304348,0.150537634,0.315870834
0,0,0,0,0,0,0,0,1,0,0.7,0.4,0.281818182,0.678571429,0.555555556,0.454545455,0.444444444,0.449438202,0.357142857,0.417721519,0.010638298,0.010752688,0.02247191,0.417582418,0.409090909,0.717647059,0.715909091,0.829268293,0.554347826,0.566666667,0.130434783,0.139784946,0.410062581
1,0,0,0,0,0,0,0,0,0,0.74,0.4,0.190909091,0.607142857,0.166666667,0.295454545,0.277777778,0.258426966,0.607142857,0.64556962,0.712765957,0.64516129,0.685393258,0.131868132,0.090909091,0.329411765,0.284090909,0.353658537,0.25,0.322222222,0.293478261,0.333333333,0.218672704
0,0,1,0,0,0,0,0,0,0,0.74,0.4,0.172727273,0.392857143,0.472222222,0.761363636,0.744444444,0.719101124,0.547619048,0.696202532,0.106382979,0.053763441,0.02247191,0.450549451,0.261363636,0.176470588,0.227272727,0.195121951,0.141304348,0.2,0.119565217,0.086021505,0.218672704
0,0,0,0,0,0,0,0,0,1,0.78,0.2,0.168181818,0.785714286,0.944444444,0.511363636,0.466666667,0.426966292,0.44047619,0.607594937,0.276595745,0.258064516,0.269662921,0.307692308,0.295454545,0.635294118,0.647727273,0.756097561,0.804347826,0.922222222,0.195652174,0.204301075,0.706936802
0,0,0,0,1,0,0,0,0,0,0.26,0.666666667,0.681818182,0.607142857,0.527777778,0.284090909,0.277777778,0.235955056,0.202380952,0.189873418,0.010638298,0.010752688,0.02247191,0.593406593,0.625,0.270588235,0.261363636,0.243902439,0.076086957,0.144444444,0.184782609,0.172043011,0.207381896
0,0,0,0,0,0,0,0,0,1,0.78,0.533333333,0.190909091,0.678571429,0.888888889,0.465909091,0.422222222,0.415730337,0.5,0.582278481,0.106382979,0.053763441,0.06741573,0.120879121,0.045454545,0.694117647,0.772727273,0.792682927,0.836956522,0.944444444,0.141304348,0.139784946,0.723452078
1,0,0,0,0,0,0,0,0,0,0.78,0.4,0.127272727,0.75,0.527777778,0.625,0.611111111,0.606741573,0.583333333,0.721518987,0.734042553,0.741935484,0.730337079,0.164835165,0.022727273,0.164705882,0.147727273,0.170731707,0.054347826,0.055555556,0.108695652,0.053763441,0.361388331
0,0,1,0,0,0,0,0,0,0,0.86,0.2,0.136363636,0.321428571,0.5,0.738636364,0.744444444,0.775280899,0.547619048,0.759493671,0.106382979,0.053763441,0.02247191,0.395604396,0.25,0.376470588,0.397727273,0.365853659,0.184782609,0.244444444,0.130434783,0.075268817,0.439150531
0,0,0,0,0,0,0,0,1,0,0.58,0.6,0.318181818,0.714285714,0.555555556,0.295454545,0.277777778,0.258426966,0.476190476,0.481012658,0.031914894,0.021505376,0.02247191,0.417582418,0.409090909,0.694117647,0.681818182,0.731707317,0.456521739,0.522222222,0.108695652,0.075268817,0.207381896
0,0,1,0,0,0,0,0,0,0,0.82,0.533333333,0.181818182,0.821428571,0.833333333,0.897727273,0.911111111,0.921348315,0.785714286,0.936708861,0.276595745,0.225806452,0.191011236,0.516483516,0.340909091,0.282352941,0.238636364,0.256097561,0.141304348,0.2,0.445652174,0.290322581,0.361388331
0,0,0,0,0,0,1,0,0,0,0.48,0.133333333,0.068181818,0.357142857,0.583333333,0.102272727,0.122222222,0.123595506,0.095238095,0.037974684,0.29787234,0.107526882,0.123595506,0.10989011,0.090909091,0.164705882,0.272727273,0.219512195,0.163043478,0.077777778,0.945652174,0.784946237,0.50478402
0,0,0,0,0,0,0,0,1,0,0.66,0.533333333,0.318181818,0.678571429,0.694444444,0.465909091,0.444444444,0.426966292,0.428571429,0.493670886,0.010638298,0.010752688,0.02247191,0.461538462,0.420454545,0.823529412,0.784090909,0.902439024,0.554347826,0.633333333,0.097826087,0.075268817,0.428127171
0,0,0,0,0,0,0,0,0,1,0.7,0.4,0.218181818,0.75,0.777777778,0.465909091,0.444444444,0.415730337,0.416666667,0.582278481,0.212765957,0.139784946,0.08988764,0.307692308,0.295454545,0.705882353,0.681818182,0.804878049,0.673913043,0.777777778,0.119565217,0.086021505,0.126569386
0,0,0,0,1,0,0,0,0,0,0.26,0.733333333,0.75,0.535714286,0.5,0.136363636,0.1,0.101123596,0.214285714,0.101265823,0.010638298,0.010752688,0.02247191,0.615384615,0.602272727,0.376470588,0.25,0.256097561,0.076086957,0.066666667,0.097826087,0.053763441,0.196955947
0,0,0,0,0,0,0,0,1,0,0.58,0.733333333,0.363636364,0.607142857,0.361111111,0.136363636,0.144444444,0.123595506,0.142857143,0.227848101,0.010638298,0.010752688,0.02247191,0.417582418,0.409090909,0.788235294,0.784090909,0.817073171,0.315217391,0.433333333,0.108695652,0.064516129,0.406250722
0,0,0,0,1,0,0,0,0,0,0.3,0.733333333,0.677272727,0.821428571,0.416666667,0.056818182,0.055555556,0.04494382,0.119047619,0.126582278,0.010638298,0.010752688,0.02247191,0.67032967,0.647727273,0.529411765,0.534090909,0.524390244,0.054347826,0.055555556,0.086956522,0.053763441,0.361970772
0,0,0,0,0,0,0,1,0,0,0.64,0.666666667,0.522727273,0.75,0.5,0.159090909,0.155555556,0.146067416,0.297619048,0.392405063,0.021276596,0.010752688,0.011235955,0.417582418,0.409090909,0.752941176,0.727272727,0.817073171,0.206521739,0.244444444,0.260869565,0.258064516,0.423626006
0,0,0,0,0,0,0,0,1,0,0.7,0.533333333,0.418181818,0.714285714,0.722222222,0.306818182,0.3,0.269662921,0.333333333,0.430379747,0.010638298,0.010752688,0.02247191,0.417582418,0.409090909,0.847058824,0.818181818,0.890243902,0.47826087,0.577777778,0.119565217,0.086021505,0.817842231
0,0,0,0,1,0,0,0,0,0,0.24,0.666666667,0.681818182,0.571428571,0.611111111,0.181818182,0.144444444,0.123595506,0.119047619,0.126582278,0,0,0.011235955,0.648351648,0.704545455,0.223529412,0.181818182,0.170731707,0.054347826,0.022222222,0.152173913,0.096774194,0.423626006
0,0,0,0,0,0,0,0,0,1,0.82,0.6,0.209090909,0.607142857,0.722222222,0.477272727,0.488888889,0.483146067,0.571428571,0.696202532,0.074468085,0.064516129,0.06741573,0.307692308,0.295454545,0.635294118,0.625,0.707317073,0.597826087,0.677777778,0.086956522,0.075268817,0.423626006
0,0,0,0,0,0,0,1,0,0,0.4,0.666666667,0.704545455,0.785714286,0.472222222,0.102272727,0.077777778,0.078651685,0.214285714,0.075949367,0.010638298,0.010752688,0.02247191,0.417582418,0.409090909,0.835294118,0.795454545,0.865853659,0.108695652,0.244444444,0.086956522,0.096774194,0.556166607
0,0,1,0,0,0,0,0,0,0,0.88,0.466666667,0.136363636,0.571428571,0.638888889,0.863636364,0.877777778,0.887640449,0.55952381,0.848101266,0.244680851,0.193548387,0.157303371,0.494505495,0.238636364,0.2,0.215909091,0.207317073,0.130434783,0.2,0.130434783,0.107526882,0.585430743
0,0,0,0,0,0,0,1,0,0,0.36,0.466666667,0.772727273,0.714285714,0.333333333,0.193181818,0.166666667,0.146067416,0.285714286,0.291139241,0.010638298,0.010752688,0.02247191,0.417582418,0.409090909,0.729411765,0.704545455,0.768292683,0.22826087,0.277777778,0.097826087,0.053763441,0.401895138
0,0,0,0,0,0,0,0,1,0,0.62,0.733333333,0.545454545,0.642857143,0.75,0.215909091,0.2,0.179775281,0.261904762,0.316455696,0.010638298,0.010752688,0.02247191,0.417582418,0.409090909,0.905882353,0.897727273,0.93902439,0.22826087,0.333333333,0.206521739,0.139784946,0.766821436
0,0,0,1,0,0,0,0,0,0,0.36,0.666666667,0.4,0.821428571,0.166666667,0.420454545,0.4,0.382022472,0.321428571,0.329113924,0.010638298,0.010752688,0.02247191,0.637362637,0.647727273,0.458823529,0.375,0.43902439,0.217391304,0.188888889,0.065217391,0.075268817,0.49081261
1,0,0,0,0,0,0,0,0,0,0.68,0.666666667,0.25,0.678571429,0.833333333,0.261363636,0.233333333,0.213483146,0.595238095,0.670886076,1,1,1,0.087912088,0.068181818,0.270588235,0.272727273,0.280487805,0.260869565,0.288888889,0.152173913,0.11827957,0.361388331
0,0,0,0,1,0,0,0,0,0,0.4,0.733333333,0.736363636,0.821428571,0.666666667,0.125,0.133333333,0.123595506,0.202380952,0.139240506,0,0,0.011235955,0.725274725,0.715909091,0.235294118,0.204545455,0.170731707,0.032608696,0.022222222,0.239130435,0.172043011,0.423626006
0,0,0,0,1,0,0,0,0,0,0.2,0.666666667,0.75,0.535714286,0.611111111,0.136363636,0.122222222,0.123595506,0.107142857,0.139240506,0.010638298,0.010752688,0.02247191,0.747252747,0.761363636,0.294117647,0.193181818,0.231707317,0.076086957,0.055555556,0.163043478,0.11827957,0.126569386
0,0,0,0,0,0,0,0,0,1,0.76,0.333333333,0.136363636,0.464285714,0.694444444,0.318181818,0.277777778,0.280898876,0.345238095,0.544303797,0.010638298,0.010752688,0.02247191,0.120879121,0.011363636,0.529411765,0.625,0.609756098,0.739130435,0.688888889,0.032608696,0.053763441,0.126569386
0,0,0,0,0,0,0,0,0,1,0.78,0.466666667,0.181818182,0.714285714,0.805555556,0.5,0.5,0.494382022,0.547619048,0.632911392,0.010638298,0.010752688,0.02247191,0.186813187,0.181818182,0.564705882,0.590909091,0.695121951,0.706521739,0.8,0.152173913,0.150537634,0.437774094
0,0,0,0,0,0,0,1,0,0,0.42,0.533333333,0.681818182,0.428571429,0.138888889,0.147727273,0.133333333,0.112359551,0.119047619,0.151898734,0.010638298,0.010752688,0.02247191,0.417582418,0.409090909,0.729411765,0.727272727,0.756097561,0.163043478,0.233333333,0.032608696,0.043010753,0.417399943
0,0,0,0,0,0,0,1,0,0,0.7,0.466666667,0.295454545,0.75,0.361111111,0.147727273,0.111111111,0.112359551,0.25,0.35443038,0.180851064,0.129032258,0.08988764,0.417582418,0.409090909,0.729411765,0.738636364,0.804878049,0.239130435,0.3,0.108695652,0.096774194,0.207381896
0,0,0,0,1,0,0,0,0,0,0.28,0.866666667,0.763636364,0.607142857,0.527777778,0.102272727,0.111111111,0.101123596,0.047619048,0.025316456,0.010638298,0.010752688,0.02247191,0.626373626,0.693181818,0.2,0.170454545,0.146341463,0.054347826,0.022222222,0.130434783,0.139784946,0.37043937
0,0,1,0,0,0,0,0,0,0,0.74,0.466666667,0.168181818,0.678571429,0.472222222,0.727272727,0.744444444,0.752808989,0.523809524,0.696202532,0.106382979,0.053763441,0.02247191,0.483516484,0.295454545,0.094117647,0.193181818,0.097560976,0.141304348,0.211111111,0.130434783,0.139784946,0.218672704
0,0,0,0,0,0,0,0,1,0,0.56,0.6,0.431818182,0.607142857,0.333333333,0.272727273,0.277777778,0.258426966,0.25,0.303797468,0.010638298,0.010752688,0.02247191,0.417582418,0.409090909,0.776470588,0.761363636,0.804878049,0.293478261,0.433333333,0.119565217,0.096774194,0.417399943
0,0,0,0,1,0,0,0,0,0,0.34,0.666666667,0.659090909,0.607142857,0.694444444,0.034090909,0.033333333,0.033707865,0.107142857,0.037974684,0.010638298,0.010752688,0.02247191,0.813186813,0.840909091,0.141176471,0.102272727,0.146341463,0.076086957,0.055555556,0.108695652,0.075268817,0.544167969
0,0,0,0,1,0,0,0,0,0,0.48,0.666666667,0.622727273,0.821428571,0.555555556,0.125,0.122222222,0.123595506,0.095238095,0.050632911,0.010638298,0.010752688,0.02247191,0.67032967,0.727272727,0.247058824,0.170454545,0.195121951,0.076086957,0.044444444,0.336956522,0.279569892,0.423626006
0,0,0,0,0,0,0,0,1,0,0.68,0.533333333,0.390909091,0.571428571,0.583333333,0.420454545,0.377777778,0.348314607,0.476190476,0.443037975,0.010638298,0.010752688,0.02247191,0.417582418,0.409090909,0.823529412,0.772727273,0.87804878,0.597826087,0.711111111,0.086956522,0.139784946,0.405820968
0,0,0,0,0,0,0,1,0,0,0.72,0.666666667,0.477272727,0.571428571,0.416666667,0.136363636,0.133333333,0.123595506,0.214285714,0.215189873,0.010638298,0.010752688,0.02247191,0.417582418,0.409090909,0.764705882,0.75,0.792682927,0.152173913,0.222222222,0.130434783,0.096774194,0.401895138
0,0,0,0,0,0,0,1,0,0,0.48,0.533333333,0.659090909,0.75,0.583333333,0.113636364,0.088888889,0.078651685,0.130952381,0.113924051,0.010638298,0.010752688,0.02247191,0.417582418,0.397727273,0.858823529,0.806818182,0.914634146,0.141304348,0.211111111,0.108695652,0.11827957,0.69409263
0,0,0,0,0,0,0,0,1,0,0.76,0.466666667,0.331818182,0.607142857,0.583333333,0.352272727,0.344444444,0.314606742,0.476190476,0.518987342,0.010638298,0.010752688,0.02247191,0.417582418,0.409090909,0.729411765,0.704545455,0.804878049,0.467391304,0.511111111,0.076086957,0.096774194,0.416602666
0,1,0,0,0,0,0,0,0,0,0.74,0.333333333,0.272727273,0.75,0.611111111,0.568181818,0.533333333,0.494382022,0.928571429,0.886075949,0.159574468,0.107526882,0.06741573,0.373626374,0.590909091,0.317647059,0.329545455,0.341463415,0.130434783,0.2,0.119565217,0.075268817,0.417399943
0,0,0,0,0,0,0,1,0,0,0.58,0.6,0.604545455,0.75,0.444444444,0.215909091,0.188888889,0.168539326,0.154761905,0.164556962,0.010638298,0.010752688,0.02247191,0.417582418,0.409090909,0.811764706,0.818181818,0.853658537,0.184782609,0.211111111,0.086956522,0.064516129,0.469081015
0,0,0,0,0,0,0,1,0,0,0.56,0.8,0.659090909,0.678571429,0.527777778,0.113636364,0.088888889,0.06741573,0.214285714,0.227848101,0.010638298,0.010752688,0.02247191,0.417582418,0.409090909,0.882352941,0.852272727,0.87804878,0.141304348,0.244444444,0.086956522,0.064516129,0.489120282
0,0,0,0,0,0,0,1,0,0,0.72,0.6,0.409090909,0.714285714,0.611111111,0.25,0.211111111,0.213483146,0.357142857,0.455696203,0.010638298,0.010752688,0.02247191,0.417582418,0.409090909,0.964705882,0.954545455,0.975609756,0.47826087,0.588888889,0.152173913,0.096774194,0.845461679
0,0,0,0,0,0,0,1,0,0,0.52,0.666666667,0.790909091,0.714285714,0.194444444,0.079545455,0.077777778,0.078651685,0.166666667,0.139240506,0.010638298,0.010752688,0.02247191,0.417582418,0.409090909,0.776470588,0.738636364,0.792682927,0.108695652,0.133333333,0.086956522,0.086021505,0.43949262
0,0,0,0,0,0,0,0,0,1,0.8,0.666666667,0.272727273,0.75,0.666666667,0.602272727,0.622222222,0.573033708,0.607142857,0.696202532,0.14893617,0.086021505,0.08988764,0.373626374,0.295454545,0.611764706,0.613636364,0.682926829,0.586956522,0.688888889,0.195652174,0.182795699,0.423626006
0,0,0,0,0,0,0,0,1,0,0.72,0.533333333,0.386363636,0.678571429,0.861111111,0.522727273,0.511111111,0.471910112,0.404761905,0.443037975,0.170212766,0.11827957,0.08988764,0.417582418,0.409090909,0.870588235,0.818181818,0.963414634,0.652173913,0.766666667,0.684782609,0.52688172,0.46963789
0,0,0,1,0,0,0,0,0,0,0.68,0.866666667,0.4,0.5,0.583333333,0.693181818,0.677777778,0.640449438,0.642857143,0.721518987,0.106382979,0.053763441,0.02247191,0.604395604,0.568181818,0.341176471,0.363636364,0.317073171,0.054347826,0.088888889,0.119565217,0.086021505,0.423626006
1,0,0,0,0,0,0,0,0,0,0.84,0.666666667,0.381818182,0.714285714,0.305555556,0.215909091,0.211111111,0.191011236,0.702380952,0.810126582,0.755319149,0.752688172,0.808988764,0.197802198,0.079545455,0.235294118,0.204545455,0.207317073,0.065217391,0.111111111,0.163043478,0.11827957,0.417001849
0,0,0,0,0,0,0,0,0,1,0.86,0.133333333,0.168181818,0.821428571,0.583333333,0.5,0.488888889,0.460674157,0.380952381,0.569620253,0.223404255,0.215053763,0.202247191,0.252747253,0.238636364,0.552941176,0.568181818,0.707317073,0.619565217,0.633333333,0.054347826,0.053763441,0.363704272
0,0,0,1,0,0,0,0,0,0,0.54,0.6,0.486363636,0.535714286,0.555555556,0.647727273,0.633333333,0.617977528,0.702380952,0.721518987,0.393617021,0.344086022,0.314606742,0.637362637,0.590909091,0.294117647,0.306818182,0.292682927,0.076086957,0.088888889,0.152173913,0.107526882,0.183768802
0,0,0,0,0,0,0,0,1,0,0.8,0.6,0.468181818,0.714285714,0.305555556,0.272727273,0.266666667,0.235955056,0.261904762,0.392405063,0.010638298,0.010752688,0.02247191,0.362637363,0.295454545,0.741176471,0.75,0.817073171,0.239130435,0.3,0.217391304,0.182795699,0.44119114
0,0,0,0,1,0,0,0,0,0,0.48,0.666666667,0.65,0.607142857,0.694444444,0.102272727,0.1,0.101123596,0.095238095,0.025316456,0.010638298,0.010752688,0.02247191,0.791208791,0.829545455,0.223529412,0.159090909,0.195121951,0.065217391,0.066666667,0.163043478,0.161290323,0.784388248
0,0,0,0,1,0,0,0,0,0,0.56,0.8,0.75,0.5,0.694444444,0.5,0.444444444,0.404494382,0.5,0.569620253,0.574468085,0.52688172,0.516853933,1,0.988636364,0.564705882,0.522727273,0.536585366,0.076086957,0.144444444,0.195652174,0.172043011,0.528703076
0,0,0,0,0,0,0,0,1,0,0.58,0.666666667,0.440909091,0.714285714,0.361111111,0.204545455,0.166666667,0.168539326,0.214285714,0.278481013,0.010638298,0.010752688,0.02247191,0.417582418,0.409090909,0.729411765,0.693181818,0.768292683,0.402173913,0.455555556,0.097826087,0.053763441,0.401895138
0,0,0,1,0,0,0,0,0,0,0.68,0.733333333,0.504545455,0.642857143,0.722222222,0.772727273,0.766666667,0.741573034,0.702380952,0.772151899,0.425531915,0.322580645,0.337078652,0.615384615,0.556818182,0.494117647,0.431818182,0.451219512,0.108695652,0.088888889,0.163043478,0.096774194,0.596673414
0,0,0,0,0,0,0,0,0,1,0.78,0.4,0.140909091,0.785714286,0.777777778,0.5,0.455555556,0.438202247,0.333333333,0.53164557,0.010638298,0.010752688,0.02247191,0.307692308,0.295454545,0.670588235,0.727272727,0.792682927,0.815217391,0.966666667,0.195652174,0.204301075,0.489120282
0,0,0,0,0,0,0,0,1,0,0.8,0.333333333,0.304545455,0.535714286,0.666666667,0.545454545,0.533333333,0.516853933,0.511904762,0.632911392,0.106382979,0.053763441,0.06741573,0.307692308,0.295454545,0.635294118,0.659090909,0.756097561,0.641304348,0.622222222,0.043478261,0.053763441,0.423626006
0,0,0,0,0,0,0,1,0,0,0.72,0.733333333,0.477272727,0.642857143,0.5,0.25,0.222222222,0.202247191,0.25,0.316455696,0.010638298,0.010752688,0.02247191,0.417582418,0.409090909,0.847058824,0.818181818,0.865853659,0.22826087,0.344444444,0.130434783,0.064516129,0.643368712
0,1,0,0,0,0,0,0,0,0,0.88,0.4,0.222727273,0.678571429,0.611111111,0.670454545,0.655555556,0.651685393,0.869047619,0.936708861,0.170212766,0.107526882,0.08988764,0.274725275,0.579545455,0.282352941,0.295454545,0.317073171,0.380434783,0.322222222,0.076086957,0.043010753,0.564957598
0,0,0,0,0,0,0,1,0,0,0.44,0.666666667,0.704545455,0.821428571,0.527777778,0.125,0.111111111,0.08988764,0.166666667,0.126582278,0.010638298,0.010752688,0.02247191,0.417582418,0.409090909,0.729411765,0.75,0.768292683,0.108695652,0.144444444,0.152173913,0.096774194,0.218672704
0,0,1,0,0,0,0,0,0,0,0.82,0.666666667,0.25,0.714285714,0.583333333,0.784090909,0.788888889,0.808988764,0.69047619,0.746835443,0.265957447,0.215053763,0.179775281,0.461538462,0.295454545,0.211764706,0.238636364,0.182926829,0.086956522,0.133333333,0.163043478,0.096774194,0.428496075
0,0,0,0,1,0,0,0,0,0,0.32,0.666666667,0.704545455,0.642857143,0.472222222,0.125,0.144444444,0.123595506,0.202380952,0.088607595,0.042553191,0.043010753,0.056179775,0.637362637,0.715909091,0.176470588,0.193181818,0.231707317,0.043478261,0.033333333,0.054347826,0.075268817,0.218672704
0,0,0,0,0,0,0,1,0,0,0.2,0.6,0.840909091,0.464285714,0,0.056818182,0.055555556,0.056179775,0.166666667,0.050632911,0.053191489,0.032258065,0.02247191,0.417582418,0.409090909,0.764705882,0.704545455,0.731707317,0.108695652,0.133333333,0.043478261,0.043010753,0.364848601
0,0,0,0,0,0,0,0,0,1,0.86,0.4,0.204545455,0.642857143,0.944444444,0.375,0.366666667,0.359550562,0.44047619,0.620253165,0.010638298,0.010752688,0.02247191,0.307692308,0.295454545,0.623529412,0.647727273,0.719512195,0.967391304,0.933333333,0.25,0.204301075,0.834052702
0,0,0,0,0,0,0,1,0,0,0.7,0.733333333,0.409090909,0.5,0.25,0.215909091,0.188888889,0.168539326,0.321428571,0.405063291,0.010638298,0.010752688,0.02247191,0.417582418,0.409090909,0.717647059,0.704545455,0.756097561,0.423913043,0.466666667,0.130434783,0.086021505,0.230589628
0,0,0,0,0,0,0,1,0,0,0.5,0.8,0.613636364,0.714285714,0.527777778,0.102272727,0.088888889,0.078651685,0.154761905,0.17721519,0.010638298,0.010752688,0.02247191,0.483516484,0.488636364,0.752941176,0.75,0.780487805,0.184782609,0.233333333,0.217391304,0.193548387,0.377923124
0,0,0,0,0,0,0,0,1,0,0.68,0.466666667,0.354545455,0.678571429,0.694444444,0.329545455,0.277777778,0.224719101,0.321428571,0.329113924,0.010638298,0.010752688,0.02247191,0.494505495,0.409090909,0.788235294,0.784090909,0.841463415,0.467391304,0.544444444,0.141304348,0.150537634,0.429962431
0,0,0,0,1,0,0,0,0,0,0.34,0.866666667,0.645454545,0.678571429,0.5,0.215909091,0.188888889,0.168539326,0.095238095,0.037974684,0.010638298,0.010752688,0.02247191,0.615384615,0.613636364,0.352941176,0.318181818,0.292682927,0.076086957,0.055555556,0.152173913,0.053763441,0.218672704
0,0,0,0,0,0,0,1,0,0,0.38,0.666666667,0.795454545,0.714285714,0.361111111,0.102272727,0.077777778,0.078651685,0.202380952,0.202531646,0.010638298,0.010752688,0.02247191,0.417582418,0.397727273,0.847058824,0.806818182,0.841463415,0.119565217,0.177777778,0.119565217,0.139784946,0.460757942
0,0,0,0,0,0,0,0,0,1,0.84,0.466666667,0.25,0.785714286,0.777777778,0.511363636,0.455555556,0.426966292,0.607142857,0.696202532,0.010638298,0.010752688,0.02247191,0.307692308,0.329545455,0.611764706,0.647727273,0.695121951,0.652173913,0.711111111,0.119565217,0.096774194,0.428127171
0,0,1,0,0,0,0,0,0,0,0.76,0.266666667,0.090909091,0.428571429,0.472222222,0.659090909,0.644444444,0.662921348,0.523809524,0.708860759,0.265957447,0.23655914,0.191011236,0.285714286,0.181818182,0.129411765,0.147727273,0.12195122,0.108695652,0.155555556,0.086956522,0.096774194,0.318243264
0,0,0,0,0,0,0,0,0,1,0.8,0.333333333,0.25,0.5,0.666666667,0.602272727,0.555555556,0.528089888,0.595238095,0.797468354,0.265957447,0.225806452,0.202247191,0.307692308,0.295454545,0.694117647,0.659090909,0.792682927,0.760869565,0.788888889,0.163043478,0.129032258,0.371532268
0,0,0,1,0,0,0,0,0,0,0.64,0.733333333,0.368181818,0.714285714,0.388888889,0.659090909,0.677777778,0.629213483,0.702380952,0.772151899,0.223404255,0.182795699,0.112359551,0.505494505,0.488636364,0.235294118,0.215909091,0.243902439,0.163043478,0.166666667,0.380434783,0.344086022,0.372075662
0,0,1,0,0,0,0,0,0,0,0.84,0.533333333,0.181818182,0.607142857,0.583333333,0.784090909,0.788888889,0.786516854,0.69047619,0.759493671,0.159574468,0.107526882,0.06741573,0.56043956,0.261363636,0.211764706,0.227272727,0.195121951,0.076086957,0.111111111,0.130434783,0.096774194,0.437080975
0,0,0,0,1,0,0,0,0,0,0.2,0.666666667,0.790909091,0.642857143,0.583333333,0.090909091,0.055555556,0.056179775,0.05952381,0.037974684,0.010638298,0.010752688,0.02247191,0.67032967,0.659090909,0.047058824,0.102272727,0.06097561,0.119565217,0.055555556,0.076086957,0.053763441,0.443868302
0,1,0,0,0,0,0,0,0,0,0.84,0.4,0.25,0.571428571,0.666666667,0.511363636,0.488888889,0.438202247,0.833333333,0.848101266,0.159574468,0.107526882,0.06741573,0.351648352,0.443181818,0.317647059,0.340909091,0.317073171,0.065217391,0.077777778,0.152173913,0.11827957,0.417399943
0,0,0,0,0,0,0,1,0,0,0.52,0.6,0.659090909,0.714285714,0.361111111,0.272727273,0.255555556,0.235955056,0.238095238,0.278481013,0.010638298,0.010752688,0.02247191,0.417582418,0.409090909,0.764705882,0.727272727,0.804878049,0.206521739,0.277777778,0.086956522,0.096774194,0.268207208
0,0,0,0,0,0,0,1,0,0,0.72,0.666666667,0.345454545,0.642857143,0.361111111,0.375,0.355555556,0.325842697,0.345238095,0.443037975,0.127659574,0.086021505,0.078651685,0.417582418,0.409090909,0.635294118,0.659090909,0.731707317,0.380434783,0.466666667,0.108695652,0.086021505,0
0,0,0,0,1,0,0,0,0,0,0.34,0.666666667,0.636363636,0.714285714,0.444444444,0.113636364,0.1,0.101123596,0.095238095,0.101265823,0.010638298,0.010752688,0.02247191,0.626373626,0.602272727,0.282352941,0.193181818,0.195121951,0.065217391,0.055555556,0.054347826,0.11827957,0.185727237
0,0,0,0,0,0,0,1,0,0,0.48,0.533333333,0.590909091,0.785714286,0.25,0.329545455,0.333333333,0.258426966,0.297619048,0.253164557,0.042553191,0.021505376,0.02247191,0.417582418,0.352272727,0.717647059,0.727272727,0.756097561,0.195652174,0.188888889,0.032608696,0.032258065,0.185727237
0,0,0,0,0,0,0,0,1,0,0.68,0.666666667,0.418181818,0.571428571,0.666666667,0.386363636,0.344444444,0.314606742,0.369047619,0.455696203,0.010638298,0.010752688,0.02247191,0.417582418,0.409090909,0.952941176,0.943181818,0.975609756,0.586956522,0.644444444,0.543478261,0.47311828,0.862599371
0,0,1,0,0,0,0,0,0,0,0.84,0.4,0.136363636,0.464285714,0.444444444,0.715909091,0.733333333,0.764044944,0.523809524,0.696202532,0.106382979,0.053763441,0.02247191,0.461538462,0.227272727,0.282352941,0.318181818,0.292682927,0.184782609,0.266666667,0.141304348,0.096774194,0.417399943
0,0,0,0,1,0,0,0,0,0,0.3,0.666666667,0.740909091,0.785714286,0.611111111,0.159090909,0.144444444,0.112359551,0.119047619,0.101265823,0.010638298,0.010752688,0.02247191,0.747252747,0.670454545,0.305882353,0.318181818,0.268292683,0.054347826,0.044444444,0.076086957,0.075268817,0.514908397
1,0,0,0,0,0,0,0,0,0,0.52,0.6,0.204545455,0.857142857,0.694444444,0.090909091,0.111111111,0.101123596,0.392857143,0.455696203,0.904255319,0.924731183,0.966292135,0.076923077,0.045454545,0.176470588,0.170454545,0.292682927,0.076086957,0.055555556,0.054347826,0.139784946,0.627592287
0,0,0,0,0,0,0,0,1,0,0.7,0.6,0.345454545,0.714285714,0.361111111,0.5,0.488888889,0.471910112,0.523809524,0.594936709,0.255319149,0.225806452,0.224719101,0.417582418,0.465909091,0.705882353,0.704545455,0.804878049,0.47826087,0.611111111,0.152173913,0.096774194,0.207381896
0,0,0,0,0,0,0,0,0,1,0.9,0.333333333,0.090909091,0.607142857,0.583333333,0.409090909,0.4,0.370786517,0.416666667,0.569620253,0.180851064,0.161290323,0.134831461,0.307692308,0.295454545,0.388235294,0.5,0.536585366,0.663043478,0.622222222,0.065217391,0.064516129,0.207381896
0,0,0,0,0,0,0,0,1,0,0.52,0.8,0.436363636,0.607142857,0.305555556,0.522727273,0.5,0.449438202,0.5,0.556962025,0.010638298,0.010752688,0.02247191,0.417582418,0.352272727,0.705882353,0.681818182,0.792682927,0.282608696,0.4,0.076086957,0.107526882,0.374229225
1,0,0,0,0,0,0,0,0,0,0.5,0.4,0.227272727,0.535714286,0.388888889,0.193181818,0.177777778,0.146067416,0.44047619,0.556962025,0.808510638,0.752688172,0.808988764,0.230769231,0.079545455,0.211764706,0.159090909,0.109756098,0.108695652,0.144444444,0.119565217,0.075268817,0.355432352
0,1,0,0,0,0,0,0,0,0,0.74,0.4,0.381818182,0.642857143,0.666666667,0.659090909,0.644444444,0.629213483,0.666666667,0.658227848,0.223404255,0.172043011,0.134831461,0.648351648,0.659090909,0.4,0.420454545,0.463414634,0.282608696,0.322222222,0.108695652,0.064516129,0.447147119
0,0,0,0,0,0,0,0,0,1,0.82,0.4,0.072727273,0.678571429,0.666666667,0.443181818,0.411111111,0.382022472,0.523809524,0.683544304,0.117021277,0.086021505,0.078651685,0.296703297,0.284090909,0.4,0.477272727,0.487804878,0.630434783,0.677777778,0.054347826,0.064516129,0.417399943
0,0,0,0,0,0,0,1,0,0,0.46,0.6,0.636363636,0.642857143,0.361111111,0.170454545,0.177777778,0.168539326,0.226190476,0.227848101,0.053191489,0.010752688,0.02247191,0.417582418,0.409090909,0.729411765,0.704545455,0.743902439,0.108695652,0.144444444,0.239130435,0.193548387,0.218672704
0,0,0,0,0,1,0,0,0,0,0.64,0.466666667,0.140909091,0.428571429,0.694444444,0.079545455,0.1,0.101123596,0.107142857,0.050632911,0.468085106,0.387096774,0.325842697,0.076923077,0.022727273,0.282352941,0.204545455,0.182926829,0.119565217,0.188888889,0.97826087,0.860215054,0.368784518
0,1,0,0,0,0,0,0,0,0,0.88,0.266666667,0.254545455,0.928571429,0.777777778,0.636363636,0.6,0.573033708,0.869047619,0.873417722,0.308510638,0.23655914,0.202247191,0.296703297,0.488636364,0.317647059,0.329545455,0.304878049,0.152173913,0.277777778,0.163043478,0.086021505,0.419374279
0,0,0,0,0,0,0,0,0,1,0.84,0.4,0.159090909,0.535714286,0.666666667,0.534090909,0.488888889,0.460674157,0.452380952,0.632911392,0.010638298,0.010752688,0.02247191,0.307692308,0.295454545,0.482352941,0.602272727,0.585365854,0.717391304,0.7,0.152173913,0.096774194,0.145686568
0,0,0,0,0,0,0,0,1,0,0.84,0.533333333,0.336363636,0.785714286,0.611111111,0.284090909,0.277777778,0.247191011,0.547619048,0.670886076,0.329787234,0.279569892,0.258426966,0.417582418,0.295454545,0.776470588,0.75,0.792682927,0.630434783,0.677777778,0.097826087,0.086021505,0.446497224
0,0,0,0,0,0,0,0,0,1,0.86,0.466666667,0.159090909,0.714285714,0.833333333,0.397727273,0.377777778,0.359550562,0.25,0.481012658,0.106382979,0.053763441,0.02247191,0.296703297,0.215909091,0.541176471,0.590909091,0.707317073,0.858695652,0.888888889,0.141304348,0.11827957,0.465408573
0,0,0,0,0,0,0,1,0,0,0.66,0.733333333,0.422727273,0.678571429,0.361111111,0.488636364,0.488888889,0.471910112,0.488095238,0.493670886,0.531914894,0.483870968,0.426966292,0.417582418,0.409090909,0.741176471,0.738636364,0.817073171,0.293478261,0.422222222,0.097826087,0.064516129,0.415801009
1,0,0,0,0,0,0,0,0,0,0.74,0.533333333,0.263636364,0.571428571,0.5,0.272727273,0.233333333,0.213483146,0.488095238,0.556962025,0.744680851,0.741935484,0.730337079,0.131868132,0.102272727,0.176470588,0.170454545,0.170731707,0.076086957,0.122222222,0.206521739,0.172043011,0.423626006
1,0,0,0,0,0,0,0,0,0,0.68,0.4,0.209090909,0.75,0.388888889,0.136363636,0.144444444,0.134831461,0.511904762,0.594936709,0.776595745,0.698924731,0.752808989,0.186813187,0.090909091,0.141176471,0.170454545,0.146341463,0.076086957,0.077777778,0.554347826,0.494623656,0.378961571
0,0,0,0,0,0,0,1,0,0,0.64,0.666666667,0.486363636,0.75,0.555555556,0.420454545,0.4,0.382022472,0.404761905,0.405063291,0.042553191,0.010752688,0.011235955,0.472527473,0.443181818,0.682352941,0.693181818,0.731707317,0.184782609,0.233333333,0.293478261,0.247311828,0.423626006
0,0,0,0,0,0,0,0,0,1,0.78,0.4,0.181818182,0.857142857,0.611111111,0.431818182,0.4,0.393258427,0.488095238,0.658227848,0.010638298,0.010752688,0.02247191,0.307692308,0.295454545,0.529411765,0.579545455,0.658536585,0.706521739,0.633333333,0.206521739,0.215053763,0.229152166
0,1,0,0,0,0,0,0,0,0,0.84,0.2,0.25,0.642857143,0.75,0.590909091,0.566666667,0.528089888,0.773809524,0.810126582,0.372340426,0.322580645,0.269662921,0.461538462,0.534090909,0.211764706,0.261363636,0.219512195,0.054347826,0.111111111,0.086956522,0.075268817,0.423626006
0,0,0,0,0,0,1,0,0,0,0.4,0.733333333,0.268181818,0.25,0.583333333,0.136363636,0.155555556,0.157303371,0.119047619,0.126582278,0.308510638,0.279569892,0.247191011,0.120879121,0.102272727,0.152941176,0.125,0.146341463,0.054347826,0.055555556,0.934782609,0.677419355,0.423626006
0,0,0,0,0,0,0,0,0,1,0.82,0.533333333,0.190909091,0.785714286,0.805555556,0.5,0.5,0.483146067,0.476190476,0.64556962,0.010638298,0.010752688,0.02247191,0.307692308,0.295454545,0.623529412,0.647727273,0.731707317,0.695652174,0.788888889,0.152173913,0.161290323,0.456563367
0,0,0,0,1,0,0,0,0,0,0.36,0.933333333,0.686363636,0.642857143,0.638888889,0.215909091,0.222222222,0.213483146,0.202380952,0.189873418,0.010638298,0.010752688,0.02247191,0.659340659,0.670454545,0.305882353,0.306818182,0.280487805,0.076086957,0.1,0.032608696,0.064516129,0.401895138
0,0,1,0,0,0,0,0,0,0,0.76,0.533333333,0.204545455,0.535714286,0.527777778,0.738636364,0.744444444,0.741573034,0.619047619,0.746835443,0.382978723,0.333333333,0.314606742,0.472527473,0.295454545,0.294117647,0.318181818,0.317073171,0.108695652,0.2,0.434782609,0.387096774,0.207381896
0,0,0,0,0,0,0,1,0,0,0.4,0.6,0.677272727,0.607142857,0.472222222,0.102272727,0.077777778,0.056179775,0.166666667,0.189873418,0.010638298,0.010752688,0.02247191,0.417582418,0.409090909,0.823529412,0.772727273,0.841463415,0.173913043,0.233333333,0.108695652,0.064516129,0.473748055
0,0,0,0,0,0,0,0,0,1,0.78,0.333333333,0.15,0.678571429,0.694444444,0.420454545,0.4,0.370786517,0.452380952,0.607594937,0.010638298,0.010752688,0.02247191,0.120879121,0.045454545,0.576470588,0.625,0.670731707,0.706521739,0.766666667,0.119565217,0.11827957,0.230589628
0,0,0,0,0,0,0,0,1,0,0.66,0.733333333,0.395454545,0.678571429,0.5,0.181818182,0.166666667,0.157303371,0.285714286,0.35443038,0.010638298,0.010752688,0.011235955,0.417582418,0.409090909,0.741176471,0.738636364,0.792682927,0.25,0.288888889,0.086956522,0.075268817,0.364848601
0,0,0,0,0,0,0,0,0,1,0.88,0.333333333,0.090909091,0.678571429,0.694444444,0.465909091,0.444444444,0.438202247,0.404761905,0.582278481,0.404255319,0.365591398,0.337078652,0.252747253,0.181818182,0.376470588,0.5,0.512195122,0.652173913,0.766666667,0.141304348,0.172043011,0.416602666
0,0,1,0,0,0,0,0,0,0,0.82,0.666666667,0.254545455,0.571428571,0.694444444,0.840909091,0.833333333,0.820224719,0.761904762,0.848101266,0.574468085,0.516129032,0.516853933,0.604395604,0.329545455,0.258823529,0.272727273,0.256097561,0.195652174,0.255555556,0.130434783,0.096774194,0.785093551
0,0,0,1,0,0,0,0,0,0,0.66,0.733333333,0.45,0.535714286,0.472222222,0.681818182,0.644444444,0.606741573,0.678571429,0.658227848,0.414893617,0.365591398,0.348314607,0.593406593,0.511363636,0.482352941,0.465909091,0.475609756,0.22826087,0.311111111,0.239130435,0.129032258,0.447147119
0,0,0,0,1,0,0,0,0,0,0.24,0.666666667,0.681818182,0.785714286,0.666666667,0.136363636,0.144444444,0.123595506,0.226190476,0.17721519,0.244680851,0.204301075,0.157303371,0.802197802,0.727272727,0.258823529,0.238636364,0.256097561,0.054347826,0.033333333,0.130434783,0.096774194,0.454419974
0,0,0,0,0,0,0,0,1,0,0.72,0.6,0.377272727,0.5,0.611111111,0.329545455,0.3,0.280898876,0.428571429,0.569620253,0.361702128,0.301075269,0.247191011,0.417582418,0.409090909,0.729411765,0.715909091,0.780487805,0.489130435,0.544444444,0.108695652,0.129032258,0.387989267
0,0,0,0,1,0,0,0,0,0,0.26,0.733333333,0.681818182,0.571428571,0.583333333,0.113636364,0.111111111,0.101123596,0.119047619,0.037974684,0.010638298,0.010752688,0.02247191,0.725274725,0.75,0.247058824,0.261363636,0.231707317,0.076086957,0.055555556,0.119565217,0.064516129,0.436384548
0,0,0,0,1,0,0,0,0,0,0.4,0.733333333,0.713636364,0.571428571,0.583333333,0.102272727,0.066666667,0.056179775,0.095238095,0.050632911,0.021276596,0.021505376,0.033707865,0.758241758,0.693181818,0.258823529,0.284090909,0.231707317,0.076086957,0.055555556,0.054347826,0.043010753,0.445844421
0,0,0,0,0,0,0,0,0,1,0.74,0.466666667,0.281818182,0.75,0.583333333,0.329545455,0.322222222,0.325842697,0.452380952,0.607594937,0.042553191,0.021505376,0.02247191,0.307692308,0.295454545,0.623529412,0.659090909,0.695121951,0.576086957,0.644444444,0.054347826,0.053763441,0.318243264
0,0,1,0,0,0,0,0,0,0,0.88,0.4,0.218181818,0.357142857,0.527777778,0.818181818,0.811111111,0.831460674,0.619047619,0.810126582,0.106382979,0.053763441,0.02247191,0.472527473,0.386363636,0.352941176,0.375,0.341463415,0.119565217,0.188888889,0.076086957,0.064516129,0.33594996
0,0,0,1,0,0,0,0,0,0,0.72,0.666666667,0.3,0.642857143,0.472222222,0.647727273,0.644444444,0.640449438,0.69047619,0.746835443,0.659574468,0.64516129,0.674157303,0.417582418,0.431818182,0.294117647,0.318181818,0.292682927,0.097826087,0.088888889,0.097826087,0.096774194,0.318243264
0,0,0,0,1,0,0,0,0,0,0.08,0.666666667,0.795454545,0.571428571,0.305555556,0.045454545,0.033333333,0.033707865,0.19047619,0.088607595,0.010638298,0.010752688,0.02247191,0.692307692,0.602272727,0.2,0.170454545,0.109756098,0.054347826,0.033333333,0.086956522,0.107526882,0.207381896
0,0,0,0,1,0,0,0,0,0,0.22,0.533333333,0.713636364,0.75,0.611111111,0.079545455,0.077777778,0.06741573,0.107142857,0.050632911,0.010638298,0.010752688,0.02247191,0.659340659,0.647727273,0.223529412,0.215909091,0.207317073,0.054347826,0.022222222,0.043478261,0.032258065,0.37261704
0,0,1,0,0,0,0,0,0,0,0.84,0.466666667,0.25,0.75,0.527777778,0.681818182,0.677777778,0.674157303,0.678571429,0.746835443,0.106382979,0.053763441,0.02247191,0.395604396,0.227272727,0.247058824,0.25,0.219512195,0.076086957,0.1,0.119565217,0.075268817,0.185727237
0,0,0,0,0,0,0,0,0,1,0.8,0.666666667,0.231818182,0.607142857,0.5,0.386363636,0.377777778,0.337078652,0.416666667,0.632911392,0.14893617,0.086021505,0.08988764,0.307692308,0.295454545,0.482352941,0.5,0.609756098,0.663043478,0.644444444,0.195652174,0.182795699,0.207381896
1,0,0,0,0,0,0,0,0,0,0.56,0.6,0.304545455,0.785714286,0.583333333,0.386363636,0.344444444,0.292134831,0.476190476,0.569620253,0.765957447,0.688172043,0.741573034,0.120879121,0.079545455,0.129411765,0.147727273,0.109756098,0.076086957,0.066666667,0.5,0.397849462,0.37261704
0,0,1,0,0,0,0,0,0,0,0.84,0.6,0.272727273,0.714285714,0.5,0.727272727,0.722222222,0.741573034,0.607142857,0.708860759,0.106382979,0.053763441,0.06741573,0.450549451,0.318181818,0.388235294,0.386363636,0.365853659,0.239130435,0.344444444,0.163043478,0.096774194,0.410062581
0,1,0,0,0,0,0,0,0,0,0.68,0.466666667,0.340909091,0.464285714,0.638888889,0.5,0.455555556,0.415730337,0.547619048,0.556962025,0.010638298,0.010752688,0.02247191,0.582417582,0.636363636,0.741176471,0.727272727,0.829268293,0.489130435,0.555555556,0.119565217,0.064516129,0.392773342
0,0,0,0,0,0,0,1,0,0,0.46,0.733333333,0.722727273,0.178571429,0.333333333,0.136363636,0.111111111,0.08988764,0.178571429,0.202531646,0.010638298,0.010752688,0.02247191,0.417582418,0.409090909,0.776470588,0.75,0.829268293,0.130434783,0.2,0.130434783,0.064516129,0.328831416
0,0,0,0,0,0,0,1,0,0,0.72,0.6,0.413636364,0.5,0.305555556,0.318181818,0.311111111,0.292134831,0.404761905,0.46835443,0.319148936,0.301075269,0.292134831,0.417582418,0.409090909,0.776470588,0.772727273,0.817073171,0.380434783,0.488888889,0.152173913,0.107526882,0.126569386
0,0,0,0,1,0,0,0,0,0,0.32,0.8,0.709090909,0.785714286,0.666666667,0.102272727,0.122222222,0.123595506,0.154761905,0.126582278,0.021276596,0.010752688,0.011235955,0.637362637,0.75,0.235294118,0.215909091,0.146341463,0.065217391,0.044444444,0.065217391,0.064516129,0.423626006
0,1,0,0,0,0,0,0,0,0,0.74,0.066666667,0.195454545,0.857142857,0.805555556,0.613636364,0.588888889,0.550561798,0.845238095,0.911392405,0.170212766,0.107526882,0.08988764,0.263736264,0.556818182,0.247058824,0.238636364,0.280487805,0.086956522,0.088888889,0.076086957,0.043010753,0.160288866
0,0,0,0,0,0,0,1,0,0,0.48,0.4,0.745454545,0.464285714,0.166666667,0.295454545,0.288888889,0.269662921,0.285714286,0.316455696,0.010638298,0.010752688,0.02247191,0.417582418,0.409090909,0.788235294,0.761363636,0.829268293,0.141304348,0.222222222,0.119565217,0.064516129,0.453491649
0,0,1,0,0,0,0,0,0,0,0.82,0.266666667,0.022727273,0.5,0.833333333,0.772727273,0.777777778,0.775280899,0.523809524,0.734177215,0.159574468,0.107526882,0.06741573,0.483516484,0.204545455,0.117647059,0.159090909,0.134146341,0.054347826,0.033333333,0.130434783,0.075268817,0.423626006
0,0,0,0,0,0,0,0,1,0,0.72,0.4,0.327272727,0.607142857,0.777777778,0.375,0.333333333,0.337078652,0.369047619,0.417721519,0.010638298,0.010752688,0.02247191,0.417582418,0.409090909,0.870588235,0.840909091,0.890243902,0.684782609,0.777777778,0.130434783,0.086021505,0.511611054
0,1,0,0,0,0,0,0,0,0,0.82,0.2,0.159090909,0.714285714,0.666666667,0.477272727,0.455555556,0.426966292,0.630952381,0.746835443,0.010638298,0.010752688,0.02247191,0.252747253,0.397727273,0.517647059,0.590909091,0.597560976,0.630434783,0.588888889,0.119565217,0.11827957,0.409643926
0,0,1,0,0,0,0,0,0,0,0.82,0.266666667,0.1,0.928571429,0.722222222,0.931818182,0.933333333,0.95505618,0.619047619,0.82278481,0.106382979,0.053763441,0.02247191,0.483516484,0.238636364,0.176470588,0.204545455,0.170731707,0.054347826,0.2,0.22826087,0.204301075,0.762815837
0,1,0,0,0,0,0,0,0,0,0.88,0.4,0.327272727,0.5,0.861111111,0.715909091,0.677777778,0.662921348,0.928571429,0.974683544,0.382978723,0.311827957,0.280898876,0.318681319,0.568181818,0.188235294,0.227272727,0.219512195,0.108695652,0.066666667,0.130434783,0.086021505,0.564957598
0,0,0,0,0,0,0,1,0,0,0.36,0.6,0.75,0.678571429,0.277777778,0.136363636,0.111111111,0.101123596,0.19047619,0.139240506,0.021276596,0.010752688,0.011235955,0.417582418,0.409090909,0.741176471,0.681818182,0.743902439,0.108695652,0.1,0.108695652,0.075268817,0.185727237
0,1,0,0,0,0,0,0,0,0,0.78,0.2,0.213636364,0.607142857,0.527777778,0.613636364,0.566666667,0.528089888,0.821428571,0.860759494,0.340425532,0.290322581,0.213483146,0.285714286,0.488636364,0.188235294,0.204545455,0.170731707,0.076086957,0.1,0.097826087,0.064516129,0.282914736
0,0,0,0,1,0,0,0,0,0,0.28,0.666666667,0.704545455,0.714285714,0.694444444,0.102272727,0.1,0.101123596,0.095238095,0.025316456,0.010638298,0.010752688,0.02247191,0.681318681,0.784090909,0.152941176,0.159090909,0.12195122,0.086956522,0.077777778,0.163043478,0.161290323,0.463392137
0,0,1,0,0,0,0,0,0,0,0.78,0.6,0.204545455,0.785714286,0.666666667,0.761363636,0.755555556,0.764044944,0.642857143,0.746835443,0.446808511,0.397849462,0.382022472,0.43956044,0.193181818,0.223529412,0.25,0.256097561,0.097826087,0.133333333,0.130434783,0.096774194,0.423626006
0,0,0,0,0,0,0,0,0,1,0.76,0.4,0.136363636,0.714285714,0.583333333,0.5,0.477777778,0.460674157,0.416666667,0.556962025,0.010638298,0.010752688,0.02247191,0.307692308,0.295454545,0.482352941,0.545454545,0.56097561,0.619565217,0.677777778,0.108695652,0.086021505,0.416602666
0,0,1,0,0,0,0,0,0,0,0.84,0.333333333,0.181818182,0.678571429,0.722222222,0.886363636,0.888888889,0.887640449,0.607142857,0.860759494,0.361702128,0.268817204,0.337078652,0.43956044,0.284090909,0.2,0.204545455,0.219512195,0.108695652,0.133333333,0.119565217,0.086021505,0.75287206
0,0,0,0,0,0,0,0,1,0,0.72,0.6,0.363636364,0.5,0.833333333,0.352272727,0.311111111,0.280898876,0.226190476,0.291139241,0.010638298,0.010752688,0.02247191,0.417582418,0.409090909,0.752941176,0.772727273,0.817073171,0.652173913,0.677777778,0.22826087,0.129032258,0.491531928
0,0,0,0,0,0,0,0,0,1,0.86,0.4,0.154545455,0.535714286,0.694444444,0.420454545,0.411111111,0.393258427,0.392857143,0.582278481,0.14893617,0.096774194,0.078651685,0.307692308,0.295454545,0.494117647,0.579545455,0.548780488,0.619565217,0.655555556,0.108695652,0.086021505,0.207381896
0,0,0,0,0,0,0,0,0,1,0.88,0.466666667,0.168181818,0.464285714,0.666666667,0.409090909,0.4,0.393258427,0.392857143,0.556962025,0.010638298,0.010752688,0.02247191,0.307692308,0.284090909,0.494117647,0.522727273,0.536585366,0.619565217,0.655555556,0.141304348,0.139784946,0.417399943
0,0,0,0,0,0,0,1,0,0,0.16,0.6,0.695454545,0.607142857,0.333333333,0.170454545,0.155555556,0.146067416,0.273809524,0.17721519,0.010638298,0.010752688,0.02247191,0.417582418,0.409090909,0.764705882,0.738636364,0.780487805,0.076086957,0.066666667,0.086956522,0.096774194,0.218672704
0,0,0,0,1,0,0,0,0,0,0.36,0.6,0.659090909,0.821428571,0.694444444,0.170454545,0.155555556,0.157303371,0.25,0.17721519,0.170212766,0.096774194,0.123595506,0.736263736,0.647727273,0.411764706,0.454545455,0.414634146,0.097826087,0.122222222,0.152173913,0.075268817,0.423626006
0,0,0,0,1,0,0,0,0,0,0.26,0.666666667,0.795454545,0.714285714,0.361111111,0.147727273,0.144444444,0.134831461,0.202380952,0.139240506,0.010638298,0,0,0.703296703,0.659090909,0.235294118,0.170454545,0.195121951,0.076086957,0.044444444,0.065217391,0.11827957,0.338702895
0,0,1,0,0,0,0,0,0,0,0.82,0.733333333,0.245454545,0.642857143,0.527777778,0.772727273,0.755555556,0.775280899,0.619047619,0.708860759,0.106382979,0.053763441,0.06741573,0.549450549,0.340909091,0.188235294,0.159090909,0.134146341,0.184782609,0.155555556,0.130434783,0.075268817,0.332434098
0,1,0,0,0,0,0,0,0,0,0.84,0.266666667,0.2,0.535714286,0.472222222,0.556818182,0.522222222,0.494382022,0.702380952,0.784810127,0.170212766,0.107526882,0.06741573,0.307692308,0.363636364,0.152941176,0.204545455,0.170731707,0.108695652,0.155555556,0.065217391,0.043010753,0.37043937
0,0,0,1,0,0,0,0,0,0,0.64,0.733333333,0.431818182,0.678571429,0.583333333,0.693181818,0.666666667,0.651685393,0.583333333,0.64556962,0.159574468,0.107526882,0.06741573,0.637362637,0.590909091,0.411764706,0.465909091,0.426829268,0.130434783,0.177777778,0.086956522,0.086021505,0.233422751
0,0,0,0,0,0,0,1,0,0,0.18,0.533333333,0.727272727,0.678571429,0.444444444,0.102272727,0.088888889,0.078651685,0.214285714,0.189873418,0.010638298,0.010752688,0.02247191,0.417582418,0.409090909,0.8,0.761363636,0.841463415,0.163043478,0.244444444,0.043478261,0.043010753,0.094012471
0,1,0,0,0,0,0,0,0,0,0.64,0.6,0.445454545,0.428571429,0.472222222,0.590909091,0.533333333,0.505617978,0.654761905,0.721518987,0.106382979,0.053763441,0.02247191,0.571428571,0.568181818,0.588235294,0.522727273,0.609756098,0.25,0.344444444,0.163043478,0.096774194,0.185727237
0,0,0,0,0,0,0,0,1,0,0.54,0.666666667,0.45,0.571428571,0.472222222,0.261363636,0.244444444,0.235955056,0.25,0.35443038,0.010638298,0.010752688,0.02247191,0.417582418,0.409090909,0.717647059,0.704545455,0.743902439,0.304347826,0.4,0.086956522,0.11827957,0.410062581
0,0,0,0,0,0,0,0,0,1,0.88,0.466666667,0.168181818,0.821428571,0.75,0.386363636,0.344444444,0.325842697,0.476190476,0.632911392,0.212765957,0.182795699,0.179775281,0.087912088,0.181818182,0.552941176,0.556818182,0.634146341,0.630434783,0.655555556,0.119565217,0.11827957,0.423626006
0,0,0,0,1,0,0,0,0,0,0.32,0.666666667,0.636363636,0.571428571,0.555555556,0,0,0,0.071428571,0.063291139,0.010638298,0.010752688,0.02247191,0.747252747,0.715909091,0.247058824,0.193181818,0.182926829,0.076086957,0.055555556,0.119565217,0.161290323,0.241606272
0,1,0,0,0,0,0,0,0,0,0.74,0,0.113636364,0.5,0.527777778,0.602272727,0.577777778,0.539325843,0.80952381,0.860759494,0.159574468,0.107526882,0.06741573,0.208791209,0.477272727,0.282352941,0.318181818,0.304878049,0.173913043,0.255555556,0.076086957,0.107526882,0.218672704
0,0,0,0,0,0,0,0,0,1,0.78,0.4,0.159090909,0.785714286,0.694444444,0.409090909,0.366666667,0.337078652,0.547619048,0.696202532,0.010638298,0.010752688,0.02247191,0.131868132,0.045454545,0.494117647,0.579545455,0.658536585,0.75,0.766666667,0.173913043,0.139784946,0.250607438
0,0,0,0,0,0,0,1,0,0,0.28,0.666666667,0.75,0.571428571,0.333333333,0.136363636,0.111111111,0.101123596,0.214285714,0.215189873,0.010638298,0.010752688,0.02247191,0.417582418,0.397727273,0.8,0.75,0.817073171,0.173913043,0.266666667,0.141304348,0.139784946,0.218672704
0,0,0,0,1,0,0,0,0,0,0.18,0.8,0.781818182,0.535714286,0.694444444,0.125,0.111111111,0.112359551,0.107142857,0.075949367,0.010638298,0.010752688,0.02247191,0.813186813,0.795454545,0.329411765,0.227272727,0.182926829,0.010869565,0.033333333,0.054347826,0.064516129,0.462810857
0,0,0,0,0,0,0,0,1,0,0.66,0.666666667,0.372727273,0.785714286,0.777777778,0.227272727,0.211111111,0.213483146,0.226190476,0.278481013,0.010638298,0.010752688,0.02247191,0.417582418,0.409090909,0.835294118,0.818181818,0.865853659,0.543478261,0.611111111,0.076086957,0.043010753,0.735617556
0,0,0,1,0,0,0,0,0,0,0.66,0.8,0.454545455,0.892857143,0.75,0.806818182,0.788888889,0.775280899,0.678571429,0.683544304,0.14893617,0.129032258,0.112359551,0.615384615,0.590909091,0.494117647,0.534090909,0.475609756,0.239130435,0.288888889,0.184782609,0.096774194,0.473748055
0,0,0,0,0,0,0,0,1,0,0.6,0.533333333,0.372727273,0.535714286,0.555555556,0.318181818,0.277777778,0.280898876,0.19047619,0.291139241,0.010638298,0.010752688,0.02247191,0.417582418,0.409090909,0.811764706,0.795454545,0.841463415,0.641304348,0.722222222,0.163043478,0.247311828,0.218672704
0,0,0,0,0,0,0,1,0,0,0.74,0.533333333,0.372727273,0.714285714,0.527777778,0.238636364,0.2,0.202247191,0.273809524,0.303797468,0.010638298,0.010752688,0.02247191,0.417582418,0.409090909,0.717647059,0.715909091,0.756097561,0.358695652,0.4,0.108695652,0.053763441,0.274692774
1,0,0,0,0,0,0,0,0,0,0.62,0.533333333,0.25,0.75,0.444444444,0.113636364,0.122222222,0.112359551,0.55952381,0.607594937,0.744680851,0.655913978,0.730337079,0.175824176,0.079545455,0.188235294,0.204545455,0.182926829,0.076086957,0.088888889,0.489130435,0.35483871,0.207381896
0,0,0,0,0,0,0,0,1,0,0.6,0.533333333,0.454545455,0.714285714,0.583333333,0.25,0.233333333,0.235955056,0.345238095,0.506329114,0.010638298,0.010752688,0.02247191,0.417582418,0.409090909,0.788235294,0.772727273,0.829268293,0.347826087,0.433333333,0.25,0.258064516,0.240273831
0,0,0,0,0,0,0,0,1,0,0.7,0.4,0.318181818,0.571428571,0.722222222,0.443181818,0.411111111,0.393258427,0.404761905,0.443037975,0.010638298,0.010752688,0.02247191,0.417582418,0.409090909,0.847058824,0.818181818,0.963414634,0.673913043,0.788888889,0.119565217,0.064516129,0.617357958
0,0,0,0,1,0,0,0,0,0,0.3,0.533333333,0.781818182,0.714285714,0.666666667,0.034090909,0.055555556,0.056179775,0.154761905,0.025316456,0.010638298,0.010752688,0.02247191,0.692307692,0.806818182,0.188235294,0.181818182,0.170731707,0.054347826,0.033333333,0.108695652,0.064516129,0.449718132
0,0,0,0,1,0,0,0,0,0,0.44,0.8,0.954545455,0.535714286,0.555555556,0.011363636,0,0,0.083333333,0.025316456,0,0,0.011235955,0.703296703,0.636363636,0.270588235,0.181818182,0.12195122,0.065217391,0.044444444,0.065217391,0.064516129,0.428496075
0,0,1,0,0,0,0,0,0,0,0.76,0.533333333,0.240909091,0.464285714,0.361111111,0.75,0.755555556,0.730337079,0.69047619,0.784810127,0.212765957,0.161290323,0.123595506,0.538461538,0.261363636,0.329411765,0.295454545,0.329268293,0.054347826,0.088888889,0.195652174,0.193548387,0.445844421
0,0,0,0,1,0,0,0,0,0,0.4,0.8,0.75,0.821428571,0.888888889,0.284090909,0.244444444,0.179775281,0.178571429,0.101265823,0.010638298,0.010752688,0.02247191,0.934065934,0.829545455,0.282352941,0.295454545,0.256097561,0.076086957,0.055555556,0.173913043,0.150537634,0.551801715
0,0,1,0,0,0,0,0,0,0,0.86,0.4,0.140909091,0.857142857,0.888888889,0.977272727,0.977777778,0.988764045,0.654761905,0.911392405,0.234042553,0.193548387,0.157303371,0.505494505,0.340909091,0.247058824,0.284090909,0.207317073,0.304347826,0.344444444,0.25,0.258064516,0.826834662
0,0,0,0,0,0,0,0,0,1,0.76,0.4,0.177272727,0.392857143,0.611111111,0.511363636,0.511111111,0.494382022,0.452380952,0.620253165,0.010638298,0.010752688,0.02247191,0.307692308,0.238636364,0.388235294,0.522727273,0.5,0.619565217,0.655555556,0.119565217,0.11827957,0.37261704
0,0,0,0,0,0,0,0,0,1,0.84,0.266666667,0.159090909,0.714285714,0.75,0.329545455,0.344444444,0.337078652,0.404761905,0.594936709,0.010638298,0.010752688,0.02247191,0.307692308,0.295454545,0.435294118,0.556818182,0.609756098,0.793478261,0.722222222,0.293478261,0.258064516,0.365417417
0,0,0,0,1,0,0,0,0,0,0.3,0.8,0.731818182,0.857142857,0.611111111,0.068181818,0.077777778,0.06741573,0.071428571,0.063291139,0.053191489,0.032258065,0.02247191,0.659340659,0.75,0.470588235,0.488636364,0.451219512,0.076086957,0.066666667,0.054347826,0.053763441,0.449079613
0,0,0,1,0,0,0,0,0,0,0.82,0.533333333,0.277272727,0.535714286,0.638888889,0.704545455,0.688888889,0.674157303,0.821428571,0.898734177,0.808510638,0.741935484,0.786516854,0.604395604,0.522727273,0.541176471,0.579545455,0.597560976,0.52173913,0.577777778,0.673913043,0.516129032,0.68649891
0,0,0,1,0,0,0,0,0,0,0.36,0.533333333,0.340909091,0.857142857,0.444444444,0.488636364,0.477777778,0.460674157,0.428571429,0.481012658,0.138297872,0.11827957,0.101123596,0.472527473,0.511363636,0.282352941,0.386363636,0.304878049,0.097826087,0.155555556,0.152173913,0.139784946,0.40321552
0,0,0,0,0,0,0,1,0,0,0.68,0.466666667,0.55,0.607142857,0.444444444,0.375,0.344444444,0.325842697,0.238095238,0.278481013,0.010638298,0.010752688,0.02247191,0.362637363,0.295454545,0.717647059,0.761363636,0.792682927,0.152173913,0.244444444,0.076086957,0.064516129,0.484425342
0,0,1,0,0,0,0,0,0,0,0.74,0.133333333,0.095454545,0.642857143,0.555555556,0.738636364,0.733333333,0.719101124,0.642857143,0.759493671,0.244680851,0.172043011,0.157303371,0.494505495,0.397727273,0.270588235,0.284090909,0.280487805,0.108695652,0.177777778,0.065217391,0.096774194,0.233422751
0,1,0,0,0,0,0,0,0,0,0.82,0.266666667,0.272727273,0.821428571,0.944444444,0.636363636,0.6,0.528089888,0.964285714,1,0.340425532,0.279569892,0.213483146,0.351648352,0.590909091,0.247058824,0.25,0.256097561,0.184782609,0.255555556,0.086956522,0.043010753,0.564957598
0,0,0,0,0,0,0,0,0,1,0.8,0.466666667,0.163636364,0.75,0.694444444,0.454545455,0.444444444,0.415730337,0.428571429,0.556962025,0.180851064,0.107526882,0.101123596,0.307692308,0.295454545,0.611764706,0.636363636,0.719512195,0.630434783,0.677777778,0.065217391,0.086021505,0.417399943
0,0,1,0,0,0,0,0,0,0,0.86,0.4,0.054545455,0.821428571,0.638888889,0.761363636,0.766666667,0.775280899,0.595238095,0.734177215,0.106382979,0.053763441,0.02247191,0.417582418,0.170454545,0.247058824,0.238636364,0.256097561,0.195652174,0.266666667,0.108695652,0.075268817,0.37261704
0,1,0,0,0,0,0,0,0,0,0.76,0.266666667,0.281818182,0.642857143,0.555555556,0.590909091,0.555555556,0.516853933,0.821428571,0.810126582,0.35106383,0.311827957,0.269662921,0.318681319,0.386363636,0.282352941,0.295454545,0.280487805,0.076086957,0.1,0.163043478,0.139784946,0.417399943
0,0,0,0,0,0,0,0,1,0,0.7,0.533333333,0.340909091,0.571428571,0.861111111,0.352272727,0.333333333,0.337078652,0.345238095,0.316455696,0.010638298,0.010752688,0.02247191,0.417582418,0.409090909,0.788235294,0.761363636,0.841463415,0.532608696,0.622222222,0.141304348,0.150537634,0.526649411
0,0,0,0,1,0,0,0,0,0,0.36,0.666666667,0.704545455,0.571428571,0.583333333,0.079545455,0.066666667,0.06741573,0.095238095,0.050632911,0.010638298,0.010752688,0.02247191,0.692307692,0.636363636,0.270588235,0.25,0.256097561,0.119565217,0.044444444,0.108695652,0.064516129,0.401895138
0,0,0,0,1,0,0,0,0,0,0.32,0.6,0.672727273,0.678571429,0.666666667,0.170454545,0.144444444,0.134831461,0.142857143,0.075949367,0.010638298,0.010752688,0.02247191,0.681318681,0.738636364,0.435294118,0.420454545,0.414634146,0.054347826,0.033333333,0.22826087,0.193548387,0.452244623
0,0,1,0,0,0,0,0,0,0,0.88,0.266666667,0.059090909,0.642857143,0.805555556,0.863636364,0.855555556,0.853932584,0.583333333,0.734177215,0.053191489,0.053763441,0.06741573,0.56043956,0.193181818,0.223529412,0.238636364,0.219512195,0.163043478,0.233333333,0.108695652,0.096774194,0.470469238
0,0,0,0,1,0,0,0,0,0,0.44,0.733333333,0.727272727,0.035714286,0.694444444,0.397727273,0.355555556,0.314606742,0.154761905,0.088607595,0.010638298,0.010752688,0.02247191,0.912087912,0.909090909,0.388235294,0.340909091,0.341463415,0.076086957,0.055555556,0.195652174,0.161290323,0.094012471
0,0,0,0,0,0,0,1,0,0,0.66,0.8,0.454545455,0.535714286,0.305555556,0.238636364,0.211111111,0.191011236,0.261904762,0.329113924,0.010638298,0.010752688,0.02247191,0.406593407,0.397727273,0.682352941,0.670454545,0.731707317,0.282608696,0.433333333,0.141304348,0.139784946,0.410062581
0,0,0,0,1,0,0,0,0,0,0.26,0.733333333,0.745454545,0.571428571,0.638888889,0.045454545,0.044444444,0.04494382,0.142857143,0.17721519,0.010638298,0.010752688,0.02247191,0.736263736,0.715909091,0.329411765,0.306818182,0.268292683,0.054347826,0.055555556,0.195652174,0.172043011,0.240273831
0,0,0,0,0,0,0,0,0,1,0.84,0.266666667,0.181818182,0.75,0.75,0.443181818,0.444444444,0.438202247,0.511904762,0.632911392,0.010638298,0.010752688,0.02247191,0.307692308,0.318181818,0.517647059,0.556818182,0.658536585,0.72826087,0.744444444,0.163043478,0.11827957,0.410062581
0,0,0,0,0,0,0,0,1,0,0.72,0.533333333,0.318181818,0.642857143,0.527777778,0.329545455,0.322222222,0.303370787,0.44047619,0.506329114,0.010638298,0.010752688,0.02247191,0.417582418,0.409090909,0.729411765,0.704545455,0.768292683,0.510869565,0.6,0.086956522,0.086021505,0.229152166
0,0,1,0,0,0,0,0,0,0,0.86,0.533333333,0.25,0.178571429,0.388888889,0.738636364,0.755555556,0.775280899,0.642857143,0.759493671,0.159574468,0.161290323,0.123595506,0.285714286,0.272727273,0.294117647,0.318181818,0.219512195,0.108695652,0.144444444,0.184782609,0.161290323,0.218672704
0,0,0,0,0,0,0,0,0,1,0.84,0.4,0.190909091,0.607142857,0.777777778,0.477272727,0.433333333,0.393258427,0.464285714,0.670886076,0.010638298,0.010752688,0.02247191,0.307692308,0.295454545,0.576470588,0.647727273,0.707317073,0.869565217,0.911111111,0.206521739,0.172043011,0.606894607
0,0,0,0,0,0,0,0,1,0,0.56,0.6,0.481818182,0.785714286,0.388888889,0.159090909,0.144444444,0.134831461,0.238095238,0.253164557,0.042553191,0.021505376,0.02247191,0.417582418,0.352272727,0.717647059,0.761363636,0.756097561,0.402173913,0.522222222,0.260869565,0.23655914,0.450353868
0,0,0,0,0,0,0,1,0,0,0.46,0.733333333,0.545454545,0.678571429,0.277777778,0.113636364,0.1,0.078651685,0.130952381,0.139240506,0.127659574,0.075268817,0.056179775,0.417582418,0.409090909,0.752941176,0.715909091,0.780487805,0.152173913,0.2,0.163043478,0.161290323,0.224752801
0,0,0,0,0,1,0,0,0,0,0.42,0.4,0.259090909,0.607142857,0.638888889,0.090909091,0.1,0.08988764,0.095238095,0.063291139,0.265957447,0.215053763,0.179775281,0.131868132,0.090909091,0.188235294,0.159090909,0.146341463,0.076086957,0.111111111,0.956521739,0.806451613,0.303393045
0,0,0,0,0,0,0,0,1,0,0.68,0.533333333,0.318181818,0.642857143,0.5,0.386363636,0.277777778,0.280898876,0.321428571,0.417721519,0.010638298,0.010752688,0.02247191,0.417582418,0.409090909,0.752941176,0.715909091,0.804878049,0.5,0.566666667,0.097826087,0.150537634,0.218672704
0,0,0,0,0,0,0,0,0,1,0.8,0.533333333,0.186363636,0.821428571,0.75,0.386363636,0.377777778,0.359550562,0.44047619,0.582278481,0.117021277,0.086021505,0.04494382,0.307692308,0.295454545,0.517647059,0.568181818,0.670731707,0.804347826,0.822222222,0.130434783,0.075268817,0.437080975
0,0,0,0,0,0,0,0,1,0,0.72,0.533333333,0.340909091,0.75,0.333333333,0.170454545,0.177777778,0.157303371,0.238095238,0.265822785,0.010638298,0.010752688,0.02247191,0.417582418,0.409090909,0.741176471,0.715909091,0.804878049,0.369565217,0.444444444,0.108695652,0.075268817,0.331003682
0,0,0,1,0,0,0,0,0,0,0.66,0.733333333,0.418181818,0.714285714,0.555555556,0.647727273,0.633333333,0.606741573,0.642857143,0.632911392,0.212765957,0.161290323,0.112359551,0.582417582,0.556818182,0.317647059,0.318181818,0.304878049,0.163043478,0.211111111,0.152173913,0.139784946,0.207381896
0,0,0,0,0,0,0,0,0,1,0.82,0.466666667,0.259090909,0.821428571,0.916666667,0.420454545,0.4,0.382022472,0.535714286,0.670886076,0.053191489,0.010752688,0.02247191,0.307692308,0.295454545,0.694117647,0.704545455,0.756097561,0.739130435,0.8,0.119565217,0.075268817,0.270401253
0,0,0,0,1,0,0,0,0,0,0.2,0.8,0.727272727,0.607142857,0.444444444,0.068181818,0.077777778,0.06741573,0.071428571,0.063291139,0.053191489,0.032258065,0.02247191,0.67032967,0.738636364,0.164705882,0.125,0.097560976,0.032608696,0.011111111,0.054347826,0.053763441,0.417399943
0,0,1,0,0,0,0,0,0,0,0.76,0.6,0.25,0.571428571,0.527777778,0.761363636,0.744444444,0.752808989,0.583333333,0.708860759,0.106382979,0.053763441,0.02247191,0.450549451,0.409090909,0.164705882,0.25,0.182926829,0.163043478,0.2,0.043478261,0.053763441,0.218672704
0,0,0,0,1,0,0,0,0,0,0.36,0.8,0.727272727,0.607142857,0.416666667,0.159090909,0.122222222,0.123595506,0.083333333,0.025316456,0.053191489,0.053763441,0.06741573,0.604395604,0.625,0.2,0.090909091,0.12195122,0.076086957,0.088888889,0.195652174,0.204301075,0.213940358
0,0,1,0,0,0,0,0,0,0,0.82,0.6,0.222727273,0.5,0.694444444,0.806818182,0.811111111,0.808988764,0.69047619,0.835443038,0.223404255,0.161290323,0.157303371,0.56043956,0.545454545,0.282352941,0.306818182,0.243902439,0.163043478,0.233333333,0.119565217,0.129032258,0.584041798
0,0,0,0,0,0,0,0,1,0,0.7,0.533333333,0.4,0.714285714,0.305555556,0.261363636,0.244444444,0.224719101,0.273809524,0.341772152,0.010638298,0.010752688,0.02247191,0.417582418,0.409090909,0.717647059,0.704545455,0.780487805,0.380434783,0.477777778,0.152173913,0.161290323,0.410062581
0,1,0,0,0,0,0,0,0,0,0.72,0.466666667,0.259090909,0.571428571,0.416666667,0.522727273,0.477777778,0.438202247,0.797619048,0.797468354,0.255319149,0.161290323,0.123595506,0.417582418,0.545454545,0.4,0.443181818,0.402439024,0.402173913,0.366666667,0.086956522,0.053763441,0.37043937
0,0,0,0,0,0,0,0,0,1,0.82,0.4,0.204545455,0.571428571,0.611111111,0.443181818,0.444444444,0.438202247,0.464285714,0.607594937,0.106382979,0.053763441,0.06741573,0.307692308,0.295454545,0.482352941,0.534090909,0.597560976,0.652173913,0.633333333,0.086956522,0.053763441,0.364848601
0,0,0,0,0,0,0,1,0,0,0.3,0.466666667,0.613636364,0.535714286,0.083333333,0.147727273,0.133333333,0.112359551,0.142857143,0.151898734,0.010638298,0.010752688,0.02247191,0.417582418,0.409090909,0.682352941,0.670454545,0.743902439,0.141304348,0.222222222,0.108695652,0.053763441,0.218672704
0,0,0,0,0,0,0,0,0,1,0.88,0.333333333,0.159090909,0.607142857,0.777777778,0.431818182,0.411111111,0.393258427,0.416666667,0.594936709,0.010638298,0.010752688,0.02247191,0.307692308,0.238636364,0.482352941,0.534090909,0.573170732,0.684782609,0.744444444,0.065217391,0.053763441,0.417399943
0,0,0,0,0,0,0,0,0,1,0.78,0.333333333,0.136363636,0.642857143,0.666666667,0.340909091,0.355555556,0.359550562,0.404761905,0.632911392,0.010638298,0.010752688,0.02247191,0.307692308,0.295454545,0.470588235,0.534090909,0.585365854,0.641304348,0.655555556,0.043478261,0.043010753,0.218672704
0,0,1,0,0,0,0,0,0,0,0.74,0.466666667,0.236363636,0.714285714,0.666666667,0.772727273,0.766666667,0.752808989,0.702380952,0.734177215,0.159574468,0.107526882,0.123595506,0.373626374,0.204545455,0.152941176,0.204545455,0.158536585,0.097826087,0.133333333,0.173913043,0.172043011,0.436733177
0,0,0,0,0,0,0,0,1,0,0.7,0.533333333,0.336363636,0.678571429,0.722222222,0.465909091,0.433333333,0.404494382,0.416666667,0.53164557,0,0,0.011235955,0.417582418,0.409090909,0.752941176,0.727272727,0.865853659,0.597826087,0.688888889,0.119565217,0.11827957,0.476425217
0,0,1,0,0,0,0,0,0,0,0.78,0.6,0.186363636,0.607142857,0.666666667,0.829545455,0.844444444,0.831460674,0.619047619,0.708860759,0.159574468,0.107526882,0.123595506,0.505494505,0.272727273,0.317647059,0.329545455,0.317073171,0.206521739,0.3,0.130434783,0.096774194,0.207381896
0,0,1,0,0,0,0,0,0,0,0.86,0.333333333,0.15,0.5,0.5,0.670454545,0.655555556,0.696629213,0.511904762,0.721518987,0.319148936,0.258064516,0.179775281,0.417582418,0.159090909,0.2,0.284090909,0.207317073,0.173913043,0.244444444,0.108695652,0.075268817,0.30252199
0,0,0,0,0,0,0,0,0,1,0.8,0.466666667,0.227272727,0.571428571,0.694444444,0.397727273,0.355555556,0.359550562,0.321428571,0.569620253,0.106382979,0.053763441,0.06741573,0.307692308,0.295454545,0.623529412,0.647727273,0.768292683,0.673913043,0.744444444,0.086956522,0.053763441,0.571185171
0,0,0,0,0,0,0,0,0,1,0.8,0.266666667,0.145454545,0.642857143,0.638888889,0.352272727,0.344444444,0.325842697,0.392857143,0.544303797,0.010638298,0.010752688,0.02247191,0.197802198,0.181818182,0.388235294,0.488636364,0.5,0.663043478,0.6,0.130434783,0.129032258,0.185727237
0,0,0,0,0,0,0,1,0,0,0.28,0.6,0.709090909,0.785714286,0.333333333,0.170454545,0.144444444,0.123595506,0.226190476,0.227848101,0.010638298,0.010752688,0.02247191,0.417582418,0.409090909,0.764705882,0.738636364,0.792682927,0.163043478,0.233333333,0.130434783,0.075268817,0.218672704
1,0,0,0,0,0,0,0,0,0,0.6,0.6,0.25,0.535714286,0.361111111,0.386363636,0.377777778,0.370786517,0.380952381,0.46835443,0.808510638,0.752688172,0.775280899,0.131868132,0.113636364,0.117647059,0.147727273,0.109756098,0.065217391,0.133333333,0.27173913,0.215053763,0.476425217
0,0,0,0,0,0,0,1,0,0,0.46,0.533333333,0.409090909,0.571428571,0.25,0.25,0.233333333,0.213483146,0.226190476,0.202531646,0.010638298,0.010752688,0.02247191,0.417582418,0.409090909,0.717647059,0.659090909,0.743902439,0.326086957,0.4,0.141304348,0.150537634,0.207381896
0,0,0,0,0,0,0,1,0,0,0.36,0.533333333,0.590909091,0.607142857,0.222222222,0.125,0.111111111,0.08988764,0.19047619,0.189873418,0.010638298,0.010752688,0.02247191,0.417582418,0.409090909,0.717647059,0.715909091,0.756097561,0.141304348,0.177777778,0.086956522,0.043010753,0.207381896
0,0,0,0,0,0,0,0,1,0,0.78,0.733333333,0.409090909,0.821428571,0.583333333,0.238636364,0.222222222,0.202247191,0.214285714,0.316455696,0.010638298,0.010752688,0.02247191,0.417582418,0.409090909,0.8,0.806818182,0.865853659,0.391304348,0.5,0.086956522,0.11827957,0.649490182
0,0,0,0,0,0,0,0,1,0,0.64,0.533333333,0.336363636,0.678571429,0.583333333,0.318181818,0.277777778,0.280898876,0.226190476,0.392405063,0.010638298,0.010752688,0.02247191,0.417582418,0.409090909,0.776470588,0.715909091,0.865853659,0.619565217,0.666666667,0.097826087,0.150537634,0.218672704
0,0,0,0,0,0,0,0,0,1,0.78,0.533333333,0.204545455,0.785714286,0.722222222,0.409090909,0.4,0.382022472,0.476190476,0.607594937,0.010638298,0.010752688,0.02247191,0.285714286,0.238636364,0.576470588,0.613636364,0.670731707,0.652173913,0.666666667,0.119565217,0.11827957,0.423626006
1,0,0,0,0,0,0,0,0,0,0.7,0.8,0.336363636,0.678571429,0.416666667,0.579545455,0.555555556,0.550561798,0.547619048,0.64556962,0.776595745,0.709677419,0.786516854,0.43956044,0.420454545,0.164705882,0.170454545,0.158536585,0.076086957,0.122222222,0.586956522,0.505376344,0.357244813
0,1,0,0,0,0,0,0,0,0,0.92,0.266666667,0.204545455,0.321428571,0.583333333,0.579545455,0.555555556,0.528089888,0.821428571,0.898734177,0.319148936,0.268817204,0.179775281,0.43956044,0.602272727,0.282352941,0.329545455,0.390243902,0.108695652,0.144444444,0.195652174,0.182795699,0.380505513
1,0,0,0,0,0,0,0,0,0,0.76,0.666666667,0.281818182,0.357142857,0.305555556,0.454545455,0.411111111,0.359550562,0.571428571,0.772151899,0.840425532,0.784946237,0.820224719,0.230769231,0.125,0.2,0.227272727,0.219512195,0.054347826,0.188888889,0.326086957,0.311827957,0.126569386
0,1,0,0,0,0,0,0,0,0,0.88,0.266666667,0.25,0.607142857,0.694444444,0.659090909,0.633333333,0.584269663,0.833333333,0.898734177,0.436170213,0.376344086,0.337078652,0.296703297,0.488636364,0.258823529,0.261363636,0.256097561,0.108695652,0.133333333,0.130434783,0.11827957,0.492485534
0,0,0,0,0,0,0,0,1,0,0.68,0.333333333,0.340909091,0.714285714,0.555555556,0.420454545,0.411111111,0.382022472,0.619047619,0.632911392,0.010638298,0.010752688,0.02247191,0.417582418,0.409090909,0.752941176,0.704545455,0.792682927,0.510869565,0.533333333,0.054347826,0.075268817,0.416602666
0,0,0,0,1,0,0,0,0,0,0.46,0.8,0.731818182,0.464285714,0.583333333,0.045454545,0.033333333,0.033707865,0.107142857,0.063291139,0.010638298,0.010752688,0.02247191,0.835164835,0.738636364,0.2,0.170454545,0.182926829,0.054347826,0.033333333,0.076086957,0.086021505,0.460166049
0,0,0,0,0,0,0,0,0,1,0.78,0.466666667,0.209090909,0.571428571,0.805555556,0.375,0.355555556,0.337078652,0.416666667,0.544303797,0.010638298,0.010752688,0.02247191,0.307692308,0.295454545,0.541176471,0.579545455,0.634146341,0.826086957,0.844444444,0.130434783,0.096774194,0.661684822
0,1,0,0,0,0,0,0,0,0,0.62,0.333333333,0.386363636,0.678571429,0.333333333,0.488636364,0.477777778,0.483146067,0.630952381,0.670886076,0.010638298,0.010752688,0.02247191,0.615384615,0.522727273,0.635294118,0.636363636,0.731707317,0.195652174,0.277777778,0.141304348,0.086021505,0.364848601
0,0,0,1,0,0,0,0,0,0,0.74,0.733333333,0.409090909,0.964285714,0.944444444,0.931818182,0.911111111,0.887640449,0.761904762,0.873417722,0.627659574,0.516129032,0.505617978,0.681318681,0.647727273,0.388235294,0.352272727,0.365853659,0.076086957,0.077777778,0.304347826,0.279569892,0.635738152
0,0,0,0,0,0,0,1,0,0,0.26,0.666666667,0.727272727,0.714285714,0.25,0.102272727,0.088888889,0.078651685,0.142857143,0.164556962,0.010638298,0.010752688,0.02247191,0.417582418,0.409090909,0.741176471,0.704545455,0.743902439,0.163043478,0.311111111,0.119565217,0.139784946,0.416602666
0,0,0,0,0,0,0,0,0,1,0.76,0.4,0.177272727,0.607142857,0.722222222,0.488636364,0.444444444,0.426966292,0.547619048,0.594936709,0.106382979,0.053763441,0.06741573,0.307692308,0.295454545,0.670588235,0.670454545,0.731707317,0.652173913,0.622222222,0.195652174,0.204301075,0.220216647
0,0,0,1,0,0,0,0,0,0,0.3,0.533333333,0.340909091,0.821428571,0.25,0.454545455,0.444444444,0.415730337,0.297619048,0.164556962,0.010638298,0.010752688,0.02247191,0.461538462,0.568181818,0.482352941,0.409090909,0.426829268,0.260869565,0.155555556,0.152173913,0.247311828,0.240273831
0,1,0,0,0,0,0,0,0,0,0.48,0.4,0.363636364,0.714285714,0.444444444,0.534090909,0.488888889,0.449438202,0.55952381,0.620253165,0.010638298,0.010752688,0.02247191,0.593406593,0.613636364,0.6,0.590909091,0.731707317,0.619565217,0.688888889,0.141304348,0.150537634,0.250607438
0,0,0,0,0,0,0,0,0,1,0.76,0.533333333,0.231818182,0.892857143,0.833333333,0.431818182,0.433333333,0.426966292,0.511904762,0.544303797,0.053191489,0.053763441,0.06741573,0.307692308,0.295454545,0.788235294,0.806818182,0.87804878,0.760869565,0.877777778,0.195652174,0.150537634,0.760184205
0,1,0,0,0,0,0,0,0,0,0.78,0.266666667,0.272727273,0.642857143,0.694444444,0.647727273,0.611111111,0.595505618,0.964285714,0.886075949,0.053191489,0.053763441,0.06741573,0.494505495,0.579545455,0.270588235,0.284090909,0.280487805,0.108695652,0.144444444,0.119565217,0.086021505,0.464259739
0,0,0,0,1,0,0,0,0,0,0.34,0.733333333,0.704545455,0.678571429,0.416666667,0.102272727,0.077777778,0.078651685,0.083333333,0.037974684,0.021276596,0.010752688,0.011235955,0.692307692,0.602272727,0.258823529,0.215909091,0.219512195,0.054347826,0.033333333,0.282608696,0.225806452,0.207381896
0,0,0,0,0,0,0,0,1,0,0.72,0.533333333,0.318181818,0.607142857,0.777777778,0.397727273,0.355555556,0.359550562,0.369047619,0.53164557,0.010638298,0.010752688,0.02247191,0.417582418,0.409090909,0.894117647,0.863636364,0.975609756,0.619565217,0.633333333,0.152173913,0.096774194,0.870432418
0,0,0,0,0,0,0,0,1,0,0.78,0.533333333,0.318181818,0.678571429,0.861111111,0.397727273,0.355555556,0.359550562,0.345238095,0.392405063,0.106382979,0.053763441,0.06741573,0.307692308,0.295454545,0.870588235,0.840909091,0.975609756,0.684782609,0.655555556,0.141304348,0.086021505,0.654036256
0,0,0,0,0,0,0,0,0,1,0.82,0.266666667,0.136363636,0.678571429,0.666666667,0.488636364,0.455555556,0.426966292,0.392857143,0.64556962,0.053191489,0,0.02247191,0.32967033,0.295454545,0.517647059,0.579545455,0.573170732,0.652173913,0.688888889,0.108695652,0.096774194,0.229152166
0,0,0,0,0,0,0,0,1,0,0.7,0.533333333,0.477272727,0.75,0.277777778,0.443181818,0.433333333,0.404494382,0.452380952,0.443037975,0.063829787,0.021505376,0.02247191,0.417582418,0.409090909,0.717647059,0.670454545,0.768292683,0.217391304,0.266666667,0.336956522,0.322580645,0.361388331
0,0,1,0,0,0,0,0,0,0,0.66,0.666666667,0.295454545,0.642857143,0.472222222,0.75,0.744444444,0.730337079,0.69047619,0.797468354,0.340425532,0.279569892,0.258426966,0.56043956,0.227272727,0.223529412,0.215909091,0.207317073,0.076086957,0.133333333,0.108695652,0.064516129,0.218672704
1,0,0,0,0,0,0,0,0,0,0.72,0.666666667,0.340909091,0.5,0.25,0.625,0.6,0.573033708,0.666666667,0.708860759,0.734042553,0.666666667,0.674157303,0.505494505,0.465909091,0.152941176,0.170454545,0.146341463,0.076086957,0.122222222,0.152173913,0.150537634,0.218672704
0,0,0,0,1,0,0,0,0,0,0.52,0.933333333,0.75,0.714285714,0.833333333,0.090909091,0.088888889,0.078651685,0.119047619,0.025316456,0.010638298,0.010752688,0.02247191,0.824175824,0.909090909,0.247058824,0.215909091,0.182926829,0.076086957,0.1,0.032608696,0.064516129,0.775408407
0,0,0,0,1,0,0,0,0,0,0.5,0.8,0.686363636,0.607142857,0.472222222,0.090909091,0.055555556,0.056179775,0.05952381,0.037974684,0.010638298,0.010752688,0.02247191,0.56043956,0.613636364,0.141176471,0.125,0.109756098,0.076086957,0.088888889,0.076086957,0.043010753,0.218672704
0,0,0,0,0,0,0,0,0,1,0.7,0.466666667,0.236363636,0.785714286,0.75,0.409090909,0.411111111,0.404494382,0.488095238,0.582278481,0.010638298,0.010752688,0.02247191,0.307692308,0.295454545,0.682352941,0.693181818,0.804878049,0.72826087,0.8,0.141304348,0.139784946,0.250607438
0,0,0,0,0,0,0,0,0,1,0.8,0.333333333,0.159090909,0.535714286,0.805555556,0.375,0.377777778,0.359550562,0.488095238,0.607594937,0.010638298,0.010752688,0.02247191,0.307692308,0.295454545,0.647058824,0.647727273,0.853658537,0.782608696,0.855555556,0.173913043,0.139784946,0.447147119
0,0,0,0,1,0,0,0,0,0,0.26,0.666666667,0.636363636,0.75,0.694444444,0.125,0.088888889,0.08988764,0.107142857,0.063291139,0.010638298,0.010752688,0.02247191,0.714285714,0.761363636,0.305882353,0.272727273,0.207317073,0.086956522,0.088888889,0.163043478,0.161290323,0.521677197
1,0,0,0,0,0,0,0,0,0,0.66,0.466666667,0.25,0.75,0.555555556,0.397727273,0.355555556,0.337078652,0.619047619,0.658227848,0.829787234,0.795698925,0.865168539,0.241758242,0.079545455,0.235294118,0.238636364,0.231707317,0.054347826,0.055555556,0.141304348,0.107526882,0.126569386
0,0,0,0,1,0,0,0,0,0,0.48,0.533333333,0.65,0.785714286,0.611111111,0.102272727,0.088888889,0.078651685,0.119047619,0.063291139,0,0,0.011235955,0.626373626,0.704545455,0.176470588,0.102272727,0.182926829,0.054347826,0.044444444,0.054347826,0.075268817,0.423626006
0,0,0,1,0,0,0,0,0,0,0.62,0.733333333,0.368181818,0.714285714,0.472222222,0.681818182,0.7,0.719101124,0.678571429,0.721518987,0.170212766,0.107526882,0.08988764,0.461538462,0.465909091,0.294117647,0.284090909,0.256097561,0.163043478,0.166666667,0.119565217,0.11827957,0.185727237
0,0,0,0,0,0,0,1,0,0,0.42,0.866666667,0.604545455,0.642857143,0.305555556,0.329545455,0.311111111,0.292134831,0.333333333,0.379746835,0.010638298,0.010752688,0.02247191,0.417582418,0.409090909,0.752941176,0.738636364,0.792682927,0.097826087,0.188888889,0.086956522,0.096774194,0.409643926
0,0,0,0,0,0,0,0,0,1,0.82,0.4,0.204545455,0.857142857,0.805555556,0.420454545,0.377777778,0.382022472,0.547619048,0.64556962,0.414893617,0.376344086,0.292134831,0.307692308,0.295454545,0.611764706,0.625,0.707317073,0.695652174,0.755555556,0.141304348,0.11827957,0.254301337
0,0,0,0,0,0,0,0,0,1,0.86,0.266666667,0.131818182,0.642857143,0.722222222,0.443181818,0.422222222,0.393258427,0.357142857,0.544303797,0.010638298,0.010752688,0.02247191,0.197802198,0.181818182,0.447058824,0.488636364,0.56097561,0.684782609,0.644444444,0.065217391,0.064516129,0.417399943
0,0,1,0,0,0,0,0,0,0,0.86,0.466666667,0.159090909,0.857142857,0.972222222,0.988636364,0.988888889,1,0.726190476,0.886075949,0.319148936,0.268817204,0.224719101,0.483516484,0.181818182,0.235294118,0.261363636,0.304878049,0.141304348,0.211111111,0.119565217,0.064516129,0.361388331
0,0,1,0,0,0,0,0,0,0,0.76,0.4,0.204545455,0.642857143,0.472222222,0.715909091,0.711111111,0.741573034,0.654761905,0.784810127,0.106382979,0.053763441,0.02247191,0.461538462,0.352272727,0.223529412,0.227272727,0.243902439,0.054347826,0.1,0.130434783,0.075268817,0.33594996
0,0,0,0,1,0,0,0,0,0,0.34,0.8,0.627272727,0.714285714,0.527777778,0.375,0.377777778,0.348314607,0.392857143,0.392405063,0.489361702,0.397849462,0.348314607,0.692307692,0.670454545,0.329411765,0.375,0.37804878,0.054347826,0.044444444,0.532608696,0.483870968,0.423626006
0,0,0,0,0,0,0,1,0,0,0.38,0.6,0.7,0.75,0.611111111,0.090909091,0.066666667,0.056179775,0.19047619,0.17721519,0.010638298,0.010752688,0.02247191,0.417582418,0.397727273,0.905882353,0.852272727,0.902439024,0.304347826,0.344444444,0.108695652,0.11827957,0.486172683
0,0,0,0,0,0,0,0,0,1,0.88,0.4,0.172727273,0.678571429,0.666666667,0.318181818,0.277777778,0.258426966,0.380952381,0.556962025,0.010638298,0.010752688,0.02247191,0.307692308,0.295454545,0.447058824,0.545454545,0.548780488,0.706521739,0.722222222,0.119565217,0.064516129,0.150718143
0,0,0,0,0,0,0,0,0,1,0.92,0.6,0.222727273,0.642857143,0.611111111,0.295454545,0.255555556,0.247191011,0.488095238,0.620253165,0.010638298,0.010752688,0.02247191,0.307692308,0.295454545,0.541176471,0.556818182,0.646341463,0.608695652,0.622222222,0.195652174,0.193548387,0.423626006
0,0,0,0,1,0,0,0,0,0,0.32,0.933333333,0.681818182,0.321428571,0.555555556,0.306818182,0.255555556,0.224719101,0.083333333,0.075949367,0.010638298,0.010752688,0.02247191,0.637362637,0.625,0.094117647,0.136363636,0.085365854,0.054347826,0.077777778,0.097826087,0.215053763,0.370986842
0,0,0,0,0,0,0,0,1,0,0.56,0.733333333,0.454545455,0.535714286,0.694444444,0.284090909,0.244444444,0.247191011,0.226190476,0.316455696,0.010638298,0.010752688,0.02247191,0.417582418,0.409090909,0.835294118,0.818181818,0.87804878,0.347826087,0.4,0.195652174,0.096774194,0.646626876
0,0,0,0,0,0,0,0,1,0,0.54,0.466666667,0.409090909,0.607142857,0.416666667,0.522727273,0.466666667,0.426966292,0.476190476,0.544303797,0.010638298,0.010752688,0.02247191,0.615384615,0.647727273,0.764705882,0.704545455,0.804878049,0.576086957,0.7,0.141304348,0.107526882,0.440514103
0,0,0,1,0,0,0,0,0,0,0.62,0.666666667,0.427272727,0.75,0.722222222,0.75,0.733333333,0.719101124,0.69047619,0.759493671,0.106382979,0.053763441,0.02247191,0.604395604,0.568181818,0.258823529,0.227272727,0.231707317,0.097826087,0.155555556,0.152173913,0.139784946,0.148224045
0,0,0,0,0,0,0,0,0,1,0.76,0.466666667,0.140909091,0.678571429,0.888888889,0.477272727,0.444444444,0.426966292,0.416666667,0.607594937,0.095744681,0.075268817,0.06741573,0.307692308,0.295454545,0.658823529,0.693181818,0.756097561,0.695652174,0.744444444,0.119565217,0.11827957,0.427014831
0,0,0,0,0,0,0,1,0,0,0.42,0.533333333,0.681818182,0.678571429,0.5,0.125,0.1,0.08988764,0.142857143,0.126582278,0.010638298,0.010752688,0.02247191,0.417582418,0.397727273,0.811764706,0.772727273,0.853658537,0.141304348,0.211111111,0.108695652,0.11827957,0.455035592
0,0,0,0,0,0,0,1,0,0,0.44,0.6,0.6,0.785714286,0.25,0.125,0.133333333,0.123595506,0.226190476,0.303797468,0.085106383,0.043010753,0.02247191,0.417582418,0.409090909,0.741176471,0.704545455,0.780487805,0.184782609,0.211111111,0.22826087,0.172043011,0.423626006
0,1,0,0,0,0,0,0,0,0,0.9,0.466666667,0.227272727,0.642857143,0.527777778,0.522727273,0.488888889,0.483146067,0.726190476,0.797468354,0.159574468,0.129032258,0.08988764,0.285714286,0.409090909,0.2,0.215909091,0.207317073,0.065217391,0.122222222,0.108695652,0.096774194,0.410062581
0,0,0,0,0,0,0,0,1,0,0.64,0.666666667,0.386363636,0.571428571,0.416666667,0.363636364,0.344444444,0.325842697,0.428571429,0.556962025,0.106382979,0.053763441,0.06741573,0.417582418,0.409090909,0.670588235,0.670454545,0.768292683,0.369565217,0.422222222,0.5,0.451612903,0.310180372
0,0,0,0,0,0,0,0,0,1,0.76,0.2,0.163636364,0.678571429,0.777777778,0.409090909,0.366666667,0.370786517,0.5,0.721518987,0.010638298,0.010752688,0.02247191,0.307692308,0.295454545,0.541176471,0.602272727,0.646341463,0.760869565,0.822222222,0.086956522,0.053763441,0.107918342
0,0,0,0,0,0,0,1,0,0,0.48,0.6,0.595454545,0.607142857,0.333333333,0.159090909,0.155555556,0.146067416,0.25,0.17721519,0.042553191,0.043010753,0.056179775,0.450549451,0.420454545,0.764705882,0.727272727,0.780487805,0.086956522,0.111111111,0.119565217,0.129032258,0.417001849
0,0,0,0,0,0,0,1,0,0,0.56,0.666666667,0.595454545,0.857142857,0.333333333,0.113636364,0.1,0.08988764,0.345238095,0.265822785,0.085106383,0.053763441,0.033707865,0.417582418,0.409090909,0.752941176,0.727272727,0.804878049,0.184782609,0.244444444,0.119565217,0.075268817,0.120613407
0,0,0,0,0,0,0,0,1,0,0.7,0.533333333,0.413636364,0.785714286,0.638888889,0.318181818,0.277777778,0.280898876,0.297619048,0.392405063,0.010638298,0.010752688,0.02247191,0.417582418,0.409090909,0.8,0.795454545,0.829268293,0.456521739,0.588888889,0.108695652,0.075268817,0.557085191
0,0,0,0,1,0,0,0,0,0,0.24,0.666666667,0.722727273,0.75,0.694444444,0.159090909,0.122222222,0.123595506,0.119047619,0.025316456,0.010638298,0.010752688,0.02247191,0.934065934,0.818181818,0.376470588,0.318181818,0.365853659,0.076086957,0.055555556,0.065217391,0.043010753,0.609155018
1,0,0,0,0,0,0,0,0,0,0.62,0.666666667,0.313636364,0.642857143,0.472222222,0.238636364,0.233333333,0.224719101,0.642857143,0.696202532,0.787234043,0.731182796,0.842696629,0.142857143,0.045454545,0.141176471,0.113636364,0.12195122,0.054347826,0.088888889,0.217391304,0.107526882,0.472390825
0,0,0,1,0,0,0,0,0,0,0.54,0.533333333,0.395454545,0.714285714,0.25,0.443181818,0.422222222,0.404494382,0.380952381,0.367088608,0.20212766,0.139784946,0.06741573,0.417582418,0.522727273,0.470588235,0.409090909,0.463414634,0.163043478,0.144444444,0.130434783,0.11827957,0.207381896
0,0,0,0,0,0,0,0,0,1,0.78,0.333333333,0.127272727,0.75,0.805555556,0.431818182,0.388888889,0.370786517,0.476190476,0.670886076,0.010638298,0.010752688,0.02247191,0.307692308,0.295454545,0.482352941,0.545454545,0.585365854,0.782608696,0.8,0.163043478,0.129032258,0.514500281
0,0,1,0,0,0,0,0,0,0,0.9,0.466666667,0.154545455,0.607142857,0.666666667,0.772727273,0.777777778,0.797752809,0.571428571,0.797468354,0.106382979,0.053763441,0.02247191,0.384615385,0.204545455,0.223529412,0.25,0.231707317,0.195652174,0.211111111,0.108695652,0.075268817,0.500798611
0,1,0,0,0,0,0,0,0,0,0.86,0.2,0.168181818,0.571428571,0.527777778,0.613636364,0.577777778,0.528089888,0.630952381,0.797468354,0.212765957,0.161290323,0.123595506,0.21978022,0.306818182,0.141176471,0.215909091,0.207317073,0.141304348,0.144444444,0.195652174,0.161290323,0.185727237
0,0,1,0,0,0,0,0,0,0,0.72,0.666666667,0.227272727,0.178571429,0.555555556,0.784090909,0.788888889,0.775280899,0.666666667,0.734177215,0.159574468,0.107526882,0.06741573,0.494505495,0.238636364,0.211764706,0.215909091,0.195121951,0.054347826,0.111111111,0.086956522,0.139784946,0.365417417
0,0,0,0,1,0,0,0,0,0,0.46,0.6,0.668181818,0.75,0.5,0.090909091,0.077777778,0.056179775,0.119047619,0.113924051,0.010638298,0.010752688,0.02247191,0.758241758,0.636363636,0.2,0.170454545,0.170731707,0.054347826,0.033333333,0.086956522,0.086021505,0.446497224
0,0,1,0,0,0,0,0,0,0,0.8,0.6,0.25,0.607142857,0.666666667,0.772727273,0.777777778,0.775280899,0.75,0.848101266,0.159574468,0.107526882,0.06741573,0.593406593,0.363636364,0.364705882,0.340909091,0.317073171,0.445652174,0.488888889,0.130434783,0.075268817,0.229152166
0,1,0,0,0,0,0,0,0,0,0.82,0.133333333,0.168181818,0.607142857,0.666666667,0.625,0.611111111,0.584269663,0.821428571,0.82278481,0.159574468,0.107526882,0.06741573,0.351648352,0.409090909,0.258823529,0.261363636,0.256097561,0.152173913,0.233333333,0.119565217,0.096774194,0.185727237
0,0,0,0,0,0,0,0,0,1,0.76,0.533333333,0.195454545,0.5,0.722222222,0.431818182,0.388888889,0.359550562,0.428571429,0.620253165,0.170212766,0.107526882,0.08988764,0.307692308,0.295454545,0.647058824,0.670454545,0.756097561,0.739130435,0.766666667,0.119565217,0.11827957,0.401895138
0,0,0,1,0,0,0,0,0,0,0.62,0.666666667,0.477272727,0.642857143,0.611111111,0.75,0.733333333,0.719101124,0.726190476,0.721518987,0.234042553,0.139784946,0.08988764,0.692307692,0.636363636,0.411764706,0.431818182,0.414634146,0.097826087,0.133333333,0.086956522,0.086021505,0.333850626
0,0,0,0,0,0,0,1,0,0,0.38,0.6,0.568181818,0.535714286,0.305555556,0.193181818,0.188888889,0.179775281,0.273809524,0.291139241,0.010638298,0.010752688,0.02247191,0.417582418,0.409090909,0.729411765,0.715909091,0.768292683,0.108695652,0.188888889,0.130434783,0.064516129,0.218672704
0,0,0,0,0,0,0,0,0,1,0.88,0.533333333,0.186363636,0.785714286,0.75,0.5,0.455555556,0.415730337,0.523809524,0.683544304,0.106382979,0.053763441,0.02247191,0.274725275,0.238636364,0.541176471,0.579545455,0.62195122,0.77173913,0.711111111,0.423913043,0.387096774,0.507810228
0,0,0,1,0,0,0,0,0,0,0.72,0.733333333,0.409090909,0.642857143,0.5,0.693181818,0.655555556,0.640449438,0.607142857,0.658227848,0.106382979,0.053763441,0.02247191,0.615384615,0.579545455,0.447058824,0.443181818,0.487804878,0.315217391,0.355555556,0.119565217,0.086021505,0.453491649
0,0,0,0,0,0,0,0,1,0,0.74,0.666666667,0.372727273,0.678571429,0.611111111,0.284090909,0.244444444,0.247191011,0.321428571,0.405063291,0.010638298,0.010752688,0.02247191,0.417582418,0.409090909,0.8,0.795454545,0.829268293,0.5,0.577777778,0.086956522,0.139784946,0.126569386
0,0,0,0,0,0,0,0,0,1,0.92,0.533333333,0.204545455,0.75,0.611111111,0.409090909,0.411111111,0.393258427,0.630952381,0.772151899,0.117021277,0.086021505,0.04494382,0.307692308,0.238636364,0.447058824,0.511363636,0.548780488,0.652173913,0.611111111,0.130434783,0.075268817,0.423626006
0,0,0,0,0,0,0,0,1,0,0.64,0.733333333,0.545454545,0.607142857,0.444444444,0.715909091,0.688888889,0.674157303,0.666666667,0.708860759,0.106382979,0.053763441,0.02247191,0.505494505,0.534090909,0.694117647,0.693181818,0.768292683,0.402173913,0.5,0.108695652,0.086021505,0.229152166
0,0,0,0,0,0,0,1,0,0,0.56,0.8,0.454545455,0.714285714,0.416666667,0.306818182,0.3,0.258426966,0.30952381,0.329113924,0.010638298,0.010752688,0.02247191,0.417582418,0.409090909,0.729411765,0.75,0.780487805,0.163043478,0.233333333,0.163043478,0.096774194,0.417001849
0,0,1,0,0,0,0,0,0,0,0.78,0.533333333,0.195454545,0.714285714,0.694444444,0.897727273,0.9,0.898876404,0.595238095,0.734177215,0.404255319,0.35483871,0.325842697,0.527472527,0.443181818,0.258823529,0.318181818,0.207317073,0.119565217,0.188888889,0.173913043,0.172043011,0.738726679
0,0,0,0,0,0,0,0,0,1,0.76,0.333333333,0.140909091,0.607142857,0.666666667,0.477272727,0.455555556,0.449438202,0.380952381,0.620253165,0.106382979,0.053763441,0.06741573,0.307692308,0.295454545,0.564705882,0.602272727,0.658536585,0.608695652,0.633333333,0.141304348,0.150537634,0.229152166
0,0,0,0,0,0,0,0,1,0,0.74,0.533333333,0.4,0.607142857,0.416666667,0.102272727,0.1,0.08988764,0.130952381,0.265822785,0.010638298,0.010752688,0.02247191,0.461538462,0.454545455,0.717647059,0.738636364,0.804878049,0.391304348,0.477777778,0.163043478,0.161290323,0.472117857
0,0,0,0,0,0,0,1,0,0,0.38,0.533333333,0.718181818,0.642857143,0.111111111,0.090909091,0.066666667,0.06741573,0.178571429,0.126582278,0.010638298,0.010752688,0.011235955,0.417582418,0.409090909,0.764705882,0.681818182,0.707317073,0.043478261,0.022222222,0.043478261,0.032258065,0.37261704
0,0,0,0,0,0,0,0,1,0,0.68,0.466666667,0.372727273,0.714285714,0.888888889,0.340909091,0.3,0.303370787,0.428571429,0.379746835,0.361702128,0.333333333,0.314606742,0.417582418,0.409090909,0.870588235,0.840909091,0.963414634,0.619565217,0.755555556,0.141304348,0.150537634,0.570768905
0,0,0,0,0,0,0,0,0,1,0.86,0.466666667,0.227272727,0.607142857,0.722222222,0.431818182,0.388888889,0.348314607,0.380952381,0.556962025,0.010638298,0.010752688,0.02247191,0.307692308,0.295454545,0.541176471,0.602272727,0.62195122,0.72826087,0.711111111,0.086956522,0.086021505,0.218672704
0,0,0,0,0,0,0,0,0,1,0.76,0.533333333,0.181818182,0.571428571,0.666666667,0.443181818,0.433333333,0.404494382,0.44047619,0.620253165,0.29787234,0.247311828,0.292134831,0.307692308,0.295454545,0.576470588,0.636363636,0.682926829,0.630434783,0.677777778,0.043478261,0.096774194,0.218672704
0,0,0,0,0,0,0,1,0,0,0.3,0.6,0.668181818,0.642857143,0.5,0.113636364,0.088888889,0.06741573,0.202380952,0.189873418,0.010638298,0.010752688,0.02247191,0.417582418,0.409090909,0.858823529,0.806818182,0.87804878,0.152173913,0.222222222,0.108695652,0.053763441,0.358440731
0,0,0,0,0,0,0,0,0,1,0.8,0.533333333,0.222727273,0.678571429,0.805555556,0.488636364,0.444444444,0.404494382,0.523809524,0.670886076,0.010638298,0.010752688,0.02247191,0.307692308,0.295454545,0.517647059,0.511363636,0.597560976,0.847826087,0.855555556,0.076086957,0.107526882,0.527959629
0,0,0,0,0,0,1,0,0,0,0.5,0.6,0.186363636,0.892857143,0.388888889,0.159090909,0.177777778,0.179775281,0.119047619,0.151898734,0.29787234,0.107526882,0.123595506,0.087912088,0.090909091,0.2,0.25,0.195121951,0.065217391,0.144444444,0.967391304,0.752688172,0.260257316
0,0,0,0,1,0,0,0,0,0,0.28,0.666666667,0.7,0.535714286,0.527777778,0,0,0,0.047619048,0,0.010638298,0.010752688,0.02247191,0.648351648,0.625,0.094117647,0.102272727,0.097560976,0.054347826,0.044444444,0.130434783,0.107526882,0.218672704
0,0,0,0,0,0,0,0,1,0,0.86,0.533333333,0.4,0.714285714,0.527777778,0.409090909,0.388888889,0.359550562,0.535714286,0.556962025,0.010638298,0.010752688,0.02247191,0.417582418,0.352272727,0.741176471,0.727272727,0.804878049,0.445652174,0.511111111,0.065217391,0.053763441,0.440174403
0,0,0,0,0,0,0,1,0,0,0.46,0.6,0.590909091,0.607142857,0.305555556,0.147727273,0.133333333,0.112359551,0.154761905,0.202531646,0.010638298,0.010752688,0.02247191,0.406593407,0.397727273,0.811764706,0.738636364,0.817073171,0.184782609,0.244444444,0.152173913,0.139784946,0.230589628
1,0,0,0,0,0,0,0,0,0,0.46,0.533333333,0.25,0.857142857,0.611111111,0.090909091,0.1,0.101123596,0.476190476,0.53164557,0.808510638,0.741935484,0.764044944,0.120879121,0.068181818,0.235294118,0.238636364,0.256097561,0.076086957,0.088888889,0.402173913,0.258064516,0.218672704
0,1,0,0,0,0,0,0,0,0,0.86,0.333333333,0.25,0.535714286,0.555555556,0.522727273,0.5,0.449438202,0.738095238,0.810126582,0.159574468,0.107526882,0.06741573,0.450549451,0.454545455,0.352941176,0.375,0.390243902,0.347826087,0.422222222,0.119565217,0.075268817,0.423626006
0,0,0,0,1,0,0,0,0,0,0.34,0.733333333,0.636363636,0.75,0.583333333,0.113636364,0.077777778,0.078651685,0.119047619,0.063291139,0.010638298,0.010752688,0.02247191,0.67032967,0.625,0.258823529,0.215909091,0.195121951,0.02173913,0.011111111,0.130434783,0.107526882,0.417399943
0,0,0,0,0,0,0,0,0,1,0.84,0.466666667,0.218181818,0.75,0.694444444,0.534090909,0.522222222,0.516853933,0.476190476,0.632911392,0.308510638,0.247311828,0.224719101,0.307692308,0.238636364,0.517647059,0.522727273,0.597560976,0.706521739,0.677777778,0.195652174,0.161290323,0.423626006
0,0,0,0,0,0,0,0,0,1,0.86,0.4,0.172727273,0.607142857,0.777777778,0.420454545,0.377777778,0.359550562,0.476190476,0.708860759,0.010638298,0.010752688,0.02247191,0.307692308,0.295454545,0.541176471,0.636363636,0.658536585,0.75,0.811111111,0.076086957,0.064516129,0.094012471
0,0,0,0,0,0,0,1,0,0,0.7,0.6,0.459090909,0.464285714,0.5,0.25,0.233333333,0.213483146,0.428571429,0.46835443,0.010638298,0.010752688,0.02247191,0.417582418,0.409090909,0.741176471,0.75,0.829268293,0.391304348,0.422222222,0.152173913,0.172043011,0.328831416
0,1,0,0,0,0,0,0,0,0,0.84,0.333333333,0.227272727,0.535714286,0.694444444,0.613636364,0.588888889,0.561797753,0.869047619,0.936708861,0.276595745,0.23655914,0.168539326,0.318681319,0.534090909,0.235294118,0.238636364,0.256097561,0.076086957,0.122222222,0.097826087,0.064516129,0.584421914
0,0,0,0,1,0,0,0,0,0,0.48,0.933333333,0.645454545,0.714285714,0.583333333,0.465909091,0.466666667,0.449438202,0.476190476,0.481012658,0.457446809,0.440860215,0.393258427,0.714285714,0.75,0.435294118,0.443181818,0.426829268,0.097826087,0.088888889,0.152173913,0.182795699,0.423626006
0,0,1,0,0,0,0,0,0,0,0.8,0.466666667,0.209090909,0.571428571,0.472222222,0.715909091,0.722222222,0.730337079,0.595238095,0.734177215,0.425531915,0.365591398,0.348314607,0.417582418,0.159090909,0.176470588,0.181818182,0.195121951,0.054347826,0.033333333,0.184782609,0.150537634,0.423626006
0,0,0,0,0,0,0,1,0,0,0.26,0.733333333,0.731818182,0.75,0.222222222,0.079545455,0.055555556,0.04494382,0.130952381,0.088607595,0.010638298,0.010752688,0.02247191,0.417582418,0.409090909,0.8,0.75,0.804878049,0.076086957,0.077777778,0.054347826,0.043010753,0.414184359
0,0,0,0,1,0,0,0,0,0,0.2,0.933333333,0.759090909,0.75,0.611111111,0.113636364,0.077777778,0.078651685,0.130952381,0.050632911,0.010638298,0.010752688,0.02247191,0.725274725,0.772727273,0.188235294,0.147727273,0.12195122,0.076086957,0.055555556,0.152173913,0.053763441,0.404089183
0,0,1,0,0,0,0,0,0,0,0.78,0.533333333,0.172727273,0.714285714,0.722222222,0.795454545,0.788888889,0.808988764,0.726190476,0.848101266,0.212765957,0.161290323,0.123595506,0.505494505,0.420454545,0.282352941,0.204545455,0.146341463,0.163043478,0.088888889,0.195652174,0.193548387,0.126569386
0,1,0,0,0,0,0,0,0,0,0.78,0.4,0.395454545,0.785714286,0.638888889,0.556818182,0.522222222,0.471910112,0.904761905,0.898734177,0.159574468,0.107526882,0.06741573,0.538461538,0.636363636,0.235294118,0.25,0.207317073,0.054347826,0.111111111,0.119565217,0.064516129,0.411725291
0,0,0,0,0,0,0,0,1,0,0.66,0.533333333,0.477272727,0.5,0.416666667,0.397727273,0.377777778,0.337078652,0.392857143,0.405063291,0.010638298,0.010752688,0.02247191,0.417582418,0.409090909,0.670588235,0.681818182,0.731707317,0.402173913,0.5,0.130434783,0.096774194,0.185727237
0,0,0,0,1,0,0,0,0,0,0.14,0.733333333,0.690909091,0.178571429,0.5,0.181818182,0.166666667,0.134831461,0.142857143,0.101265823,0.010638298,0.010752688,0.02247191,0.725274725,0.715909091,0.223529412,0.181818182,0.231707317,0.076086957,0.088888889,0.108695652,0.064516129,0.507381737
0,0,0,0,0,0,1,0,0,0,0.48,0.733333333,0.25,0.75,0.555555556,0.136363636,0.155555556,0.157303371,0.119047619,0.164556962,0.287234043,0.182795699,0.146067416,0.120879121,0.102272727,0.141176471,0.125,0.134146341,0.076086957,0.1,0.956521739,0.913978495,0.647614925
0,0,0,0,0,0,0,0,0,1,0.88,0.533333333,0.190909091,0.785714286,0.916666667,0.477272727,0.455555556,0.438202247,0.452380952,0.64556962,0.010638298,0.010752688,0.02247191,0.307692308,0.295454545,0.588235294,0.647727273,0.707317073,0.989130435,0.955555556,0.130434783,0.053763441,0.537515563
0,0,0,0,0,0,0,0,1,0,0.78,0.466666667,0.313636364,0.571428571,0.638888889,0.340909091,0.3,0.303370787,0.392857143,0.417721519,0.010638298,0.010752688,0.02247191,0.417582418,0.409090909,0.776470588,0.75,0.865853659,0.586956522,0.622222222,0.119565217,0.064516129,0.429962431
0,1,0,0,0,0,0,0,0,0,0.78,0.4,0.25,0.428571429,0.5,0.545454545,0.511111111,0.471910112,0.785714286,0.835443038,0.329787234,0.268817204,0.247191011,0.461538462,0.431818182,0.258823529,0.272727273,0.292682927,0.108695652,0.144444444,0.195652174,0.182795699,0.218672704
0,0,0,0,0,0,0,0,1,0,0.84,0.533333333,0.327272727,0.678571429,0.472222222,0.295454545,0.288888889,0.258426966,0.392857143,0.544303797,0.106382979,0.053763441,0.056179775,0.417582418,0.409090909,0.752941176,0.75,0.865853659,0.565217391,0.511111111,0.130434783,0.11827957,0.437774094
0,0,0,0,0,0,0,0,0,1,0.8,0.333333333,0.168181818,0.607142857,0.694444444,0.5,0.466666667,0.449438202,0.464285714,0.658227848,0.010638298,0.010752688,0.02247191,0.307692308,0.295454545,0.541176471,0.613636364,0.609756098,0.663043478,0.722222222,0.130434783,0.107526882,0.218672704
0,0,0,0,0,0,0,0,0,1,0.8,0.333333333,0.136363636,0.678571429,0.888888889,0.409090909,0.366666667,0.370786517,0.404761905,0.582278481,0.010638298,0.010752688,0.02247191,0.307692308,0.295454545,0.717647059,0.693181818,0.841463415,0.663043478,0.733333333,0.152173913,0.161290323,0.667813574
0,0,0,0,0,0,0,0,1,0,0.68,0.4,0.309090909,0.428571429,0.583333333,0.386363636,0.377777778,0.370786517,0.523809524,0.607594937,0.042553191,0.010752688,0.011235955,0.318681319,0.295454545,0.682352941,0.681818182,0.817073171,0.47826087,0.622222222,0.22826087,0.204301075,0.318243264
0,0,0,0,0,0,0,1,0,0,0.36,0.733333333,0.790909091,0.678571429,0.527777778,0.181818182,0.177777778,0.168539326,0.30952381,0.227848101,0.010638298,0.010752688,0.02247191,0.417582418,0.409090909,0.752941176,0.738636364,0.792682927,0.086956522,0.188888889,0.086956522,0.096774194,0.401895138
0,1,0,0,0,0,0,0,0,0,0.84,0.6,0.395454545,0.821428571,0.972222222,0.568181818,0.544444444,0.505617978,0.952380952,0.974683544,0.372340426,0.258064516,0.213483146,0.384615385,0.625,0.352941176,0.329545455,0.353658537,0.097826087,0.133333333,0.152173913,0.150537634,0.636714083
0,0,0,0,0,0,0,1,0,0,0.36,0.6,0.613636364,0.642857143,0.222222222,0.170454545,0.144444444,0.123595506,0.25,0.303797468,0.010638298,0.010752688,0.02247191,0.417582418,0.409090909,0.764705882,0.75,0.780487805,0.163043478,0.233333333,0.141304348,0.150537634,0.395107811
0,0,0,0,0,0,0,0,1,0,0.66,0.466666667,0.336363636,0.678571429,0.472222222,0.443181818,0.433333333,0.415730337,0.511904762,0.607594937,0.212765957,0.172043011,0.157303371,0.450549451,0.431818182,0.705882353,0.693181818,0.780487805,0.576086957,0.6,0.097826087,0.096774194,0.364848601
1,0,0,0,0,0,0,0,0,0,0.42,0.733333333,0.345454545,0.607142857,0.444444444,0.159090909,0.155555556,0.146067416,0.452380952,0.53164557,0.79787234,0.76344086,0.786516854,0.10989011,0.056818182,0.164705882,0.159090909,0.158536585,0.054347826,0.1,0.445652174,0.344086022,0.434981641
0,0,0,1,0,0,0,0,0,0,0.4,0.666666667,0.345454545,0.714285714,0.305555556,0.397727273,0.4,0.393258427,0.357142857,0.455696203,0.20212766,0.107526882,0.056179775,0.450549451,0.409090909,0.388235294,0.352272727,0.365853659,0.119565217,0.188888889,0.076086957,0.064516129,0.37261704
0,0,0,1,0,0,0,0,0,0,0.6,0.733333333,0.418181818,0.571428571,0.416666667,0.625,0.611111111,0.595505618,0.654761905,0.683544304,0.106382979,0.053763441,0.02247191,0.637362637,0.568181818,0.329411765,0.329545455,0.329268293,0.141304348,0.2,0.141304348,0.172043011,0.218672704
0,1,0,0,0,0,0,0,0,0,0.6,0.6,0.363636364,0.714285714,0.5,0.602272727,0.577777778,0.528089888,0.619047619,0.696202532,0.340425532,0.301075269,0.280898876,0.527472527,0.579545455,0.235294118,0.261363636,0.243902439,0.097826087,0.144444444,0.141304348,0.172043011,0.218672704
0,0,0,0,0,0,0,0,0,1,0.84,0.533333333,0.113636364,0.678571429,0.638888889,0.397727273,0.355555556,0.337078652,0.416666667,0.569620253,0.106382979,0.053763441,0.06741573,0.307692308,0.295454545,0.505882353,0.579545455,0.573170732,0.619565217,0.644444444,0.043478261,0.096774194,0.218672704
0,0,0,0,0,0,0,0,1,0,0.76,0.4,0.272727273,0.607142857,0.527777778,0.409090909,0.366666667,0.325842697,0.511904762,0.632911392,0.010638298,0.010752688,0.02247191,0.417582418,0.409090909,0.705882353,0.715909091,0.804878049,0.619565217,0.655555556,0.130434783,0.139784946,0.254301337
0,0,0,0,0,0,0,1,0,0,0.5,0.666666667,0.609090909,0.642857143,0.305555556,0.090909091,0.066666667,0.06741573,0.19047619,0.164556962,0.010638298,0.010752688,0.02247191,0.417582418,0.409090909,0.729411765,0.727272727,0.804878049,0.195652174,0.244444444,0.163043478,0.161290323,0.185727237
0,0,1,0,0,0,0,0,0,0,0.78,0.533333333,0.195454545,0.75,0.722222222,0.795454545,0.788888889,0.786516854,0.69047619,0.797468354,0.159574468,0.107526882,0.06741573,0.56043956,0.318181818,0.258823529,0.25,0.219512195,0.065217391,0.1,0.195652174,0.150537634,0.449079613
0,0,1,0,0,0,0,0,0,0,0.9,0.133333333,0.022727273,0.535714286,0.472222222,0.75,0.755555556,0.775280899,0.55952381,0.721518987,0.106382979,0.053763441,0.02247191,0.406593407,0.193181818,0.235294118,0.215909091,0.243902439,0.163043478,0.211111111,0.108695652,0.107526882,0.328831416
0,0,0,0,0,0,0,0,0,1,0.88,0.333333333,0.190909091,0.714285714,0.75,0.465909091,0.444444444,0.438202247,0.452380952,0.582278481,0.436170213,0.419354839,0.415730337,0.296703297,0.272727273,0.576470588,0.602272727,0.634146341,0.717391304,0.755555556,0.119565217,0.096774194,0.444529986
0,0,0,0,0,0,0,1,0,0,0.36,0.333333333,0.681818182,0.785714286,0.527777778,0.170454545,0.144444444,0.123595506,0.095238095,0.101265823,0.010638298,0.010752688,0.02247191,0.417582418,0.409090909,0.835294118,0.784090909,0.865853659,0.217391304,0.255555556,0.108695652,0.064516129,0.185727237
0,0,0,0,0,0,0,1,0,0,0.64,0.6,0.409090909,0.714285714,0.444444444,0.238636364,0.222222222,0.202247191,0.261904762,0.303797468,0.010638298,0.010752688,0.02247191,0.417582418,0.409090909,0.752941176,0.738636364,0.841463415,0.315217391,0.366666667,0.152173913,0.172043011,0.431414196
0,0,0,0,1,0,0,0,0,0,0.46,0.8,0.781818182,0.857142857,0.666666667,0.159090909,0.155555556,0.123595506,0.142857143,0.113924051,0.010638298,0.010752688,0.02247191,0.813186813,0.818181818,0.176470588,0.147727273,0.170731707,0.054347826,0.055555556,0.141304348,0.129032258,0.499897983
1,0,0,0,0,0,0,0,0,0,0.54,0.533333333,0.295454545,0.642857143,0.277777778,0.181818182,0.144444444,0.146067416,0.416666667,0.518987342,0.734042553,0.666666667,0.752808989,0.164835165,0.056818182,0.152941176,0.227272727,0.195121951,0.130434783,0.133333333,0.141304348,0.043010753,0.218672704
0,0,0,0,1,0,0,0,0,0,0.24,0.666666667,0.681818182,0.714285714,0.583333333,0.090909091,0.088888889,0.08988764,0.119047619,0.101265823,0.010638298,0.010752688,0.02247191,0.67032967,0.75,0.211764706,0.136363636,0.182926829,0.054347826,0.033333333,0.097826087,0.053763441,0.218672704
0,1,0,0,0,0,0,0,0,0,0.76,0.333333333,0.25,0.571428571,0.527777778,0.602272727,0.566666667,0.561797753,0.761904762,0.810126582,0.234042553,0.172043011,0.146067416,0.263736264,0.454545455,0.247058824,0.261363636,0.219512195,0.108695652,0.155555556,0.119565217,0.075268817,0.218672704
0,0,0,0,1,0,0,0,0,0,0.36,0.733333333,0.727272727,0.892857143,0.777777778,0.25,0.211111111,0.191011236,0.130952381,0.113924051,0.010638298,0.010752688,0.02247191,0.714285714,0.863636364,0.223529412,0.181818182,0.170731707,0.076086957,0.088888889,0.184782609,0.172043011,0.686184264
1,0,0,0,0,0,0,0,0,0,0.66,0.6,0.263636364,0.642857143,0.444444444,0.068181818,0.077777778,0.078651685,0.392857143,0.53164557,0.882978723,0.827956989,0.887640449,0.054945055,0.034090909,0.141176471,0.159090909,0.158536585,0.043478261,0.033333333,0.141304348,0.139784946,0.416602666
0,0,0,0,0,0,0,0,1,0,0.62,0.533333333,0.336363636,0.785714286,0.611111111,0.431818182,0.433333333,0.404494382,0.488095238,0.518987342,0.010638298,0.010752688,0.02247191,0.362637363,0.295454545,0.811764706,0.795454545,0.841463415,0.445652174,0.555555556,0.163043478,0.161290323,0.364848601
0,0,1,0,0,0,0,0,0,0,0.88,0.266666667,0.131818182,0.714285714,0.722222222,0.840909091,0.855555556,0.865168539,0.607142857,0.746835443,0.106382979,0.053763441,0.02247191,0.472527473,0.261363636,0.223529412,0.261363636,0.195121951,0.141304348,0.2,0.152173913,0.150537634,0.447147119
0,0,0,0,0,0,0,1,0,0,0.42,0.6,0.636363636,0.607142857,0.194444444,0.090909091,0.1,0.08988764,0.178571429,0.189873418,0.010638298,0.010752688,0.02247191,0.417582418,0.409090909,0.764705882,0.727272727,0.768292683,0.130434783,0.144444444,0.130434783,0.086021505,0.318243264
0,0,0,1,0,0,0,0,0,0,0.52,0.533333333,0.431818182,0.75,0.25,0.363636364,0.366666667,0.348314607,0.321428571,0.35443038,0.117021277,0.043010753,0.02247191,0.516483516,0.488636364,0.423529412,0.352272727,0.365853659,0.108695652,0.077777778,0.065217391,0.064516129,0.37261704
0,0,0,0,0,1,0,0,0,0,0.4,0.533333333,0.236363636,0.535714286,0.555555556,0.113636364,0.133333333,0.134831461,0.095238095,0.088607595,0.234042553,0.193548387,0.157303371,0.076923077,0.090909091,0.235294118,0.204545455,0.158536585,0.054347826,0.1,0.913043478,0.752688172,0.310180372
0,1,0,0,0,0,0,0,0,0,0.84,0.333333333,0.304545455,0.821428571,0.861111111,0.590909091,0.555555556,0.516853933,1,0.987341772,0.212765957,0.161290323,0.123595506,0.32967033,0.693181818,0.223529412,0.25,0.219512195,0.076086957,0.1,0.108695652,0.064516129,0.698385016
0,0,0,1,0,0,0,0,0,0,0.48,0.466666667,0.290909091,0.892857143,0.333333333,0.465909091,0.444444444,0.426966292,0.452380952,0.518987342,0.053191489,0.053763441,0.06741573,0.538461538,0.534090909,0.458823529,0.329545455,0.37804878,0.184782609,0.155555556,0.173913043,0.075268817,0.410062581
0,0,0,0,0,0,0,0,1,0,0.72,0.4,0.3,0.714285714,0.611111111,0.318181818,0.311111111,0.303370787,0.488095238,0.594936709,0.436170213,0.419354839,0.426966292,0.417582418,0.409090909,0.741176471,0.693181818,0.804878049,0.52173913,0.7,0.076086957,0.064516129,0.423626006
0,0,0,0,0,0,0,0,0,1,0.76,0.466666667,0.240909091,0.785714286,0.666666667,0.590909091,0.566666667,0.561797753,0.595238095,0.683544304,0.319148936,0.279569892,0.235955056,0.307692308,0.295454545,0.694117647,0.670454545,0.743902439,0.641304348,0.611111111,0.195652174,0.096774194,0.423626006
0,0,1,0,0,0,0,0,0,0,0.84,0.666666667,0.272727273,0.535714286,0.472222222,0.761363636,0.766666667,0.764044944,0.607142857,0.746835443,0.276595745,0.193548387,0.168539326,0.549450549,0.284090909,0.223529412,0.25,0.207317073,0.108695652,0.155555556,0.097826087,0.053763441,0.218672704
0,0,0,0,0,0,0,0,1,0,0.66,0.666666667,0.395454545,0.75,0.305555556,0.261363636,0.233333333,0.213483146,0.30952381,0.405063291,0.14893617,0.107526882,0.078651685,0.362637363,0.295454545,0.752941176,0.761363636,0.756097561,0.315217391,0.366666667,0.076086957,0.086021505,0.423626006
0,0,0,0,0,0,0,0,0,1,0.78,0.4,0.140909091,0.642857143,0.694444444,0.409090909,0.366666667,0.359550562,0.380952381,0.544303797,0.106382979,0.053763441,0.06741573,0.054945055,0.011363636,0.470588235,0.556818182,0.585365854,0.652173913,0.788888889,0.141304348,0.139784946,0.169270238
0,0,0,1,0,0,0,0,0,0,0.64,0.6,0.35,0.607142857,0.472222222,0.681818182,0.666666667,0.651685393,0.55952381,0.620253165,0.287234043,0.258064516,0.258426966,0.516483516,0.545454545,0.294117647,0.318181818,0.280487805,0.097826087,0.144444444,0.141304348,0.11827957,0.240273831
0,0,1,0,0,0,0,0,0,0,0.78,0.666666667,0.240909091,0.678571429,0.555555556,0.840909091,0.833333333,0.808988764,0.773809524,0.835443038,0.159574468,0.107526882,0.06741573,0.472527473,0.272727273,0.188235294,0.181818182,0.182926829,0.065217391,0.122222222,0.076086957,0.11827957,0.543164057
0,0,0,0,1,0,0,0,0,0,0.44,0.666666667,0.668181818,0.678571429,0.694444444,0.193181818,0.155555556,0.123595506,0.107142857,0.101265823,0.010638298,0.010752688,0.02247191,0.714285714,0.840909091,0.223529412,0.204545455,0.170731707,0.065217391,0.111111111,0.130434783,0.23655914,0.361388331
0,0,0,0,0,0,0,1,0,0,0.62,0.6,0.654545455,0.75,0.444444444,0.261363636,0.266666667,0.235955056,0.30952381,0.215189873,0,0,0.011235955,0.417582418,0.409090909,0.788235294,0.795454545,0.829268293,0.206521739,0.244444444,0.206521739,0.161290323,0.497162255
0,1,0,0,0,0,0,0,0,0,0.82,0.2,0.181818182,0.714285714,0.583333333,0.636363636,0.611111111,0.573033708,0.821428571,0.898734177,0.382978723,0.301075269,0.213483146,0.274725275,0.545454545,0.211764706,0.238636364,0.243902439,0.076086957,0.1,0.434782609,0.419354839,0.410062581
0,0,0,0,1,0,0,0,0,0,0.38,0.666666667,0.772727273,0.607142857,0.527777778,0.068181818,0.055555556,0.056179775,0.095238095,0.088607595,0.010638298,0.010752688,0.02247191,0.703296703,0.636363636,0.176470588,0.181818182,0.158536585,0.054347826,0.033333333,0.141304348,0.096774194,0.185727237
0,0,0,0,0,0,0,0,1,0,0.74,0.466666667,0.363636364,0.928571429,0.694444444,0.568181818,0.533333333,0.494382022,0.583333333,0.670886076,0.010638298,0.010752688,0.02247191,0.417582418,0.409090909,0.8,0.795454545,0.853658537,0.576086957,0.611111111,0.130434783,0.139784946,0.64209594
0,0,0,0,0,0,0,1,0,0,0.6,0.533333333,0.645454545,0.642857143,0.277777778,0.159090909,0.133333333,0.123595506,0.166666667,0.215189873,0.010638298,0.010752688,0.02247191,0.417582418,0.409090909,0.752941176,0.715909091,0.817073171,0.119565217,0.188888889,0.141304348,0.096774194,0.468522005
0,0,0,0,1,0,0,0,0,0,0.38,0.733333333,0.663636364,0.785714286,0.75,0.068181818,0.077777778,0.06741573,0.130952381,0.063291139,0.010638298,0.010752688,0.02247191,0.703296703,0.647727273,0.141176471,0.090909091,0.097560976,0.076086957,0.088888889,0.054347826,0.075268817,0.457170026
0,0,0,1,0,0,0,0,0,0,0.64,0.733333333,0.381818182,0.785714286,0.611111111,0.715909091,0.7,0.674157303,0.678571429,0.721518987,0.212765957,0.161290323,0.112359551,0.582417582,0.613636364,0.317647059,0.318181818,0.304878049,0.097826087,0.155555556,0.152173913,0.139784946,0.416602666
0,0,0,0,0,0,0,1,0,0,0.76,0.666666667,0.377272727,0.821428571,0.666666667,0.329545455,0.311111111,0.292134831,0.369047619,0.544303797,0.010638298,0.010752688,0.02247191,0.417582418,0.295454545,0.788235294,0.806818182,0.841463415,0.282608696,0.366666667,0.086956522,0.064516129,0.417001849
0,0,0,0,0,0,0,0,1,0,0.74,0.6,0.290909091,0.678571429,0.611111111,0.488636364,0.444444444,0.426966292,0.428571429,0.582278481,0.010638298,0.010752688,0.02247191,0.417582418,0.409090909,0.729411765,0.727272727,0.829268293,0.532608696,0.622222222,0.119565217,0.107526882,0.464835287
0,0,0,0,1,0,0,0,0,0,0.4,0.8,0.809090909,0.821428571,0.75,0.079545455,0.066666667,0.06741573,0.071428571,0.025316456,0.010638298,0.010752688,0.02247191,0.736263736,0.75,0.282352941,0.170454545,0.243902439,0.108695652,0.144444444,0.195652174,0.204301075,0.191449587
0,0,0,0,0,0,0,0,1,0,0.76,0.733333333,0.468181818,0.571428571,0.638888889,0.136363636,0.122222222,0.112359551,0.30952381,0.367088608,0.010638298,0.010752688,0.02247191,0.417582418,0.409090909,0.858823529,0.875,0.890243902,0.358695652,0.477777778,0.086956522,0.053763441,0.725294656
0,0,0,0,0,0,0,0,1,0,0.72,0.733333333,0.4,0.535714286,0.333333333,0.363636364,0.344444444,0.314606742,0.416666667,0.417721519,0.010638298,0.010752688,0.02247191,0.417582418,0.409090909,0.741176471,0.727272727,0.792682927,0.543478261,0.577777778,0.086956522,0.11827957,0.244235194
0,0,0,1,0,0,0,0,0,0,0.6,0.8,0.431818182,0.75,0.805555556,0.818181818,0.8,0.775280899,0.738095238,0.746835443,0.180851064,0.139784946,0.134831461,0.604395604,0.568181818,0.270588235,0.261363636,0.243902439,0.097826087,0.155555556,0.152173913,0.139784946,0.660337341
0,1,0,0,0,0,0,0,0,0,0.76,0.266666667,0.281818182,0.642857143,0.75,0.693181818,0.655555556,0.606741573,0.904761905,0.936708861,0.340425532,0.290322581,0.224719101,0.428571429,0.659090909,0.2,0.170454545,0.170731707,0.076086957,0.066666667,0.108695652,0.064516129,0.48592434
0,0,0,0,0,0,0,0,1,0,0.72,0.4,0.327272727,0.464285714,0.527777778,0.238636364,0.233333333,0.213483146,0.261904762,0.379746835,0.010638298,0.010752688,0.02247191,0.417582418,0.409090909,0.670588235,0.704545455,0.743902439,0.47826087,0.566666667,0.076086957,0.11827957,0.346016104
0,1,0,0,0,0,0,0,0,0,0.78,0.4,0.277272727,0.571428571,0.611111111,0.590909091,0.566666667,0.516853933,0.797619048,0.82278481,0.159574468,0.107526882,0.06741573,0.340659341,0.397727273,0.270588235,0.272727273,0.256097561,0.054347826,0.1,0.163043478,0.161290323,0.417399943
0,1,0,0,0,0,0,0,0,0,0.82,0.4,0.272727273,0.678571429,0.5,0.545454545,0.5,0.471910112,0.833333333,0.848101266,0.308510638,0.225806452,0.191011236,0.318681319,0.431818182,0.541176471,0.534090909,0.536585366,0.304347826,0.344444444,0.119565217,0.096774194,0.448116566
0,0,0,0,0,0,0,0,1,0,0.7,0.6,0.45,0.607142857,0.527777778,0.352272727,0.344444444,0.314606742,0.416666667,0.481012658,0.308510638,0.23655914,0.202247191,0.417582418,0.409090909,0.8,0.761363636,0.841463415,0.532608696,0.622222222,0.52173913,0.430107527,0.417001849
0,0,0,0,1,0,0,0,0,0,0.5,0.533333333,0.636363636,0.642857143,0.583333333,0.125,0.111111111,0.08988764,0.166666667,0.113924051,0.010638298,0.010752688,0.02247191,0.637362637,0.670454545,0.317647059,0.306818182,0.268292683,0.054347826,0.033333333,0.173913043,0.129032258,0.417399943
0,0,0,1,0,0,0,0,0,0,0.74,0.666666667,0.390909091,0.607142857,0.694444444,0.806818182,0.788888889,0.786516854,0.761904762,0.835443038,0.106382979,0.053763441,0.02247191,0.626373626,0.636363636,0.341176471,0.340909091,0.280487805,0.22826087,0.177777778,0.086956522,0.139784946,0.681185842
0,0,0,0,0,0,0,0,0,1,0.76,0.4,0.154545455,0.714285714,0.694444444,0.397727273,0.355555556,0.348314607,0.452380952,0.582278481,0.010638298,0.010752688,0.02247191,0.307692308,0.295454545,0.505882353,0.602272727,0.634146341,0.630434783,0.677777778,0.108695652,0.064516129,0.410062581
0,0,0,0,0,0,0,0,0,1,0.82,0.466666667,0.140909091,0.5,0.638888889,0.431818182,0.422222222,0.393258427,0.44047619,0.594936709,0.010638298,0.010752688,0.02247191,0.307692308,0.295454545,0.576470588,0.579545455,0.62195122,0.619565217,0.644444444,0.130434783,0.064516129,0.409643926
0,0,0,0,0,0,0,1,0,0,0.6,0.666666667,0.481818182,0.607142857,0.666666667,0.227272727,0.211111111,0.191011236,0.214285714,0.278481013,0.010638298,0.010752688,0.02247191,0.417582418,0.409090909,0.952941176,0.909090909,0.987804878,0.27173913,0.388888889,0.108695652,0.11827957,0.663756476
0,0,0,0,0,0,0,0,0,1,0.76,0.4,0.181818182,0.607142857,0.611111111,0.386363636,0.388888889,0.382022472,0.511904762,0.632911392,0.010638298,0.010752688,0.02247191,0.307692308,0.295454545,0.588235294,0.636363636,0.719512195,0.565217391,0.611111111,0.086956522,0.064516129,0.207381896
0,0,1,0,0,0,0,0,0,0,0.78,0.4,0.145454545,0.5,0.5,0.727272727,0.722222222,0.730337079,0.654761905,0.708860759,0.265957447,0.225806452,0.191011236,0.516483516,0.272727273,0.188235294,0.215909091,0.182926829,0.086956522,0.122222222,0.119565217,0.064516129,0.423626006
0,0,0,1,0,0,0,0,0,0,0.7,0.866666667,0.413636364,0.785714286,0.472222222,0.681818182,0.655555556,0.651685393,0.595238095,0.683544304,0.531914894,0.462365591,0.438202247,0.538461538,0.522727273,0.329411765,0.318181818,0.292682927,0.076086957,0.088888889,0.782608696,0.634408602,0.30252199
1,0,0,0,0,0,0,0,0,0,0.74,0.6,0.277272727,0.392857143,0.527777778,0.284090909,0.255555556,0.235955056,0.571428571,0.759493671,0.861702128,0.752688172,0.797752809,0.175824176,0.068181818,0.129411765,0.147727273,0.109756098,0.043478261,0.077777778,0.119565217,0.086021505,0.449079613
0,0,0,0,0,0,0,1,0,0,0.48,0.733333333,0.518181818,0.535714286,0.166666667,0.136363636,0.144444444,0.123595506,0.142857143,0.227848101,0.372340426,0.333333333,0.280898876,0.417582418,0.409090909,0.705882353,0.681818182,0.768292683,0.27173913,0.388888889,0.108695652,0.064516129,0.218672704
0,0,1,0,0,0,0,0,0,0,0.8,0.266666667,0.109090909,0.571428571,0.472222222,0.715909091,0.688888889,0.685393258,0.464285714,0.696202532,0.223404255,0.182795699,0.168539326,0.395604396,0.238636364,0.176470588,0.25,0.207317073,0.282608696,0.311111111,0.173913043,0.139784946,0.207381896
0,0,0,0,1,0,0,0,0,0,0.32,0.666666667,0.7,0.535714286,0.611111111,0.102272727,0.1,0.101123596,0.142857143,0.088607595,0.010638298,0.010752688,0.02247191,0.879120879,0.738636364,0.176470588,0.102272727,0.182926829,0.076086957,0.088888889,0.184782609,0.172043011,0.642860935
1,0,0,0,0,0,0,0,0,0,0.58,0.466666667,0.272727273,0.678571429,0.527777778,0.079545455,0.1,0.08988764,0.571428571,0.607594937,0.882978723,0.838709677,0.831460674,0.131868132,0.045454545,0.141176471,0.147727273,0.158536585,0.054347826,0.055555556,0.163043478,0.161290323,0.416602666
0,0,0,0,1,0,0,0,0,0,0.12,0.8,0.718181818,0.714285714,0.444444444,0.056818182,0.044444444,0.04494382,0.071428571,0.037974684,0.010638298,0.010752688,0.02247191,0.703296703,0.613636364,0.317647059,0.25,0.195121951,0.054347826,0.022222222,0.043478261,0.096774194,0.370986842
0,0,0,0,0,0,0,0,0,1,0.76,0.266666667,0.104545455,0.714285714,0.944444444,0.454545455,0.411111111,0.393258427,0.273809524,0.556962025,0,0,0.011235955,0.252747253,0.238636364,0.623529412,0.681818182,0.695121951,0.826086957,0.788888889,0.032608696,0.043010753,0.101131015
0,0,0,0,0,0,0,0,1,0,0.56,0.666666667,0.472727273,0.678571429,0.416666667,0.147727273,0.144444444,0.146067416,0.214285714,0.278481013,0.010638298,0.010752688,0.02247191,0.417582418,0.409090909,0.752941176,0.715909091,0.804878049,0.27173913,0.355555556,0.108695652,0.064516129,0.428496075
0,0,0,0,0,0,0,0,0,1,0.8,0.533333333,0.181818182,0.607142857,0.694444444,0.465909091,0.466666667,0.449438202,0.547619048,0.658227848,0.127659574,0.086021505,0.078651685,0.307692308,0.181818182,0.541176471,0.568181818,0.609756098,0.597826087,0.666666667,0.086956522,0.075268817,0.423626006
0,0,0,0,0,0,0,1,0,0,0.82,0.8,0.463636364,0.607142857,0.5,0.431818182,0.422222222,0.404494382,0.404761905,0.443037975,0.010638298,0.010752688,0.02247191,0.417582418,0.409090909,0.858823529,0.840909091,0.87804878,0.304347826,0.411111111,0.076086957,0.107526882,0.600689824
0,0,0,0,0,0,0,0,0,1,0.76,0.4,0.181818182,0.714285714,0.666666667,0.454545455,0.466666667,0.460674157,0.547619048,0.670886076,0.010638298,0.010752688,0.02247191,0.307692308,0.238636364,0.588235294,0.590909091,0.609756098,0.597826087,0.688888889,0.119565217,0.086021505,0.423626006
0,0,0,0,1,0,0,0,0,0,0.24,0.733333333,0.677272727,0.464285714,0.527777778,0.147727273,0.111111111,0.112359551,0.119047619,0.037974684,0.010638298,0.010752688,0.02247191,0.637362637,0.670454545,0.258823529,0.238636364,0.243902439,0.076086957,0.066666667,0.076086957,0.043010753,0.410062581
0,0,0,0,0,0,0,1,0,0,0.2,0.6,0.818181818,0.642857143,0.388888889,0.113636364,0.088888889,0.06741573,0.119047619,0.101265823,0.010638298,0.010752688,0.02247191,0.417582418,0.409090909,0.788235294,0.738636364,0.817073171,0.206521739,0.244444444,0.108695652,0.053763441,0.355432352
0,0,0,0,0,0,0,0,1,0,0.68,0.6,0.363636364,0.714285714,0.305555556,0.147727273,0.144444444,0.112359551,0.261904762,0.303797468,0.010638298,0.010752688,0.02247191,0.417582418,0.409090909,0.729411765,0.670454545,0.780487805,0.217391304,0.322222222,0.108695652,0.096774194,0.417399943
0,0,0,0,0,0,0,0,0,1,0.82,0.333333333,0.136363636,0.642857143,0.638888889,0.329545455,0.3,0.292134831,0.416666667,0.582278481,0.010638298,0.010752688,0.02247191,0.307692308,0.25,0.541176471,0.556818182,0.634146341,0.630434783,0.655555556,0.152173913,0.086021505,0.364848601
0,0,0,0,1,0,0,0,0,0,0.14,0.533333333,0.781818182,0.714285714,0.722222222,0.079545455,0.066666667,0.06741573,0.083333333,0.050632911,0.010638298,0.010752688,0.02247191,0.714285714,0.681818182,0.247058824,0.215909091,0.256097561,0.076086957,0.088888889,0.195652174,0.204301075,0.229152166
0,0,0,0,1,0,0,0,0,0,0.24,0.8,0.681818182,0.678571429,0.833333333,0.363636364,0.322222222,0.280898876,0.333333333,0.316455696,0.010638298,0.010752688,0.02247191,0.802197802,0.840909091,0.364705882,0.272727273,0.268292683,0.076086957,0.055555556,0.152173913,0.129032258,0.703060641
0,0,0,1,0,0,0,0,0,0,0.74,0.666666667,0.431818182,0.535714286,0.611111111,0.693181818,0.666666667,0.640449438,0.547619048,0.582278481,0.106382979,0.053763441,0.02247191,0.571428571,0.556818182,0.341176471,0.284090909,0.304878049,0.065217391,0.077777778,0.163043478,0.161290323,0.218672704
0,0,0,0,0,0,0,1,0,0,0.54,0.533333333,0.577272727,0.678571429,0.5,0.340909091,0.333333333,0.314606742,0.321428571,0.367088608,0.010638298,0.010752688,0.02247191,0.417582418,0.409090909,0.764705882,0.727272727,0.804878049,0.217391304,0.255555556,0.097826087,0.096774194,0.191449587
0,0,0,1,0,0,0,0,0,0,0.72,0.666666667,0.363636364,0.321428571,0.583333333,0.693181818,0.677777778,0.674157303,0.642857143,0.696202532,0.106382979,0.053763441,0.02247191,0.549450549,0.522727273,0.129411765,0.147727273,0.085365854,0.076086957,0.088888889,0.119565217,0.075268817,0.417399943
0,0,0,0,0,0,0,0,0,1,0.82,0.333333333,0.1,0.642857143,0.638888889,0.5,0.477777778,0.471910112,0.464285714,0.64556962,0.287234043,0.225806452,0.202247191,0.197802198,0.181818182,0.541176471,0.602272727,0.609756098,0.706521739,0.677777778,0.163043478,0.11827957,0.229152166
0,0,0,0,1,0,0,0,0,0,0.28,0.733333333,0.704545455,0.607142857,0.472222222,0.102272727,0.066666667,0.06741573,0.083333333,0.101265823,0.010638298,0.010752688,0.02247191,0.659340659,0.659090909,0.211764706,0.113636364,0.170731707,0.076086957,0.088888889,0.195652174,0.204301075,0.229152166
0,0,0,0,0,0,0,1,0,0,0.44,0.6,0.65,0.678571429,0.5,0.227272727,0.2,0.179775281,0.238095238,0.240506329,0.010638298,0.010752688,0.02247191,0.417582418,0.409090909,0.8,0.772727273,0.829268293,0.195652174,0.222222222,0.141304348,0.096774194,0.218672704
0,1,0,0,0,0,0,0,0,0,0.8,0.2,0.236363636,0.607142857,0.555555556,0.590909091,0.566666667,0.528089888,0.869047619,0.911392405,0.180851064,0.11827957,0.08988764,0.307692308,0.545454545,0.235294118,0.25,0.231707317,0.054347826,0.111111111,0.119565217,0.064516129,0.410062581
0,0,0,0,0,0,0,0,0,1,0.86,0.333333333,0.15,0.464285714,0.611111111,0.431818182,0.422222222,0.404494382,0.428571429,0.607594937,0.010638298,0.010752688,0.02247191,0.054945055,0.011363636,0.482352941,0.568181818,0.597560976,0.717391304,0.677777778,0.119565217,0.11827957,0.207381896
0,0,0,0,1,0,0,0,0,0,0.32,0.6,0.654545455,0.821428571,0.333333333,0.215909091,0.2,0.168539326,0.178571429,0.215189873,0.053191489,0.010752688,0.011235955,0.604395604,0.636363636,0.117647059,0.136363636,0.12195122,0.02173913,0.011111111,0.065217391,0.086021505,0.37261704
0,0,0,0,0,0,0,1,0,0,0.42,0.6,0.55,0.714285714,0.25,0.136363636,0.111111111,0.08988764,0.166666667,0.101265823,0.010638298,0.010752688,0.02247191,0.417582418,0.409090909,0.694117647,0.681818182,0.695121951,0.097826087,0.177777778,0.032608696,0.075268817,0.185727237
0,0,1,0,0,0,0,0,0,0,0.8,0.266666667,0.159090909,0.571428571,0.611111111,0.784090909,0.766666667,0.786516854,0.714285714,0.797468354,0.393617021,0.322580645,0.337078652,0.43956044,0.25,0.247058824,0.261363636,0.219512195,0.217391304,0.277777778,0.141304348,0.129032258,0.449399222
0,1,0,0,0,0,0,0,0,0,0.76,0.266666667,0.190909091,0.75,0.555555556,0.636363636,0.622222222,0.573033708,0.75,0.810126582,0.159574468,0.129032258,0.101123596,0.252747253,0.522727273,0.270588235,0.284090909,0.268292683,0.076086957,0.088888889,0.076086957,0.043010753,0.207381896
0,0,1,0,0,0,0,0,0,0,0.94,0.666666667,0.218181818,0.607142857,0.472222222,0.784090909,0.8,0.820224719,0.630952381,0.772151899,0.159574468,0.107526882,0.06741573,0.450549451,0.238636364,0.2,0.215909091,0.182926829,0.065217391,0.122222222,0.076086957,0.11827957,0.472663283
0,0,1,0,0,0,0,0,0,0,0.86,0.6,0.231818182,0.607142857,0.555555556,0.761363636,0.777777778,0.797752809,0.595238095,0.708860759,0.106382979,0.053763441,0.06741573,0.406593407,0.295454545,0.223529412,0.25,0.219512195,0.195652174,0.222222222,0.130434783,0.107526882,0.450353868
0,0,0,0,1,0,0,0,0,0,0.14,0.866666667,0.604545455,0.714285714,0.444444444,0.136363636,0.111111111,0.101123596,0.083333333,0.075949367,0.074468085,0.021505376,0.011235955,0.659340659,0.636363636,0.152941176,0.147727273,0.12195122,0.054347826,0.033333333,0.054347826,0.053763441,0.361388331
0,0,1,0,0,0,0,0,0,0,0.98,0.266666667,0.1,0.642857143,0.722222222,0.829545455,0.844444444,0.842696629,0.630952381,0.860759494,0.255319149,0.193548387,0.168539326,0.428571429,0.261363636,0.211764706,0.238636364,0.219512195,0.097826087,0.133333333,0.130434783,0.107526882,0.563941872
0,0,0,0,0,0,0,0,0,1,0.88,0.266666667,0.122727273,0.607142857,0.611111111,0.363636364,0.366666667,0.348314607,0.476190476,0.632911392,0.010638298,0.010752688,0.02247191,0.307692308,0.295454545,0.423529412,0.5,0.597560976,0.630434783,0.633333333,0.076086957,0.129032258,0.207381896
0,1,0,0,0,0,0,0,0,0,0.78,0.2,0.190909091,0.678571429,0.555555556,0.636363636,0.611111111,0.595505618,0.666666667,0.772151899,0.180851064,0.172043011,0.123595506,0.307692308,0.340909091,0.211764706,0.125,0.12195122,0.054347826,0.088888889,0.130434783,0.096774194,0.37261704
0,0,0,0,1,0,0,0,0,0,0.44,0.666666667,0.727272727,0.964285714,0.777777778,0.125,0.088888889,0.08988764,0.178571429,0.088607595,0.010638298,0.010752688,0.02247191,0.945054945,0.920454545,0.117647059,0.056818182,0.134146341,0.076086957,0.144444444,0.184782609,0.161290323,0.763781336
0,1,0,0,0,0,0,0,0,0,0.74,0.333333333,0.25,0.714285714,0.722222222,0.613636364,0.577777778,0.516853933,0.892857143,0.911392405,0.170212766,0.107526882,0.08988764,0.318681319,0.556818182,0.258823529,0.25,0.256097561,0.119565217,0.155555556,0.086956522,0.075268817,0.241606272
0,0,0,0,0,0,0,1,0,0,0.62,0.6,0.477272727,0.5,0.416666667,0.238636364,0.222222222,0.202247191,0.166666667,0.240506329,0.010638298,0.010752688,0.02247191,0.417582418,0.409090909,0.811764706,0.772727273,0.853658537,0.402173913,0.455555556,0.141304348,0.139784946,0.234818945
0,0,0,0,1,0,0,0,0,0,0.44,0.733333333,0.636363636,0.678571429,0.444444444,0.045454545,0.011111111,0.011235955,0.107142857,0.037974684,0.021276596,0.021505376,0.02247191,0.637362637,0.568181818,0.176470588,0.113636364,0.195121951,0.086956522,0.088888889,0.065217391,0.086021505,0.185727237
1,0,0,0,0,0,0,0,0,0,0.7,0.533333333,0.272727273,0.714285714,0.472222222,0.340909091,0.3,0.247191011,0.619047619,0.721518987,0.808510638,0.76344086,0.820224719,0.153846154,0.102272727,0.235294118,0.272727273,0.304878049,0.108695652,0.111111111,0.260869565,0.182795699,0.555242203
0,0,0,0,0,0,0,0,0,1,0.78,0.333333333,0.172727273,0.571428571,0.666666667,0.409090909,0.366666667,0.337078652,0.380952381,0.544303797,0.010638298,0.010752688,0.02247191,0.307692308,0.295454545,0.470588235,0.579545455,0.597560976,0.641304348,0.733333333,0.032608696,0.053763441,0.356643158
0,0,0,0,0,0,0,0,1,0,0.72,0.6,0.459090909,0.75,0.666666667,0.215909091,0.188888889,0.191011236,0.19047619,0.240506329,0.010638298,0.010752688,0.02247191,0.417582418,0.409090909,0.835294118,0.818181818,0.890243902,0.52173913,0.633333333,0.152173913,0.139784946,0.681446379
0,1,0,0,0,0,0,0,0,0,0.84,0.4,0.263636364,0.785714286,0.5,0.602272727,0.588888889,0.539325843,0.773809524,0.784810127,0.382978723,0.333333333,0.292134831,0.296703297,0.5,0.188235294,0.181818182,0.134146341,0.108695652,0.122222222,0.108695652,0.075268817,0.2530804
0,0,0,0,0,0,0,0,1,0,0.76,0.533333333,0.409090909,0.714285714,0.805555556,0.465909091,0.444444444,0.415730337,0.392857143,0.455696203,0.010638298,0.010752688,0.02247191,0.417582418,0.409090909,0.788235294,0.75,0.865853659,0.641304348,0.755555556,0.22826087,0.129032258,0.535051551
0,0,0,1,0,0,0,0,0,0,0.44,0.666666667,0.431818182,0.571428571,0.444444444,0.636363636,0.611111111,0.584269663,0.547619048,0.556962025,0.159574468,0.107526882,0.06741573,0.582417582,0.590909091,0.270588235,0.261363636,0.219512195,0.076086957,0.122222222,0.086956522,0.086021505,0.229152166
0,0,0,1,0,0,0,0,0,0,0.6,0.733333333,0.409090909,0.571428571,0.416666667,0.636363636,0.622222222,0.606741573,0.607142857,0.658227848,0.212765957,0.161290323,0.078651685,0.538461538,0.522727273,0.2,0.204545455,0.182926829,0.097826087,0.155555556,0.152173913,0.139784946,0.207381896
0,0,1,0,0,0,0,0,0,0,0.82,0.333333333,0.090909091,0.678571429,0.555555556,0.75,0.744444444,0.764044944,0.535714286,0.784810127,0.159574468,0.107526882,0.06741573,0.472527473,0.193181818,0.129411765,0.147727273,0.146341463,0.076086957,0.111111111,0.108695652,0.064516129,0.218672704
0,1,0,0,0,0,0,0,0,0,0.8,0,0.195454545,0.75,0.555555556,0.625,0.611111111,0.595505618,0.69047619,0.82278481,0.180851064,0.129032258,0.08988764,0.230769231,0.511363636,0.188235294,0.204545455,0.170731707,0.065217391,0.122222222,0.076086957,0.053763441,0.241606272
0,0,0,0,1,0,0,0,0,0,0.52,0.866666667,0.7,0.714285714,0.611111111,0.079545455,0.066666667,0.06741573,0.107142857,0.050632911,0.010638298,0.010752688,0.02247191,0.659340659,0.761363636,0.364705882,0.318181818,0.329268293,0.163043478,0.211111111,0.119565217,0.23655914,0.440514103
0,0,0,0,1,0,0,0,0,0,0.4,0.6,0.709090909,0.678571429,0.75,0.090909091,0.066666667,0.06741573,0.130952381,0.063291139,0.010638298,0.010752688,0.02247191,0.835164835,0.795454545,0.258823529,0.227272727,0.195121951,0.076086957,0.077777778,0.141304348,0.150537634,0.72271829
1,0,0,0,0,0,0,0,0,0,0.5,0.733333333,0.340909091,0.75,0.111111111,0.238636364,0.233333333,0.213483146,0.488095238,0.518987342,0.819148936,0.741935484,0.808988764,0.10989011,0.056818182,0.2,0.193181818,0.219512195,0.054347826,0.1,0.141304348,0.107526882,0.218672704
0,0,0,0,0,0,0,0,1,0,0.66,0.533333333,0.354545455,0.607142857,0.472222222,0.306818182,0.266666667,0.235955056,0.392857143,0.481012658,0.436170213,0.387096774,0.370786517,0.417582418,0.409090909,0.776470588,0.761363636,0.829268293,0.543478261,0.644444444,0.130434783,0.096774194,0.559956462
0,0,0,0,0,0,0,0,1,0,0.76,0.533333333,0.318181818,0.785714286,0.583333333,0.375,0.366666667,0.337078652,0.428571429,0.569620253,0.106382979,0.075268817,0.06741573,0.307692308,0.238636364,0.670588235,0.704545455,0.780487805,0.467391304,0.6,0.239130435,0.247311828,0.360216427
0,0,0,0,0,0,0,0,0,1,0.76,0.6,0.236363636,0.607142857,0.694444444,0.386363636,0.344444444,0.337078652,0.523809524,0.632911392,0.010638298,0.010752688,0.02247191,0.307692308,0.295454545,0.623529412,0.625,0.707317073,0.72826087,0.688888889,0.086956522,0.053763441,0.229152166
0,0,0,0,0,0,0,0,0,1,0.86,0.133333333,0.095454545,0.714285714,0.527777778,0.431818182,0.422222222,0.415730337,0.357142857,0.556962025,0.255319149,0.204301075,0.157303371,0.252747253,0.181818182,0.482352941,0.556818182,0.658536585,0.619565217,0.633333333,0.076086957,0.064516129,0.370986842
0,0,1,0,0,0,0,0,0,0,0.84,0.466666667,0.172727273,0.535714286,0.666666667,0.818181818,0.833333333,0.853932584,0.666666667,0.873417722,0.159574468,0.107526882,0.06741573,0.450549451,0.215909091,0.235294118,0.227272727,0.219512195,0.108695652,0.144444444,0.130434783,0.096774194,0.686938277
0,1,0,0,0,0,0,0,0,0,0.74,0.466666667,0.318181818,0.607142857,0.416666667,0.613636364,0.577777778,0.573033708,0.642857143,0.721518987,0.319148936,0.279569892,0.213483146,0.538461538,0.477272727,0.458823529,0.488636364,0.475609756,0.173913043,0.233333333,0.141304348,0.161290323,0.361970772
0,0,0,0,1,0,0,0,0,0,0.4,0.666666667,0.645454545,0.75,0.527777778,0.045454545,0.055555556,0.04494382,0.119047619,0.063291139,0.010638298,0.010752688,0.02247191,0.714285714,0.772727273,0.223529412,0.193181818,0.182926829,0.076086957,0.055555556,0.086956522,0.064516129,0.607435985
1,0,0,0,0,0,0,0,0,0,0.7,0.6,0.286363636,0.678571429,0.888888889,0.306818182,0.277777778,0.269662921,0.702380952,0.772151899,0.829787234,0.806451613,0.887640449,0.21978022,0.159090909,0.211764706,0.204545455,0.243902439,0.108695652,0.144444444,0.195652174,0.225806452,0.948817033
1,0,0,0,0,0,0,0,0,0,0.82,0.466666667,0.268181818,0.785714286,0.583333333,0.397727273,0.366666667,0.325842697,0.714285714,0.835443038,0.765957447,0.709677419,0.808988764,0.208791209,0.125,0.258823529,0.284090909,0.292682927,0.184782609,0.233333333,0.173913043,0.150537634,0.438463935
0,0,1,0,0,0,0,0,0,0,0.8,0.466666667,0.159090909,0.392857143,0.555555556,0.75,0.755555556,0.764044944,0.583333333,0.82278481,0.340425532,0.311827957,0.292134831,0.417582418,0.215909091,0.176470588,0.181818182,0.207317073,0.108695652,0.188888889,0.141304348,0.086021505,0.218672704
0,0,1,0,0,0,0,0,0,0,0.76,0.466666667,0.209090909,0.464285714,0.444444444,0.75,0.744444444,0.741573034,0.619047619,0.759493671,0.106382979,0.053763441,0.02247191,0.483516484,0.238636364,0.164705882,0.170454545,0.182926829,0.054347826,0.1,0.239130435,0.204301075,0.423626006
0,0,0,0,0,0,0,0,0,1,0.86,0.266666667,0.136363636,0.642857143,0.638888889,0.420454545,0.411111111,0.370786517,0.464285714,0.658227848,0.010638298,0.010752688,0.02247191,0.307692308,0.295454545,0.564705882,0.647727273,0.646341463,0.706521739,0.7,0.130434783,0.129032258,0.229152166
0,0,0,0,0,0,0,1,0,0,0.48,0.733333333,0.5,0.607142857,0.416666667,0.295454545,0.266666667,0.258426966,0.261904762,0.341772152,0.010638298,0.010752688,0.02247191,0.417582418,0.409090909,0.729411765,0.715909091,0.768292683,0.467391304,0.555555556,0.086956522,0.096774194,0.207381896
0,0,1,0,0,0,0,0,0,0,0.84,0.466666667,0.15,0.607142857,0.75,0.818181818,0.822222222,0.831460674,0.678571429,0.886075949,0.159574468,0.107526882,0.06741573,0.417582418,0.295454545,0.247058824,0.261363636,0.268292683,0.195652174,0.266666667,0.130434783,0.11827957,0.361388331
0,0,0,0,0,0,0,0,0,1,0.86,0.4,0.163636364,0.678571429,0.638888889,0.352272727,0.311111111,0.292134831,0.452380952,0.607594937,0.010638298,0.010752688,0.02247191,0.307692308,0.295454545,0.505882353,0.579545455,0.585365854,0.673913043,0.644444444,0.108695652,0.064516129,0.32810008
0,0,0,0,1,0,0,0,0,0,0.54,0.866666667,0.863636364,0.821428571,0.638888889,0.125,0.111111111,0.101123596,0.202380952,0.253164557,0.010638298,0.010752688,0.02247191,0.758241758,0.704545455,0.294117647,0.261363636,0.231707317,0.054347826,0.055555556,0.119565217,0.11827957,0.556320106
0,0,0,0,0,0,0,0,0,1,0.76,0.533333333,0.136363636,0.714285714,0.638888889,0.352272727,0.344444444,0.314606742,0.464285714,0.53164557,0.180851064,0.129032258,0.112359551,0.197802198,0.181818182,0.517647059,0.556818182,0.62195122,0.641304348,0.6,0.119565217,0.11827957,0.229152166
0,0,0,0,0,0,0,0,1,0,0.7,0.533333333,0.336363636,0.571428571,0.472222222,0.295454545,0.255555556,0.258426966,0.380952381,0.405063291,0.425531915,0.35483871,0.415730337,0.417582418,0.409090909,0.729411765,0.693181818,0.768292683,0.543478261,0.622222222,0.119565217,0.075268817,0.218672704
0,0,0,0,0,0,0,0,0,1,0.82,0.4,0.227272727,0.535714286,0.833333333,0.613636364,0.588888889,0.561797753,0.535714286,0.64556962,0.010638298,0.010752688,0.02247191,0.307692308,0.295454545,0.4,0.511363636,0.56097561,0.804347826,0.766666667,0.130434783,0.075268817,0.377923124
0,0,0,0,0,0,0,0,1,0,0.7,0.6,0.272727273,0.678571429,0.583333333,0.420454545,0.4,0.382022472,0.416666667,0.556962025,0.457446809,0.430107527,0.415730337,0.197802198,0.181818182,0.694117647,0.704545455,0.804878049,0.47826087,0.644444444,0.141304348,0.096774194,0.423626006
0,0,0,0,0,0,0,0,0,1,0.84,0.266666667,0.131818182,0.535714286,0.75,0.511363636,0.488888889,0.471910112,0.571428571,0.708860759,0.010638298,0.010752688,0.02247191,0.307692308,0.295454545,0.505882353,0.568181818,0.634146341,0.77173913,0.722222222,0.163043478,0.193548387,0.417399943
0,0,1,0,0,0,0,0,0,0,0.94,0.533333333,0.1,0.571428571,0.694444444,0.75,0.766666667,0.786516854,0.55952381,0.670886076,0.35106383,0.279569892,0.202247191,0.428571429,0.181818182,0.117647059,0.181818182,0.134146341,0.076086957,0.122222222,0.119565217,0.086021505,0.454111188
0,0,1,0,0,0,0,0,0,0,0.88,0.4,0.227272727,0.892857143,0.833333333,0.863636364,0.855555556,0.865168539,0.773809524,0.911392405,0.29787234,0.23655914,0.179775281,0.538461538,0.238636364,0.188235294,0.215909091,0.231707317,0.141304348,0.188888889,0.119565217,0.075268817,0.803910806
0,0,0,0,0,0,0,0,0,1,0.8,0.466666667,0.181818182,0.785714286,0.861111111,0.431818182,0.422222222,0.393258427,0.488095238,0.670886076,0.053191489,0.053763441,0.06741573,0.307692308,0.295454545,0.576470588,0.636363636,0.804878049,0.804347826,0.933333333,0.119565217,0.064516129,0.694509746
0,0,0,0,1,0,0,0,0,0,0.42,0.733333333,0.754545455,0.785714286,0.638888889,0.397727273,0.4,0.382022472,0.392857143,0.481012658,0.010638298,0.010752688,0.02247191,0.747252747,0.681818182,0.447058824,0.443181818,0.463414634,0.108695652,0.177777778,0.152173913,0.129032258,0.423626006
0,0,0,0,0,0,0,0,1,0,0.76,0.533333333,0.368181818,0.5,0.444444444,0.215909091,0.177777778,0.179775281,0.25,0.35443038,0.010638298,0.010752688,0.02247191,0.417582418,0.409090909,0.764705882,0.761363636,0.804878049,0.489130435,0.544444444,0.097826087,0.064516129,0.338702895
0,0,0,0,1,0,0,0,0,0,0.24,0.8,0.640909091,0.678571429,0.527777778,0.159090909,0.122222222,0.123595506,0.107142857,0.088607595,0.010638298,0.010752688,0.02247191,0.626373626,0.704545455,0.282352941,0.25,0.231707317,0.076086957,0.088888889,0.195652174,0.204301075,0.357843998
0,0,0,0,0,0,0,0,0,1,0.76,0.2,0.113636364,0.642857143,0.722222222,0.511363636,0.466666667,0.426966292,0.44047619,0.607594937,0.010638298,0.010752688,0.02247191,0.307692308,0.295454545,0.564705882,0.636363636,0.646341463,0.739130435,0.788888889,0.206521739,0.215053763,0.372075662
0,0,0,0,0,0,0,0,0,1,0.78,0.2,0.186363636,0.714285714,0.75,0.465909091,0.422222222,0.404494382,0.476190476,0.64556962,0.212765957,0.161290323,0.146067416,0.307692308,0.295454545,0.588235294,0.625,0.695121951,0.72826087,0.755555556,0.141304348,0.150537634,0.218672704
0,0,1,0,0,0,0,0,0,0,0.8,0.533333333,0.209090909,0.714285714,0.555555556,0.704545455,0.677777778,0.662921348,0.69047619,0.759493671,0.159574468,0.107526882,0.123595506,0.483516484,0.295454545,0.282352941,0.318181818,0.317073171,0.173913043,0.188888889,0.130434783,0.11827957,0.185727237
0,0,0,0,0,0,0,0,0,1,0.8,0.4,0.140909091,0.607142857,0.666666667,0.579545455,0.544444444,0.539325843,0.44047619,0.632911392,0.042553191,0.021505376,0.02247191,0.307692308,0.238636364,0.4,0.5,0.475609756,0.619565217,0.677777778,0.086956522,0.064516129,0.423626006
0,0,0,0,0,0,0,0,1,0,0.76,0.733333333,0.409090909,0.785714286,0.694444444,0.295454545,0.255555556,0.258426966,0.273809524,0.405063291,0.010638298,0.010752688,0.02247191,0.417582418,0.409090909,0.894117647,0.840909091,0.93902439,0.706521739,0.8,0.141304348,0.086021505,0.716711216
0,0,0,0,0,0,0,0,1,0,0.58,0.533333333,0.463636364,0.714285714,0.5,0.193181818,0.166666667,0.168539326,0.226190476,0.291139241,0.010638298,0.010752688,0.02247191,0.417582418,0.409090909,0.705882353,0.681818182,0.780487805,0.27173913,0.377777778,0.25,0.150537634,0.410062581
0,0,0,0,0,0,0,0,1,0,0.76,0.333333333,0.35,0.857142857,0.888888889,0.340909091,0.3,0.280898876,0.273809524,0.341772152,0.010638298,0.010752688,0.02247191,0.417582418,0.409090909,0.894117647,0.863636364,0.987804878,0.663043478,0.722222222,0.141304348,0.053763441,0.438463935
0,0,0,0,0,0,0,0,1,0,0.72,0.466666667,0.304545455,0.571428571,0.444444444,0.409090909,0.4,0.370786517,0.642857143,0.721518987,0.170212766,0.075268817,0.056179775,0.417582418,0.409090909,0.741176471,0.75,0.817073171,0.510869565,0.566666667,0.076086957,0.064516129,0.410062581
0,0,0,0,0,0,0,1,0,0,0.24,0.733333333,0.772727273,0.75,0.111111111,0.363636364,0.355555556,0.314606742,0.380952381,0.329113924,0.074468085,0.032258065,0.02247191,0.417582418,0.409090909,0.788235294,0.738636364,0.804878049,0.108695652,0.155555556,0.065217391,0.064516129,0.423626006
0,0,1,0,0,0,0,0,0,0,0.9,0.466666667,0.227272727,0.571428571,0.472222222,0.625,0.644444444,0.651685393,0.678571429,0.784810127,0.170212766,0.139784946,0.134831461,0.43956044,0.329545455,0.235294118,0.238636364,0.231707317,0.119565217,0.122222222,0.130434783,0.107526882,0.364848601
0,0,0,0,0,0,0,0,0,1,0.76,0.2,0.113636364,0.714285714,0.722222222,0.454545455,0.433333333,0.415730337,0.404761905,0.607594937,0.117021277,0.010752688,0.02247191,0.307692308,0.295454545,0.588235294,0.636363636,0.707317073,0.695652174,0.733333333,0.097826087,0.064516129,0.368784518
0,0,0,1,0,0,0,0,0,0,0.7,0.6,0.431818182,0.464285714,0.444444444,0.670454545,0.677777778,0.674157303,0.630952381,0.708860759,0.340425532,0.301075269,0.292134831,0.549450549,0.534090909,0.282352941,0.272727273,0.256097561,0.141304348,0.144444444,0.195652174,0.139784946,0.417001849
0,0,0,0,1,0,0,0,0,0,0.18,0.666666667,0.613636364,0.75,0.555555556,0.068181818,0.077777778,0.06741573,0.119047619,0.050632911,0.010638298,0,0.011235955,0.681318681,0.625,0.223529412,0.193181818,0.195121951,0.054347826,0.044444444,0.086956522,0.064516129,0.359626927
0,0,0,0,0,0,0,0,0,1,0.84,0.4,0.227272727,0.571428571,0.638888889,0.409090909,0.366666667,0.359550562,0.511904762,0.64556962,0.010638298,0.010752688,0.02247191,0.307692308,0.295454545,0.694117647,0.693181818,0.719512195,0.717391304,0.688888889,0.184782609,0.139784946,0.281911975
0,0,0,0,0,0,0,0,0,1,0.86,0.533333333,0.159090909,0.607142857,0.694444444,0.454545455,0.444444444,0.415730337,0.404761905,0.607594937,0.010638298,0.010752688,0.02247191,0.307692308,0.295454545,0.435294118,0.465909091,0.524390244,0.641304348,0.688888889,0.141304348,0.150537634,0.410062581
0,0,1,0,0,0,0,0,0,0,0.74,0.333333333,0.159090909,0.714285714,0.611111111,0.772727273,0.766666667,0.764044944,0.619047619,0.772151899,0.414893617,0.365591398,0.359550562,0.527472527,0.295454545,0.235294118,0.284090909,0.256097561,0.141304348,0.066666667,0.086956522,0.086021505,0.196955947
0,0,0,1,0,0,0,0,0,0,0.44,0.533333333,0.422727273,0.714285714,0.527777778,0.545454545,0.533333333,0.505617978,0.345238095,0.46835443,0.053191489,0.053763441,0.06741573,0.483516484,0.511363636,0.470588235,0.465909091,0.536585366,0.336956522,0.388888889,0.195652174,0.193548387,0.309349024
0,1,0,0,0,0,0,0,0,0,0.76,0.4,0.254545455,0.357142857,0.555555556,0.75,0.722222222,0.696629213,0.738095238,0.835443038,0.329787234,0.215053763,0.235955056,0.505494505,0.522727273,0.388235294,0.420454545,0.43902439,0.293478261,0.2,0.184782609,0.161290323,0.094012471
0,0,1,0,0,0,0,0,0,0,0.78,0.533333333,0.204545455,0.607142857,0.472222222,0.715909091,0.722222222,0.719101124,0.619047619,0.708860759,0.159574468,0.107526882,0.06741573,0.340659341,0.136363636,0.2,0.147727273,0.12195122,0.076086957,0.1,0.130434783,0.096774194,0.423626006
0,0,0,0,0,0,0,1,0,0,0.46,0.533333333,0.522727273,0.678571429,0.416666667,0.113636364,0.1,0.078651685,0.178571429,0.202531646,0.010638298,0.010752688,0.02247191,0.417582418,0.409090909,0.8,0.761363636,0.841463415,0.195652174,0.322222222,0.152173913,0.139784946,0.218672704
0,0,0,1,0,0,0,0,0,0,0.58,0.666666667,0.377272727,0.607142857,0.416666667,0.625,0.588888889,0.573033708,0.55952381,0.582278481,0.106382979,0.053763441,0.02247191,0.549450549,0.534090909,0.505882353,0.511363636,0.512195122,0.27173913,0.333333333,0.141304348,0.139784946,0.185727237
0,0,1,0,0,0,0,0,0,0,0.86,0.533333333,0.136363636,0.535714286,0.416666667,0.715909091,0.744444444,0.764044944,0.535714286,0.708860759,0.319148936,0.258064516,0.179775281,0.417582418,0.159090909,0.223529412,0.284090909,0.231707317,0.173913043,0.244444444,0.108695652,0.075268817,0.207381896
1,0,0,0,0,0,0,0,0,0,0.54,0.666666667,0.286363636,0.714285714,0.75,0.113636364,0.133333333,0.123595506,0.428571429,0.46835443,0.978723404,0.860215054,0.865168539,0.098901099,0.090909091,0.164705882,0.170454545,0.170731707,0.076086957,0.122222222,0.152173913,0.150537634,0.872115469
0,0,0,0,1,0,0,0,0,0,0.4,0.8,0.731818182,0.785714286,0.722222222,0.068181818,0.066666667,0.06741573,0.130952381,0.063291139,0.010638298,0.010752688,0.02247191,0.857142857,0.75,0.223529412,0.170454545,0.170731707,0.054347826,0.044444444,0.184782609,0.172043011,0.410062581
1,0,0,0,0,0,0,0,0,0,0.54,0.466666667,0.209090909,0.5,0.305555556,0.125,0.144444444,0.146067416,0.452380952,0.506329114,0.85106383,0.784946237,0.820224719,0.10989011,0.136363636,0.094117647,0.147727273,0.06097561,0.054347826,0.055555556,0.163043478,0.193548387,0.361388331
0,0,0,0,0,0,0,0,1,0,0.64,0.533333333,0.381818182,0.678571429,0.444444444,0.170454545,0.155555556,0.146067416,0.178571429,0.265822785,0.010638298,0.010752688,0.02247191,0.417582418,0.409090909,0.705882353,0.693181818,0.768292683,0.347826087,0.444444444,0.086956522,0.107526882,0.410062581
0,0,0,0,1,0,0,0,0,0,0.34,0.666666667,0.668181818,0.714285714,0.416666667,0.238636364,0.211111111,0.191011236,0.333333333,0.227848101,0.010638298,0.010752688,0.02247191,0.615384615,0.613636364,0.529411765,0.568181818,0.536585366,0.076086957,0.077777778,0.076086957,0.053763441,0.365417417
0,0,1,0,0,0,0,0,0,0,0.9,0.666666667,0.209090909,0.607142857,0.555555556,0.784090909,0.8,0.820224719,0.619047619,0.721518987,0.159574468,0.107526882,0.06741573,0.505494505,0.261363636,0.211764706,0.215909091,0.195121951,0.054347826,0.111111111,0.086956522,0.139784946,0.690650976
0,0,0,0,0,0,0,1,0,0,0.36,0.666666667,0.668181818,0.678571429,0.194444444,0.102272727,0.077777778,0.056179775,0.107142857,0.012658228,0.010638298,0.010752688,0.02247191,0.417582418,0.409090909,0.729411765,0.693181818,0.756097561,0.173913043,0.222222222,0.086956522,0.053763441,0.185727237
0,0,0,0,1,0,0,0,0,0,0.38,0.6,0.681818182,0.714285714,0.527777778,0.113636364,0.077777778,0.078651685,0.05952381,0.063291139,0.010638298,0.010752688,0.02247191,0.681318681,0.613636364,0.176470588,0.125,0.146341463,0.076086957,0.088888889,0.108695652,0.064516129,0.358440731
0,0,0,0,1,0,0,0,0,0,0.5,0.466666667,0.636363636,0.642857143,0.416666667,0.045454545,0.055555556,0.04494382,0.071428571,0.012658228,0,0,0.011235955,0.67032967,0.602272727,0.211764706,0.261363636,0.243902439,0.076086957,0.033333333,0.032608696,0.053763441,0.185727237
0,0,1,0,0,0,0,0,0,0,0.76,0.6,0.190909091,0.607142857,0.611111111,0.659090909,0.677777778,0.662921348,0.678571429,0.708860759,0.212765957,0.172043011,0.168539326,0.461538462,0.318181818,0.258823529,0.227272727,0.280487805,0.369565217,0.388888889,0.086956522,0.064516129,0.365417417
0,0,0,0,0,0,0,1,0,0,0.16,0.666666667,0.909090909,0.642857143,0.305555556,0.102272727,0.088888889,0.078651685,0.130952381,0.063291139,0.265957447,0.225806452,0.191011236,0.417582418,0.409090909,0.741176471,0.715909091,0.756097561,0.086956522,0.1,0.130434783,0.172043011,0.410062581
0,0,0,0,1,0,0,0,0,0,0.3,0.666666667,0.745454545,0.678571429,0.722222222,0.170454545,0.133333333,0.112359551,0.166666667,0.17721519,0.010638298,0.010752688,0.02247191,0.67032967,0.659090909,0.223529412,0.193181818,0.182926829,0.076086957,0.055555556,0.304347826,0.172043011,0.229152166
0,0,0,0,0,1,0,0,0,0,0.38,0.666666667,0.277272727,0.642857143,0.722222222,0.147727273,0.166666667,0.168539326,0.357142857,0.405063291,0.340425532,0.301075269,0.202247191,0.142857143,0.011363636,0.223529412,0.375,0.414634146,0.086956522,0.166666667,0.934782609,0.784946237,0.343398971
0,1,0,0,0,0,0,0,0,0,0.78,0.266666667,0.181818182,0.571428571,0.611111111,0.556818182,0.522222222,0.483146067,0.773809524,0.873417722,0.159574468,0.107526882,0.06741573,0.417582418,0.5,0.211764706,0.227272727,0.231707317,0.076086957,0.088888889,0.152173913,0.129032258,0.447147119
0,1,0,0,0,0,0,0,0,0,0.78,0.2,0.268181818,0.571428571,0.638888889,0.590909091,0.566666667,0.528089888,0.904761905,0.898734177,0.053191489,0.053763441,0.06741573,0.472527473,0.522727273,0.294117647,0.272727273,0.365853659,0.086956522,0.2,0.195652174,0.204301075,0.286858252
0,0,0,0,1,0,0,0,0,0,0.5,0.933333333,0.686363636,0.678571429,0.638888889,0.375,0.288888889,0.235955056,0.285714286,0.164556962,0.010638298,0.010752688,0.02247191,0.758241758,0.647727273,0.329411765,0.375,0.402439024,0.076086957,0.088888889,0.195652174,0.204301075,0.428496075
0,0,0,0,1,0,0,0,0,0,0.36,0.866666667,0.631818182,0.678571429,0.583333333,0.272727273,0.277777778,0.258426966,0.095238095,0.037974684,0.010638298,0.010752688,0.02247191,0.615384615,0.579545455,0.635294118,0.579545455,0.634146341,0.076086957,0.055555556,0.152173913,0.053763441,0.248091838
0,0,0,0,0,1,0,0,0,0,0.42,0.533333333,0.227272727,0.642857143,0.555555556,0.25,0.266666667,0.269662921,0.321428571,0.227848101,0.382978723,0.333333333,0.303370787,0.153846154,0.079545455,0.176470588,0.147727273,0.231707317,0.076086957,0.088888889,0.934782609,0.64516129,0.221744422
0,0,0,0,1,0,0,0,0,0,0.52,0.8,0.636363636,0.75,0.583333333,0.102272727,0.111111111,0.112359551,0.142857143,0.075949367,0.010638298,0.010752688,0.02247191,0.692307692,0.784090909,0.129411765,0.090909091,0.097560976,0.076086957,0.088888889,0.119565217,0.064516129,0.431414196
0,0,1,0,0,0,0,0,0,0,0.86,0.6,0.236363636,0.642857143,0.5,0.704545455,0.722222222,0.741573034,0.642857143,0.746835443,0.159574468,0.107526882,0.06741573,0.32967033,0.147727273,0.211764706,0.227272727,0.195121951,0.054347826,0.033333333,0.184782609,0.161290323,0.423626006
0,0,0,0,0,0,0,0,0,1,0.84,0.466666667,0.222727273,0.678571429,0.555555556,0.386363636,0.377777778,0.348314607,0.464285714,0.582278481,0.106382979,0.053763441,0.06741573,0.296703297,0.261363636,0.541176471,0.579545455,0.62195122,0.576086957,0.677777778,0.119565217,0.064516129,0.30252199
0,0,0,0,1,0,0,0,0,0,0.44,0.466666667,0.681818182,0.714285714,0.666666667,0.193181818,0.155555556,0.157303371,0.154761905,0.113924051,0.010638298,0.010752688,0.02247191,0.868131868,0.818181818,0.258823529,0.170454545,0.280487805,0.076086957,0.088888889,0.195652174,0.204301075,0.730361344
0,0,0,0,0,0,0,0,0,1,0.74,0.266666667,0.222727273,0.642857143,0.694444444,0.431818182,0.366666667,0.348314607,0.5,0.632911392,0.255319149,0.215053763,0.191011236,0.098901099,0.034090909,0.611764706,0.693181818,0.743902439,0.597826087,0.722222222,0.108695652,0.172043011,0.097615153
0,0,0,0,1,0,0,0,0,0,0.38,0.933333333,0.727272727,0.5,0.444444444,0.238636364,0.144444444,0.146067416,0.119047619,0.037974684,0.010638298,0.010752688,0.02247191,0.637362637,0.602272727,0.341176471,0.363636364,0.341463415,0.097826087,0.1,0.152173913,0.053763441,0.410062581
0,0,0,0,0,0,0,1,0,0,0.54,0.666666667,0.572727273,0.75,0.277777778,0.215909091,0.222222222,0.213483146,0.238095238,0.253164557,0.14893617,0.107526882,0.06741573,0.362637363,0.295454545,0.705882353,0.75,0.719512195,0.195652174,0.233333333,0.032608696,0.021505376,0.423626006
0,0,1,0,0,0,0,0,0,0,0.8,0.533333333,0.272727273,0.571428571,0.5,0.704545455,0.7,0.685393258,0.666666667,0.696202532,0.106382979,0.053763441,0.06741573,0.494505495,0.363636364,0.282352941,0.284090909,0.231707317,0.097826087,0.133333333,0.391304348,0.35483871,0.32810008
0,0,0,0,1,0,0,0,0,0,0.38,0.6,0.65,0.785714286,0.611111111,0.181818182,0.177777778,0.146067416,0.202380952,0.17721519,0.010638298,0.010752688,0.02247191,0.67032967,0.681818182,0.188235294,0.227272727,0.207317073,0.054347826,0.033333333,0.130434783,0.096774194,0.423626006
0,0,0,0,0,0,0,0,0,1,0.86,0.466666667,0.190909091,0.535714286,0.722222222,0.511363636,0.477777778,0.449438202,0.535714286,0.696202532,0.010638298,0.010752688,0.112359551,0.307692308,0.238636364,0.588235294,0.602272727,0.695121951,0.684782609,0.744444444,0.119565217,0.11827957,0.46963789
0,0,0,0,0,0,0,0,1,0,0.72,0.466666667,0.354545455,0.642857143,0.611111111,0.420454545,0.344444444,0.325842697,0.464285714,0.443037975,0.010638298,0.010752688,0.02247191,0.472527473,0.409090909,0.835294118,0.795454545,0.853658537,0.532608696,0.644444444,0.108695652,0.096774194,0.257904019
0,0,0,0,0,0,0,0,1,0,0.68,0.6,0.254545455,0.642857143,0.666666667,0.522727273,0.511111111,0.494382022,0.571428571,0.658227848,0.436170213,0.387096774,0.393258427,0.307692308,0.295454545,0.729411765,0.715909091,0.817073171,0.663043478,0.7,0.163043478,0.161290323,0.44119114
0,1,0,0,0,0,0,0,0,0,0.8,0.266666667,0.209090909,0.285714286,0.527777778,0.590909091,0.566666667,0.539325843,0.75,0.860759494,0.265957447,0.215053763,0.123595506,0.395604396,0.488636364,0.235294118,0.25,0.268292683,0.097826087,0.133333333,0.130434783,0.064516129,0.364848601
0,0,0,0,0,0,0,1,0,0,0.46,0.866666667,0.613636364,0.892857143,0.694444444,0.181818182,0.155555556,0.146067416,0.261904762,0.265822785,0.010638298,0.010752688,0.02247191,0.417582418,0.420454545,0.905882353,0.897727273,0.93902439,0.304347826,0.388888889,0.141304348,0.139784946,0.789441609
0,0,0,0,0,0,0,0,0,1,0.76,0.4,0.090909091,0.642857143,0.611111111,0.409090909,0.366666667,0.325842697,0.345238095,0.53164557,0.010638298,0.010752688,0.02247191,0.197802198,0.125,0.388235294,0.488636364,0.524390244,0.695652174,0.633333333,0.032608696,0.053763441,0.37261704
0,0,0,0,0,0,0,0,1,0,0.58,0.866666667,0.504545455,0.785714286,0.444444444,0.227272727,0.2,0.179775281,0.202380952,0.215189873,0.010638298,0.010752688,0.02247191,0.406593407,0.397727273,0.776470588,0.761363636,0.780487805,0.347826087,0.411111111,0.141304348,0.139784946,0.352360634
0,0,0,0,0,0,0,0,1,0,0.88,0.533333333,0.354545455,0.535714286,0.388888889,0.272727273,0.266666667,0.247191011,0.345238095,0.455696203,0.170212766,0.107526882,0.078651685,0.362637363,0.295454545,0.729411765,0.727272727,0.804878049,0.402173913,0.477777778,0.141304348,0.150537634,0.495542399
0,0,0,0,0,0,0,0,0,1,0.84,0.466666667,0.209090909,0.535714286,0.777777778,0.454545455,0.422222222,0.404494382,0.464285714,0.64556962,0.010638298,0.010752688,0.02247191,0.307692308,0.295454545,0.588235294,0.568181818,0.707317073,0.869565217,0.866666667,0.282608696,0.23655914,0.698616605
0,0,0,1,0,0,0,0,0,0,0.68,0.666666667,0.368181818,0.714285714,0.666666667,0.727272727,0.711111111,0.707865169,0.654761905,0.759493671,0.170212766,0.107526882,0.078651685,0.615384615,0.5,0.294117647,0.284090909,0.268292683,0.217391304,0.255555556,0.119565217,0.064516129,0.416602666
0,0,0,0,0,0,0,0,1,0,0.7,0.533333333,0.363636364,0.785714286,0.416666667,0.25,0.233333333,0.202247191,0.297619048,0.392405063,0.053191489,0.032258065,0.02247191,0.362637363,0.295454545,0.729411765,0.738636364,0.792682927,0.467391304,0.611111111,0.141304348,0.11827957,0.423626006
0,0,1,0,0,0,0,0,0,0,0.8,0.533333333,0.218181818,0.714285714,0.5,0.704545455,0.711111111,0.730337079,0.595238095,0.734177215,0.159574468,0.107526882,0.06741573,0.373626374,0.215909091,0.223529412,0.227272727,0.195121951,0.108695652,0.133333333,0.423913043,0.365591398,0.207381896
0,0,0,0,0,0,0,1,0,0,0.36,0.533333333,0.75,0.857142857,0.277777778,0.136363636,0.111111111,0.101123596,0.154761905,0.101265823,0.010638298,0.010752688,0.02247191,0.417582418,0.409090909,0.729411765,0.727272727,0.756097561,0.195652174,0.233333333,0.141304348,0.129032258,0.218672704
0,0,0,0,0,0,0,0,1,0,0.74,0.666666667,0.436363636,0.535714286,0.666666667,0.318181818,0.3,0.292134831,0.404761905,0.443037975,0.29787234,0.225806452,0.280898876,0.417582418,0.409090909,0.870588235,0.806818182,0.890243902,0.619565217,0.677777778,0.130434783,0.096774194,0.447147119
0,0,0,0,0,0,0,0,0,1,0.76,0.333333333,0.136363636,0.607142857,0.666666667,0.454545455,0.411111111,0.393258427,0.511904762,0.658227848,0.010638298,0.010752688,0.02247191,0.307692308,0.295454545,0.364705882,0.5,0.5,0.619565217,0.633333333,0.152173913,0.053763441,0.318243264
0,0,0,0,1,0,0,0,0,0,0.4,0.8,0.727272727,0.714285714,0.694444444,0.079545455,0.044444444,0.04494382,0.035714286,0.012658228,0.010638298,0.010752688,0.02247191,0.714285714,0.659090909,0.294117647,0.295454545,0.256097561,0.086956522,0.144444444,0.054347826,0.053763441,0.126569386
0,0,1,0,0,0,0,0,0,0,0.76,0.333333333,0.136363636,0.714285714,0.555555556,0.772727273,0.777777778,0.764044944,0.583333333,0.734177215,0.563829787,0.483870968,0.471910112,0.384615385,0.329545455,0.164705882,0.227272727,0.219512195,0.163043478,0.233333333,0.141304348,0.107526882,0.229152166
0,0,0,0,0,0,0,1,0,0,0.72,0.533333333,0.354545455,0.714285714,0.25,0.181818182,0.155555556,0.146067416,0.226190476,0.367088608,0.010638298,0.010752688,0.02247191,0.417582418,0.409090909,0.658823529,0.659090909,0.743902439,0.184782609,0.3,0.141304348,0.11827957,0.410062581
0,0,0,0,0,0,0,0,0,1,0.82,0.6,0.159090909,0.678571429,0.555555556,0.409090909,0.4,0.370786517,0.511904762,0.658227848,0.106382979,0.053763441,0.04494382,0.285714286,0.227272727,0.505882353,0.568181818,0.634146341,0.652173913,0.666666667,0.086956522,0.086021505,0.305119707
0,1,0,0,0,0,0,0,0,0,0.78,0.266666667,0.222727273,0.785714286,0.444444444,0.590909091,0.555555556,0.516853933,0.821428571,0.82278481,0.265957447,0.215053763,0.123595506,0.307692308,0.454545455,0.211764706,0.193181818,0.256097561,0.054347826,0.055555556,0.108695652,0.096774194,0.207381896
0,0,0,0,1,0,0,0,0,0,0.5,0.733333333,0.686363636,0.75,0.694444444,0.079545455,0.066666667,0.04494382,0.083333333,0.037974684,0.010638298,0.010752688,0.02247191,0.703296703,0.829545455,0.164705882,0.170454545,0.158536585,0.054347826,0.033333333,0.130434783,0.086021505,0.542659499
0,1,0,0,0,0,0,0,0,0,0.72,0.266666667,0.272727273,0.714285714,0.611111111,0.556818182,0.522222222,0.483146067,0.785714286,0.835443038,0.180851064,0.161290323,0.157303371,0.362637363,0.409090909,0.223529412,0.238636364,0.256097561,0.152173913,0.155555556,0.054347826,0.053763441,0.423626006
0,1,0,0,0,0,0,0,0,0,0.74,0.266666667,0.227272727,0.785714286,0.638888889,0.647727273,0.611111111,0.573033708,0.773809524,0.835443038,0.20212766,0.150537634,0.123595506,0.263736264,0.511363636,0.176470588,0.215909091,0.195121951,0.054347826,0.1,0.097826087,0.043010753,0.423626006
0,0,0,0,0,0,0,0,0,1,0.72,0.466666667,0.213636364,0.5,0.611111111,0.420454545,0.422222222,0.404494382,0.5,0.582278481,0.010638298,0.010752688,0.02247191,0.307692308,0.295454545,0.647058824,0.659090909,0.707317073,0.652173913,0.611111111,0.076086957,0.075268817,0.207381896
0,0,0,1,0,0,0,0,0,0,0.4,0.533333333,0.390909091,0.857142857,0.388888889,0.477272727,0.455555556,0.438202247,0.297619048,0.329113924,0.010638298,0.010752688,0.02247191,0.417582418,0.568181818,0.505882353,0.431818182,0.475609756,0.217391304,0.188888889,0.065217391,0.075268817,0.445188684
0,0,0,1,0,0,0,0,0,0,0.54,0.6,0.386363636,0.642857143,0.388888889,0.397727273,0.377777778,0.359550562,0.285714286,0.392405063,0.053191489,0.053763441,0.06741573,0.395604396,0.465909091,0.376470588,0.375,0.37804878,0.108695652,0.2,0.043478261,0.086021505,0.391828995
0,0,0,0,0,0,0,1,0,0,0.2,0.666666667,0.75,0.607142857,0.111111111,0.079545455,0.077777778,0.056179775,0.226190476,0.050632911,0.010638298,0.010752688,0.02247191,0.417582418,0.409090909,0.752941176,0.75,0.756097561,0.054347826,0.044444444,0.065217391,0.064516129,0.417399943
0,0,0,0,1,0,0,0,0,0,0.14,0.866666667,0.727272727,0.75,0.5,0.090909091,0.088888889,0.078651685,0.107142857,0.025316456,0.010638298,0.010752688,0.02247191,0.692307692,0.613636364,0.176470588,0.159090909,0.146341463,0.054347826,0.044444444,0.032608696,0.064516129,0.318243264
0,0,0,0,0,1,0,0,0,0,0.5,0.533333333,0.218181818,0.714285714,0.638888889,0.113636364,0.133333333,0.134831461,0.107142857,0.113924051,0.255319149,0.204301075,0.157303371,0.098901099,0.090909091,0.223529412,0.261363636,0.243902439,0.065217391,0.1,0.956521739,0.827956989,0.578613492
0,0,0,0,1,0,0,0,0,0,0.14,0.666666667,0.645454545,0.714285714,0.333333333,0.056818182,0.044444444,0.04494382,0.071428571,0.037974684,0.021276596,0.010752688,0.011235955,0.659340659,0.636363636,0.247058824,0.25,0.231707317,0.043478261,0.022222222,0.076086957,0.043010753,0.318243264
0,0,0,0,0,0,0,1,0,0,0.46,0.6,0.659090909,0.571428571,0.25,0.079545455,0.077777778,0.056179775,0.178571429,0.151898734,0.010638298,0.010752688,0.02247191,0.417582418,0.409090909,0.776470588,0.738636364,0.841463415,0.119565217,0.155555556,0.108695652,0.064516129,0.378961571
0,0,1,0,0,0,0,0,0,0,0.82,0.533333333,0.177272727,0.535714286,0.583333333,0.727272727,0.744444444,0.752808989,0.630952381,0.721518987,0.159574468,0.107526882,0.06741573,0.428571429,0.181818182,0.2,0.193181818,0.182926829,0.076086957,0.1,0.141304348,0.086021505,0.423626006
0,0,0,0,0,0,0,0,1,0,0.7,0.733333333,0.404545455,0.785714286,0.694444444,0.375,0.355555556,0.325842697,0.511904762,0.518987342,0.010638298,0.010752688,0.02247191,0.417582418,0.409090909,0.847058824,0.784090909,0.853658537,0.652173913,0.722222222,0.097826087,0.129032258,0.511402474
0,0,0,0,0,0,0,0,0,1,0.8,0.333333333,0.136363636,0.75,0.805555556,0.545454545,0.5,0.471910112,0.44047619,0.607594937,0.010638298,0.010752688,0.02247191,0.120879121,0.011363636,0.529411765,0.579545455,0.695121951,0.793478261,0.888888889,0.032608696,0.053763441,0.466832011
0,0,0,0,0,0,0,1,0,0,0.44,0.733333333,0.568181818,0.678571429,0.555555556,0.159090909,0.144444444,0.123595506,0.178571429,0.151898734,0.010638298,0.010752688,0.02247191,0.417582418,0.409090909,0.847058824,0.840909091,0.890243902,0.206521739,0.244444444,0.108695652,0.053763441,0.596207276
0,1,0,0,0,0,0,0,0,0,0.82,0.466666667,0.268181818,0.785714286,0.583333333,0.511363636,0.477777778,0.438202247,0.821428571,0.848101266,0.159574468,0.107526882,0.06741573,0.428571429,0.545454545,0.258823529,0.272727273,0.292682927,0.065217391,0.1,0.086956522,0.086021505,0.438119422
0,0,0,0,1,0,0,0,0,0,0.4,0.466666667,0.604545455,0.5,0.5,0.113636364,0.077777778,0.078651685,0.05952381,0.063291139,0.010638298,0.010752688,0.02247191,0.67032967,0.704545455,0.176470588,0.147727273,0.170731707,0.076086957,0.088888889,0.141304348,0.107526882,0.401895138
0,0,0,0,0,1,0,0,0,0,0.44,0.4,0.159090909,0.535714286,0.611111111,0.159090909,0.177777778,0.179775281,0.178571429,0.151898734,0.340425532,0.290322581,0.247191011,0.142857143,0.125,0.223529412,0.181818182,0.158536585,0.141304348,0.211111111,0.913043478,0.849462366,0.535583068
0,0,0,0,0,0,0,0,0,1,0.82,0.333333333,0.081818182,0.607142857,0.75,0.568181818,0.522222222,0.483146067,0.404761905,0.594936709,0.010638298,0.010752688,0.02247191,0.296703297,0.193181818,0.458823529,0.522727273,0.609756098,0.641304348,0.677777778,0.043478261,0.096774194,0.445188684
0,0,0,1,0,0,0,0,0,0,0.7,0.666666667,0.3,0.428571429,0.416666667,0.715909091,0.7,0.696629213,0.654761905,0.721518987,0.180851064,0.11827957,0.08988764,0.56043956,0.522727273,0.211764706,0.227272727,0.268292683,0.152173913,0.177777778,0.163043478,0.161290323,0.218672704
0,0,0,0,0,0,0,0,0,1,0.76,0.133333333,0.063636364,0.607142857,0.583333333,0.397727273,0.355555556,0.348314607,0.452380952,0.620253165,0.021276596,0.010752688,0.011235955,0.252747253,0.181818182,0.411764706,0.477272727,0.524390244,0.608695652,0.666666667,0.086956522,0.064516129,0.37261704
0,0,1,0,0,0,0,0,0,0,0.82,0.466666667,0.204545455,0.714285714,0.527777778,0.795454545,0.777777778,0.775280899,0.583333333,0.708860759,0.372340426,0.322580645,0.280898876,0.549450549,0.352272727,0.388235294,0.420454545,0.487804878,0.27173913,0.411111111,0.130434783,0.053763441,0.230589628
0,0,0,0,1,0,0,0,0,0,0.32,0.666666667,0.840909091,0.642857143,0.527777778,0.125,0.088888889,0.078651685,0.130952381,0.126582278,0.010638298,0.010752688,0.02247191,0.747252747,0.761363636,0.164705882,0.125,0.195121951,0.076086957,0.055555556,0.195652174,0.204301075,0.179771259
0,0,0,0,1,0,0,0,0,0,0.42,0.866666667,0.718181818,0.428571429,0.527777778,0.113636364,0.077777778,0.078651685,0.130952381,0.063291139,0,0,0.011235955,0.692307692,0.727272727,0.270588235,0.238636364,0.256097561,0.076086957,0.066666667,0.086956522,0.064516129,0.417001849
0,0,0,0,0,0,0,0,0,1,0.76,0.4,0.181818182,0.607142857,0.694444444,0.363636364,0.322222222,0.325842697,0.488095238,0.569620253,0.106382979,0.053763441,0.06741573,0.076923077,0.181818182,0.529411765,0.545454545,0.646341463,0.586956522,0.622222222,0.152173913,0.129032258,0.183768802
0,0,0,0,0,0,0,0,1,0,0.72,0.466666667,0.331818182,0.607142857,0.638888889,0.386363636,0.344444444,0.314606742,0.357142857,0.46835443,0.457446809,0.35483871,0.292134831,0.417582418,0.409090909,0.752941176,0.75,0.792682927,0.554347826,0.622222222,0.086956522,0.086021505,0.227700401
0,0,0,0,1,0,0,0,0,0,0.42,0.666666667,0.709090909,0.75,0.722222222,0.090909091,0.055555556,0.056179775,0.095238095,0.025316456,0.010638298,0.010752688,0.02247191,0.736263736,0.75,0.141176471,0.113636364,0.134146341,0.076086957,0.055555556,0.043478261,0.053763441,0.328831416
0,0,1,0,0,0,0,0,0,0,0.78,0.466666667,0.181818182,0.642857143,0.527777778,0.681818182,0.688888889,0.707865169,0.654761905,0.708860759,0.159574468,0.107526882,0.06741573,0.450549451,0.306818182,0.317647059,0.340909091,0.304878049,0.173913043,0.244444444,0.097826087,0.053763441,0.218672704
0,0,0,0,0,0,0,0,1,0,0.7,0.6,0.436363636,0.785714286,0.5,0.272727273,0.244444444,0.224719101,0.19047619,0.17721519,0.010638298,0.010752688,0.02247191,0.417582418,0.409090909,0.752941176,0.761363636,0.804878049,0.27173913,0.366666667,0.086956522,0.107526882,0.468241696
0,0,0,0,1,0,0,0,0,0,0.5,0.666666667,0.636363636,0.75,0.472222222,0.136363636,0.1,0.08988764,0.107142857,0.088607595,0.010638298,0.010752688,0.02247191,0.626373626,0.659090909,0.164705882,0.170454545,0.170731707,0.076086957,0.088888889,0.195652174,0.204301075,0.229152166
0,1,0,0,0,0,0,0,0,0,0.72,0.6,0.431818182,0.5,0.472222222,0.659090909,0.633333333,0.606741573,0.619047619,0.64556962,0.106382979,0.053763441,0.02247191,0.637362637,0.693181818,0.435294118,0.454545455,0.43902439,0.282608696,0.333333333,0.163043478,0.096774194,0.355432352
0,1,0,0,0,0,0,0,0,0,0.82,0.466666667,0.227272727,0.714285714,0.694444444,0.613636364,0.577777778,0.528089888,0.797619048,0.886075949,0.212765957,0.161290323,0.123595506,0.384615385,0.511363636,0.235294118,0.25,0.243902439,0.065217391,0.122222222,0.163043478,0.11827957,0.410062581
0,1,0,0,0,0,0,0,0,0,0.6,0.533333333,0.404545455,0.714285714,0.388888889,0.625,0.622222222,0.595505618,0.583333333,0.683544304,0.319148936,0.268817204,0.235955056,0.538461538,0.488636364,0.341176471,0.340909091,0.292682927,0.054347826,0.055555556,0.119565217,0.096774194,0.37261704
0,0,0,0,0,0,0,1,0,0,0.44,0.4,0.659090909,0.5,0.527777778,0.136363636,0.111111111,0.08988764,0.130952381,0.126582278,0.010638298,0.010752688,0.02247191,0.417582418,0.409090909,0.894117647,0.897727273,0.914634146,0.217391304,0.244444444,0.195652174,0.204301075,0.742114832
0,0,0,0,1,0,0,0,0,0,0.04,0.933333333,0.731818182,0.607142857,0.333333333,0.068181818,0.088888889,0.08988764,0.119047619,0.075949367,0.010638298,0.010752688,0.02247191,0.637362637,0.602272727,0.176470588,0.102272727,0.182926829,0.043478261,0.044444444,0.184782609,0.172043011,0.185727237
0,0,0,0,1,0,0,0,0,0,0.32,0.6,0.772727273,0.75,0.666666667,0.125,0.088888889,0.06741573,0.119047619,0.037974684,0,0,0.011235955,0.703296703,0.772727273,0.152941176,0.079545455,0.12195122,0.043478261,0.033333333,0.217391304,0.204301075,0.469915533
0,0,0,0,0,0,0,0,1,0,0.7,0.4,0.322727273,0.678571429,0.611111111,0.227272727,0.2,0.191011236,0.357142857,0.455696203,0.010638298,0.010752688,0.02247191,0.417582418,0.409090909,0.658823529,0.681818182,0.756097561,0.391304348,0.433333333,0.239130435,0.204301075,0.356643158
0,0,0,0,0,0,0,0,0,1,0.86,0.466666667,0.181818182,0.5,0.75,0.5,0.455555556,0.426966292,0.476190476,0.670886076,0.138297872,0.075268817,0.04494382,0.307692308,0.295454545,0.470588235,0.579545455,0.597560976,0.836956522,0.888888889,0.173913043,0.086021505,0.53821199
0,0,0,0,0,0,0,0,1,0,0.66,0.4,0.313636364,0.642857143,0.611111111,0.375,0.366666667,0.337078652,0.535714286,0.594936709,0.053191489,0.032258065,0.02247191,0.417582418,0.352272727,0.729411765,0.727272727,0.817073171,0.413043478,0.455555556,0.054347826,0.043010753,0.36654844
0,0,0,0,0,0,0,0,1,0,0.56,0.533333333,0.340909091,0.75,0.611111111,0.193181818,0.155555556,0.157303371,0.19047619,0.265822785,0.010638298,0.010752688,0.02247191,0.417582418,0.409090909,0.788235294,0.772727273,0.829268293,0.456521739,0.555555556,0.108695652,0.139784946,0.070300762
0,0,0,0,0,0,0,0,1,0,0.6,0.533333333,0.363636364,0.642857143,0.555555556,0.318181818,0.277777778,0.280898876,0.321428571,0.379746835,0.010638298,0.010752688,0.02247191,0.417582418,0.409090909,0.776470588,0.738636364,0.829268293,0.47826087,0.533333333,0.163043478,0.247311828,0.240273831
0,0,1,0,0,0,0,0,0,0,0.86,0.333333333,0.1,0.714285714,0.694444444,0.795454545,0.811111111,0.820224719,0.571428571,0.772151899,0.414893617,0.311827957,0.292134831,0.373626374,0.204545455,0.152941176,0.215909091,0.207317073,0.163043478,0.233333333,0.119565217,0.096774194,0.510144697
0,0,0,0,1,0,0,0,0,0,0.2,0.866666667,0.568181818,0.785714286,0.527777778,0.113636364,0.111111111,0.078651685,0.238095238,0.164556962,0.010638298,0.010752688,0.02247191,0.692307692,0.727272727,0.411764706,0.409090909,0.365853659,0.054347826,0.055555556,0.065217391,0.053763441,0.356643158
0,0,0,0,0,0,0,1,0,0,0.7,0.6,0.472727273,0.535714286,0.222222222,0.204545455,0.188888889,0.179775281,0.214285714,0.253164557,0.010638298,0.010752688,0.02247191,0.417582418,0.409090909,0.741176471,0.75,0.780487805,0.315217391,0.411111111,0.173913043,0.139784946,0.218672704
0,0,0,0,0,0,0,0,0,1,0.86,0.266666667,0.236363636,0.464285714,0.694444444,0.329545455,0.288888889,0.292134831,0.428571429,0.569620253,0.010638298,0.010752688,0.02247191,0.307692308,0.295454545,0.564705882,0.625,0.62195122,0.717391304,0.722222222,0.086956522,0.096774194,0.229152166
0,0,0,0,0,0,0,1,0,0,0.64,0.6,0.531818182,0.428571429,0.361111111,0.147727273,0.133333333,0.112359551,0.166666667,0.202531646,0.010638298,0.010752688,0.02247191,0.417582418,0.409090909,0.776470588,0.772727273,0.804878049,0.260869565,0.344444444,0.108695652,0.075268817,0.23892911
0,0,0,0,0,0,0,1,0,0,0.48,0.866666667,0.590909091,0.785714286,0.583333333,0.147727273,0.133333333,0.123595506,0.273809524,0.227848101,0.010638298,0.010752688,0.02247191,0.417582418,0.409090909,0.870588235,0.829545455,0.87804878,0.293478261,0.366666667,0.25,0.258064516,0.752072161
0,0,0,1,0,0,0,0,0,0,0.3,0.6,0.363636364,0.678571429,0.472222222,0.318181818,0.311111111,0.280898876,0.369047619,0.443037975,0.010638298,0.010752688,0.02247191,0.472527473,0.5,0.541176471,0.431818182,0.524390244,0.206521739,0.2,0.108695652,0.150537634,0.173561759
0,0,0,0,0,0,0,1,0,0,0.44,0.4,0.659090909,0.714285714,0.444444444,0.193181818,0.166666667,0.146067416,0.226190476,0.189873418,0.010638298,0.010752688,0.02247191,0.417582418,0.409090909,0.823529412,0.806818182,0.829268293,0.163043478,0.222222222,0.173913043,0.139784946,0.61295035
0,0,0,0,0,0,0,0,0,1,0.92,0.4,0.154545455,0.642857143,0.75,0.477272727,0.477777778,0.471910112,0.428571429,0.64556962,0.138297872,0.075268817,0.06741573,0.307692308,0.181818182,0.435294118,0.522727273,0.548780488,0.77173913,0.744444444,0.086956522,0.043010753,0.486420603
1,0,0,0,0,0,0,0,0,0,0.68,0.533333333,0.245454545,0.464285714,0.5,0.409090909,0.355555556,0.325842697,0.523809524,0.683544304,0.829787234,0.752688172,0.853932584,0.120879121,0.068181818,0.152941176,0.193181818,0.158536585,0.076086957,0.088888889,0.543478261,0.419354839,0.593021276
0,0,0,0,0,0,0,1,0,0,0.52,0.533333333,0.595454545,0.535714286,0.25,0.170454545,0.166666667,0.146067416,0.214285714,0.164556962,0.010638298,0.010752688,0.02247191,0.417582418,0.409090909,0.741176471,0.681818182,0.768292683,0.130434783,0.211111111,0.097826087,0.043010753,0.218672704
0,0,1,0,0,0,0,0,0,0,0.76,0.266666667,0.063636364,0.392857143,0.527777778,0.715909091,0.722222222,0.741573034,0.607142857,0.759493671,0.159574468,0.107526882,0.06741573,0.307692308,0.306818182,0.2,0.215909091,0.182926829,0.086956522,0.2,0.184782609,0.129032258,0.218672704
0,1,0,0,0,0,0,0,0,0,0.72,0.6,0.318181818,0.607142857,0.5,0.613636364,0.577777778,0.539325843,0.619047619,0.64556962,0.212765957,0.161290323,0.123595506,0.549450549,0.590909091,0.364705882,0.375,0.341463415,0.141304348,0.177777778,0.141304348,0.107526882,0.416602666
0,0,0,0,0,0,0,1,0,0,0.42,0.533333333,0.636363636,0.642857143,0.083333333,0.170454545,0.144444444,0.123595506,0.202380952,0.151898734,0.010638298,0.010752688,0.02247191,0.417582418,0.409090909,0.717647059,0.681818182,0.731707317,0.076086957,0.133333333,0.076086957,0.053763441,0.364277558
0,0,0,0,0,0,0,1,0,0,0.54,0.666666667,0.577272727,0.964285714,0.666666667,0.170454545,0.144444444,0.123595506,0.107142857,0.215189873,0.010638298,0.010752688,0.02247191,0.417582418,0.409090909,0.917647059,0.909090909,0.914634146,0.293478261,0.388888889,0.282608696,0.247311828,0.465408573
0,0,0,0,0,0,0,0,0,1,0.78,0.466666667,0.209090909,0.75,0.666666667,0.431818182,0.422222222,0.415730337,0.476190476,0.556962025,0.010638298,0.010752688,0.02247191,0.307692308,0.295454545,0.647058824,0.636363636,0.768292683,0.608695652,0.666666667,0.130434783,0.11827957,0.443868302
0,0,0,0,0,0,0,0,1,0,0.74,0.733333333,0.431818182,0.785714286,0.694444444,0.568181818,0.533333333,0.516853933,0.476190476,0.544303797,0.010638298,0.010752688,0.02247191,0.417582418,0.409090909,0.847058824,0.829545455,0.890243902,0.510869565,0.611111111,0.086956522,0.11827957,0.576089876
0,0,0,0,0,0,0,1,0,0,0.54,0.666666667,0.5,0.642857143,0.277777778,0.136363636,0.122222222,0.101123596,0.142857143,0.164556962,0.010638298,0.010752688,0.02247191,0.417582418,0.409090909,0.752941176,0.704545455,0.743902439,0.173913043,0.244444444,0.108695652,0.204301075,0.162586571
0,0,0,0,1,0,0,0,0,0,0.3,0.733333333,0.695454545,0.678571429,0.666666667,0.136363636,0.1,0.078651685,0.154761905,0.113924051,0.010638298,0.010752688,0.02247191,0.857142857,1,0.247058824,0.204545455,0.219512195,0.065217391,0.066666667,0.141304348,0.11827957,0.751348483
1,0,0,0,0,0,0,0,0,0,0.76,0.466666667,0.140909091,0.607142857,0.472222222,0.590909091,0.577777778,0.550561798,0.488095238,0.658227848,0.808510638,0.731182796,0.719101124,0.153846154,0.034090909,0.164705882,0.181818182,0.182926829,0.043478261,0.033333333,0.173913043,0.182795699,0.423626006
0,0,1,0,0,0,0,0,0,0,0.8,0.533333333,0.295454545,0.607142857,0.555555556,0.784090909,0.788888889,0.775280899,0.773809524,0.848101266,0.361702128,0.301075269,0.213483146,0.461538462,0.284090909,0.4,0.386363636,0.390243902,0.22826087,0.3,0.130434783,0.107526882,0.505872029
0,0,0,1,0,0,0,0,0,0,0.66,0.666666667,0.390909091,0.678571429,0.555555556,0.670454545,0.666666667,0.640449438,0.642857143,0.721518987,0.308510638,0.204301075,0.191011236,0.549450549,0.545454545,0.364705882,0.352272727,0.329268293,0.097826087,0.166666667,0.119565217,0.096774194,0.428127171
0,0,0,0,0,0,0,0,1,0,0.72,0.533333333,0.309090909,0.535714286,0.694444444,0.318181818,0.311111111,0.292134831,0.273809524,0.316455696,0.010638298,0.010752688,0.02247191,0.417582418,0.409090909,0.811764706,0.795454545,0.87804878,0.565217391,0.666666667,0.097826087,0.150537634,0.126569386
0,0,0,0,1,0,0,0,0,0,0.34,0.8,0.686363636,0.714285714,0.333333333,0.147727273,0.144444444,0.134831461,0.154761905,0.075949367,0.021276596,0.010752688,0.011235955,0.67032967,0.579545455,0.235294118,0.170454545,0.182926829,0.054347826,0.033333333,0.054347826,0.053763441,0.364848601
0,0,1,0,0,0,0,0,0,0,0.84,0.266666667,0.136363636,0.714285714,0.527777778,0.738636364,0.733333333,0.730337079,0.619047619,0.746835443,0.425531915,0.301075269,0.269662921,0.351648352,0.204545455,0.282352941,0.272727273,0.268292683,0.173913043,0.233333333,0.173913043,0.11827957,0.410062581
0,1,0,0,0,0,0,0,0,0,0.82,0.4,0.245454545,0.714285714,0.527777778,0.693181818,0.655555556,0.640449438,0.797619048,0.873417722,0.159574468,0.107526882,0.06741573,0.32967033,0.488636364,0.211764706,0.227272727,0.219512195,0.076086957,0.111111111,0.152173913,0.129032258,0.437427946
0,0,0,0,1,0,0,0,0,0,0.3,0.666666667,0.695454545,0.75,0.666666667,0.056818182,0.044444444,0.04494382,0.083333333,0.025316456,0.010638298,0.010752688,0.02247191,0.78021978,0.693181818,0.458823529,0.465909091,0.414634146,0.076086957,0.066666667,0.108695652,0.075268817,0.445188684
0,0,1,0,0,0,0,0,0,0,0.78,0.466666667,0.181818182,0.642857143,0.472222222,0.784090909,0.8,0.786516854,0.55952381,0.734177215,0.138297872,0.107526882,0.08988764,0.527472527,0.352272727,0.176470588,0.193181818,0.170731707,0.119565217,0.188888889,0.173913043,0.172043011,0.094012471
0,0,0,0,1,0,0,0,0,0,0.42,0.733333333,0.840909091,0.607142857,0.555555556,0.079545455,0.088888889,0.078651685,0.071428571,0.025316456,0.053191489,0.021505376,0.02247191,0.725274725,0.636363636,0.211764706,0.159090909,0.146341463,0.065217391,0.055555556,0.086956522,0.107526882,0.423626006
0,0,0,0,1,0,0,0,0,0,0.4,0.866666667,0.659090909,0.607142857,0.555555556,0.113636364,0.077777778,0.078651685,0.130952381,0.063291139,0,0,0.011235955,0.692307692,0.613636364,0.223529412,0.204545455,0.219512195,0.076086957,0.066666667,0.086956522,0.064516129,0.229152166
0,0,0,0,0,0,0,0,1,0,0.8,0.6,0.381818182,0.785714286,0.583333333,0.375,0.377777778,0.337078652,0.345238095,0.379746835,0.010638298,0.010752688,0.02247191,0.417582418,0.409090909,0.705882353,0.670454545,0.792682927,0.543478261,0.622222222,0.141304348,0.150537634,0.410062581
0,1,0,0,0,0,0,0,0,0,0.84,0.333333333,0.25,0.821428571,0.666666667,0.681818182,0.644444444,0.617977528,0.880952381,0.924050633,0.329787234,0.279569892,0.213483146,0.428571429,0.545454545,0.282352941,0.284090909,0.280487805,0.086956522,0.088888889,0.173913043,0.139784946,0.423626006
0,0,0,0,0,0,0,0,0,1,0.78,0.4,0.181818182,0.821428571,0.75,0.5,0.477777778,0.471910112,0.44047619,0.594936709,0.159574468,0.107526882,0.08988764,0.307692308,0.295454545,0.494117647,0.579545455,0.634146341,0.72826087,0.788888889,0.108695652,0.150537634,0.468241696
0,1,0,0,0,0,0,0,0,0,0.58,0.466666667,0.340909091,0.5,0.638888889,0.636363636,0.577777778,0.539325843,0.678571429,0.746835443,0.5,0.451612903,0.438202247,0.659340659,0.681818182,0.388235294,0.363636364,0.43902439,0.108695652,0.144444444,0.532608696,0.333333333,0.452244623
0,0,0,0,0,0,0,0,0,1,0.76,0.466666667,0.190909091,0.571428571,0.694444444,0.386363636,0.344444444,0.325842697,0.416666667,0.582278481,0.010638298,0.010752688,0.02247191,0.296703297,0.272727273,0.494117647,0.590909091,0.585365854,0.652173913,0.611111111,0.119565217,0.11827957,0.218672704
0,0,0,0,1,0,0,0,0,0,0.4,0.6,0.686363636,0.785714286,0.555555556,0.170454545,0.155555556,0.134831461,0.107142857,0.101265823,0.053191489,0.032258065,0.02247191,0.736263736,0.659090909,0.223529412,0.136363636,0.170731707,0.054347826,0.044444444,0.141304348,0.096774194,0.423626006
0,0,0,0,0,0,0,1,0,0,0.44,0.6,0.636363636,0.785714286,0.5,0.136363636,0.111111111,0.112359551,0.166666667,0.240506329,0.010638298,0.010752688,0.02247191,0.417582418,0.409090909,0.941176471,0.875,0.963414634,0.206521739,0.244444444,0.02173913,0.021505376,0.805976402
0,0,0,0,0,0,0,0,0,1,0.78,0.333333333,0.081818182,0.607142857,0.722222222,0.386363636,0.377777778,0.337078652,0.369047619,0.594936709,0.010638298,0.010752688,0.02247191,0.153846154,0.136363636,0.470588235,0.522727273,0.56097561,0.706521739,0.688888889,0.086956522,0.053763441,0.218672704
0,0,0,0,0,0,0,0,0,1,0.84,0.6,0.218181818,0.607142857,0.666666667,0.352272727,0.333333333,0.314606742,0.404761905,0.607594937,0.010638298,0.010752688,0.02247191,0.307692308,0.295454545,0.529411765,0.613636364,0.670731707,0.510869565,0.611111111,0.076086957,0.053763441,0.229152166
0,0,0,0,0,0,0,0,0,1,0.82,0.533333333,0.181818182,0.5,0.75,0.340909091,0.333333333,0.314606742,0.452380952,0.582278481,0.138297872,0.107526882,0.08988764,0.307692308,0.295454545,0.541176471,0.534090909,0.597560976,0.576086957,0.644444444,0.097826087,0.075268817,0.185727237
0,0,0,0,0,0,0,0,0,1,0.84,0.4,0.154545455,0.428571429,0.722222222,0.5,0.488888889,0.471910112,0.44047619,0.620253165,0.255319149,0.204301075,0.168539326,0.307692308,0.295454545,0.529411765,0.636363636,0.62195122,0.75,0.722222222,0.086956522,0.129032258,0.465694374
0,0,0,0,0,0,0,1,0,0,0.6,0.666666667,0.504545455,0.785714286,0.361111111,0.159090909,0.144444444,0.123595506,0.214285714,0.329113924,0.010638298,0.010752688,0.02247191,0.417582418,0.409090909,0.741176471,0.715909091,0.756097561,0.260869565,0.388888889,0.097826087,0.096774194,0.423626006
0,0,0,0,1,0,0,0,0,0,0.28,0.8,0.672727273,0.785714286,0.75,0.284090909,0.255555556,0.235955056,0.345238095,0.35443038,0.372340426,0.311827957,0.258426966,0.769230769,0.727272727,0.329411765,0.295454545,0.280487805,0.076086957,0.055555556,0.152173913,0.053763441,0.126569386
0,0,0,0,0,0,0,1,0,0,0.6,0.666666667,0.513636364,0.785714286,0.388888889,0.125,0.122222222,0.112359551,0.297619048,0.329113924,0.042553191,0.021505376,0.02247191,0.417582418,0.352272727,0.705882353,0.693181818,0.731707317,0.206521739,0.288888889,0.043478261,0.021505376,0.423626006
0,1,0,0,0,0,0,0,0,0,0.82,0.266666667,0.181818182,0.5,0.75,0.636363636,0.6,0.573033708,0.880952381,0.911392405,0.159574468,0.129032258,0.08988764,0.318681319,0.488636364,0.188235294,0.215909091,0.207317073,0.086956522,0.122222222,0.141304348,0.139784946,0.410062581
1,0,0,0,0,0,0,0,0,0,0.76,0.266666667,0.2,0.607142857,0.555555556,0.170454545,0.166666667,0.146067416,0.488095238,0.670886076,0.872340426,0.838709677,0.865168539,0.098901099,0.034090909,0.105882353,0.170454545,0.146341463,0.043478261,0.033333333,0.173913043,0.182795699,0.416602666
0,0,0,0,0,0,0,0,0,1,0.86,0.466666667,0.190909091,0.714285714,0.666666667,0.375,0.355555556,0.337078652,0.452380952,0.594936709,0.159574468,0.11827957,0.101123596,0.307692308,0.272727273,0.541176471,0.556818182,0.585365854,0.619565217,0.655555556,0.184782609,0.172043011,0.318243264
0,0,0,0,0,0,0,1,0,0,0.26,0.666666667,0.727272727,0.821428571,0.5,0.102272727,0.077777778,0.056179775,0.107142857,0.075949367,0.010638298,0.010752688,0.02247191,0.417582418,0.409090909,0.835294118,0.795454545,0.829268293,0.206521739,0.322222222,0,0.11827957,0.331720643
0,0,0,0,1,0,0,0,0,0,0.22,0.8,0.772727273,0.714285714,0.777777778,0.386363636,0.344444444,0.303370787,0.285714286,0.240506329,0,0,0.011235955,0.791208791,0.704545455,0.529411765,0.420454545,0.426829268,0.065217391,0.044444444,0.184782609,0.129032258,0.094012471
0,0,0,1,0,0,0,0,0,0,0.66,0.4,0.318181818,0.714285714,0.472222222,0.659090909,0.622222222,0.595505618,0.738095238,0.746835443,0.287234043,0.161290323,0.224719101,0.527472527,0.522727273,0.388235294,0.431818182,0.37804878,0.108695652,0.088888889,0.380434783,0.333333333,0.416602666
0,1,0,0,0,0,0,0,0,0,0.74,0.133333333,0.159090909,0.714285714,0.583333333,0.590909091,0.544444444,0.494382022,0.654761905,0.784810127,0.14893617,0.107526882,0.112359551,0.307692308,0.409090909,0.258823529,0.329545455,0.37804878,0.25,0.288888889,0.130434783,0.064516129,0.218672704
0,0,0,0,0,0,0,0,1,0,0.68,0.533333333,0.381818182,0.607142857,0.777777778,0.306818182,0.266666667,0.269662921,0.30952381,0.240506329,0,0,0.011235955,0.417582418,0.409090909,0.894117647,0.806818182,0.926829268,0.489130435,0.655555556,0.130434783,0.086021505,0.515315374
0,0,0,0,0,0,0,0,1,0,0.74,0.4,0.363636364,0.5,0.555555556,0.318181818,0.277777778,0.258426966,0.452380952,0.506329114,0.010638298,0.010752688,0.02247191,0.417582418,0.409090909,0.717647059,0.681818182,0.780487805,0.597826087,0.666666667,0.163043478,0.247311828,0.226234045
0,0,0,0,0,0,0,0,0,1,0.76,0.666666667,0.25,0.75,0.777777778,0.409090909,0.366666667,0.370786517,0.547619048,0.696202532,0.106382979,0.053763441,0.06741573,0.10989011,0.181818182,0.694117647,0.693181818,0.829268293,0.75,0.811111111,0.152173913,0.129032258,0.462519346
0,0,0,0,0,0,0,0,0,1,0.84,0.333333333,0.159090909,0.642857143,0.694444444,0.431818182,0.4,0.359550562,0.595238095,0.696202532,0.053191489,0.053763441,0.06741573,0.307692308,0.352272727,0.541176471,0.602272727,0.634146341,0.652173913,0.677777778,0.130434783,0.086021505,0.169270238
0,0,0,0,1,0,0,0,0,0,0.28,0.6,0.645454545,0.928571429,0.888888889,0.204545455,0.166666667,0.123595506,0.107142857,0.012658228,0.010638298,0.010752688,0.02247191,0.736263736,0.875,0.235294118,0.193181818,0.219512195,0.076086957,0.022222222,0.043478261,0.096774194,0.726207293
0,0,0,0,1,0,0,0,0,0,0.26,0.733333333,0.681818182,0.714285714,0.555555556,0.284090909,0.266666667,0.258426966,0.226190476,0.189873418,0.010638298,0.010752688,0.02247191,0.714285714,0.602272727,0.376470588,0.306818182,0.292682927,0.086956522,0.088888889,0.163043478,0.161290323,0.218672704
0,0,0,0,1,0,0,0,0,0,0.36,0.666666667,0.668181818,0.821428571,0.694444444,0.409090909,0.411111111,0.393258427,0.416666667,0.417721519,0.010638298,0.010752688,0.02247191,0.626373626,0.738636364,0.411764706,0.420454545,0.402439024,0.065217391,0.055555556,0.054347826,0.064516129,0.423626006
0,0,0,0,0,0,0,0,0,1,0.86,0.466666667,0.186363636,0.571428571,0.527777778,0.363636364,0.355555556,0.337078652,0.642857143,0.734177215,0.106382979,0.053763441,0.04494382,0.285714286,0.227272727,0.541176471,0.545454545,0.597560976,0.565217391,0.622222222,0.086956522,0.086021505,0.364848601
0,0,0,0,0,0,0,1,0,0,0.62,0.666666667,0.468181818,0.821428571,0.555555556,0.215909091,0.188888889,0.179775281,0.261904762,0.303797468,0.010638298,0.010752688,0.02247191,0.417582418,0.409090909,0.776470588,0.761363636,0.792682927,0.130434783,0.177777778,0.119565217,0.086021505,0.490572048
0,0,0,0,0,0,0,0,0,1,0.78,0.466666667,0.140909091,0.714285714,0.694444444,0.409090909,0.377777778,0.359550562,0.404761905,0.620253165,0.031914894,0.032258065,0.04494382,0.307692308,0.238636364,0.423529412,0.545454545,0.609756098,0.576086957,0.677777778,0.152173913,0.139784946,0.423626006
0,0,0,0,1,0,0,0,0,0,0.34,0.6,0.736363636,0.571428571,0.583333333,0.113636364,0.133333333,0.112359551,0.202380952,0.088607595,0.042553191,0.043010753,0.033707865,0.681318681,0.75,0.176470588,0.136363636,0.170731707,0.043478261,0.033333333,0.152173913,0.075268817,0.423626006
0,0,0,0,1,0,0,0,0,0,0.34,0.6,0.618181818,0.75,0.555555556,0.079545455,0.088888889,0.06741573,0.107142857,0.050632911,0.010638298,0.010752688,0.02247191,0.626373626,0.715909091,0.211764706,0.181818182,0.195121951,0.043478261,0.033333333,0.097826087,0.086021505,0.30252199
0,0,0,1,0,0,0,0,0,0,0.76,0.666666667,0.390909091,0.785714286,0.638888889,0.75,0.744444444,0.719101124,0.666666667,0.746835443,0.106382979,0.053763441,0.02247191,0.56043956,0.579545455,0.376470588,0.375,0.317073171,0.108695652,0.144444444,0.163043478,0.150537634,0.448116566
0,0,0,0,0,0,0,0,0,1,0.78,0.266666667,0.159090909,0.464285714,0.611111111,0.329545455,0.288888889,0.292134831,0.357142857,0.582278481,0.010638298,0.010752688,0.02247191,0.120879121,0.011363636,0.552941176,0.636363636,0.609756098,0.695652174,0.611111111,0.032608696,0.053763441,0.229152166
0,0,0,0,0,0,0,0,1,0,0.68,0.666666667,0.486363636,0.642857143,0.444444444,0.465909091,0.455555556,0.426966292,0.321428571,0.430379747,0.010638298,0.010752688,0.02247191,0.417582418,0.409090909,0.717647059,0.727272727,0.792682927,0.5,0.566666667,0.119565217,0.075268817,0.424764382
0,0,0,0,0,0,0,0,0,1,0.78,0.333333333,0.227272727,0.642857143,0.75,0.511363636,0.5,0.449438202,0.464285714,0.632911392,0.308510638,0.247311828,0.224719101,0.307692308,0.295454545,0.611764706,0.590909091,0.682926829,0.75,0.866666667,0.52173913,0.408602151,0.682289929
0,0,0,0,1,0,0,0,0,0,0.32,0.733333333,0.690909091,0.857142857,0.75,0.136363636,0.122222222,0.123595506,0.130952381,0.075949367,0.010638298,0.010752688,0.02247191,0.67032967,0.852272727,0.317647059,0.25,0.231707317,0.076086957,0.055555556,0.163043478,0.150537634,0.751670561
0,0,1,0,0,0,0,0,0,0,0.92,0.266666667,0.068181818,0.5,0.444444444,0.636363636,0.633333333,0.640449438,0.452380952,0.64556962,0.255319149,0.150537634,0.112359551,0.274725275,0.238636364,0.094117647,0.113636364,0.097560976,0.141304348,0.144444444,0.108695652,0.086021505,0.207381896
0,0,0,0,1,0,0,0,0,0,0.4,0.8,0.668181818,0.642857143,0.555555556,0.295454545,0.277777778,0.247191011,0.130952381,0.050632911,0.010638298,0.010752688,0.02247191,0.681318681,0.715909091,0.352941176,0.318181818,0.292682927,0.076086957,0.055555556,0.152173913,0.053763441,0.577556232
0,0,0,0,0,0,0,1,0,0,0.4,0.6,0.545454545,0.678571429,0.361111111,0.147727273,0.133333333,0.134831461,0.178571429,0.151898734,0.010638298,0.010752688,0.02247191,0.417582418,0.409090909,0.752941176,0.727272727,0.792682927,0.108695652,0.2,0.097826087,0.064516129,0.218672704
0,0,0,0,0,0,0,0,0,1,0.76,0.333333333,0.068181818,0.642857143,0.611111111,0.454545455,0.433333333,0.415730337,0.488095238,0.632911392,0.010638298,0.010752688,0.02247191,0.120879121,0.045454545,0.423529412,0.511363636,0.548780488,0.706521739,0.666666667,0.076086957,0.096774194,0.364848601
0,0,0,0,0,0,0,0,0,1,0.8,0.333333333,0.145454545,0.678571429,0.75,0.397727273,0.355555556,0.348314607,0.404761905,0.569620253,0.010638298,0.010752688,0.02247191,0.307692308,0.295454545,0.494117647,0.613636364,0.609756098,0.836956522,0.777777778,0.141304348,0.129032258,0.126569386
0,0,0,0,0,0,0,1,0,0,0.74,0.733333333,0.477272727,0.857142857,0.611111111,0.409090909,0.388888889,0.348314607,0.44047619,0.493670886,0.010638298,0.010752688,0.02247191,0.417582418,0.409090909,0.764705882,0.715909091,0.817073171,0.369565217,0.444444444,0.195652174,0.172043011,0.466548432
0,0,0,0,0,0,0,0,1,0,0.76,0.466666667,0.368181818,0.607142857,0.472222222,0.25,0.211111111,0.213483146,0.464285714,0.582278481,0.553191489,0.505376344,0.573033708,0.417582418,0.409090909,0.741176471,0.727272727,0.804878049,0.489130435,0.533333333,0.130434783,0.086021505,0.218672704
0,0,1,0,0,0,0,0,0,0,0.94,0.266666667,0.122727273,0.607142857,0.611111111,0.806818182,0.811111111,0.831460674,0.630952381,0.810126582,0.425531915,0.376344086,0.370786517,0.384615385,0.159090909,0.388235294,0.409090909,0.414634146,0.445652174,0.377777778,0.402173913,0.279569892,0.126569386
0,1,0,0,0,0,0,0,0,0,0.84,0.533333333,0.272727273,0.714285714,0.611111111,0.784090909,0.766666667,0.775280899,0.797619048,0.873417722,0.510638298,0.451612903,0.370786517,0.516483516,0.534090909,0.4,0.386363636,0.426829268,0.163043478,0.2,0.141304348,0.150537634,0.476425217
0,0,0,0,1,0,0,0,0,0,0.32,0.733333333,0.681818182,0.785714286,0.833333333,0.454545455,0.411111111,0.370786517,0.226190476,0.139240506,0.010638298,0.010752688,0.02247191,0.736263736,0.693181818,0.352941176,0.272727273,0.256097561,0.086956522,0.088888889,0.163043478,0.161290323,0.153170322
0,0,0,0,0,0,0,0,0,1,0.88,0.533333333,0.113636364,0.785714286,0.722222222,0.556818182,0.511111111,0.483146067,0.392857143,0.582278481,0.010638298,0.010752688,0.02247191,0.296703297,0.193181818,0.505882353,0.556818182,0.634146341,0.695652174,0.733333333,0.043478261,0.096774194,0.265979666
0,0,0,0,0,0,0,0,1,0,0.74,0.533333333,0.295454545,0.642857143,0.472222222,0.420454545,0.4,0.370786517,0.5,0.582278481,0.010638298,0.010752688,0.02247191,0.417582418,0.409090909,0.705882353,0.727272727,0.731707317,0.445652174,0.511111111,0.119565217,0.107526882,0.218672704
0,0,0,0,0,0,0,0,0,1,0.86,0.4,0.204545455,0.571428571,0.694444444,0.352272727,0.311111111,0.314606742,0.416666667,0.594936709,0.425531915,0.290322581,0.235955056,0.307692308,0.295454545,0.635294118,0.693181818,0.756097561,0.673913043,0.733333333,0.239130435,0.161290323,0.24935506
0,0,0,1,0,0,0,0,0,0,0.64,0.733333333,0.395454545,0.678571429,0.583333333,0.772727273,0.755555556,0.719101124,0.654761905,0.658227848,0.212765957,0.161290323,0.112359551,0.626373626,0.625,0.364705882,0.386363636,0.341463415,0.097826087,0.155555556,0.152173913,0.139784946,0.416602666
0,1,0,0,0,0,0,0,0,0,0.88,0.466666667,0.272727273,0.678571429,0.833333333,0.625,0.577777778,0.539325843,0.857142857,0.911392405,0.159574468,0.107526882,0.08988764,0.395604396,0.534090909,0.223529412,0.238636364,0.207317073,0.086956522,0.111111111,0.119565217,0.096774194,0.470745305
0,1,0,0,0,0,0,0,0,0,0.9,0.2,0.231818182,0.678571429,0.75,0.568181818,0.533333333,0.505617978,0.892857143,0.911392405,0.159574468,0.107526882,0.078651685,0.285714286,0.454545455,0.294117647,0.295454545,0.280487805,0.076086957,0.122222222,0.086956522,0.064516129,0.465694374
0,0,1,0,0,0,0,0,0,0,0.78,0.333333333,0.113636364,0.607142857,0.611111111,0.670454545,0.688888889,0.696629213,0.55952381,0.759493671,0.308510638,0.258064516,0.247191011,0.406593407,0.215909091,0.176470588,0.238636364,0.207317073,0.315217391,0.277777778,0.152173913,0.139784946,0.185727237
0,0,0,0,0,0,0,1,0,0,0.4,0.466666667,0.568181818,0.571428571,0.361111111,0.113636364,0.1,0.08988764,0.166666667,0.088607595,0.010638298,0.010752688,0.02247191,0.417582418,0.409090909,0.811764706,0.761363636,0.829268293,0.152173913,0.244444444,0.141304348,0.150537634,0.094012471
0,0,0,0,0,0,0,1,0,0,0.34,0.6,0.75,0.892857143,0.472222222,0.147727273,0.122222222,0.112359551,0.19047619,0.215189873,0.010638298,0.010752688,0.02247191,0.417582418,0.409090909,0.847058824,0.818181818,0.853658537,0.184782609,0.244444444,0.108695652,0.11827957,0.582895471
0,0,1,0,0,0,0,0,0,0,0.78,0.6,0.268181818,0.464285714,0.666666667,0.818181818,0.822222222,0.820224719,0.726190476,0.82278481,0.276595745,0.215053763,0.179775281,0.516483516,0.340909091,0.305882353,0.318181818,0.292682927,0.054347826,0.144444444,0.130434783,0.064516129,0.483164304
0,0,0,0,1,0,0,0,0,0,0.24,0.733333333,0.75,0.535714286,0.611111111,0.102272727,0.1,0.101123596,0.095238095,0.063291139,0.010638298,0.010752688,0.02247191,0.758241758,0.772727273,0.117647059,0.113636364,0.134146341,0.076086957,0.088888889,0.130434783,0.172043011,0.449079613
0,1,0,0,0,0,0,0,0,0,0.8,0.333333333,0.236363636,0.571428571,0.527777778,0.590909091,0.566666667,0.516853933,0.833333333,0.860759494,0.159574468,0.107526882,0.06741573,0.296703297,0.511363636,0.352941176,0.204545455,0.170731707,0.184782609,0.277777778,0.097826087,0.064516129,0.401895138
0,0,0,0,1,0,0,0,0,0,0.46,0.733333333,0.690909091,0.5,0.611111111,0.227272727,0.188888889,0.146067416,0.19047619,0.139240506,0.010638298,0.010752688,0.02247191,0.703296703,0.693181818,0.270588235,0.227272727,0.231707317,0.076086957,0.088888889,0.163043478,0.150537634,0.401895138
0,0,0,0,0,0,0,1,0,0,0.26,0.6,0.763636364,0.571428571,0.333333333,0.147727273,0.122222222,0.101123596,0.297619048,0.253164557,0.223404255,0.182795699,0.168539326,0.417582418,0.409090909,0.8,0.772727273,0.804878049,0.163043478,0.244444444,0.119565217,0.150537634,0.578613492
0,0,0,0,1,0,0,0,0,0,0.32,0.666666667,0.704545455,0.571428571,0.388888889,0.113636364,0.077777778,0.078651685,0.083333333,0.025316456,0.010638298,0.010752688,0.02247191,0.681318681,0.670454545,0.270588235,0.227272727,0.195121951,0.076086957,0.055555556,0.043478261,0.053763441,0.229152166
0,0,0,0,0,0,0,1,0,0,0.66,0.666666667,0.536363636,0.678571429,0.555555556,0.170454545,0.155555556,0.134831461,0.166666667,0.240506329,0.010638298,0.010752688,0.02247191,0.417582418,0.409090909,0.835294118,0.795454545,0.87804878,0.369565217,0.488888889,0.141304348,0.139784946,0.7319812
0,0,0,0,1,0,0,0,0,0,0.28,0.666666667,0.613636364,0.678571429,0.611111111,0.25,0.211111111,0.168539326,0.047619048,0.037974684,0.010638298,0.010752688,0.02247191,0.736263736,0.647727273,0.294117647,0.215909091,0.304878049,0.076086957,0.055555556,0.141304348,0.150537634,0.212328174
0,0,0,0,1,0,0,0,0,0,0.5,0.733333333,0.636363636,0.5,0.694444444,0.227272727,0.188888889,0.146067416,0.19047619,0.139240506,0.010638298,0.010752688,0.02247191,0.802197802,0.852272727,0.305882353,0.306818182,0.304878049,0.076086957,0.088888889,0.163043478,0.150537634,0.777444745
0,1,0,0,0,0,0,0,0,0,0.82,0.333333333,0.240909091,0.607142857,0.638888889,0.613636364,0.588888889,0.528089888,0.904761905,0.911392405,0.234042553,0.182795699,0.146067416,0.384615385,0.613636364,0.270588235,0.261363636,0.292682927,0.086956522,0.122222222,0.097826087,0.064516129,0.082637787
0,0,0,1,0,0,0,0,0,0,0.7,0.666666667,0.386363636,0.714285714,0.611111111,0.75,0.733333333,0.730337079,0.666666667,0.784810127,0.106382979,0.053763441,0.02247191,0.516483516,0.5,0.270588235,0.318181818,0.280487805,0.108695652,0.177777778,0.184782609,0.172043011,0.438807637
0,0,0,0,0,0,0,0,0,1,0.72,0.466666667,0.163636364,0.642857143,0.611111111,0.397727273,0.355555556,0.348314607,0.488095238,0.64556962,0.031914894,0.021505376,0.02247191,0.307692308,0.295454545,0.6,0.659090909,0.707317073,0.630434783,0.666666667,0.141304348,0.150537634,0.185727237
1,0,0,0,0,0,0,0,0,0,0.56,0.533333333,0.268181818,0.571428571,0.416666667,0.159090909,0.166666667,0.157303371,0.464285714,0.544303797,0.79787234,0.76344086,0.831460674,0.142857143,0.068181818,0.164705882,0.181818182,0.170731707,0.054347826,0.088888889,0.173913043,0.139784946,0.417399943
0,0,0,0,0,0,0,0,0,1,0.72,0.133333333,0.072727273,0.535714286,0.611111111,0.443181818,0.422222222,0.370786517,0.404761905,0.607594937,0.20212766,0.161290323,0.123595506,0.307692308,0.295454545,0.529411765,0.579545455,0.695121951,0.652173913,0.677777778,0.032608696,0.053763441,0.218672704
0,0,0,0,0,0,0,1,0,0,0.42,0.533333333,0.668181818,0.607142857,0.25,0.125,0.111111111,0.101123596,0.19047619,0.151898734,0.010638298,0.010752688,0.02247191,0.494505495,0.5,0.741176471,0.738636364,0.780487805,0.108695652,0.144444444,0.152173913,0.107526882,0.410062581
0,0,1,0,0,0,0,0,0,0,0.86,0.333333333,0.113636364,0.642857143,0.5,0.738636364,0.744444444,0.764044944,0.607142857,0.721518987,0.106382979,0.053763441,0.02247191,0.373626374,0.181818182,0.317647059,0.329545455,0.341463415,0.282608696,0.366666667,0.141304348,0.096774194,0.423626006
0,0,0,0,0,0,0,1,0,0,0.48,0.533333333,0.581818182,0.642857143,0.305555556,0.147727273,0.144444444,0.146067416,0.345238095,0.291139241,0.010638298,0.010752688,0.02247191,0.417582418,0.409090909,0.717647059,0.727272727,0.768292683,0.260869565,0.3,0.25,0.215053763,0.207381896
0,0,0,0,1,0,0,0,0,0,0.24,0.733333333,0.681818182,0.714285714,0.5,0.340909091,0.288888889,0.258426966,0.166666667,0.075949367,0.010638298,0.010752688,0.02247191,0.714285714,0.704545455,0.341176471,0.272727273,0.280487805,0.076086957,0.066666667,0.097826087,0.053763441,0.220216647
0,0,0,0,0,0,0,0,0,1,0.86,0.4,0.236363636,0.75,0.694444444,0.397727273,0.4,0.393258427,0.464285714,0.582278481,0.180851064,0.096774194,0.08988764,0.307692308,0.295454545,0.576470588,0.556818182,0.646341463,0.641304348,0.744444444,0.195652174,0.182795699,0.436733177
1,0,0,0,0,0,0,0,0,0,0.6,0.533333333,0.286363636,0.75,0.944444444,0.227272727,0.244444444,0.235955056,0.476190476,0.518987342,0.925531915,0.903225806,0.921348315,0.175824176,0.034090909,0.105882353,0.136363636,0.097560976,0.086956522,0.133333333,0.086956522,0.129032258,0.685109364
0,0,1,0,0,0,0,0,0,0,0.76,0.6,0.163636364,0.892857143,0.638888889,0.818181818,0.822222222,0.831460674,0.666666667,0.797468354,0.212765957,0.161290323,0.123595506,0.461538462,0.397727273,0.235294118,0.204545455,0.243902439,0.141304348,0.211111111,0.141304348,0.086021505,0.447147119
1,0,0,0,0,0,0,0,0,0,0.68,0.466666667,0.227272727,0.642857143,0.333333333,0.170454545,0.188888889,0.191011236,0.476190476,0.658227848,0.85106383,0.784946237,0.831460674,0.076923077,0.136363636,0.176470588,0.227272727,0.195121951,0.02173913,0,0.173913043,0.129032258,0.536815796
0,1,0,0,0,0,0,0,0,0,0.8,0.2,0.222727273,0.464285714,0.611111111,0.704545455,0.666666667,0.606741573,0.738095238,0.835443038,0.457446809,0.440860215,0.404494382,0.483516484,0.5,0.282352941,0.215909091,0.158536585,0.434782609,0.477777778,0.22826087,0.172043011,0.094012471
0,0,0,0,0,0,1,0,0,0,0.48,0.4,0.190909091,0.464285714,0.555555556,0.125,0.144444444,0.146067416,0.119047619,0.139240506,0.29787234,0.247311828,0.224719101,0.186813187,0.079545455,0.129411765,0.090909091,0.097560976,0.076086957,0.055555556,0.945652174,0.784946237,0.283910653
0,1,0,0,0,0,0,0,0,0,0.78,0.333333333,0.25,0.714285714,0.583333333,0.625,0.577777778,0.561797753,0.702380952,0.797468354,0.159574468,0.107526882,0.06741573,0.263736264,0.431818182,0.235294118,0.261363636,0.268292683,0.076086957,0.122222222,0.141304348,0.107526882,0.410062581
0,1,0,0,0,0,0,0,0,0,0.74,0.333333333,0.25,0.678571429,0.722222222,0.625,0.6,0.561797753,0.845238095,0.848101266,0.212765957,0.161290323,0.123595506,0.285714286,0.556818182,0.270588235,0.284090909,0.292682927,0.076086957,0.1,0.043478261,0.139784946,0.218672704
1,0,0,0,0,0,0,0,0,0,0.78,0.466666667,0.213636364,0.535714286,0.583333333,0.306818182,0.288888889,0.269662921,0.619047619,0.670886076,0.79787234,0.76344086,0.786516854,0.252747253,0.090909091,0.129411765,0.193181818,0.134146341,0.086956522,0.133333333,0.173913043,0.204301075,0.423626006
0,0,0,0,0,0,0,0,0,1,0.82,0.4,0.181818182,0.678571429,0.694444444,0.454545455,0.422222222,0.382022472,0.416666667,0.620253165,0.010638298,0.010752688,0.02247191,0.307692308,0.295454545,0.505882353,0.590909091,0.609756098,0.706521739,0.655555556,0.032608696,0.053763441,0.20226203
0,0,0,0,0,0,0,0,0,1,0.82,0.2,0.136363636,0.642857143,0.722222222,0.443181818,0.388888889,0.359550562,0.416666667,0.670886076,0.010638298,0.010752688,0.02247191,0.307692308,0.295454545,0.411764706,0.568181818,0.585365854,0.673913043,0.766666667,0.097826087,0.064516129,0.395107811
0,0,0,0,0,0,0,0,0,1,0.76,0.333333333,0.213636364,0.714285714,0.638888889,0.318181818,0.322222222,0.303370787,0.380952381,0.569620253,0.106382979,0.053763441,0.06741573,0.307692308,0.295454545,0.694117647,0.704545455,0.780487805,0.630434783,0.677777778,0.195652174,0.096774194,0.229152166
1,0,0,0,0,0,0,0,0,0,0.52,0.466666667,0.213636364,0.535714286,0.111111111,0.295454545,0.266666667,0.247191011,0.345238095,0.455696203,0.776595745,0.698924731,0.764044944,0.131868132,0.090909091,0.164705882,0.181818182,0.170731707,0.076086957,0.077777778,0.119565217,0.064516129,0.218672704
1,0,0,0,0,0,0,0,0,0,0.7,0.533333333,0.295454545,0.857142857,0.916666667,0.363636364,0.322222222,0.314606742,0.619047619,0.734177215,0.989361702,0.946236559,0.97752809,0.175824176,0.011363636,0.176470588,0.238636364,0.219512195,0.130434783,0.133333333,0.141304348,0.043010753,0.99355442
0,0,1,0,0,0,0,0,0,0,0.8,0.666666667,0.263636364,0.642857143,0.777777778,0.886363636,0.866666667,0.865168539,0.785714286,0.873417722,0.106382979,0.053763441,0.02247191,0.450549451,0.511363636,0.329411765,0.295454545,0.268292683,0.141304348,0.077777778,0.184782609,0.215053763,0.71428935
0,0,0,0,0,0,0,0,0,1,0.72,0.466666667,0.181818182,0.571428571,0.555555556,0.386363636,0.366666667,0.348314607,0.55952381,0.582278481,0.393617021,0.301075269,0.247191011,0.197802198,0.181818182,0.529411765,0.590909091,0.646341463,0.619565217,0.588888889,0.119565217,0.11827957,0.218672704
0,0,0,0,0,0,0,0,0,1,0.82,0.266666667,0.136363636,0.571428571,0.666666667,0.420454545,0.377777778,0.359550562,0.416666667,0.64556962,0.010638298,0.010752688,0.02247191,0.307692308,0.295454545,0.541176471,0.613636364,0.62195122,0.630434783,0.611111111,0.195652174,0.204301075,0.345366209
0,0,1,0,0,0,0,0,0,0,0.72,0.133333333,0.063636364,0.714285714,0.694444444,0.829545455,0.811111111,0.786516854,0.654761905,0.810126582,0.382978723,0.333333333,0.325842697,0.483516484,0.261363636,0.4,0.545454545,0.475609756,0.108695652,0.2,0.22826087,0.193548387,0.218672704
0,1,0,0,0,0,0,0,0,0,0.84,0.2,0.25,0.607142857,0.694444444,0.693181818,0.655555556,0.629213483,0.821428571,0.911392405,0.265957447,0.215053763,0.123595506,0.274725275,0.545454545,0.235294118,0.25,0.243902439,0.119565217,0.066666667,0.119565217,0.064516129,0.405820968
0,0,0,0,0,0,0,1,0,0,0.46,0.533333333,0.704545455,0.785714286,0.472222222,0.306818182,0.288888889,0.269662921,0.392857143,0.367088608,0.010638298,0.010752688,0.02247191,0.472527473,0.431818182,0.776470588,0.761363636,0.792682927,0.152173913,0.222222222,0.173913043,0.139784946,0.431414196
0,0,0,0,1,0,0,0,0,0,0.28,0.666666667,0.795454545,0.571428571,0.527777778,0.159090909,0.122222222,0.101123596,0.095238095,0.037974684,0,0,0.011235955,0.703296703,0.670454545,0.188235294,0.147727273,0.219512195,0.065217391,0.066666667,0.282608696,0.322580645,0.240273831
0,0,0,0,0,0,0,1,0,0,0.46,0.533333333,0.604545455,0.571428571,0.166666667,0.147727273,0.122222222,0.101123596,0.154761905,0.139240506,0.010638298,0.010752688,0.02247191,0.417582418,0.409090909,0.752941176,0.704545455,0.756097561,0.163043478,0.2,0.195652174,0.204301075,0.220216647
0,0,0,0,0,0,0,1,0,0,0.52,0.666666667,0.590909091,0.714285714,0.444444444,0.261363636,0.255555556,0.235955056,0.285714286,0.329113924,0.010638298,0.010752688,0.02247191,0.417582418,0.409090909,0.705882353,0.693181818,0.743902439,0.206521739,0.222222222,0.065217391,0.096774194,0.207381896
0,0,0,0,0,0,0,0,1,0,0.74,0.6,0.318181818,0.928571429,0.916666667,0.375,0.333333333,0.337078652,0.369047619,0.506329114,0.010638298,0.010752688,0.02247191,0.417582418,0.409090909,0.882352941,0.875,0.975609756,0.77173913,0.866666667,0.065217391,0.043010753,0.819417908
0,0,0,0,0,1,0,0,0,0,0.48,0.6,0.25,0.785714286,0.583333333,0.125,0.144444444,0.146067416,0.130952381,0.139240506,0.29787234,0.279569892,0.247191011,0.076923077,0.034090909,0.223529412,0.204545455,0.207317073,0.054347826,0.033333333,0.956521739,0.709677419,0.423626006
0,0,0,0,1,0,0,0,0,0,0.2,0.733333333,0.727272727,0.714285714,0.555555556,0.113636364,0.077777778,0.078651685,0.095238095,0.050632911,0.010638298,0.010752688,0.02247191,0.637362637,0.590909091,0.211764706,0.215909091,0.182926829,0.065217391,0.077777778,0.119565217,0.139784946,0.343398971
0,0,0,0,0,0,0,0,1,0,0.78,0.466666667,0.295454545,0.714285714,0.694444444,0.590909091,0.588888889,0.561797753,0.595238095,0.696202532,0.010638298,0.010752688,0.02247191,0.417582418,0.352272727,0.752941176,0.704545455,0.865853659,0.663043478,0.633333333,0.47826087,0.408602151,0.446497224
0,0,0,0,0,0,0,0,0,1,0.84,0.466666667,0.127272727,0.571428571,0.694444444,0.409090909,0.4,0.370786517,0.428571429,0.582278481,0.010638298,0.010752688,0.02247191,0.307692308,0.295454545,0.541176471,0.613636364,0.62195122,0.706521739,0.744444444,0.130434783,0.064516129,0.240273831
0,0,0,0,1,0,0,0,0,0,0.32,0.733333333,0.636363636,0.392857143,0.555555556,0.125,0.088888889,0.08988764,0.095238095,0.037974684,0.010638298,0.010752688,0.02247191,0.604395604,0.613636364,0.188235294,0.159090909,0.170731707,0.065217391,0.044444444,0.119565217,0.096774194,0.207381896
0,0,0,0,0,0,0,0,0,1,0.8,0.533333333,0.186363636,0.678571429,0.666666667,0.613636364,0.588888889,0.584269663,0.5,0.696202532,0.404255319,0.35483871,0.359550562,0.406593407,0.295454545,0.552941176,0.590909091,0.658536585,0.641304348,0.666666667,0.076086957,0.064516129,0.207381896
0,0,0,0,0,0,0,1,0,0,0.46,0.866666667,0.677272727,0.142857143,0.305555556,0.125,0.111111111,0.101123596,0.333333333,0.379746835,0.010638298,0.010752688,0.02247191,0.417582418,0.409090909,0.811764706,0.795454545,0.829268293,0.217391304,0.244444444,0.108695652,0.204301075,0.218672704
0,1,0,0,0,0,0,0,0,0,0.72,0.266666667,0.231818182,0.75,0.527777778,0.556818182,0.522222222,0.483146067,0.797619048,0.848101266,0.159574468,0.107526882,0.078651685,0.32967033,0.477272727,0.270588235,0.272727273,0.256097561,0.054347826,0.1,0.086956522,0.064516129,0.218672704
0,0,0,0,1,0,0,0,0,0,0.12,0.6,0.863636364,0.75,0.638888889,0.125,0.1,0.078651685,0.166666667,0.151898734,0.010638298,0.010752688,0.02247191,0.835164835,0.886363636,0.164705882,0.193181818,0.170731707,0.130434783,0.166666667,0.086956522,0.107526882,0.470469238
0,0,0,0,0,0,0,0,0,1,0.84,0.466666667,0.136363636,0.678571429,0.638888889,0.454545455,0.444444444,0.426966292,0.476190476,0.64556962,0.138297872,0.075268817,0.04494382,0.307692308,0.238636364,0.517647059,0.613636364,0.609756098,0.630434783,0.633333333,0.065217391,0.086021505,0.207381896
0,0,0,1,0,0,0,0,0,0,0.54,0.533333333,0.286363636,0.642857143,0.388888889,0.386363636,0.377777778,0.348314607,0.392857143,0.481012658,0.212765957,0.107526882,0.06741573,0.516483516,0.511363636,0.423529412,0.375,0.414634146,0.130434783,0.122222222,0.086956522,0.086021505,0.318243264
0,0,0,0,1,0,0,0,0,0,0.3,0.733333333,0.731818182,0.571428571,0.444444444,0.181818182,0.177777778,0.157303371,0.261904762,0.215189873,0.170212766,0.107526882,0.08988764,0.736263736,0.715909091,0.282352941,0.227272727,0.304878049,0.054347826,0.033333333,0.206521739,0.172043011,0.439150531
0,1,0,0,0,0,0,0,0,0,0.8,0.2,0.136363636,0.678571429,0.611111111,0.681818182,0.666666667,0.640449438,0.714285714,0.835443038,0.340425532,0.279569892,0.191011236,0.351648352,0.420454545,0.329411765,0.329545455,0.329268293,0.152173913,0.211111111,0.097826087,0.043010753,0.410062581
0,0,1,0,0,0,0,0,0,0,0.58,0.666666667,0.213636364,0.75,0.694444444,0.715909091,0.711111111,0.707865169,0.654761905,0.734177215,0.106382979,0.053763441,0.02247191,0.494505495,0.25,0.223529412,0.215909091,0.231707317,0.054347826,0.033333333,0.108695652,0.129032258,0.37261704
0,0,0,0,0,0,0,1,0,0,0.7,0.4,0.409090909,0.535714286,0.361111111,0.193181818,0.188888889,0.179775281,0.321428571,0.417721519,0.010638298,0.010752688,0.02247191,0.417582418,0.409090909,0.717647059,0.704545455,0.780487805,0.489130435,0.533333333,0.054347826,0.043010753,0.218672704
0,0,0,0,0,0,0,0,1,0,0.74,0.6,0.340909091,0.571428571,0.611111111,0.352272727,0.311111111,0.280898876,0.273809524,0.405063291,0.106382979,0.053763441,0.06741573,0.417582418,0.409090909,0.705882353,0.715909091,0.780487805,0.576086957,0.622222222,0.141304348,0.096774194,0.401895138
0,0,0,0,0,0,0,0,0,1,0.8,0.4,0.209090909,0.857142857,0.722222222,0.477272727,0.488888889,0.471910112,0.547619048,0.632911392,0.106382979,0.053763441,0.06741573,0.307692308,0.295454545,0.623529412,0.636363636,0.682926829,0.630434783,0.688888889,0.086956522,0.086021505,0.423626006
1,0,0,0,0,0,0,0,0,0,0.5,0.6,0.295454545,0.785714286,0.25,0.113636364,0.133333333,0.123595506,0.369047619,0.367088608,0.840425532,0.774193548,0.808988764,0.120879121,0.068181818,0.188235294,0.193181818,0.195121951,0.076086957,0.122222222,0.130434783,0.096774194,0.374762685
0,0,0,0,1,0,0,0,0,0,0.4,0.733333333,0.690909091,0.642857143,0.722222222,0.159090909,0.122222222,0.123595506,0.226190476,0.227848101,0.010638298,0.010752688,0.02247191,0.714285714,0.795454545,0.294117647,0.295454545,0.329268293,0.108695652,0.144444444,0.076086957,0.107526882,0.618864696
0,0,0,0,0,0,0,0,0,1,0.82,0.333333333,0.168181818,0.607142857,0.722222222,0.409090909,0.377777778,0.337078652,0.380952381,0.556962025,0.010638298,0.010752688,0.02247191,0.197802198,0.295454545,0.482352941,0.602272727,0.585365854,0.793478261,0.8,0.032608696,0.053763441,0.412138025
0,0,0,0,0,0,0,0,1,0,0.68,0.6,0.45,0.75,0.333333333,0.090909091,0.077777778,0.078651685,0.130952381,0.139240506,0.010638298,0.010752688,0.02247191,0.417582418,0.409090909,0.752941176,0.738636364,0.780487805,0.413043478,0.444444444,0.097826087,0.075268817,0.401895138
0,0,0,1,0,0,0,0,0,0,0.62,0.666666667,0.363636364,0.5,0.444444444,0.647727273,0.622222222,0.606741573,0.619047619,0.683544304,0.106382979,0.053763441,0.02247191,0.582417582,0.579545455,0.305882353,0.272727273,0.256097561,0.152173913,0.177777778,0.152173913,0.139784946,0.218672704
1,0,0,0,0,0,0,0,0,0,0.56,0.666666667,0.327272727,0.5,0.194444444,0.102272727,0.122222222,0.112359551,0.369047619,0.46835443,0.765957447,0.698924731,0.808988764,0.032967033,0.011363636,0.129411765,0.102272727,0.12195122,0.054347826,0.133333333,0.119565217,0.064516129,0.205695158
0,1,0,0,0,0,0,0,0,0,0.76,0.4,0.227272727,0.5,0.527777778,0.659090909,0.633333333,0.606741573,0.797619048,0.82278481,0.425531915,0.365591398,0.348314607,0.43956044,0.522727273,0.305882353,0.306818182,0.317073171,0.217391304,0.311111111,0.130434783,0.150537634,0.423626006
0,0,0,0,1,0,0,0,0,0,0.26,0.866666667,0.704545455,0.642857143,0.444444444,0.068181818,0.055555556,0.056179775,0.047619048,0.025316456,0.010638298,0.010752688,0.02247191,0.692307692,0.659090909,0.141176471,0.102272727,0.146341463,0.076086957,0.088888889,0.326086957,0.225806452,0.263717586
0,0,0,0,0,0,0,0,1,0,0.7,0.733333333,0.477272727,0.607142857,0.444444444,0.113636364,0.111111111,0.101123596,0.154761905,0.202531646,0.010638298,0.010752688,0.02247191,0.417582418,0.409090909,0.811764706,0.772727273,0.853658537,0.239130435,0.277777778,0.130434783,0.086021505,0.437080975
0,0,1,0,0,0,0,0,0,0,0.88,0.333333333,0.168181818,0.642857143,0.638888889,0.738636364,0.733333333,0.752808989,0.642857143,0.797468354,0.159574468,0.107526882,0.06741573,0.395604396,0.261363636,0.2,0.215909091,0.195121951,0.086956522,0.177777778,0.119565217,0.107526882,0.437774094
0,0,0,0,0,0,0,0,1,0,0.72,0.6,0.272727273,0.678571429,0.472222222,0.204545455,0.166666667,0.168539326,0.261904762,0.405063291,0.14893617,0.086021505,0.078651685,0.417582418,0.409090909,0.682352941,0.681818182,0.756097561,0.467391304,0.588888889,0.108695652,0.086021505,0.207381896
0,0,0,0,1,0,0,0,0,0,0.48,0.733333333,0.672727273,0.464285714,0.444444444,0.136363636,0.122222222,0.123595506,0.083333333,0.037974684,0.010638298,0.010752688,0.02247191,0.637362637,0.681818182,0.376470588,0.306818182,0.341463415,0.141304348,0.055555556,0.065217391,0,0.242926654
0,0,0,0,0,0,0,1,0,0,0.3,0.733333333,0.545454545,0.535714286,0.222222222,0.170454545,0.144444444,0.123595506,0.202380952,0.215189873,0.010638298,0.010752688,0.02247191,0.417582418,0.409090909,0.741176471,0.704545455,0.780487805,0.108695652,0.177777778,0.130434783,0.064516129,0.218672704
0,0,0,0,1,0,0,0,0,0,0.24,0.733333333,0.681818182,0.392857143,0.527777778,0.181818182,0.155555556,0.123595506,0.107142857,0.101265823,0.010638298,0.010752688,0.02247191,0.703296703,0.659090909,0.282352941,0.295454545,0.207317073,0.065217391,0.111111111,0.130434783,0.23655914,0.218672704
0,0,0,0,1,0,0,0,0,0,0.32,0.8,0.727272727,0.785714286,0.5,0.090909091,0.055555556,0.04494382,0.119047619,0.164556962,0.010638298,0.010752688,0.02247191,0.681318681,0.636363636,0.247058824,0.25,0.195121951,0.032608696,0.022222222,0.054347826,0.053763441,0.416602666
0,0,0,0,0,0,0,1,0,0,0.42,0.6,0.618181818,0.571428571,0.194444444,0.125,0.111111111,0.08988764,0.178571429,0.189873418,0.010638298,0.010752688,0.02247191,0.417582418,0.409090909,0.729411765,0.715909091,0.792682927,0.239130435,0.333333333,0.086956522,0.043010753,0.229152166
0,0,0,0,0,0,0,0,1,0,0.74,0.666666667,0.290909091,0.75,0.666666667,0.443181818,0.433333333,0.415730337,0.511904762,0.594936709,0.106382979,0.053763441,0.06741573,0.296703297,0.272727273,0.658823529,0.659090909,0.682926829,0.576086957,0.622222222,0.152173913,0.096774194,0.365417417
0,1,0,0,0,0,0,0,0,0,0.8,0.4,0.177272727,0.714285714,0.583333333,0.602272727,0.577777778,0.561797753,0.773809524,0.860759494,0.255319149,0.193548387,0.168539326,0.241758242,0.488636364,0.282352941,0.284090909,0.353658537,0.065217391,0.111111111,0.130434783,0.086021505,0.218672704
0,0,0,0,0,0,0,1,0,0,0.26,0.533333333,0.659090909,0.642857143,0.388888889,0.102272727,0.088888889,0.078651685,0.19047619,0.088607595,0.010638298,0.010752688,0.02247191,0.417582418,0.409090909,0.764705882,0.738636364,0.792682927,0.076086957,0.177777778,0.108695652,0.075268817,0.218672704
0,0,0,0,0,0,0,0,1,0,0.7,0.8,0.477272727,0.5,0.388888889,0.068181818,0.077777778,0.06741573,0.214285714,0.253164557,0.010638298,0.010752688,0.02247191,0.417582418,0.409090909,0.823529412,0.795454545,0.829268293,0.315217391,0.388888889,0.119565217,0.107526882,0.126569386
0,0,0,0,1,0,0,0,0,0,0.46,0.733333333,0.654545455,0.5,0.555555556,0.204545455,0.166666667,0.168539326,0.214285714,0.139240506,0.010638298,0.010752688,0.02247191,0.659340659,0.693181818,0.352941176,0.272727273,0.256097561,0.086956522,0.088888889,0.163043478,0.161290323,0.220216647
0,0,1,0,0,0,0,0,0,0,0.92,0.6,0.136363636,0.821428571,0.722222222,0.784090909,0.788888889,0.820224719,0.619047619,0.810126582,0.106382979,0.053763441,0.02247191,0.417582418,0.295454545,0.164705882,0.25,0.195121951,0.163043478,0.2,0.043478261,0.053763441,0.218672704
0,0,0,0,1,0,0,0,0,0,0.28,0.733333333,0.627272727,0.785714286,0.611111111,0.125,0.088888889,0.08988764,0.19047619,0.088607595,0.010638298,0.010752688,0.02247191,0.747252747,0.727272727,0.188235294,0.136363636,0.097560976,0.02173913,0.055555556,0.130434783,0.107526882,0.580054827
0,0,0,0,1,0,0,0,0,0,0.34,0.666666667,0.631818182,0.607142857,0.527777778,0.113636364,0.1,0.101123596,0.130952381,0.063291139,0.010638298,0.010752688,0.02247191,0.692307692,0.704545455,0.141176471,0.034090909,0.12195122,0.076086957,0.055555556,0.163043478,0.172043011,0.410480039
0,0,0,0,0,0,0,0,0,1,0.84,0.333333333,0.145454545,0.607142857,0.833333333,0.488636364,0.444444444,0.415730337,0.523809524,0.721518987,0.244680851,0.182795699,0.157303371,0.197802198,0.181818182,0.576470588,0.625,0.695121951,0.934782609,0.955555556,0.163043478,0.129032258,0.744795117
0,0,0,0,0,0,0,0,0,1,0.8,0.4,0.218181818,0.714285714,0.694444444,0.568181818,0.544444444,0.539325843,0.523809524,0.670886076,0.212765957,0.139784946,0.08988764,0.307692308,0.295454545,0.588235294,0.556818182,0.658536585,0.652173913,0.677777778,0.119565217,0.086021505,0.423626006
0,0,0,0,0,0,0,0,0,1,0.74,0.266666667,0.159090909,0.785714286,0.722222222,0.397727273,0.4,0.382022472,0.5,0.620253165,0.106382979,0.053763441,0.06741573,0.252747253,0.238636364,0.541176471,0.556818182,0.670731707,0.619565217,0.655555556,0.086956522,0.064516129,0.416602666
0,0,0,0,0,0,1,0,0,0,0.48,0.4,0.104545455,0.785714286,0.583333333,0.136363636,0.155555556,0.157303371,0.05952381,0.025316456,0.319148936,0.268817204,0.235955056,0.054945055,0.011363636,0.105882353,0.136363636,0.158536585,0.076086957,0.055555556,0.945652174,0.720430108,0.423626006
1,0,0,0,0,0,0,0,0,0,0.54,0.533333333,0.25,0.607142857,0.388888889,0.125,0.144444444,0.134831461,0.488095238,0.569620253,0.79787234,0.720430108,0.786516854,0.153846154,0.136363636,0.211764706,0.25,0.219512195,0.054347826,0.077777778,0.141304348,0.096774194,0.37261704
0,0,0,0,0,0,0,0,0,1,0.7,0.266666667,0.104545455,0.714285714,0.777777778,0.340909091,0.344444444,0.337078652,0.476190476,0.582278481,0.010638298,0.010752688,0.02247191,0.307692308,0.295454545,0.576470588,0.579545455,0.719512195,0.663043478,0.788888889,0.108695652,0.139784946,0.203988692
0,0,0,0,0,0,0,0,0,1,0.78,0.4,0.163636364,0.571428571,0.611111111,0.465909091,0.433333333,0.426966292,0.428571429,0.582278481,0.010638298,0.010752688,0.02247191,0.307692308,0.238636364,0.541176471,0.579545455,0.658536585,0.576086957,0.655555556,0.119565217,0.11827957,0.207381896
0,0,0,1,0,0,0,0,0,0,0.64,0.733333333,0.381818182,0.821428571,0.833333333,0.818181818,0.788888889,0.752808989,0.666666667,0.721518987,0.106382979,0.053763441,0.011235955,0.659340659,0.579545455,0.235294118,0.261363636,0.219512195,0.076086957,0.088888889,0.097826087,0.086021505,0.126569386
0,0,0,0,1,0,0,0,0,0,0.48,0.733333333,0.704545455,0.571428571,0.583333333,0.090909091,0.055555556,0.056179775,0.130952381,0.063291139,0.010638298,0.010752688,0.02247191,0.714285714,0.784090909,0.305882353,0.25,0.231707317,0.086956522,0.088888889,0.163043478,0.161290323,0.602153916
0,0,0,0,0,0,0,1,0,0,0.24,0.6,0.709090909,0.357142857,0.25,0.056818182,0.066666667,0.056179775,0.130952381,0.088607595,0.021276596,0.010752688,0.011235955,0.417582418,0.352272727,0.705882353,0.681818182,0.682926829,0.076086957,0.077777778,0.032608696,0.032258065,0.367110681
0,1,0,0,0,0,0,0,0,0,0.6,0.466666667,0.431818182,0.821428571,0.583333333,0.568181818,0.533333333,0.505617978,0.666666667,0.759493671,0.159574468,0.107526882,0.06741573,0.56043956,0.647727273,0.705882353,0.704545455,0.707317073,0.27173913,0.366666667,0.195652174,0.204301075,0.223256366
0,0,0,0,0,0,0,0,1,0,0.74,0.333333333,0.295454545,0.785714286,0.638888889,0.295454545,0.255555556,0.235955056,0.428571429,0.493670886,0.446808511,0.419354839,0.404494382,0.417582418,0.409090909,0.741176471,0.75,0.841463415,0.543478261,0.644444444,0.141304348,0.139784946,0.417001849
0,0,0,0,0,0,0,0,1,0,0.4,0.733333333,0.577272727,0.642857143,0.5,0.090909091,0.066666667,0.06741573,0.154761905,0.164556962,0.010638298,0.010752688,0.02247191,0.417582418,0.409090909,0.788235294,0.738636364,0.804878049,0.380434783,0.433333333,0.141304348,0.139784946,0.227700401
0,0,0,0,0,0,0,0,0,1,0.84,0.6,0.181818182,0.714285714,0.722222222,0.386363636,0.344444444,0.337078652,0.452380952,0.569620253,0.010638298,0.010752688,0.02247191,0.307692308,0.295454545,0.623529412,0.636363636,0.695121951,0.72826087,0.766666667,0.130434783,0.043010753,0.150718143
0,0,0,0,0,0,0,0,1,0,0.76,0.666666667,0.459090909,0.714285714,0.361111111,0.159090909,0.144444444,0.134831461,0.226190476,0.189873418,0.127659574,0.075268817,0.056179775,0.417582418,0.409090909,0.788235294,0.772727273,0.853658537,0.336956522,0.433333333,0.22826087,0.215053763,0.46739752
0,1,0,0,0,0,0,0,0,0,0.76,0.266666667,0.345454545,0.678571429,0.638888889,0.625,0.588888889,0.539325843,0.892857143,0.886075949,0.244680851,0.193548387,0.168539326,0.516483516,0.602272727,0.341176471,0.352272727,0.353658537,0.108695652,0.066666667,0.141304348,0.172043011,0.410480039
0,0,0,0,0,0,0,1,0,0,0.7,0.6,0.513636364,0.714285714,0.361111111,0.238636364,0.222222222,0.213483146,0.321428571,0.405063291,0.010638298,0.010752688,0.02247191,0.417582418,0.409090909,0.717647059,0.727272727,0.804878049,0.336956522,0.444444444,0.054347826,0.075268817,0.444199519
0,0,0,0,0,0,0,0,0,1,0.74,0.466666667,0.186363636,0.571428571,0.694444444,0.397727273,0.377777778,0.359550562,0.452380952,0.556962025,0.170212766,0.129032258,0.101123596,0.307692308,0.295454545,0.552941176,0.522727273,0.609756098,0.619565217,0.666666667,0.152173913,0.129032258,0.417399943
0,0,0,0,1,0,0,0,0,0,0.18,0.733333333,0.736363636,0.785714286,0.555555556,0.068181818,0.066666667,0.06741573,0.05952381,0.025316456,0.010638298,0.010752688,0.02247191,0.692307692,0.693181818,0.247058824,0.204545455,0.134146341,0.076086957,0.055555556,0.163043478,0.150537634,0.452869468
0,0,0,0,0,0,0,1,0,0,0.5,0.666666667,0.618181818,0.714285714,0.305555556,0.227272727,0.211111111,0.213483146,0.30952381,0.303797468,0.085106383,0.053763441,0.033707865,0.417582418,0.409090909,0.717647059,0.715909091,0.768292683,0.108695652,0.133333333,0.119565217,0.107526882,0.423626006
0,0,0,0,0,0,0,0,0,1,0.86,0.333333333,0.172727273,0.785714286,0.75,0.477272727,0.422222222,0.393258427,0.5,0.683544304,0.106382979,0.053763441,0.06741573,0.307692308,0.295454545,0.552941176,0.613636364,0.646341463,0.72826087,0.744444444,0.195652174,0.096774194,0.455954176
0,0,0,1,0,0,0,0,0,0,0.7,0.666666667,0.395454545,0.714285714,0.583333333,0.693181818,0.666666667,0.629213483,0.583333333,0.670886076,0.127659574,0.053763441,0.02247191,0.615384615,0.568181818,0.294117647,0.306818182,0.280487805,0.108695652,0.133333333,0.184782609,0.129032258,0.356643158
0,0,1,0,0,0,0,0,0,0,0.84,0.533333333,0.290909091,0.535714286,0.472222222,0.704545455,0.7,0.685393258,0.75,0.784810127,0.106382979,0.053763441,0.04494382,0.395604396,0.238636364,0.223529412,0.284090909,0.268292683,0.076086957,0.033333333,0.152173913,0.11827957,0.416602666
0,0,0,0,0,0,0,0,0,1,0.82,0.533333333,0.172727273,0.535714286,0.75,0.340909091,0.333333333,0.303370787,0.404761905,0.518987342,0.106382979,0.053763441,0.06741573,0.307692308,0.272727273,0.517647059,0.511363636,0.609756098,0.641304348,0.677777778,0.076086957,0.075268817,0.417399943
0,0,0,0,0,0,0,0,1,0,0.6,0.666666667,0.490909091,0.678571429,0.5,0.147727273,0.133333333,0.112359551,0.166666667,0.215189873,0.010638298,0.010752688,0.02247191,0.417582418,0.409090909,0.729411765,0.727272727,0.768292683,0.293478261,0.411111111,0.119565217,0.075268817,0.410062581
0,0,1,0,0,0,0,0,0,0,0.86,0.466666667,0.168181818,0.5,0.666666667,0.818181818,0.811111111,0.820224719,0.642857143,0.784810127,0.106382979,0.053763441,0.06741573,0.43956044,0.306818182,0.223529412,0.25,0.219512195,0.076086957,0.1,0.163043478,0.150537634,0.491052777
0,0,0,0,1,0,0,0,0,0,0.4,0.666666667,0.590909091,0.678571429,0.555555556,0.136363636,0.122222222,0.101123596,0.047619048,0.012658228,0,0,0.011235955,0.67032967,0.704545455,0.329411765,0.329545455,0.329268293,0.054347826,0.033333333,0.054347826,0.064516129,0.423626006
0,0,1,0,0,0,0,0,0,0,0.88,0.266666667,0.136363636,0.535714286,0.722222222,0.784090909,0.766666667,0.786516854,0.607142857,0.810126582,0.372340426,0.322580645,0.292134831,0.43956044,0.295454545,0.588235294,0.647727273,0.695121951,0.641304348,0.611111111,0.130434783,0.11827957,0.559356662
0,0,0,0,1,0,0,0,0,0,0.42,0.733333333,0.645454545,0.821428571,0.611111111,0.397727273,0.388888889,0.370786517,0.392857143,0.405063291,0.425531915,0.408602151,0.415730337,0.769230769,0.704545455,0.411764706,0.431818182,0.414634146,0.054347826,0.044444444,0.086956522,0.096774194,0.456867012
0,0,0,0,1,0,0,0,0,0,0.26,0.6,0.659090909,0.857142857,0.611111111,0.056818182,0.055555556,0.056179775,0.095238095,0.050632911,0.010638298,0.010752688,0.02247191,0.67032967,0.75,0.352941176,0.363636364,0.353658537,0.043478261,0.055555556,0.163043478,0.150537634,0.385537088
0,1,0,0,0,0,0,0,0,0,0.86,0.333333333,0.204545455,0.714285714,0.722222222,0.556818182,0.533333333,0.494382022,0.785714286,0.835443038,0.414893617,0.35483871,0.269662921,0.362637363,0.420454545,0.317647059,0.340909091,0.329268293,0.195652174,0.266666667,0.163043478,0.107526882,0.416602666
0,1,0,0,0,0,0,0,0,0,0.78,0.133333333,0.186363636,0.642857143,0.666666667,0.636363636,0.611111111,0.561797753,0.845238095,0.886075949,0.329787234,0.279569892,0.258426966,0.285714286,0.477272727,0.188235294,0.204545455,0.195121951,0.054347826,0.1,0.141304348,0.107526882,0.410062581
0,0,0,0,1,0,0,0,0,0,0.34,0.8,0.659090909,0.642857143,0.75,0.193181818,0.155555556,0.157303371,0.119047619,0.101265823,0.010638298,0.010752688,0.02247191,0.692307692,0.829545455,0.176470588,0.113636364,0.134146341,0.076086957,0.088888889,0.195652174,0.204301075,0.632224461
0,0,0,0,0,0,0,0,0,1,0.82,0.533333333,0.272727273,0.607142857,0.75,0.522727273,0.488888889,0.483146067,0.571428571,0.708860759,0.053191489,0.010752688,0.02247191,0.307692308,0.295454545,0.752941176,0.772727273,0.817073171,0.72826087,0.844444444,0.119565217,0.075268817,0.468801778
0,0,0,0,0,0,1,0,0,0,0.54,0.4,0.154545455,0.75,0.611111111,0.079545455,0.1,0.078651685,0.035714286,0.088607595,0.319148936,0.258064516,0.213483146,0.032967033,0.011363636,0.152941176,0.125,0.12195122,0.076086957,0.055555556,0.902173913,0.741935484,0.371532268
0,0,0,0,0,0,0,0,1,0,0.7,0.533333333,0.363636364,0.714285714,0.722222222,0.318181818,0.277777778,0.280898876,0.345238095,0.316455696,0.010638298,0.010752688,0.02247191,0.417582418,0.409090909,0.835294118,0.784090909,0.93902439,0.608695652,0.688888889,0.130434783,0.096774194,0.583787836
0,0,0,0,0,0,0,0,0,1,0.76,0.466666667,0.209090909,0.821428571,0.75,0.477272727,0.466666667,0.426966292,0.583333333,0.683544304,0.234042553,0.172043011,0.112359551,0.307692308,0.181818182,0.682352941,0.693181818,0.743902439,0.619565217,0.688888889,0.086956522,0.096774194,0.445516921
0,0,0,0,1,0,0,0,0,0,0.14,0.8,0.681818182,0.642857143,0.333333333,0.125,0.122222222,0.112359551,0.083333333,0.025316456,0.010638298,0.010752688,0.02247191,0.648351648,0.602272727,0.317647059,0.261363636,0.256097561,0.054347826,0.044444444,0.02173913,0.021505376,0.379478036
0,0,0,1,0,0,0,0,0,0,0.62,0.866666667,0.459090909,0.821428571,0.666666667,0.681818182,0.666666667,0.651685393,0.654761905,0.696202532,0.106382979,0.053763441,0.02247191,0.593406593,0.579545455,0.364705882,0.25,0.219512195,0.076086957,0.088888889,0.163043478,0.150537634,0.218672704
0,0,0,0,0,0,0,0,0,1,0.8,0.4,0.090909091,0.714285714,0.555555556,0.477272727,0.444444444,0.415730337,0.380952381,0.594936709,0.106382979,0.086021505,0.08988764,0.307692308,0.181818182,0.458823529,0.568181818,0.585365854,0.652173913,0.6,0.043478261,0.096774194,0.372075662
0,1,0,0,0,0,0,0,0,0,0.8,0.133333333,0.136363636,0.571428571,0.361111111,0.556818182,0.533333333,0.483146067,0.678571429,0.784810127,0.212765957,0.161290323,0.123595506,0.274725275,0.420454545,0.223529412,0.215909091,0.207317073,0.108695652,0.133333333,0.130434783,0.107526882,0.218672704
0,0,0,0,0,0,0,0,0,1,0.84,0.333333333,0.095454545,0.607142857,0.527777778,0.465909091,0.444444444,0.426966292,0.44047619,0.607594937,0.010638298,0.010752688,0.02247191,0.307692308,0.295454545,0.341176471,0.454545455,0.5,0.586956522,0.666666667,0.065217391,0.053763441,0.365417417
0,0,0,0,0,0,0,0,1,0,0.78,0.466666667,0.345454545,0.357142857,0.5,0.284090909,0.244444444,0.247191011,0.321428571,0.341772152,0.010638298,0.010752688,0.02247191,0.417582418,0.409090909,0.717647059,0.704545455,0.792682927,0.52173913,0.566666667,0.076086957,0.064516129,0.207381896
0,0,0,0,0,0,0,1,0,0,0.46,0.666666667,0.681818182,0.928571429,0.722222222,0.318181818,0.3,0.280898876,0.333333333,0.35443038,0.010638298,0.010752688,0.02247191,0.417582418,0.409090909,0.964705882,0.897727273,0.951219512,0.195652174,0.3,0.086956522,0.053763441,0.599096503
0,1,0,0,0,0,0,0,0,0,0.74,0.466666667,0.263636364,0.714285714,0.555555556,0.522727273,0.477777778,0.426966292,0.797619048,0.82278481,0.244680851,0.193548387,0.168539326,0.340659341,0.431818182,0.294117647,0.295454545,0.292682927,0.130434783,0.222222222,0.130434783,0.086021505,0.410062581
0,0,0,0,1,0,0,0,0,0,0.36,0.8,0.640909091,0.5,0.555555556,0.125,0.088888889,0.08988764,0.107142857,0.088607595,0.010638298,0.010752688,0.02247191,0.648351648,0.727272727,0.258823529,0.238636364,0.195121951,0.086956522,0.088888889,0.119565217,0.129032258,0.442870114
0,0,0,0,1,0,0,0,0,0,0.2,0.8,0.681818182,0.571428571,0.527777778,0.170454545,0.133333333,0.134831461,0.19047619,0.088607595,0.010638298,0.010752688,0.02247191,0.67032967,0.704545455,0.235294118,0.215909091,0.243902439,0.065217391,0.055555556,0.043478261,0.053763441,0.218672704
0,0,0,0,0,0,0,0,0,1,0.78,0.4,0.2,0.678571429,0.694444444,0.454545455,0.444444444,0.415730337,0.428571429,0.620253165,0.010638298,0.010752688,0.02247191,0.307692308,0.295454545,0.588235294,0.636363636,0.707317073,0.663043478,0.677777778,0.119565217,0.086021505,0.218672704
0,0,0,0,0,0,0,0,0,1,0.84,0.4,0.136363636,0.75,0.666666667,0.363636364,0.355555556,0.337078652,0.380952381,0.582278481,0.010638298,0.010752688,0.02247191,0.307692308,0.295454545,0.541176471,0.602272727,0.634146341,0.652173913,0.611111111,0.043478261,0.053763441,0.207381896
0,0,0,0,0,0,0,0,1,0,0.56,0.533333333,0.522727273,0.714285714,0.25,0.215909091,0.177777778,0.179775281,0.357142857,0.291139241,0.010638298,0.010752688,0.033707865,0.417582418,0.352272727,0.694117647,0.704545455,0.780487805,0.119565217,0.188888889,0.065217391,0.064516129,0.318243264
0,0,0,0,1,0,0,0,0,0,0.42,0.8,0.672727273,0.5,0.666666667,0.090909091,0.066666667,0.06741573,0.095238095,0.050632911,0,0,0.011235955,0.824175824,0.840909091,0.235294118,0.204545455,0.219512195,0.065217391,0.077777778,0.119565217,0.139784946,0.785253373
0,0,0,0,0,0,0,1,0,0,0.38,0.6,0.636363636,0.75,0.361111111,0.170454545,0.144444444,0.146067416,0.119047619,0.101265823,0.010638298,0.010752688,0.02247191,0.417582418,0.397727273,0.811764706,0.784090909,0.829268293,0.184782609,0.288888889,0.239130435,0.064516129,0.584041798
0,0,0,0,0,0,0,1,0,0,0.54,0.666666667,0.636363636,0.821428571,0.166666667,0.340909091,0.322222222,0.292134831,0.44047619,0.481012658,0.010638298,0.010752688,0.02247191,0.362637363,0.295454545,0.741176471,0.75,0.804878049,0.152173913,0.211111111,0.086956522,0.086021505,0.449079613
0,1,0,0,0,0,0,0,0,0,0.8,0,0.072727273,0.75,0.722222222,0.625,0.6,0.573033708,0.702380952,0.82278481,0.14893617,0.107526882,0.112359551,0.307692308,0.397727273,0.164705882,0.204545455,0.182926829,0.054347826,0.1,0.130434783,0.064516129,0.423626006
0,0,0,0,0,0,0,0,1,0,0.78,0.466666667,0.377272727,0.535714286,0.555555556,0.454545455,0.433333333,0.404494382,0.464285714,0.556962025,0.010638298,0.010752688,0.02247191,0.417582418,0.409090909,0.776470588,0.75,0.853658537,0.608695652,0.644444444,0.22826087,0.129032258,0.411725291
0,0,0,1,0,0,0,0,0,0,0.72,0.733333333,0.45,0.607142857,0.527777778,0.715909091,0.688888889,0.674157303,0.666666667,0.658227848,0.106382979,0.053763441,0.02247191,0.692307692,0.590909091,0.447058824,0.443181818,0.414634146,0.130434783,0.211111111,0.141304348,0.096774194,0.575821675
0,0,0,0,0,0,1,0,0,0,0.56,0.333333333,0.136363636,0.535714286,0.444444444,0.068181818,0.088888889,0.08988764,0,0,0.287234043,0.107526882,0.08988764,0.098901099,0.090909091,0.176470588,0.193181818,0.170731707,0.065217391,0.111111111,0.913043478,0.870967742,0.352360634
0,0,0,0,0,0,0,0,0,1,0.84,0.6,0.181818182,0.607142857,0.694444444,0.340909091,0.333333333,0.292134831,0.392857143,0.582278481,0.010638298,0.010752688,0.02247191,0.307692308,0.295454545,0.505882353,0.590909091,0.609756098,0.717391304,0.788888889,0.119565217,0.075268817,0.431052607
0,0,1,0,0,0,0,0,0,0,0.86,0.466666667,0.231818182,0.607142857,0.805555556,0.897727273,0.9,0.921348315,0.69047619,0.886075949,0.212765957,0.107526882,0.06741573,0.505494505,0.295454545,0.235294118,0.306818182,0.219512195,0.108695652,0.2,0.195652174,0.161290323,0.769941477
0,0,0,0,0,0,0,0,0,1,0.76,0.4,0.127272727,0.714285714,0.555555556,0.511363636,0.488888889,0.483146067,0.547619048,0.658227848,0.010638298,0.010752688,0.02247191,0.307692308,0.295454545,0.552941176,0.545454545,0.646341463,0.641304348,0.677777778,0.108695652,0.075268817,0.37261704
1,0,0,0,0,0,0,0,0,0,0.58,0.466666667,0.281818182,0.571428571,0.638888889,0.477272727,0.444444444,0.426966292,0.642857143,0.708860759,0.776595745,0.688172043,0.741573034,0.197802198,0.102272727,0.176470588,0.181818182,0.170731707,0.054347826,0.066666667,0.119565217,0.086021505,0.410062581
0,0,0,0,0,0,0,0,1,0,0.76,0.466666667,0.35,0.142857143,0.555555556,0.25,0.211111111,0.213483146,0.214285714,0.227848101,0.010638298,0.010752688,0.02247191,0.417582418,0.409090909,0.788235294,0.761363636,0.829268293,0.565217391,0.655555556,0.130434783,0.086021505,0.241606272
0,0,1,0,0,0,0,0,0,0,0.78,0.4,0.145454545,0.714285714,0.5,0.704545455,0.7,0.685393258,0.511904762,0.696202532,0.106382979,0.053763441,0.02247191,0.351648352,0.215909091,0.164705882,0.193181818,0.170731707,0.130434783,0.188888889,0.119565217,0.086021505,0.207381896
0,0,0,1,0,0,0,0,0,0,0.68,0.8,0.409090909,0.785714286,0.583333333,0.704545455,0.688888889,0.674157303,0.607142857,0.696202532,0.106382979,0.053763441,0.02247191,0.538461538,0.534090909,0.294117647,0.306818182,0.268292683,0.076086957,0.088888889,0.086956522,0.086021505,0.416602666
0,0,0,1,0,0,0,0,0,0,0.46,0.6,0.386363636,0.857142857,0.166666667,0.397727273,0.377777778,0.359550562,0.30952381,0.35443038,0.053191489,0.053763441,0.06741573,0.417582418,0.545454545,0.364705882,0.318181818,0.304878049,0.108695652,0.2,0.043478261,0.086021505,0.405389945
0,0,0,0,1,0,0,0,0,0,0.32,0.666666667,0.681818182,0.785714286,0.638888889,0.045454545,0.011111111,0.011235955,0.130952381,0.050632911,0.010638298,0.010752688,0.02247191,0.791208791,0.704545455,0.176470588,0.090909091,0.170731707,0.086956522,0.088888889,0.119565217,0.107526882,0.533445283
0,0,0,0,0,0,0,0,0,1,0.84,0.466666667,0.181818182,0.535714286,0.583333333,0.613636364,0.577777778,0.539325843,0.583333333,0.708860759,0.106382979,0.053763441,0.06741573,0.307692308,0.272727273,0.552941176,0.602272727,0.597560976,0.684782609,0.6,0.141304348,0.150537634,0.480609051
0,0,0,0,0,0,0,0,0,1,0.88,0.4,0.145454545,0.571428571,0.888888889,0.454545455,0.422222222,0.393258427,0.44047619,0.620253165,0.010638298,0.010752688,0.02247191,0.307692308,0.295454545,0.529411765,0.602272727,0.658536585,0.826086957,0.866666667,0.130434783,0.064516129,0.49200951
1,0,0,0,0,0,0,0,0,0,0.46,0.8,0.304545455,0.714285714,0.361111111,0.113636364,0.122222222,0.112359551,0.345238095,0.35443038,0.765957447,0.698924731,0.730337079,0.098901099,0.090909091,0.188235294,0.170454545,0.182926829,0.076086957,0.122222222,0.184782609,0.161290323,0.153170322
0,0,1,0,0,0,0,0,0,0,0.8,0.533333333,0.231818182,0.642857143,0.555555556,0.693181818,0.688888889,0.707865169,0.69047619,0.759493671,0.265957447,0.225806452,0.191011236,0.428571429,0.25,0.270588235,0.261363636,0.195121951,0.076086957,0.122222222,0.467391304,0.419354839,0.185727237
0,0,0,0,0,0,0,0,0,1,0.82,0.333333333,0.218181818,0.607142857,0.777777778,0.5,0.477777778,0.449438202,0.476190476,0.594936709,0.106382979,0.053763441,0.06741573,0.307692308,0.295454545,0.564705882,0.625,0.682926829,0.793478261,0.866666667,0.630434783,0.47311828,0.126569386
0,0,0,1,0,0,0,0,0,0,0.44,0.4,0.363636364,0.785714286,0.444444444,0.454545455,0.444444444,0.426966292,0.297619048,0.139240506,0.063829787,0.064516129,0.078651685,0.43956044,0.522727273,0.611764706,0.647727273,0.646341463,0.456521739,0.477777778,0.163043478,0.322580645,0.448116566
1,0,0,0,0,0,0,0,0,0,0.5,0.6,0.272727273,0.607142857,0.75,0.113636364,0.122222222,0.112359551,0.5,0.518987342,0.872340426,0.817204301,0.887640449,0.164835165,0.181818182,0.2,0.204545455,0.182926829,0.054347826,0.166666667,0.22826087,0.204301075,0.895156286
0,0,0,0,0,0,0,1,0,0,0.64,0.6,0.7,0.642857143,0.25,0.375,0.366666667,0.348314607,0.345238095,0.417721519,0.010638298,0.010752688,0.02247191,0.527472527,0.409090909,0.835294118,0.806818182,0.841463415,0.184782609,0.233333333,0.47826087,0.397849462,0.547302202
1,0,0,0,0,0,0,0,0,0,0.72,0.466666667,0.259090909,0.428571429,0.388888889,0.431818182,0.388888889,0.337078652,0.571428571,0.746835443,0.819148936,0.774193548,0.797752809,0.142857143,0.159090909,0.247058824,0.227272727,0.268292683,0.141304348,0.2,0.130434783,0.11827957,0.339383088
0,0,0,0,0,0,0,1,0,0,0.68,0.6,0.468181818,0.714285714,0.666666667,0.170454545,0.155555556,0.134831461,0.19047619,0.240506329,0.010638298,0.010752688,0.02247191,0.417582418,0.409090909,0.752941176,0.727272727,0.804878049,0.358695652,0.433333333,0.097826087,0.064516129,0.463392137
0,0,0,0,0,1,0,0,0,0,0.32,0.733333333,0.318181818,0.607142857,0.638888889,0.181818182,0.2,0.202247191,0.166666667,0.101265823,0.223404255,0.161290323,0.134831461,0.153846154,0.136363636,0.235294118,0.261363636,0.280487805,0.086956522,0.1,0.967391304,0.903225806,0.562478457
0,0,0,0,0,0,0,1,0,0,0.48,0.6,0.636363636,0.607142857,0.333333333,0.204545455,0.144444444,0.123595506,0.25,0.227848101,0.010638298,0.010752688,0.02247191,0.417582418,0.409090909,0.752941176,0.727272727,0.804878049,0.184782609,0.266666667,0.195652174,0.161290323,0.218672704
0,0,1,0,0,0,0,0,0,0,0.78,0.533333333,0.209090909,0.785714286,0.583333333,0.715909091,0.711111111,0.707865169,0.714285714,0.746835443,0.159574468,0.107526882,0.06741573,0.472527473,0.306818182,0.152941176,0.193181818,0.12195122,0.076086957,0.1,0.130434783,0.096774194,0.417399943
0,0,0,0,0,1,0,0,0,0,0.64,0.533333333,0.290909091,0.714285714,0.555555556,0.090909091,0.111111111,0.112359551,0.071428571,0.050632911,0.446808511,0.258064516,0.123595506,0.098901099,0.090909091,0.223529412,0.238636364,0.207317073,0.065217391,0.144444444,0.934782609,0.731182796,0.579139262
0,1,0,0,0,0,0,0,0,0,0.86,0.2,0.163636364,0.571428571,0.611111111,0.727272727,0.7,0.674157303,0.666666667,0.873417722,0.159574468,0.107526882,0.06741573,0.208791209,0.5,0.164705882,0.193181818,0.195121951,0.065217391,0.122222222,0.130434783,0.075268817,0.54079438
1,0,0,0,0,0,0,0,0,0,0.66,0.466666667,0.272727273,0.821428571,0.777777778,0.306818182,0.322222222,0.314606742,0.619047619,0.696202532,0.79787234,0.741935484,0.820224719,0.175824176,0.068181818,0.2,0.215909091,0.207317073,0.076086957,0.077777778,0.315217391,0.333333333,0.417399943
0,0,0,0,0,0,0,1,0,0,0.44,0.533333333,0.622727273,0.571428571,0.305555556,0.170454545,0.144444444,0.146067416,0.428571429,0.430379747,0.010638298,0.010752688,0.02247191,0.417582418,0.443181818,0.741176471,0.738636364,0.780487805,0.141304348,0.144444444,0.108695652,0.11827957,0.229152166
0,0,0,0,0,0,0,0,0,1,0.86,0.466666667,0.181818182,0.321428571,0.583333333,0.375,0.366666667,0.348314607,0.380952381,0.53164557,0.106382979,0.053763441,0.06741573,0.307692308,0.295454545,0.505882353,0.545454545,0.634146341,0.717391304,0.688888889,0.043478261,0.096774194,0.218672704
0,0,0,0,0,0,0,0,0,1,0.78,0.266666667,0.159090909,0.678571429,0.666666667,0.465909091,0.422222222,0.393258427,0.523809524,0.670886076,0.010638298,0.010752688,0.02247191,0.307692308,0.295454545,0.564705882,0.636363636,0.695121951,0.793478261,0.722222222,0.206521739,0.215053763,0.548278134
0,0,0,1,0,0,0,0,0,0,0.8,0.6,0.340909091,0.785714286,0.527777778,0.693181818,0.688888889,0.685393258,0.666666667,0.721518987,0.106382979,0.053763441,0.02247191,0.483516484,0.465909091,0.176470588,0.204545455,0.158536585,0.086956522,0.144444444,0.130434783,0.129032258,0.423626006
0,0,0,0,0,0,0,0,0,1,0.8,0.466666667,0.222727273,0.642857143,0.444444444,0.386363636,0.366666667,0.348314607,0.452380952,0.620253165,0.170212766,0.107526882,0.078651685,0.307692308,0.238636364,0.670588235,0.704545455,0.743902439,0.467391304,0.511111111,0.054347826,0.043010753,0.37261704
0,0,0,0,1,0,0,0,0,0,0.24,0.733333333,0.690909091,0.642857143,0.444444444,0.102272727,0.066666667,0.06741573,0.107142857,0.037974684,0.010638298,0.010752688,0.02247191,0.648351648,0.670454545,0.058823529,0.102272727,0.073170732,0.054347826,0.033333333,0.141304348,0.096774194,0.215534923
0,0,0,0,1,0,0,0,0,0,0.54,0.533333333,0.659090909,0.785714286,0.722222222,0.125,0.111111111,0.08988764,0.166666667,0.113924051,0.010638298,0.010752688,0.02247191,0.857142857,0.75,0.388235294,0.375,0.341463415,0.054347826,0.033333333,0.173913043,0.161290323,0.499445576
0,0,0,0,0,0,0,0,0,1,0.78,0.4,0.095454545,0.321428571,0.75,0.420454545,0.377777778,0.359550562,0.452380952,0.632911392,0.010638298,0.010752688,0.02247191,0.307692308,0.295454545,0.588235294,0.625,0.719512195,0.75,0.722222222,0.086956522,0.096774194,0.226234045
0,0,1,0,0,0,0,0,0,0,0.86,0.466666667,0.236363636,0.571428571,0.583333333,0.727272727,0.744444444,0.764044944,0.583333333,0.746835443,0.159574468,0.139784946,0.101123596,0.549450549,0.318181818,0.223529412,0.227272727,0.195121951,0.141304348,0.177777778,0.141304348,0.150537634,0.221744422
0,0,0,0,0,0,0,0,1,0,0.78,0.666666667,0.368181818,0.75,0.694444444,0.352272727,0.355555556,0.348314607,0.392857143,0.46835443,0.010638298,0.010752688,0.02247191,0.417582418,0.409090909,0.811764706,0.795454545,0.890243902,0.652173913,0.688888889,0.130434783,0.107526882,0.503907734
0,0,1,0,0,0,0,0,0,0,0.82,0.466666667,0.140909091,0.75,0.555555556,0.704545455,0.722222222,0.741573034,0.523809524,0.759493671,0.106382979,0.053763441,0.02247191,0.450549451,0.159090909,0.223529412,0.25,0.256097561,0.141304348,0.1,0.119565217,0.11827957,0.417399943
0,0,0,0,0,0,0,0,0,1,0.8,0.2,0.195454545,0.642857143,0.805555556,0.477272727,0.433333333,0.404494382,0.619047619,0.759493671,0.010638298,0.010752688,0.02247191,0.307692308,0.295454545,0.682352941,0.715909091,0.792682927,0.760869565,0.9,0.141304348,0.150537634,0.473206677
0,0,0,0,0,0,0,0,0,1,0.82,0.266666667,0.095454545,0.642857143,0.666666667,0.545454545,0.533333333,0.539325843,0.464285714,0.607594937,0.14893617,0.096774194,0.08988764,0.307692308,0.295454545,0.541176471,0.545454545,0.585365854,0.608695652,0.7,0.065217391,0.064516129,0.423626006
0,0,0,0,0,0,0,0,1,0,0.74,0.666666667,0.327272727,0.785714286,0.777777778,0.352272727,0.311111111,0.292134831,0.214285714,0.303797468,0.010638298,0.010752688,0.02247191,0.241758242,0.159090909,0.811764706,0.784090909,0.93902439,0.695652174,0.777777778,0.141304348,0.150537634,0.637331749
0,0,0,0,0,0,0,1,0,0,0.56,0.666666667,0.431818182,0.607142857,0.527777778,0.159090909,0.144444444,0.123595506,0.130952381,0.17721519,0.010638298,0.010752688,0.02247191,0.417582418,0.409090909,0.811764706,0.784090909,0.841463415,0.239130435,0.377777778,0.097826087,0.064516129,0.387989267
0,1,0,0,0,0,0,0,0,0,0.58,0.4,0.395454545,0.75,0.472222222,0.488636364,0.444444444,0.404494382,0.571428571,0.708860759,0.106382979,0.053763441,0.011235955,0.659340659,0.647727273,0.317647059,0.295454545,0.365853659,0.054347826,0.088888889,0.076086957,0.086021505,0.240273831
0,0,0,0,0,0,0,0,1,0,0.68,0.4,0.277272727,0.535714286,0.666666667,0.295454545,0.266666667,0.258426966,0.452380952,0.518987342,0.095744681,0.064516129,0.033707865,0.417582418,0.295454545,0.717647059,0.715909091,0.780487805,0.576086957,0.644444444,0.086956522,0.086021505,0.423626006
0,0,0,0,0,0,0,0,1,0,0.74,0.533333333,0.340909091,0.607142857,0.361111111,0.215909091,0.233333333,0.213483146,0.261904762,0.443037975,0.180851064,0.129032258,0.112359551,0.362637363,0.295454545,0.729411765,0.727272727,0.817073171,0.423913043,0.5,0.076086957,0.075268817,0.423626006
0,1,0,0,0,0,0,0,0,0,0.74,0.466666667,0.327272727,0.642857143,0.5,0.522727273,0.488888889,0.449438202,0.833333333,0.835443038,0.180851064,0.107526882,0.078651685,0.43956044,0.477272727,0.329411765,0.340909091,0.317073171,0.173913043,0.244444444,0.152173913,0.096774194,0.218672704
0,1,0,0,0,0,0,0,0,0,0.7,0.2,0.154545455,0.571428571,0.638888889,0.681818182,0.655555556,0.617977528,0.797619048,0.835443038,0.35106383,0.301075269,0.258426966,0.43956044,0.545454545,0.341176471,0.352272727,0.365853659,0.184782609,0.255555556,0.130434783,0.096774194,0.416602666
0,0,0,0,0,0,0,1,0,0,0.66,0.733333333,0.568181818,0.714285714,0.5,0.284090909,0.266666667,0.235955056,0.392857143,0.46835443,0.319148936,0.268817204,0.235955056,0.472527473,0.488636364,0.752941176,0.75,0.780487805,0.358695652,0.422222222,0.119565217,0.043010753,0.476425217
0,0,0,0,0,0,0,0,0,1,0.78,0.4,0.163636364,0.714285714,0.583333333,0.431818182,0.422222222,0.382022472,0.369047619,0.594936709,0.010638298,0.010752688,0.02247191,0.307692308,0.238636364,0.647058824,0.636363636,0.707317073,0.597826087,0.633333333,0.119565217,0.161290323,0.37261704
0,0,0,0,0,0,0,0,0,1,0.74,0.466666667,0.159090909,0.642857143,0.555555556,0.306818182,0.3,0.280898876,0.416666667,0.556962025,0.106382979,0.064516129,0.056179775,0.307692308,0.295454545,0.6,0.579545455,0.731707317,0.586956522,0.633333333,0.043478261,0.053763441,0.37261704
0,0,0,1,0,0,0,0,0,0,0.7,0.533333333,0.418181818,0.678571429,0.555555556,0.647727273,0.655555556,0.651685393,0.666666667,0.734177215,0.20212766,0.107526882,0.06741573,0.483516484,0.488636364,0.341176471,0.318181818,0.341463415,0.184782609,0.233333333,0.086956522,0.086021505,0.294439241
0,0,1,0,0,0,0,0,0,0,0.78,0.4,0.136363636,0.642857143,0.555555556,0.727272727,0.733333333,0.707865169,0.547619048,0.721518987,0.106382979,0.053763441,0.02247191,0.472527473,0.272727273,0.494117647,0.545454545,0.512195122,0.576086957,0.588888889,0.141304348,0.172043011,0.365984025
0,0,0,0,0,0,0,1,0,0,0.48,0.533333333,0.586363636,0.642857143,0.472222222,0.181818182,0.155555556,0.157303371,0.142857143,0.050632911,0.010638298,0.010752688,0.02247191,0.417582418,0.409090909,0.788235294,0.738636364,0.817073171,0.119565217,0.2,0.086956522,0.086021505,0.218672704
0,0,0,0,0,0,0,0,0,1,0.78,0.4,0.168181818,0.821428571,0.722222222,0.340909091,0.333333333,0.303370787,0.488095238,0.569620253,0.106382979,0.053763441,0.06741573,0.307692308,0.284090909,0.611764706,0.613636364,0.62195122,0.597826087,0.633333333,0.152173913,0.096774194,0.185727237
0,1,0,0,0,0,0,0,0,0,0.4,0.6,0.659090909,0.5,0.694444444,0.579545455,0.522222222,0.483146067,0.619047619,0.658227848,0.010638298,0.010752688,0.02247191,0.714285714,0.636363636,0.776470588,0.704545455,0.756097561,0.52173913,0.566666667,0.108695652,0.11827957,0.491531928
1,0,0,0,0,0,0,0,0,0,0.58,0.466666667,0.295454545,0.785714286,0.472222222,0.113636364,0.122222222,0.112359551,0.452380952,0.556962025,0.829787234,0.774193548,0.831460674,0.175824176,0.068181818,0.211764706,0.204545455,0.219512195,0.086956522,0.055555556,0.141304348,0.107526882,0.126569386
0,0,0,0,0,0,0,0,1,0,0.74,0.6,0.331818182,0.714285714,0.583333333,0.352272727,0.311111111,0.314606742,0.357142857,0.417721519,0.010638298,0.010752688,0.02247191,0.417582418,0.409090909,0.741176471,0.704545455,0.829268293,0.619565217,0.688888889,0.119565217,0.075268817,0.334553766
0,0,0,0,0,0,0,0,1,0,0.64,0.8,0.504545455,0.607142857,0.388888889,0.215909091,0.222222222,0.202247191,0.333333333,0.392405063,0.010638298,0.010752688,0.02247191,0.417582418,0.352272727,0.835294118,0.784090909,0.829268293,0.326086957,0.422222222,0.086956522,0.11827957,0.560851564
0,0,1,0,0,0,0,0,0,0,0.82,0.466666667,0.290909091,0.678571429,0.472222222,0.715909091,0.711111111,0.696629213,0.666666667,0.810126582,0.404255319,0.344086022,0.382022472,0.428571429,0.295454545,0.376470588,0.375,0.353658537,0.130434783,0.155555556,0.119565217,0.064516129,0.207381896
0,0,0,0,0,0,0,0,0,1,0.72,0.266666667,0.172727273,0.642857143,0.861111111,0.602272727,0.566666667,0.528089888,0.5,0.708860759,0.010638298,0.010752688,0.02247191,0.307692308,0.409090909,0.611764706,0.681818182,0.743902439,0.739130435,0.811111111,0.065217391,0.053763441,0.414994923
0,0,0,0,0,0,0,0,1,0,0.74,0.733333333,0.531818182,0.714285714,0.527777778,0.125,0.122222222,0.101123596,0.154761905,0.215189873,0.010638298,0.010752688,0.02247191,0.417582418,0.409090909,0.835294118,0.806818182,0.87804878,0.369565217,0.466666667,0.032608696,0.043010753,0.600689824
0,0,0,0,0,0,0,1,0,0,0.8,0.666666667,0.459090909,0.714285714,0.305555556,0.170454545,0.177777778,0.168539326,0.202380952,0.215189873,0.010638298,0.010752688,0.02247191,0.417582418,0.409090909,0.776470588,0.772727273,0.817073171,0.27173913,0.366666667,0.054347826,0.086021505,0.437774094
0,0,0,0,0,0,0,0,0,1,0.82,0.4,0.136363636,0.571428571,0.722222222,0.363636364,0.322222222,0.325842697,0.392857143,0.518987342,0.010638298,0.010752688,0.02247191,0.307692308,0.295454545,0.494117647,0.522727273,0.597560976,0.619565217,0.7,0.152173913,0.096774194,0.410062581
0,0,0,0,0,0,0,0,0,1,0.76,0.333333333,0.181818182,0.607142857,0.75,0.397727273,0.355555556,0.325842697,0.476190476,0.607594937,0.010638298,0.010752688,0.02247191,0.307692308,0.295454545,0.6,0.647727273,0.707317073,0.72826087,0.8,0.032608696,0.053763441,0.429962431
0,0,0,0,1,0,0,0,0,0,0.04,0.933333333,0.840909091,0.892857143,0.861111111,0.079545455,0.1,0.101123596,0.178571429,0.075949367,0.010638298,0.010752688,0.02247191,0.846153846,0.829545455,0.270588235,0.170454545,0.146341463,0.076086957,0.088888889,0.130434783,0.075268817,0.647039377
0,0,0,0,0,0,0,0,1,0,0.74,0.733333333,0.468181818,0.607142857,0.555555556,0.227272727,0.211111111,0.191011236,0.19047619,0.278481013,0.010638298,0.010752688,0.02247191,0.417582418,0.409090909,0.788235294,0.795454545,0.817073171,0.380434783,0.455555556,0.130434783,0.086021505,0.499897983
0,0,1,0,0,0,0,0,0,0,0.8,0.133333333,0.15,0.642857143,0.611111111,0.795454545,0.788888889,0.808988764,0.571428571,0.721518987,0.14893617,0.075268817,0.033707865,0.450549451,0.295454545,0.294117647,0.306818182,0.280487805,0.108695652,0.177777778,0.065217391,0.096774194,0.107918342
0,0,0,0,0,1,0,0,0,0,0.34,0.733333333,0.295454545,0.857142857,0.583333333,0.181818182,0.2,0.202247191,0.130952381,0.063291139,0.617021277,0.516129032,0.438202247,0.241758242,0.181818182,0.129411765,0.181818182,0.195121951,0.108695652,0.088888889,0.945652174,0.924731183,0.402336595
1,0,0,0,0,0,0,0,0,0,0.3,0.533333333,0.25,0.428571429,0.055555556,0.102272727,0.122222222,0.112359551,0.285714286,0.46835443,0.85106383,0.752688172,0.752808989,0.120879121,0.034090909,0.105882353,0.068181818,0.024390244,0.086956522,0.133333333,0.086956522,0.129032258,0.227700401
0,0,0,1,0,0,0,0,0,0,0.7,0.533333333,0.354545455,0.571428571,0.583333333,0.715909091,0.7,0.685393258,0.619047619,0.658227848,0.265957447,0.215053763,0.179775281,0.604395604,0.534090909,0.364705882,0.352272727,0.329268293,0.076086957,0.077777778,0.152173913,0.107526882,0.417796953
0,0,0,0,0,0,0,1,0,0,0.46,0.666666667,0.65,0.821428571,0.5,0.125,0.111111111,0.101123596,0.130952381,0.126582278,0.010638298,0.010752688,0.02247191,0.417582418,0.409090909,0.752941176,0.727272727,0.804878049,0.119565217,0.177777778,0.065217391,0.043010753,0.468241696
0,0,0,0,0,0,0,0,0,1,0.76,0.6,0.227272727,0.714285714,0.666666667,0.488636364,0.477777778,0.438202247,0.428571429,0.632911392,0.010638298,0.010752688,0.02247191,0.307692308,0.295454545,0.6,0.636363636,0.658536585,0.641304348,0.677777778,0.119565217,0.11827957,0.368784518
0,0,0,0,0,0,0,0,0,1,0.88,0.533333333,0.177272727,0.714285714,0.666666667,0.443181818,0.433333333,0.415730337,0.452380952,0.594936709,0.106382979,0.053763441,0.04494382,0.285714286,0.227272727,0.505882353,0.568181818,0.573170732,0.652173913,0.6,0.141304348,0.150537634,0.417399943
0,0,0,1,0,0,0,0,0,0,0.56,0.666666667,0.454545455,0.464285714,0.361111111,0.625,0.611111111,0.606741573,0.654761905,0.734177215,0.106382979,0.053763441,0.02247191,0.538461538,0.511363636,0.258823529,0.272727273,0.317073171,0.076086957,0.066666667,0.173913043,0.086021505,0.207381896
0,0,0,0,0,0,0,0,1,0,0.72,0.6,0.386363636,0.607142857,0.361111111,0.238636364,0.222222222,0.213483146,0.238095238,0.329113924,0.010638298,0.010752688,0.02247191,0.417582418,0.409090909,0.729411765,0.727272727,0.780487805,0.47826087,0.522222222,0.141304348,0.11827957,0.328831416
0,0,0,0,0,0,0,0,0,1,0.84,0.466666667,0.181818182,0.535714286,0.666666667,0.443181818,0.411111111,0.393258427,0.416666667,0.632911392,0.010638298,0.010752688,0.02247191,0.395604396,0.352272727,0.505882353,0.579545455,0.609756098,0.706521739,0.722222222,0.086956522,0.107526882,0.297183546
0,0,0,1,0,0,0,0,0,0,0.5,0.666666667,0.409090909,0.714285714,0.472222222,0.625,0.6,0.573033708,0.547619048,0.569620253,0.010638298,0.107526882,0.06741573,0.56043956,0.568181818,0.270588235,0.295454545,0.280487805,0.054347826,0.1,0.130434783,0.139784946,0.229152166
0,1,0,0,0,0,0,0,0,0,0.88,0.266666667,0.136363636,0.428571429,0.416666667,0.625,0.6,0.573033708,0.75,0.82278481,0.212765957,0.161290323,0.146067416,0.307692308,0.5,0.282352941,0.25,0.268292683,0.076086957,0.1,0.130434783,0.096774194,0.212328174
0,0,1,0,0,0,0,0,0,0,0.84,0.466666667,0.3,0.571428571,0.805555556,0.931818182,0.9,0.898876404,0.821428571,0.936708861,0.308510638,0.258064516,0.235955056,0.538461538,0.363636364,0.176470588,0.227272727,0.170731707,0.141304348,0.222222222,0.108695652,0.107526882,0.802668606
0,0,0,0,0,0,0,1,0,0,0.36,0.666666667,0.677272727,0.678571429,0.416666667,0.170454545,0.144444444,0.123595506,0.05952381,0.012658228,0.010638298,0.010752688,0.02247191,0.417582418,0.409090909,0.858823529,0.795454545,0.841463415,0.076086957,0.244444444,0.130434783,0.172043011,0.24935506
0,0,0,0,0,0,0,0,1,0,0.66,0.6,0.422727273,0.464285714,0.25,0.363636364,0.366666667,0.348314607,0.30952381,0.405063291,0.010638298,0.010752688,0.02247191,0.417582418,0.409090909,0.764705882,0.727272727,0.804878049,0.184782609,0.288888889,0.076086957,0.043010753,0.428127171
0,0,0,1,0,0,0,0,0,0,0.6,0.533333333,0.354545455,0.785714286,0.444444444,0.409090909,0.4,0.370786517,0.321428571,0.455696203,0.010638298,0.010752688,0.02247191,0.417582418,0.431818182,0.705882353,0.659090909,0.719512195,0.467391304,0.533333333,0.108695652,0.150537634,0.447147119
0,0,0,0,0,0,0,1,0,0,0.24,0.533333333,0.659090909,0.714285714,0.138888889,0.102272727,0.088888889,0.08988764,0.178571429,0.088607595,0.010638298,0.010752688,0.02247191,0.417582418,0.352272727,0.741176471,0.738636364,0.780487805,0.054347826,0.055555556,0.010869565,0.032258065,0.30252199
0,0,0,0,0,0,0,1,0,0,0.44,0.466666667,0.690909091,0.75,0.583333333,0.238636364,0.233333333,0.224719101,0.30952381,0.240506329,0.010638298,0.010752688,0.02247191,0.417582418,0.409090909,0.8,0.795454545,0.817073171,0.108695652,0.211111111,0.130434783,0.064516129,0.094012471
0,0,0,0,0,0,0,0,1,0,0.68,0.6,0.386363636,0.714285714,0.416666667,0.181818182,0.166666667,0.168539326,0.226190476,0.303797468,0.010638298,0.010752688,0.02247191,0.417582418,0.409090909,0.741176471,0.715909091,0.780487805,0.369565217,0.455555556,0.152173913,0.172043011,0.218672704
0,0,0,0,0,0,0,0,1,0,0.68,0.866666667,0.363636364,0.535714286,0.5,0.465909091,0.455555556,0.449438202,0.476190476,0.569620253,0.010638298,0.010752688,0.02247191,0.417582418,0.409090909,0.658823529,0.670454545,0.768292683,0.467391304,0.522222222,0.130434783,0.086021505,0.30252199
0,0,0,0,0,0,0,0,0,1,0.76,0.333333333,0.063636364,0.535714286,0.75,0.477272727,0.433333333,0.404494382,0.523809524,0.670886076,0.010638298,0.010752688,0.02247191,0.307692308,0.295454545,0.623529412,0.636363636,0.731707317,0.717391304,0.777777778,0.25,0.204301075,0.405389945
0,0,0,0,0,0,0,1,0,0,0.36,0.733333333,0.727272727,0.535714286,0.25,0.159090909,0.133333333,0.112359551,0.178571429,0.063291139,0.010638298,0.010752688,0.02247191,0.417582418,0.409090909,0.752941176,0.715909091,0.792682927,0.108695652,0.2,0.130434783,0.096774194,0.193308226
0,0,1,0,0,0,0,0,0,0,0.78,0.266666667,0.145454545,0.464285714,0.611111111,0.818181818,0.811111111,0.797752809,0.595238095,0.835443038,0.595744681,0.47311828,0.348314607,0.362637363,0.409090909,0.294117647,0.284090909,0.256097561,0.086956522,0.2,0.304347826,0.258064516,0.368784518
0,0,0,0,1,0,0,0,0,0,0.2,0.933333333,0.727272727,0.75,0.638888889,0.068181818,0.055555556,0.056179775,0.095238095,0.025316456,0.010638298,0.010752688,0.02247191,0.747252747,0.659090909,0.247058824,0.227272727,0.207317073,0.086956522,0.088888889,0.108695652,0.064516129,0.23892911
0,0,0,0,0,0,0,1,0,0,0.52,0.8,0.5,0.571428571,0.305555556,0.170454545,0.144444444,0.134831461,0.19047619,0.265822785,0.010638298,0.010752688,0.02247191,0.417582418,0.409090909,0.788235294,0.75,0.841463415,0.195652174,0.3,0.086956522,0.096774194,0.490572048
0,0,0,1,0,0,0,0,0,0,0.7,0.733333333,0.436363636,0.642857143,0.75,0.840909091,0.822222222,0.820224719,0.75,0.835443038,0.106382979,0.053763441,0.011235955,0.736263736,0.590909091,0.282352941,0.261363636,0.268292683,0.054347826,0.111111111,0.130434783,0.096774194,0.731704785
0,1,0,0,0,0,0,0,0,0,0.72,0.4,0.259090909,0.535714286,0.527777778,0.5,0.477777778,0.438202247,0.797619048,0.848101266,0.159574468,0.139784946,0.123595506,0.230769231,0.5,0.223529412,0.193181818,0.195121951,0.097826087,0.133333333,0.152173913,0.150537634,0.240273831
0,0,0,0,0,0,0,1,0,0,0.32,0.733333333,0.613636364,0.535714286,0.25,0.113636364,0.088888889,0.06741573,0.130952381,0.164556962,0.010638298,0.010752688,0.02247191,0.417582418,0.409090909,0.764705882,0.727272727,0.768292683,0.293478261,0.422222222,0.054347826,0.053763441,0.229152166
0,0,0,0,0,0,0,1,0,0,0.26,0.6,0.686363636,0.642857143,0.527777778,0.159090909,0.133333333,0.112359551,0.166666667,0.253164557,0.010638298,0.010752688,0.02247191,0.417582418,0.409090909,0.847058824,0.795454545,0.865853659,0.184782609,0.266666667,0.054347826,0.053763441,0.646544236
0,0,0,0,0,0,0,0,1,0,0.54,0.533333333,0.418181818,0.714285714,0.277777778,0.261363636,0.244444444,0.224719101,0.357142857,0.493670886,0.010638298,0,0,0.417582418,0.409090909,0.647058824,0.647727273,0.731707317,0.217391304,0.244444444,0.22826087,0.172043011,0.185727237
0,0,0,0,1,0,0,0,0,0,0.26,0.933333333,0.954545455,0.464285714,0.666666667,0.147727273,0.122222222,0.123595506,0.142857143,0.075949367,0.010638298,0.010752688,0.02247191,0.78021978,0.875,0.305882353,0.136363636,0.146341463,0.076086957,0.088888889,0.141304348,0.150537634,0.584674776
0,0,0,0,1,0,0,0,0,0,0.28,0.666666667,0.659090909,0.785714286,0.611111111,0.215909091,0.211111111,0.202247191,0.25,0.189873418,0.053191489,0.032258065,0.02247191,0.67032967,0.681818182,0.223529412,0.272727273,0.207317073,0.065217391,0.055555556,0.130434783,0.096774194,0.423626006
0,0,0,0,0,0,0,1,0,0,0.62,0.533333333,0.440909091,0.75,0.472222222,0.113636364,0.1,0.101123596,0.238095238,0.316455696,0.010638298,0.010752688,0.02247191,0.417582418,0.409090909,0.788235294,0.761363636,0.804878049,0.119565217,0.2,0.108695652,0.075268817,0.463392137
0,0,0,0,0,0,0,0,0,1,0.86,0.333333333,0.227272727,0.607142857,0.694444444,0.511363636,0.488888889,0.426966292,0.523809524,0.696202532,0.106382979,0.053763441,0.02247191,0.307692308,0.352272727,0.588235294,0.602272727,0.646341463,0.652173913,0.688888889,0.467391304,0.344086022,0.229152166
0,0,0,0,0,0,0,1,0,0,0.58,0.6,0.631818182,0.535714286,0.194444444,0.170454545,0.144444444,0.123595506,0.107142857,0.101265823,0.010638298,0.010752688,0.02247191,0.417582418,0.409090909,0.694117647,0.670454545,0.780487805,0.195652174,0.255555556,0.152173913,0.204301075,0.229152166
0,0,0,0,1,0,0,0,0,0,0.3,0.733333333,0.636363636,0.75,0.611111111,0.397727273,0.355555556,0.314606742,0.333333333,0.392405063,0.010638298,0.010752688,0.02247191,0.714285714,0.75,0.2,0.170454545,0.207317073,0.076086957,0.088888889,0.152173913,0.150537634,0.406679213
0,0,0,0,0,0,0,0,1,0,0.74,0.4,0.286363636,0.785714286,0.861111111,0.363636364,0.322222222,0.292134831,0.333333333,0.493670886,0.010638298,0.010752688,0.02247191,0.417582418,0.409090909,0.870588235,0.897727273,0.951219512,0.684782609,0.777777778,0.141304348,0.150537634,0.502583357
0,0,1,0,0,0,0,0,0,0,0.96,0.4,0.15,0.642857143,0.638888889,0.795454545,0.788888889,0.808988764,0.583333333,0.734177215,0.106382979,0.053763441,0.02247191,0.373626374,0.204545455,0.176470588,0.215909091,0.243902439,0.076086957,0.1,0.097826087,0.064516129,0.463392137
0,0,0,0,1,0,0,0,0,0,0.34,0.866666667,0.731818182,0.5,0.472222222,0.159090909,0.133333333,0.101123596,0.071428571,0.025316456,0.074468085,0.010752688,0.02247191,0.604395604,0.625,0.282352941,0.284090909,0.231707317,0.076086957,0.055555556,0.141304348,0.172043011,0.410062581
0,1,0,0,0,0,0,0,0,0,0.84,0.266666667,0.181818182,0.642857143,0.888888889,0.784090909,0.744444444,0.719101124,0.845238095,0.936708861,0.234042553,0.161290323,0.134831461,0.340659341,0.556818182,0.141176471,0.181818182,0.268292683,0.108695652,0.144444444,0.163043478,0.096774194,0.593259676
0,0,0,0,0,0,0,0,0,1,0.74,0.466666667,0.190909091,0.607142857,0.611111111,0.340909091,0.344444444,0.337078652,0.404761905,0.481012658,0.010638298,0.010752688,0.02247191,0.120879121,0.181818182,0.564705882,0.625,0.695121951,0.630434783,0.666666667,0.163043478,0.193548387,0.207381896
0,0,0,0,0,0,0,0,1,0,0.66,0.4,0.331818182,0.714285714,0.666666667,0.318181818,0.277777778,0.258426966,0.238095238,0.367088608,0.010638298,0.010752688,0.02247191,0.417582418,0.409090909,0.694117647,0.681818182,0.756097561,0.695652174,0.633333333,0.141304348,0.053763441,0.260257316
0,0,0,0,0,0,0,0,1,0,0.64,0.6,0.45,0.5,0.555555556,0.443181818,0.411111111,0.393258427,0.392857143,0.46835443,0,0,0.011235955,0.417582418,0.409090909,0.764705882,0.738636364,0.792682927,0.510869565,0.566666667,0.163043478,0.053763441,0.417399943
0,0,1,0,0,0,0,0,0,0,0.94,0.4,0.118181818,0.571428571,0.5,0.704545455,0.722222222,0.741573034,0.571428571,0.708860759,0.106382979,0.053763441,0.06741573,0.340659341,0.204545455,0.211764706,0.261363636,0.231707317,0.152173913,0.211111111,0.119565217,0.086021505,0.429597221
0,0,0,0,1,0,0,0,0,0,0.34,0.6,0.668181818,0.714285714,0.694444444,0.113636364,0.077777778,0.078651685,0.119047619,0.075949367,0.010638298,0.010752688,0.02247191,0.758241758,0.715909091,0.129411765,0.170454545,0.146341463,0.076086957,0.088888889,0.195652174,0.204301075,0.468801778
0,0,1,0,0,0,0,0,0,0,0.76,0.733333333,0.245454545,0.571428571,0.527777778,0.772727273,0.766666667,0.775280899,0.642857143,0.746835443,0.106382979,0.053763441,0.02247191,0.450549451,0.409090909,0.282352941,0.25,0.195121951,0.108695652,0.2,0.086956522,0.139784946,0.193308226
0,0,0,0,0,0,0,0,0,1,0.84,0.466666667,0.204545455,0.785714286,0.611111111,0.465909091,0.444444444,0.404494382,0.476190476,0.620253165,0.053191489,0.053763441,0.06741573,0.307692308,0.295454545,0.611764706,0.602272727,0.646341463,0.619565217,0.633333333,0.097826087,0.064516129,0.223256366
0,0,0,1,0,0,0,0,0,0,0.7,0.8,0.363636364,0.464285714,0.583333333,0.727272727,0.722222222,0.707865169,0.607142857,0.64556962,0.010638298,0.010752688,0.02247191,0.56043956,0.511363636,0.305882353,0.284090909,0.243902439,0.184782609,0.155555556,0.065217391,0.075268817,0.227700401
0,0,0,1,0,0,0,0,0,0,0.7,0.666666667,0.409090909,0.678571429,0.611111111,0.715909091,0.688888889,0.674157303,0.630952381,0.696202532,0.106382979,0.053763441,0.02247191,0.604395604,0.556818182,0.305882353,0.306818182,0.256097561,0.108695652,0.166666667,0.119565217,0.086021505,0.429231095
0,0,1,0,0,0,0,0,0,0,0.74,0.4,0.159090909,0.928571429,0.555555556,0.772727273,0.777777778,0.764044944,0.630952381,0.721518987,0.382978723,0.344086022,0.337078652,0.516483516,0.465909091,0.388235294,0.386363636,0.243902439,0.108695652,0.211111111,0.141304348,0.172043011,0.229152166
0,0,0,0,1,0,0,0,0,0,0.36,0.733333333,0.681818182,0.785714286,0.777777778,0.056818182,0.055555556,0.056179775,0.095238095,0.088607595,0.010638298,0.010752688,0.02247191,0.681318681,0.738636364,0.152941176,0.159090909,0.12195122,0.076086957,0.055555556,0.054347826,0.064516129,0.410062581
0,0,0,0,1,0,0,0,0,0,0.38,0.933333333,0.668181818,0.75,0.416666667,0.113636364,0.077777778,0.06741573,0.05952381,0.050632911,0.010638298,0.010752688,0.02247191,0.571428571,0.659090909,0.211764706,0.159090909,0.158536585,0.043478261,0.044444444,0.076086957,0.075268817,0.410062581
0,0,0,0,0,0,0,0,1,0,0.72,0.466666667,0.331818182,0.821428571,0.861111111,0.397727273,0.355555556,0.359550562,0.238095238,0.341772152,0.010638298,0.010752688,0.02247191,0.417582418,0.409090909,0.905882353,0.863636364,0.93902439,0.706521739,0.8,0.076086957,0.064516129,0.126569386
0,0,0,0,0,0,0,0,1,0,0.72,0.6,0.495454545,0.785714286,0.666666667,0.318181818,0.277777778,0.280898876,0.44047619,0.556962025,0.010638298,0.010752688,0.02247191,0.417582418,0.409090909,0.870588235,0.875,0.865853659,0.489130435,0.577777778,0.184782609,0.172043011,0.718387968
0,0,0,0,0,0,0,0,0,1,0.82,0.333333333,0.163636364,0.642857143,0.694444444,0.477272727,0.433333333,0.393258427,0.452380952,0.607594937,0.010638298,0.010752688,0.02247191,0.120879121,0.045454545,0.552941176,0.625,0.634146341,0.684782609,0.622222222,0.119565217,0.11827957,0.218672704
0,0,0,0,0,0,0,0,0,1,0.7,0.533333333,0.172727273,0.714285714,0.583333333,0.511363636,0.477777778,0.426966292,0.523809524,0.683544304,0.010638298,0.010752688,0.02247191,0.307692308,0.295454545,0.588235294,0.602272727,0.670731707,0.597826087,0.677777778,0.086956522,0.086021505,0.37261704
0,0,0,0,1,0,0,0,0,0,0.46,0.666666667,0.659090909,0.607142857,0.5,0.136363636,0.1,0.08988764,0.130952381,0.17721519,0.010638298,0.010752688,0.02247191,0.615384615,0.636363636,0.435294118,0.386363636,0.390243902,0.076086957,0.144444444,0.184782609,0.172043011,0.245532102
0,0,0,0,1,0,0,0,0,0,0.1,0.8,0.736363636,0.75,0.416666667,0.102272727,0.1,0.08988764,0.119047619,0.037974684,0.010638298,0.010752688,0.02247191,0.626373626,0.568181818,0.235294118,0.193181818,0.219512195,0.054347826,0.033333333,0.108695652,0.064516129,0.207381896
0,0,0,1,0,0,0,0,0,0,0.62,0.866666667,0.409090909,0.571428571,0.527777778,0.636363636,0.622222222,0.584269663,0.595238095,0.632911392,0.085106383,0.053763441,0.02247191,0.637362637,0.602272727,0.388235294,0.397727273,0.353658537,0.076086957,0.088888889,0.315217391,0.268817204,0.421322254
0,0,0,0,0,0,0,1,0,0,0.5,0.6,0.55,0.678571429,0.527777778,0.306818182,0.3,0.280898876,0.333333333,0.379746835,0.010638298,0.010752688,0.02247191,0.417582418,0.409090909,0.858823529,0.806818182,0.865853659,0.173913043,0.377777778,0.119565217,0.043010753,0.677689059
0,0,1,0,0,0,0,0,0,0,0.78,0.6,0.25,0.607142857,0.555555556,0.784090909,0.777777778,0.786516854,0.666666667,0.759493671,0.159574468,0.107526882,0.123595506,0.527472527,0.272727273,0.270588235,0.261363636,0.256097561,0.054347826,0.033333333,0.130434783,0.096774194,0.447794132
0,0,0,1,0,0,0,0,0,0,0.7,0.933333333,0.35,0.464285714,0.638888889,0.727272727,0.711111111,0.685393258,0.642857143,0.708860759,0.106382979,0.053763441,0.02247191,0.56043956,0.556818182,0.294117647,0.284090909,0.292682927,0.097826087,0.155555556,0.152173913,0.139784946,0.324387381
0,0,0,0,0,0,0,0,0,1,0.66,0.4,0.190909091,0.714285714,0.555555556,0.477272727,0.444444444,0.426966292,0.523809524,0.64556962,0.287234043,0.204301075,0.191011236,0.307692308,0.295454545,0.635294118,0.625,0.731707317,0.630434783,0.677777778,0.141304348,0.129032258,0.37261704
0,0,0,0,0,0,0,0,0,1,0.84,0.466666667,0.204545455,0.714285714,0.722222222,0.443181818,0.433333333,0.426966292,0.416666667,0.556962025,0.010638298,0.010752688,0.02247191,0.307692308,0.295454545,0.564705882,0.579545455,0.682926829,0.586956522,0.644444444,0.380434783,0.333333333,0.416202388
0,1,0,0,0,0,0,0,0,0,0.72,0.4,0.272727273,0.642857143,0.611111111,0.522727273,0.5,0.438202247,0.821428571,0.810126582,0.159574468,0.107526882,0.06741573,0.340659341,0.465909091,0.352941176,0.352272727,0.365853659,0.195652174,0.277777778,0.141304348,0.107526882,0.185727237
0,0,0,0,0,0,0,0,1,0,0.68,0.533333333,0.409090909,0.607142857,0.638888889,0.295454545,0.255555556,0.258426966,0.273809524,0.227848101,0.010638298,0.010752688,0.02247191,0.417582418,0.409090909,0.870588235,0.852272727,0.890243902,0.510869565,0.555555556,0.217391304,0.193548387,0.742200682
0,0,0,0,0,0,1,0,0,0,0.48,0.533333333,0.15,0.535714286,0.694444444,0.136363636,0.155555556,0.157303371,0.071428571,0.050632911,0.319148936,0.268817204,0.235955056,0.142857143,0.125,0.105882353,0.090909091,0.158536585,0.054347826,0.144444444,0.934782609,0.795698925,0.52341759
0,0,0,0,0,0,0,0,0,1,0.94,0.4,0.118181818,0.571428571,0.722222222,0.522727273,0.488888889,0.483146067,0.464285714,0.632911392,0.127659574,0.096774194,0.08988764,0.307692308,0.261363636,0.411764706,0.534090909,0.56097561,0.608695652,0.655555556,0.163043478,0.150537634,0.318243264
0,0,0,0,0,0,0,1,0,0,0.28,0.6,0.659090909,0.535714286,0.25,0.136363636,0.111111111,0.112359551,0.166666667,0.139240506,0.010638298,0.010752688,0.02247191,0.417582418,0.409090909,0.741176471,0.727272727,0.768292683,0.108695652,0.2,0.152173913,0.150537634,0.369889835
0,0,1,0,0,0,0,0,0,0,0.72,0.533333333,0.159090909,0.714285714,0.583333333,0.693181818,0.688888889,0.662921348,0.595238095,0.721518987,0.106382979,0.053763441,0.056179775,0.43956044,0.318181818,0.223529412,0.238636364,0.243902439,0.119565217,0.188888889,0.097826087,0.096774194,0.318243264
0,0,0,0,0,0,0,0,0,1,0.8,0.4,0.163636364,0.607142857,0.805555556,0.397727273,0.355555556,0.337078652,0.488095238,0.64556962,0.010638298,0.010752688,0.02247191,0.373626374,0.295454545,0.470588235,0.590909091,0.573170732,0.836956522,0.888888889,0.086956522,0.086021505,0.470745305
1,0,0,0,0,0,0,0,0,0,0.5,0.466666667,0.236363636,0.5,0.277777778,0.227272727,0.244444444,0.235955056,0.452380952,0.594936709,0.840425532,0.76344086,0.775280899,0.10989011,0.102272727,0.2,0.181818182,0.146341463,0.076086957,0.166666667,0.25,0.258064516,0.420546182
0,0,0,0,0,0,0,0,0,1,0.9,0.466666667,0.177272727,0.75,0.694444444,0.511363636,0.5,0.483146067,0.488095238,0.632911392,0.393617021,0.322580645,0.292134831,0.307692308,0.295454545,0.458823529,0.602272727,0.548780488,0.717391304,0.733333333,0.152173913,0.161290323,0.456563367
0,0,0,0,0,0,0,0,1,0,0.8,0.666666667,0.454545455,0.571428571,0.555555556,0.568181818,0.555555556,0.528089888,0.55952381,0.620253165,0.212765957,0.182795699,0.191011236,0.516483516,0.488636364,0.694117647,0.75,0.780487805,0.434782609,0.5,0.141304348,0.150537634,0.447147119
0,0,0,0,0,0,0,0,0,1,0.86,0.466666667,0.213636364,0.607142857,0.722222222,0.431818182,0.411111111,0.359550562,0.535714286,0.658227848,0.010638298,0.010752688,0.02247191,0.307692308,0.295454545,0.576470588,0.625,0.670731707,0.630434783,0.7,0.130434783,0.053763441,0.423626006
0,0,0,0,1,0,0,0,0,0,0.28,0.733333333,0.790909091,0.678571429,0.583333333,0.102272727,0.066666667,0.06741573,0.05952381,0.025316456,0.010638298,0.010752688,0.02247191,0.637362637,0.704545455,0.211764706,0.181818182,0.182926829,0.076086957,0.066666667,0.086956522,0.064516129,0.209049357
0,0,0,0,0,0,0,1,0,0,0.44,0.933333333,0.554545455,0.857142857,0.555555556,0.170454545,0.144444444,0.146067416,0.261904762,0.202531646,0.010638298,0.010752688,0.02247191,0.417582418,0.409090909,0.905882353,0.886363636,0.902439024,0.163043478,0.222222222,0.25,0.258064516,0.126569386
0,0,0,0,0,0,0,0,0,1,0.88,0.2,0.045454545,0.5,0.666666667,0.431818182,0.433333333,0.471910112,0.380952381,0.607594937,0.010638298,0.010752688,0.02247191,0.307692308,0.295454545,0.552941176,0.613636364,0.646341463,0.641304348,0.6,0.076086957,0.075268817,0.207381896
0,0,0,0,0,0,0,1,0,0,0.34,0.666666667,0.704545455,0.821428571,0.527777778,0.125,0.1,0.08988764,0.142857143,0.139240506,0.010638298,0.010752688,0.02247191,0.417582418,0.409090909,0.905882353,0.875,0.902439024,0.184782609,0.311111111,0.086956522,0.096774194,0.70932157
0,0,0,0,1,0,0,0,0,0,0.38,0.6,0.7,0.571428571,0.583333333,0.261363636,0.222222222,0.179775281,0.261904762,0.329113924,0,0,0.011235955,0.67032967,0.704545455,0.282352941,0.329545455,0.317073171,0.065217391,0.044444444,0.217391304,0.096774194,0.346016104
0,0,0,0,0,0,1,0,0,0,0.4,0.333333333,0.109090909,0.392857143,0.444444444,0.068181818,0.088888889,0.08988764,0.071428571,0.050632911,0.29787234,0.107526882,0.123595506,0.098901099,0.090909091,0.176470588,0.193181818,0.170731707,0.065217391,0.111111111,0.97826087,0.795698925,0.260257316
0,0,0,0,0,0,0,0,0,1,0.84,0.333333333,0.172727273,0.678571429,0.75,0.511363636,0.466666667,0.426966292,0.464285714,0.582278481,0.010638298,0.010752688,0.02247191,0.307692308,0.295454545,0.388235294,0.511363636,0.475609756,0.880434783,0.811111111,0.097826087,0.086021505,0.818886115
0,0,0,0,1,0,0,0,0,0,0.26,0.733333333,0.677272727,0.464285714,0.555555556,0.102272727,0.1,0.101123596,0.178571429,0.101265823,0.010638298,0.010752688,0.02247191,0.714285714,0.613636364,0.352941176,0.306818182,0.304878049,0.054347826,0.077777778,0.043478261,0.043010753,0.437774094
0,0,0,0,0,0,0,0,0,1,0.9,0.466666667,0.145454545,0.678571429,0.888888889,0.477272727,0.466666667,0.516853933,0.55952381,0.746835443,0.010638298,0.010752688,0.02247191,0.120879121,0.181818182,0.576470588,0.647727273,0.646341463,0.858695652,0.811111111,0.163043478,0.193548387,0.463392137
0,0,0,0,0,0,0,0,0,1,0.8,0.333333333,0.181818182,0.642857143,0.694444444,0.443181818,0.366666667,0.348314607,0.428571429,0.607594937,0.010638298,0.010752688,0.02247191,0.307692308,0.295454545,0.447058824,0.579545455,0.597560976,0.652173913,0.733333333,0.076086957,0.064516129,0.218672704
0,0,0,0,0,0,0,0,1,0,0.68,0.666666667,0.409090909,0.642857143,0.638888889,0.318181818,0.277777778,0.280898876,0.357142857,0.443037975,0.010638298,0.010752688,0.02247191,0.417582418,0.409090909,0.811764706,0.784090909,0.853658537,0.543478261,0.622222222,0.141304348,0.086021505,0.218672704
0,0,0,0,0,0,0,1,0,0,0.54,0.733333333,0.590909091,0.571428571,0.444444444,0.159090909,0.144444444,0.134831461,0.19047619,0.227848101,0.010638298,0.010752688,0.02247191,0.417582418,0.409090909,0.776470588,0.75,0.792682927,0.27173913,0.422222222,0.25,0.258064516,0.486668103
0,0,1,0,0,0,0,0,0,0,0.92,0.666666667,0.340909091,0.857142857,0.694444444,0.875,0.866666667,0.898876404,0.821428571,0.860759494,0.138297872,0.086021505,0.06741573,0.494505495,0.375,0.305882353,0.295454545,0.243902439,0.108695652,0.244444444,0.119565217,0.075268817,0.743141707
0,0,1,0,0,0,0,0,0,0,0.84,0.533333333,0.181818182,0.535714286,0.527777778,0.659090909,0.666666667,0.662921348,0.547619048,0.670886076,0.106382979,0.053763441,0.02247191,0.461538462,0.352272727,0.305882353,0.306818182,0.304878049,0.358695652,0.311111111,0.173913043,0.172043011,0.185727237
0,0,0,0,0,0,0,0,0,1,0.86,0.266666667,0.136363636,0.678571429,0.555555556,0.409090909,0.366666667,0.325842697,0.523809524,0.64556962,0.010638298,0.010752688,0.02247191,0.307692308,0.238636364,0.447058824,0.534090909,0.56097561,0.608695652,0.622222222,0.065217391,0.064516129,0.30252199
0,0,0,0,1,0,0,0,0,0,0.4,0.733333333,0.590909091,0.535714286,0.416666667,0.204545455,0.166666667,0.168539326,0.107142857,0.063291139,0.010638298,0.010752688,0.02247191,0.615384615,0.579545455,0.352941176,0.272727273,0.256097561,0.086956522,0.088888889,0.065217391,0.053763441,0.32810008
0,0,0,0,0,0,0,0,0,1,0.82,0.4,0.127272727,0.428571429,0.694444444,0.329545455,0.288888889,0.292134831,0.380952381,0.582278481,0.010638298,0.010752688,0.02247191,0.120879121,0.011363636,0.4,0.477272727,0.5,0.663043478,0.6,0.032608696,0.053763441,0.218672704
0,0,0,1,0,0,0,0,0,0,0.7,0.733333333,0.386363636,0.607142857,0.416666667,0.670454545,0.655555556,0.651685393,0.666666667,0.708860759,0.223404255,0.193548387,0.134831461,0.527472527,0.454545455,0.635294118,0.613636364,0.695121951,0.163043478,0.233333333,0.130434783,0.129032258,0.218672704
0,0,0,0,0,0,1,0,0,0,0.3,0.466666667,0.281818182,0.5,0.388888889,0.159090909,0.177777778,0.179775281,0.154761905,0.189873418,0.319148936,0.268817204,0.235955056,0.087912088,0.068181818,0.176470588,0.227272727,0.195121951,0.108695652,0.144444444,0.913043478,0.838709677,0.342737287
1,0,0,0,0,0,0,0,0,0,0.78,0.6,0.213636364,0.785714286,0.666666667,0.261363636,0.255555556,0.235955056,0.488095238,0.620253165,0.819148936,0.795698925,0.842696629,0.120879121,0.056818182,0.164705882,0.159090909,0.158536585,0.054347826,0.055555556,0.130434783,0.096774194,0.440174403
0,0,0,0,0,0,0,0,0,1,0.88,0.466666667,0.15,0.535714286,0.694444444,0.306818182,0.3,0.258426966,0.345238095,0.569620253,0.010638298,0.010752688,0.02247191,0.307692308,0.295454545,0.494117647,0.568181818,0.658536585,0.706521739,0.677777778,0.130434783,0.064516129,0.431414196
0,0,0,0,0,0,0,0,0,1,0.9,0.2,0.090909091,0.642857143,0.694444444,0.590909091,0.566666667,0.595505618,0.535714286,0.721518987,0.010638298,0.010752688,0.02247191,0.307692308,0.295454545,0.458823529,0.556818182,0.573170732,0.673913043,0.611111111,0.076086957,0.075268817,0.401895138
0,0,0,0,0,0,0,0,1,0,0.54,0.6,0.422727273,0.75,0.416666667,0.181818182,0.177777778,0.146067416,0.285714286,0.367088608,0.106382979,0.053763441,0.011235955,0.417582418,0.409090909,0.741176471,0.727272727,0.804878049,0.336956522,0.411111111,0.163043478,0.150537634,0.207381896
0,0,0,0,0,0,0,1,0,0,0.5,0.6,0.590909091,0.678571429,0.388888889,0.193181818,0.188888889,0.191011236,0.357142857,0.278481013,0.053191489,0.010752688,0.02247191,0.417582418,0.409090909,0.741176471,0.704545455,0.780487805,0.22826087,0.322222222,0.086956522,0.086021505,0.207381896
0,0,0,0,1,0,0,0,0,0,0.16,0.666666667,0.795454545,0.428571429,0.472222222,0.090909091,0.055555556,0.056179775,0.083333333,0.050632911,0.010638298,0.010752688,0.02247191,0.626373626,0.602272727,0.047058824,0.102272727,0.06097561,0.119565217,0.055555556,0.076086957,0.247311828,0.218672704
0,0,0,0,0,0,0,1,0,0,0.36,0.533333333,0.704545455,0.678571429,0.111111111,0.113636364,0.088888889,0.078651685,0.142857143,0.164556962,0.021276596,0.010752688,0.011235955,0.417582418,0.352272727,0.776470588,0.681818182,0.743902439,0.076086957,0.088888889,0.108695652,0.064516129,0.423626006
0,0,0,0,0,0,0,0,0,1,0.8,0.333333333,0.136363636,0.821428571,0.694444444,0.511363636,0.488888889,0.483146067,0.464285714,0.620253165,0.010638298,0.010752688,0.02247191,0.307692308,0.238636364,0.564705882,0.522727273,0.646341463,0.597826087,0.677777778,0.152173913,0.086021505,0.423626006
0,0,0,0,1,0,0,0,0,0,0.28,0.6,0.690909091,0.464285714,0.527777778,0.136363636,0.122222222,0.123595506,0.011904762,0,0.010638298,0.010752688,0.02247191,0.659340659,0.704545455,0.176470588,0.136363636,0.146341463,0.076086957,0.055555556,0.097826087,0.064516129,0.276792109
0,0,0,0,0,0,0,1,0,0,0.6,0.6,0.468181818,0.535714286,0.361111111,0.420454545,0.377777778,0.370786517,0.297619048,0.455696203,0.010638298,0.010752688,0.02247191,0.417582418,0.409090909,0.764705882,0.772727273,0.804878049,0.380434783,0.477777778,0.152173913,0.129032258,0.418587747
0,0,0,0,0,0,0,1,0,0,0.54,0.533333333,0.568181818,0.785714286,0.277777778,0.193181818,0.177777778,0.146067416,0.202380952,0.113924051,0.010638298,0.010752688,0.02247191,0.417582418,0.409090909,0.705882353,0.693181818,0.743902439,0.173913043,0.166666667,0.043478261,0.075268817,0.30252199
0,0,0,0,0,0,0,0,0,1,0.88,0.533333333,0.15,0.642857143,0.638888889,0.5,0.488888889,0.483146067,0.571428571,0.670886076,0.106382979,0.053763441,0.06741573,0.307692308,0.295454545,0.552941176,0.579545455,0.609756098,0.619565217,0.7,0.130434783,0.107526882,0.43983391
0,0,0,0,0,0,0,1,0,0,0.56,0.666666667,0.631818182,0.785714286,0.277777778,0.136363636,0.111111111,0.101123596,0.154761905,0.17721519,0.010638298,0.010752688,0.02247191,0.417582418,0.409090909,0.729411765,0.738636364,0.804878049,0.108695652,0.1,0.108695652,0.086021505,0.417001849
0,0,0,1,0,0,0,0,0,0,0.66,0.733333333,0.354545455,0.5,0.527777778,0.693181818,0.677777778,0.651685393,0.571428571,0.632911392,0.106382979,0.053763441,0.02247191,0.571428571,0.556818182,0.411764706,0.329545455,0.390243902,0.097826087,0.155555556,0.152173913,0.139784946,0.229152166
1,0,0,0,0,0,0,0,0,0,0.88,0.6,0.309090909,0.75,0.722222222,0.170454545,0.166666667,0.157303371,0.607142857,0.797468354,0.85106383,0.795698925,0.876404494,0.252747253,0.079545455,0.141176471,0.147727273,0.134146341,0.130434783,0.133333333,0.130434783,0.129032258,0.527212374
0,1,0,0,0,0,0,0,0,0,0.78,0.466666667,0.340909091,0.571428571,0.583333333,0.522727273,0.488888889,0.449438202,0.892857143,0.886075949,0.138297872,0.096774194,0.06741573,0.450549451,0.522727273,0.282352941,0.284090909,0.280487805,0.163043478,0.266666667,0.130434783,0.11827957,0.227700401
0,0,0,0,1,0,0,0,0,0,0.4,0.666666667,0.690909091,0.714285714,0.472222222,0.090909091,0.055555556,0.056179775,0.071428571,0.025316456,0.010638298,0.010752688,0.02247191,0.626373626,0.590909091,0.247058824,0.25,0.170731707,0.086956522,0.088888889,0.076086957,0.043010753,0.218672704
0,0,0,0,1,0,0,0,0,0,0.2,0.666666667,0.813636364,0.892857143,0.861111111,0.045454545,0.011111111,0.011235955,0.119047619,0.050632911,0.010638298,0.010752688,0.02247191,0.747252747,0.875,0.117647059,0.090909091,0.109756098,0.086956522,0.088888889,0.119565217,0.107526882,0.340060125
0,0,0,0,1,0,0,0,0,0,0.28,0.8,0.686363636,0.714285714,0.5,0.090909091,0.1,0.08988764,0.142857143,0.050632911,0.021276596,0.021505376,0.033707865,0.681318681,0.602272727,0.282352941,0.25,0.207317073,0.054347826,0.033333333,0.065217391,0.053763441,0.207381896
0,0,0,0,0,0,0,0,0,1,0.88,0.466666667,0.204545455,0.535714286,0.722222222,0.431818182,0.433333333,0.415730337,0.404761905,0.582278481,0.010638298,0.010752688,0.02247191,0.197802198,0.181818182,0.470588235,0.534090909,0.585365854,0.706521739,0.722222222,0.119565217,0.11827957,0.525137467
0,0,0,0,0,0,0,1,0,0,0.4,0.4,0.886363636,0.428571429,0.305555556,0.102272727,0.077777778,0.06741573,0.238095238,0.164556962,0.010638298,0.010752688,0.02247191,0.417582418,0.397727273,0.870588235,0.852272727,0.87804878,0.152173913,0.222222222,0.173913043,0.139784946,0.250607438
1,0,0,0,0,0,0,0,0,0,0.52,0.533333333,0.190909091,0.642857143,0.138888889,0.284090909,0.255555556,0.247191011,0.345238095,0.443037975,0.787234043,0.709677419,0.786516854,0.098901099,0.090909091,0.2,0.193181818,0.219512195,0.065217391,0.088888889,0.152173913,0.129032258,0.218672704
0,0,0,0,0,0,0,0,1,0,0.7,0.533333333,0.313636364,0.571428571,0.666666667,0.318181818,0.3,0.303370787,0.428571429,0.544303797,0.010638298,0.010752688,0.02247191,0.384615385,0.238636364,0.776470588,0.75,0.829268293,0.619565217,0.677777778,0.119565217,0.107526882,0.227700401
0,0,0,0,0,0,0,0,1,0,0.56,0.666666667,0.445454545,0.607142857,0.416666667,0.113636364,0.1,0.08988764,0.214285714,0.278481013,0.010638298,0.010752688,0.02247191,0.417582418,0.409090909,0.8,0.761363636,0.817073171,0.25,0.4,0.130434783,0.161290323,0.417399943
0,0,1,0,0,0,0,0,0,0,0.92,0.466666667,0.136363636,0.535714286,0.388888889,0.636363636,0.655555556,0.696629213,0.476190476,0.64556962,0.265957447,0.225806452,0.179775281,0.362637363,0.238636364,0.164705882,0.136363636,0.097560976,0.195652174,0.166666667,0.141304348,0.129032258,0.30252199
0,0,1,0,0,0,0,0,0,0,0.78,0.4,0.2,0.714285714,0.472222222,0.738636364,0.744444444,0.741573034,0.607142857,0.746835443,0.414893617,0.344086022,0.325842697,0.505494505,0.363636364,0.247058824,0.261363636,0.219512195,0.108695652,0.166666667,0.130434783,0.096774194,0.207381896
0,0,0,0,0,0,0,1,0,0,0.64,0.666666667,0.481818182,0.821428571,0.555555556,0.272727273,0.233333333,0.202247191,0.226190476,0.379746835,0.010638298,0.010752688,0.02247191,0.417582418,0.409090909,0.764705882,0.75,0.792682927,0.402173913,0.5,0.184782609,0.107526882,0.221744422
0,0,0,1,0,0,0,0,0,0,0.7,0.666666667,0.386363636,0.642857143,0.527777778,0.681818182,0.655555556,0.629213483,0.630952381,0.721518987,0.106382979,0.053763441,0.02247191,0.516483516,0.602272727,0.364705882,0.409090909,0.341463415,0.130434783,0.188888889,0.086956522,0.139784946,0.401895138
0,0,1,0,0,0,0,0,0,0,0.84,0.133333333,0.068181818,0.642857143,0.555555556,0.715909091,0.733333333,0.741573034,0.547619048,0.772151899,0.35106383,0.290322581,0.258426966,0.384615385,0.25,0.188235294,0.215909091,0.182926829,0.086956522,0.111111111,0.152173913,0.129032258,0.410062581
0,0,0,0,0,0,0,0,0,1,0.82,0.4,0.136363636,0.75,0.694444444,0.534090909,0.522222222,0.494382022,0.488095238,0.632911392,0.031914894,0.010752688,0.011235955,0.307692308,0.238636364,0.541176471,0.568181818,0.62195122,0.652173913,0.7,0.086956522,0.096774194,0.423626006
0,0,0,0,0,0,0,1,0,0,0.6,0.6,0.681818182,0.5,0.25,0.261363636,0.255555556,0.202247191,0.345238095,0.379746835,0.010638298,0.010752688,0.02247191,0.417582418,0.409090909,0.717647059,0.704545455,0.743902439,0.163043478,0.211111111,0.141304348,0.129032258,0.218672704
0,1,0,0,0,0,0,0,0,0,0.8,0.266666667,0.263636364,0.928571429,0.722222222,0.602272727,0.566666667,0.528089888,0.94047619,0.898734177,0.159574468,0.107526882,0.06741573,0.417582418,0.5,0.352941176,0.375,0.365853659,0.076086957,0.1,0.097826087,0.064516129,0.418587747
0,0,0,0,0,1,0,0,0,0,0.44,0.6,0.190909091,0.964285714,0.611111111,0.329545455,0.344444444,0.348314607,0.297619048,0.303797468,0.265957447,0.268817204,0.235955056,0.197802198,0.113636364,0.188235294,0.204545455,0.280487805,0.065217391,0.2,0.945652174,0.88172043,0.459571746
0,0,0,0,0,0,0,0,0,1,0.82,0.266666667,0.15,0.5,0.722222222,0.386363636,0.366666667,0.325842697,0.5,0.556962025,0.010638298,0.010752688,0.02247191,0.307692308,0.363636364,0.505882353,0.534090909,0.634146341,0.641304348,0.7,0.086956522,0.096774194,0.218672704
0,0,0,1,0,0,0,0,0,0,0.36,0.466666667,0.409090909,0.75,0.138888889,0.375,0.344444444,0.314606742,0.297619048,0.316455696,0.053191489,0.010752688,0.02247191,0.428571429,0.511363636,0.411764706,0.397727273,0.451219512,0.108695652,0.133333333,0.076086957,0.096774194,0.218672704
0,1,0,0,0,0,0,0,0,0,0.74,0.4,0.204545455,0.5,0.527777778,0.613636364,0.588888889,0.561797753,0.80952381,0.797468354,0.340425532,0.322580645,0.202247191,0.307692308,0.488636364,0.235294118,0.261363636,0.243902439,0.119565217,0.188888889,0.043478261,0.086021505,0.229152166
0,1,0,0,0,0,0,0,0,0,0.8,0.333333333,0.290909091,0.785714286,0.527777778,0.511363636,0.477777778,0.449438202,0.833333333,0.810126582,0.20212766,0.161290323,0.112359551,0.417582418,0.545454545,0.317647059,0.352272727,0.353658537,0.27173913,0.333333333,0.076086957,0.064516129,0.423626006
0,0,0,0,0,0,0,0,0,1,0.78,0.4,0.209090909,0.714285714,0.527777778,0.443181818,0.411111111,0.382022472,0.464285714,0.556962025,0.414893617,0.35483871,0.337078652,0.252747253,0.181818182,0.552941176,0.556818182,0.634146341,0.663043478,0.622222222,0.119565217,0.11827957,0.370986842
0,0,0,0,0,1,0,0,0,0,0.72,0.266666667,0.15,0.714285714,0.583333333,0.102272727,0.111111111,0.101123596,0.035714286,0.101265823,0.287234043,0.225806452,0.213483146,0.10989011,0.034090909,0.129411765,0.125,0.109756098,0.065217391,0.055555556,1,0.88172043,0.364848601
0,0,0,0,0,0,0,0,0,1,0.78,0.333333333,0.181818182,0.75,0.694444444,0.352272727,0.344444444,0.348314607,0.452380952,0.594936709,0.010638298,0.010752688,0.02247191,0.307692308,0.295454545,0.588235294,0.545454545,0.658536585,0.641304348,0.644444444,0.163043478,0.193548387,0.416602666
1,0,0,0,0,0,0,0,0,0,0.72,0.6,0.259090909,0.821428571,0.638888889,0.170454545,0.177777778,0.168539326,0.571428571,0.708860759,0.79787234,0.731182796,0.741573034,0.164835165,0.102272727,0.211764706,0.215909091,0.182926829,0.054347826,0.166666667,0.141304348,0.107526882,0.406250722
0,0,0,0,0,0,0,0,1,0,0.8,0.533333333,0.272727273,0.678571429,0.666666667,0.363636364,0.322222222,0.303370787,0.44047619,0.64556962,0.010638298,0.010752688,0.02247191,0.296703297,0.159090909,0.752941176,0.75,0.804878049,0.619565217,0.644444444,0.836956522,0.494623656,0.218672704
0,0,0,0,1,0,0,0,0,0,0.18,0.6,0.622727273,0.535714286,0.444444444,0.102272727,0.111111111,0.078651685,0.130952381,0.063291139,0.010638298,0.010752688,0.02247191,0.626373626,0.693181818,0.552941176,0.488636364,0.475609756,0.076086957,0.055555556,0.043478261,0.053763441,0.185727237
0,0,1,0,0,0,0,0,0,0,0.92,0.2,0.063636364,0.571428571,0.583333333,0.784090909,0.777777778,0.820224719,0.523809524,0.708860759,0.319148936,0.268817204,0.157303371,0.428571429,0.193181818,0.188235294,0.227272727,0.219512195,0.152173913,0.211111111,0.108695652,0.075268817,0.218672704
0,0,0,0,0,0,0,1,0,0,0.62,0.666666667,0.522727273,0.642857143,0.583333333,0.227272727,0.2,0.191011236,0.19047619,0.189873418,0.010638298,0.010752688,0.02247191,0.417582418,0.409090909,0.847058824,0.840909091,0.926829268,0.445652174,0.555555556,0.086956522,0.161290323,0.227700401
0,0,0,0,0,0,0,0,0,1,0.86,0.4,0.136363636,0.678571429,0.694444444,0.397727273,0.355555556,0.325842697,0.345238095,0.607594937,0.010638298,0.010752688,0.02247191,0.307692308,0.295454545,0.505882353,0.556818182,0.634146341,0.663043478,0.711111111,0.086956522,0.064516129,0.428127171
0,0,1,0,0,0,0,0,0,0,0.78,0.666666667,0.268181818,0.642857143,0.722222222,0.909090909,0.9,0.898876404,0.714285714,0.835443038,0.340425532,0.279569892,0.258426966,0.450549451,0.284090909,0.282352941,0.306818182,0.280487805,0.152173913,0.222222222,0.108695652,0.075268817,0.450353868
0,0,0,0,0,0,0,0,0,1,0.74,0.266666667,0.122727273,0.25,0.583333333,0.454545455,0.422222222,0.370786517,0.44047619,0.632911392,0.35106383,0.311827957,0.269662921,0.307692308,0.295454545,0.529411765,0.568181818,0.646341463,0.641304348,0.677777778,0.032608696,0.053763441,0.229152166
0,0,0,0,0,0,0,0,0,1,0.86,0.133333333,0.068181818,0.5,0.777777778,0.590909091,0.566666667,0.550561798,0.5,0.683544304,0.117021277,0.075268817,0.04494382,0.197802198,0.125,0.317647059,0.522727273,0.536585366,0.663043478,0.7,0.076086957,0.075268817,0.423626006
0,0,0,0,1,0,0,0,0,0,0.22,0.733333333,0.772727273,0.5,0.527777778,0.102272727,0.1,0.101123596,0.404761905,0.316455696,0.010638298,0.010752688,0.02247191,0.714285714,0.647727273,0.282352941,0.204545455,0.170731707,0.076086957,0.055555556,0.163043478,0.150537634,0.345366209
0,0,1,0,0,0,0,0,0,0,0.8,0.466666667,0.154545455,0.892857143,0.638888889,0.75,0.755555556,0.752808989,0.702380952,0.835443038,0.212765957,0.161290323,0.123595506,0.56043956,0.375,0.2,0.238636364,0.195121951,0.130434783,0.2,0.130434783,0.139784946,0.240273831
0,0,0,0,0,0,0,0,1,0,0.56,0.466666667,0.318181818,0.714285714,0.527777778,0.375,0.311111111,0.280898876,0.44047619,0.46835443,0.010638298,0.010752688,0.02247191,0.417582418,0.443181818,0.741176471,0.715909091,0.804878049,0.456521739,0.511111111,0.119565217,0.075268817,0.218672704
0,0,1,0,0,0,0,0,0,0,0.78,0.6,0.25,0.535714286,0.5,0.75,0.744444444,0.741573034,0.642857143,0.746835443,0.106382979,0.053763441,0.02247191,0.351648352,0.204545455,0.258823529,0.306818182,0.268292683,0.141304348,0.211111111,0.119565217,0.075268817,0.229152166
0,0,0,0,0,0,0,0,1,0,0.74,0.466666667,0.318181818,0.785714286,0.555555556,0.375,0.333333333,0.303370787,0.369047619,0.506329114,0.010638298,0.010752688,0.02247191,0.417582418,0.409090909,0.764705882,0.727272727,0.804878049,0.565217391,0.622222222,0.206521739,0.139784946,0.218672704
0,0,1,0,0,0,0,0,0,0,0.76,0.466666667,0.25,0.571428571,0.75,0.897727273,0.888888889,0.865168539,0.75,0.835443038,0.20212766,0.139784946,0.112359551,0.483516484,0.420454545,0.305882353,0.329545455,0.402439024,0.347826087,0.422222222,0.184782609,0.11827957,0.539938652
0,0,0,0,0,0,0,0,0,1,0.88,0.466666667,0.159090909,0.5,0.694444444,0.397727273,0.377777778,0.359550562,0.30952381,0.506329114,0.106382979,0.053763441,0.02247191,0.296703297,0.215909091,0.470588235,0.545454545,0.62195122,0.673913043,0.655555556,0.152173913,0.096774194,0.417001849
0,0,0,0,0,0,0,1,0,0,0.56,0.866666667,0.586363636,0.642857143,0.361111111,0.261363636,0.222222222,0.202247191,0.25,0.329113924,0.010638298,0.010752688,0.02247191,0.417582418,0.409090909,0.764705882,0.75,0.792682927,0.402173913,0.477777778,0.086956522,0.247311828,0.392773342
0,0,0,0,0,0,0,0,1,0,0.68,0.466666667,0.340909091,0.5,0.611111111,0.431818182,0.422222222,0.393258427,0.44047619,0.53164557,0.010638298,0.010752688,0.02247191,0.450549451,0.431818182,0.752941176,0.704545455,0.804878049,0.467391304,0.566666667,0.097826087,0.150537634,0.229152166
0,0,1,0,0,0,0,0,0,0,0.82,0.333333333,0.195454545,0.714285714,0.694444444,0.840909091,0.844444444,0.842696629,0.642857143,0.759493671,0.106382979,0.053763441,0.02247191,0.43956044,0.318181818,0.341176471,0.340909091,0.317073171,0.076086957,0.111111111,0.119565217,0.064516129,0.463392137
0,0,0,0,0,0,0,0,0,1,0.86,0.466666667,0.159090909,0.75,0.805555556,0.454545455,0.433333333,0.404494382,0.452380952,0.64556962,0.010638298,0.010752688,0.02247191,0.307692308,0.295454545,0.482352941,0.590909091,0.609756098,0.847826087,0.933333333,0.130434783,0.064516129,0.361388331
0,0,0,0,0,0,0,0,0,1,0.8,0.6,0.159090909,0.785714286,0.75,0.295454545,0.288888889,0.247191011,0.416666667,0.582278481,0.010638298,0.010752688,0.02247191,0.307692308,0.295454545,0.494117647,0.534090909,0.62195122,0.608695652,0.666666667,0.119565217,0.075268817,0.410062581
0,0,0,0,1,0,0,0,0,0,0.44,0.666666667,0.631818182,0.571428571,0.638888889,0.193181818,0.155555556,0.157303371,0.083333333,0.063291139,0.010638298,0.010752688,0.02247191,0.714285714,0.784090909,0.305882353,0.238636364,0.280487805,0.163043478,0.144444444,0.119565217,0.172043011,0.528331826
0,0,0,0,0,0,0,1,0,0,0.62,0.666666667,0.454545455,0.678571429,0.194444444,0.136363636,0.133333333,0.123595506,0.25,0.227848101,0.010638298,0.010752688,0.02247191,0.417582418,0.409090909,0.694117647,0.704545455,0.768292683,0.130434783,0.155555556,0.260869565,0.225806452,0.318243264
0,0,0,0,0,0,0,0,0,1,0.76,0.4,0.2,0.571428571,0.805555556,0.488636364,0.466666667,0.438202247,0.404761905,0.556962025,0.010638298,0.010752688,0.02247191,0.307692308,0.295454545,0.682352941,0.715909091,0.780487805,0.717391304,0.822222222,0.086956522,0.086021505,0.492722964
0,0,0,0,1,0,0,0,0,0,0.26,0.666666667,0.790909091,0.678571429,0.388888889,0.068181818,0.066666667,0.06741573,0.261904762,0.215189873,0.010638298,0.010752688,0.02247191,0.681318681,0.647727273,0.282352941,0.238636364,0.195121951,0.054347826,0.044444444,0.163043478,0.150537634,0.356643158
0,0,0,0,0,0,0,0,1,0,0.68,0.4,0.386363636,0.714285714,0.527777778,0.284090909,0.244444444,0.247191011,0.416666667,0.443037975,0.042553191,0.021505376,0.02247191,0.417582418,0.409090909,0.8,0.704545455,0.756097561,0.423913043,0.466666667,0.086956522,0.086021505,0.218672704
0,0,0,0,1,0,0,0,0,0,0.14,0.8,0.845454545,0.642857143,0.5,0.147727273,0.111111111,0.101123596,0.130952381,0.101265823,0.010638298,0.010752688,0.02247191,0.626373626,0.625,0.188235294,0.113636364,0.158536585,0.054347826,0.033333333,0.108695652,0.086021505,0.218672704
0,0,1,0,0,0,0,0,0,0,0.84,0.533333333,0.295454545,0.75,0.694444444,0.840909091,0.855555556,0.887640449,0.69047619,0.82278481,0.106382979,0.053763441,0.02247191,0.527472527,0.375,0.270588235,0.284090909,0.256097561,0.097826087,0.155555556,0.130434783,0.096774194,0.463392137
0,0,0,0,0,0,0,1,0,0,0.4,0.733333333,0.6,0.5,0.25,0.102272727,0.088888889,0.078651685,0.107142857,0.088607595,0.010638298,0.010752688,0.02247191,0.417582418,0.409090909,0.776470588,0.738636364,0.780487805,0.184782609,0.288888889,0.076086957,0.064516129,0.218672704
0,0,0,0,0,0,0,0,1,0,0.8,0.733333333,0.440909091,0.678571429,0.388888889,0.352272727,0.344444444,0.314606742,0.321428571,0.392405063,0.053191489,0.010752688,0.02247191,0.417582418,0.409090909,0.8,0.761363636,0.841463415,0.423913043,0.5,0.239130435,0.215053763,0.482656821
0,0,0,0,0,0,0,0,0,1,0.8,0.4,0.190909091,0.75,0.611111111,0.431818182,0.411111111,0.382022472,0.452380952,0.569620253,0.010638298,0.010752688,0.02247191,0.307692308,0.295454545,0.505882353,0.534090909,0.658536585,0.619565217,0.644444444,0.119565217,0.096774194,0.30252199
0,1,0,0,0,0,0,0,0,0,0.74,0.066666667,0.213636364,0.428571429,0.638888889,0.681818182,0.633333333,0.595505618,0.821428571,0.898734177,0.329787234,0.279569892,0.224719101,0.263736264,0.568181818,0.176470588,0.204545455,0.182926829,0.065217391,0.1,0.152173913,0.11827957,0.418192886
0,0,1,0,0,0,0,0,0,0,0.9,0.066666667,0.090909091,0.5,0.583333333,0.818181818,0.8,0.820224719,0.678571429,0.82278481,0.393617021,0.333333333,0.348314607,0.461538462,0.261363636,0.2,0.25,0.195121951,0.054347826,0.1,0.173913043,0.150537634,0.447794132
0,0,0,0,0,0,0,1,0,0,0.28,0.666666667,0.636363636,0.75,0.361111111,0.181818182,0.155555556,0.134831461,0.119047619,0.113924051,0.010638298,0.010752688,0.02247191,0.417582418,0.409090909,0.752941176,0.761363636,0.804878049,0.22826087,0.244444444,0.086956522,0.107526882,0.195143486
0,0,0,0,0,0,0,0,0,1,0.76,0.266666667,0.190909091,0.607142857,0.694444444,0.352272727,0.311111111,0.314606742,0.369047619,0.556962025,0.106382979,0.053763441,0.06741573,0.098901099,0.181818182,0.6,0.636363636,0.695121951,0.619565217,0.655555556,0.152173913,0.129032258,0.246817583
0,0,0,0,0,0,0,0,1,0,0.58,0.666666667,0.409090909,0.642857143,0.277777778,0.238636364,0.211111111,0.202247191,0.321428571,0.430379747,0.010638298,0.010752688,0.02247191,0.417582418,0.352272727,0.717647059,0.727272727,0.707317073,0.391304348,0.433333333,0.141304348,0.086021505,0.372075662
0,0,0,1,0,0,0,0,0,0,0.56,0.8,0.422727273,0.75,0.666666667,0.670454545,0.644444444,0.617977528,0.654761905,0.696202532,0.212765957,0.161290323,0.112359551,0.593406593,0.5,0.376470588,0.318181818,0.329268293,0.097826087,0.155555556,0.152173913,0.139784946,0.423626006
0,0,0,0,1,0,0,0,0,0,0.4,0.866666667,0.681818182,0.678571429,0.416666667,0.102272727,0.1,0.08988764,0.154761905,0.075949367,0.010638298,0.010752688,0.02247191,0.637362637,0.613636364,0.317647059,0.318181818,0.231707317,0.054347826,0.033333333,0.119565217,0.086021505,0.185727237
0,0,0,0,1,0,0,0,0,0,0.36,0.8,0.681818182,0.535714286,0.472222222,0.25,0.222222222,0.191011236,0.25,0.189873418,0.010638298,0.010752688,0.02247191,0.593406593,0.647727273,0.317647059,0.306818182,0.304878049,0.065217391,0.055555556,0.043478261,0.053763441,0.207381896
0,0,1,0,0,0,0,0,0,0,0.84,0.4,0.045454545,0.678571429,0.805555556,0.909090909,0.9,0.921348315,0.619047619,0.810126582,0.212765957,0.150537634,0.112359551,0.417582418,0.25,0.317647059,0.397727273,0.365853659,0.260869565,0.322222222,0.119565217,0.096774194,0.533624633
0,0,0,0,1,0,0,0,0,0,0.22,0.8,0.727272727,0.785714286,0.527777778,0.215909091,0.2,0.202247191,0.226190476,0.265822785,0.010638298,0.010752688,0.02247191,0.791208791,0.761363636,0.388235294,0.340909091,0.292682927,0.054347826,0.055555556,0.195652174,0.172043011,0.286858252
0,0,0,0,1,0,0,0,0,0,0.1,0.6,0.672727273,0.857142857,0.638888889,0.170454545,0.166666667,0.168539326,0.119047619,0.113924051,0.010638298,0.010752688,0.02247191,0.692307692,0.818181818,0.388235294,0.284090909,0.292682927,0.108695652,0.2,0.054347826,0.11827957,0.354211415
0,0,0,0,1,0,0,0,0,0,0.28,0.6,0.695454545,0.714285714,0.527777778,0.102272727,0.1,0.101123596,0.095238095,0.025316456,0.010638298,0.010752688,0.02247191,0.604395604,0.659090909,0.223529412,0.159090909,0.195121951,0.065217391,0.066666667,0.163043478,0.161290323,0.248091838
0,0,1,0,0,0,0,0,0,0,0.76,0.533333333,0.181818182,0.714285714,0.5,0.784090909,0.788888889,0.797752809,0.607142857,0.708860759,0.159574468,0.107526882,0.123595506,0.461538462,0.272727273,0.223529412,0.25,0.219512195,0.097826087,0.155555556,0.163043478,0.161290323,0.218672704
0,0,0,0,0,0,0,0,0,1,0.78,0.466666667,0.190909091,0.607142857,0.722222222,0.613636364,0.6,0.573033708,0.476190476,0.620253165,0.010638298,0.010752688,0.02247191,0.307692308,0.295454545,0.611764706,0.602272727,0.719512195,0.760869565,0.788888889,0.086956522,0.086021505,0.463392137
0,0,0,0,0,0,0,1,0,0,0.72,0.666666667,0.431818182,0.642857143,0.333333333,0.181818182,0.155555556,0.146067416,0.285714286,0.35443038,0.042553191,0.021505376,0.02247191,0.362637363,0.295454545,0.682352941,0.693181818,0.792682927,0.293478261,0.366666667,0.076086957,0.064516129,0.423626006
0,0,0,0,0,0,1,0,0,0,0.38,0.666666667,0.204545455,0.75,0.555555556,0.136363636,0.155555556,0.123595506,0.166666667,0.405063291,0.308510638,0.247311828,0.235955056,0.142857143,0.068181818,0.164705882,0.170454545,0.182926829,0.054347826,0.055555556,0.880434783,0.720430108,0.37261704
0,0,0,0,0,0,0,1,0,0,0.42,0.6,0.659090909,0.392857143,0.333333333,0.147727273,0.133333333,0.112359551,0.178571429,0.164556962,0.010638298,0.010752688,0.02247191,0.406593407,0.397727273,0.776470588,0.704545455,0.829268293,0.141304348,0.211111111,0.108695652,0.11827957,0.126569386
0,0,0,0,0,0,0,0,0,1,0.84,0.4,0.113636364,0.714285714,0.527777778,0.329545455,0.288888889,0.280898876,0.452380952,0.594936709,0.010638298,0.010752688,0.02247191,0.307692308,0.295454545,0.458823529,0.568181818,0.609756098,0.630434783,0.622222222,0.108695652,0.064516129,0.207381896
0,0,0,0,1,0,0,0,0,0,0.26,0.866666667,0.75,0.357142857,0.583333333,0.102272727,0.077777778,0.078651685,0.071428571,0.050632911,0.010638298,0.010752688,0.02247191,0.714285714,0.715909091,0.270588235,0.181818182,0.170731707,0.065217391,0.077777778,0.119565217,0.139784946,0.454111188
0,0,0,0,0,0,0,0,0,1,0.76,0.6,0.259090909,0.785714286,0.694444444,0.409090909,0.411111111,0.393258427,0.511904762,0.620253165,0.010638298,0.010752688,0.02247191,0.307692308,0.284090909,0.623529412,0.636363636,0.707317073,0.619565217,0.644444444,0.076086957,0.107526882,0.30252199
0,0,0,0,0,0,0,0,1,0,0.6,0.8,0.409090909,0.642857143,0.25,0.25,0.222222222,0.213483146,0.25,0.316455696,0.010638298,0.010752688,0.02247191,0.417582418,0.409090909,0.752941176,0.727272727,0.780487805,0.336956522,0.422222222,0.108695652,0.064516129,0.410062581
0,0,0,0,0,0,0,0,1,0,0.74,0.533333333,0.286363636,0.75,0.527777778,0.465909091,0.422222222,0.404494382,0.44047619,0.582278481,0.010638298,0.010752688,0.02247191,0.252747253,0.238636364,0.682352941,0.681818182,0.768292683,0.576086957,0.644444444,0.22826087,0.193548387,0.150718143
0,0,0,0,0,0,0,0,0,1,0.84,0.466666667,0.163636364,0.678571429,0.666666667,0.477272727,0.466666667,0.449438202,0.5,0.670886076,0.010638298,0.010752688,0.02247191,0.296703297,0.147727273,0.364705882,0.488636364,0.512195122,0.641304348,0.688888889,0.043478261,0.096774194,0.364848601
0,0,0,0,0,0,1,0,0,0,0.36,0.4,0.327272727,0.571428571,0.666666667,0.136363636,0.155555556,0.157303371,0.119047619,0.050632911,0.319148936,0.268817204,0.235955056,0.153846154,0.079545455,0.035294118,0.045454545,0,0.076086957,0.055555556,0.967391304,0.892473118,0.567963026
0,0,0,0,0,0,0,0,1,0,0.6,0.6,0.454545455,0.75,0.305555556,0.318181818,0.3,0.280898876,0.297619048,0.443037975,0.021276596,0.010752688,0.011235955,0.362637363,0.295454545,0.682352941,0.681818182,0.731707317,0.315217391,0.377777778,0.097826087,0.075268817,0.207381896
0,0,1,0,0,0,0,0,0,0,0.82,0.266666667,0.068181818,0.714285714,0.638888889,0.795454545,0.777777778,0.786516854,0.55952381,0.696202532,0.436170213,0.376344086,0.393258427,0.406593407,0.181818182,0.141176471,0.170454545,0.134146341,0.054347826,0.033333333,0.217391304,0.204301075,0.447147119
0,0,0,0,0,0,1,0,0,0,0.52,0.533333333,0.190909091,0.678571429,0.472222222,0.136363636,0.155555556,0.157303371,0.05952381,0.101265823,0.319148936,0.268817204,0.235955056,0.054945055,0.090909091,0.164705882,0.045454545,0.134146341,0.076086957,0.055555556,0.989130435,0.924731183,0.537515563
0,0,0,0,0,0,0,0,1,0,0.72,0.666666667,0.454545455,0.5,0.361111111,0.215909091,0.188888889,0.168539326,0.25,0.367088608,0.010638298,0.010752688,0.02247191,0.417582418,0.409090909,0.764705882,0.727272727,0.804878049,0.260869565,0.366666667,0.152173913,0.172043011,0.240273831
0,0,0,0,1,0,0,0,0,0,0.24,0.6,0.681818182,0.5,0.555555556,0.136363636,0.1,0.078651685,0.047619048,0.012658228,0.010638298,0.010752688,0.02247191,0.67032967,0.625,0.188235294,0.147727273,0.219512195,0.054347826,0.066666667,0.076086957,0.064516129,0.218672704
0,0,1,0,0,0,0,0,0,0,0.8,0.533333333,0.227272727,0.535714286,0.583333333,0.818181818,0.811111111,0.808988764,0.702380952,0.835443038,0.106382979,0.053763441,0.06741573,0.582417582,0.272727273,0.258823529,0.261363636,0.256097561,0.054347826,0.122222222,0.119565217,0.086021505,0.355432352
1,0,0,0,0,0,0,0,0,0,0.72,0.4,0.213636364,0.464285714,0.388888889,0.454545455,0.411111111,0.382022472,0.416666667,0.607594937,0.776595745,0.720430108,0.820224719,0.230769231,0.079545455,0.176470588,0.204545455,0.195121951,0.065217391,0.1,0.152173913,0.086021505,0.423626006
0,0,0,0,0,0,0,1,0,0,0.72,0.733333333,0.463636364,0.857142857,0.444444444,0.238636364,0.211111111,0.202247191,0.30952381,0.367088608,0.010638298,0.010752688,0.02247191,0.417582418,0.409090909,0.823529412,0.806818182,0.853658537,0.293478261,0.4,0.108695652,0.096774194,0.498536531
0,0,0,0,0,0,0,0,0,1,0.8,0.533333333,0.15,0.642857143,0.722222222,0.454545455,0.433333333,0.382022472,0.369047619,0.556962025,0.414893617,0.397849462,0.404494382,0.296703297,0.147727273,0.470588235,0.590909091,0.585365854,0.586956522,0.666666667,0.141304348,0.11827957,0.368228703
0,0,0,0,0,0,0,0,0,1,0.86,0.466666667,0.218181818,0.642857143,0.861111111,0.545454545,0.488888889,0.426966292,0.571428571,0.721518987,0.29787234,0.225806452,0.191011236,0.296703297,0.136363636,0.611764706,0.625,0.768292683,1,0.977777778,0.119565217,0.11827957,0.698269083
0,0,0,0,0,0,0,0,1,0,0.64,0.4,0.363636364,0.75,0.555555556,0.295454545,0.255555556,0.235955056,0.345238095,0.443037975,0.010638298,0.010752688,0.02247191,0.417582418,0.409090909,0.752941176,0.715909091,0.780487805,0.510869565,0.544444444,0.076086957,0.096774194,0.401895138
0,0,0,0,0,0,0,0,0,1,0.88,0.533333333,0.159090909,0.535714286,0.638888889,0.352272727,0.322222222,0.292134831,0.428571429,0.518987342,0.106382979,0.053763441,0.06741573,0.307692308,0.295454545,0.552941176,0.602272727,0.634146341,0.586956522,0.622222222,0.043478261,0.096774194,0.185727237
0,0,0,0,0,0,0,1,0,0,0.58,0.6,0.472727273,0.785714286,0.5,0.136363636,0.111111111,0.112359551,0.154761905,0.253164557,0.010638298,0.010752688,0.02247191,0.417582418,0.409090909,0.752941176,0.75,0.780487805,0.22826087,0.311111111,0.141304348,0.096774194,0.328831416
0,0,0,0,0,0,0,0,0,1,0.72,0.4,0.213636364,0.714285714,0.527777778,0.409090909,0.377777778,0.359550562,0.404761905,0.544303797,0.085106383,0.064516129,0.06741573,0.307692308,0.295454545,0.576470588,0.590909091,0.682926829,0.608695652,0.622222222,0.076086957,0.075268817,0.373693807
0,0,0,1,0,0,0,0,0,0,0.78,0.666666667,0.404545455,0.714285714,0.666666667,0.795454545,0.777777778,0.775280899,0.678571429,0.746835443,0.159574468,0.107526882,0.06741573,0.56043956,0.556818182,0.352941176,0.318181818,0.317073171,0.119565217,0.166666667,0.108695652,0.064516129,0.227700401
0,0,0,0,0,0,0,0,1,0,0.7,0.733333333,0.431818182,0.857142857,0.75,0.25,0.244444444,0.224719101,0.261904762,0.316455696,0.010638298,0.010752688,0.02247191,0.417582418,0.409090909,0.917647059,0.909090909,0.963414634,0.380434783,0.455555556,0.108695652,0.064516129,0.823603886
0,0,0,0,0,0,0,1,0,0,0.6,0.533333333,0.427272727,0.892857143,0.527777778,0.227272727,0.2,0.179775281,0.214285714,0.405063291,0.010638298,0.010752688,0.02247191,0.417582418,0.409090909,0.764705882,0.772727273,0.804878049,0.413043478,0.444444444,0.206521739,0.204301075,0.476425217
0,0,0,0,0,1,0,0,0,0,0.5,0.533333333,0.163636364,0.535714286,0.5,0.159090909,0.177777778,0.179775281,0.05952381,0.088607595,0.223404255,0.182795699,0.134831461,0,0,0.188235294,0.193181818,0.195121951,0.054347826,0.2,0.956521739,0.892473118,0.162586571
0,0,0,0,0,0,0,0,0,1,0.72,0.333333333,0.145454545,0.571428571,0.527777778,0.443181818,0.4,0.370786517,0.464285714,0.632911392,0.010638298,0.010752688,0.02247191,0.307692308,0.295454545,0.647058824,0.704545455,0.731707317,0.695652174,0.733333333,0.195652174,0.204301075,0.218672704
0,0,0,0,0,0,0,0,1,0,0.64,0.733333333,0.445454545,0.75,0.583333333,0.227272727,0.2,0.191011236,0.285714286,0.316455696,0.010638298,0.010752688,0.02247191,0.417582418,0.409090909,0.764705882,0.727272727,0.804878049,0.423913043,0.488888889,0.108695652,0.096774194,0.463392137
0,0,0,1,0,0,0,0,0,0,0.68,0.733333333,0.4,0.642857143,0.75,0.875,0.855555556,0.820224719,0.726190476,0.797468354,0.159574468,0.107526882,0.06741573,0.626373626,0.556818182,0.435294118,0.477272727,0.451219512,0.239130435,0.322222222,0.336956522,0.301075269,0.567963026
0,0,0,0,0,0,0,0,1,0,0.74,0.466666667,0.268181818,0.535714286,0.527777778,0.318181818,0.277777778,0.280898876,0.297619048,0.379746835,0.010638298,0.010752688,0.02247191,0.417582418,0.409090909,0.717647059,0.681818182,0.792682927,0.565217391,0.644444444,0.076086957,0.064516129,0.229152166
0,0,0,0,0,0,0,0,1,0,0.64,0.533333333,0.372727273,0.714285714,0.25,0.147727273,0.144444444,0.134831461,0.297619048,0.405063291,0.010638298,0.010752688,0.02247191,0.362637363,0.295454545,0.694117647,0.659090909,0.768292683,0.239130435,0.277777778,0.054347826,0.043010753,0.423626006
0,0,1,0,0,0,0,0,0,0,1,0.266666667,0.140909091,0.75,0.805555556,0.943181818,0.944444444,0.97752809,0.654761905,0.873417722,0.276595745,0.247311828,0.213483146,0.571428571,0.272727273,0.164705882,0.193181818,0.195121951,0.054347826,0.144444444,0.065217391,0.096774194,0.883447872
0,0,1,0,0,0,0,0,0,0,0.86,0.266666667,0.090909091,0.571428571,0.666666667,0.818181818,0.822222222,0.831460674,0.630952381,0.772151899,0.106382979,0.053763441,0.06741573,0.406593407,0.204545455,0.176470588,0.204545455,0.170731707,0.076086957,0.111111111,0.097826087,0.075268817,0.464259739
0,0,0,1,0,0,0,0,0,0,0.66,0.666666667,0.409090909,0.785714286,0.666666667,0.761363636,0.744444444,0.730337079,0.678571429,0.658227848,0.159574468,0.107526882,0.06741573,0.604395604,0.590909091,0.294117647,0.340909091,0.292682927,0.076086957,0.088888889,0.108695652,0.075268817,0.411725291
0,0,0,0,0,0,0,0,0,1,0.88,0.266666667,0.109090909,0.678571429,0.805555556,0.386363636,0.366666667,0.348314607,0.333333333,0.53164557,0.010638298,0.010752688,0.02247191,0.307692308,0.295454545,0.505882353,0.545454545,0.609756098,0.72826087,0.755555556,0.119565217,0.11827957,0.410062581
0,0,0,0,0,0,0,0,0,1,0.84,0.333333333,0.168181818,0.464285714,0.666666667,0.568181818,0.555555556,0.528089888,0.476190476,0.683544304,0.010638298,0.010752688,0.02247191,0.307692308,0.295454545,0.494117647,0.568181818,0.597560976,0.717391304,0.655555556,0.119565217,0.086021505,0.375294202
0,0,1,0,0,0,0,0,0,0,0.78,0.533333333,0.231818182,0.75,0.555555556,0.784090909,0.777777778,0.764044944,0.654761905,0.734177215,0.159574468,0.107526882,0.06741573,0.56043956,0.284090909,0.282352941,0.306818182,0.256097561,0.097826087,0.133333333,0.130434783,0.096774194,0.205695158
0,0,0,0,1,0,0,0,0,0,0.28,0.6,0.640909091,0.75,0.583333333,0.102272727,0.066666667,0.06741573,0.130952381,0.050632911,0.010638298,0.010752688,0.02247191,0.725274725,0.727272727,0.270588235,0.295454545,0.341463415,0.043478261,0.044444444,0.086956522,0.086021505,0.218672704
0,0,0,0,0,0,0,0,0,1,0.82,0.466666667,0.159090909,0.714285714,0.638888889,0.329545455,0.311111111,0.280898876,0.392857143,0.569620253,0.010638298,0.010752688,0.02247191,0.307692308,0.295454545,0.470588235,0.556818182,0.597560976,0.597826087,0.655555556,0.130434783,0.064516129,0.207381896
0,0,1,0,0,0,0,0,0,0,0.72,0.533333333,0.25,0.642857143,0.555555556,0.772727273,0.766666667,0.775280899,0.666666667,0.797468354,0.170212766,0.150537634,0.157303371,0.472527473,0.386363636,0.329411765,0.329545455,0.304878049,0.119565217,0.188888889,0.173913043,0.172043011,0.218672704
0,0,0,0,0,0,0,1,0,0,0.42,0.6,0.613636364,0.535714286,0.222222222,0.136363636,0.122222222,0.112359551,0.178571429,0.151898734,0.010638298,0.010752688,0.02247191,0.417582418,0.409090909,0.705882353,0.693181818,0.768292683,0.108695652,0.2,0.076086957,0.053763441,0.229152166
0,0,0,0,1,0,0,0,0,0,0.46,0.8,0.695454545,0.821428571,0.666666667,0.181818182,0.144444444,0.134831461,0.154761905,0.075949367,0.010638298,0.010752688,0.02247191,0.791208791,0.795454545,0.388235294,0.352272727,0.292682927,0.054347826,0.055555556,0.25,0.215053763,0.5727014
0,0,1,0,0,0,0,0,0,0,0.8,0.466666667,0.181818182,0.607142857,0.472222222,0.840909091,0.833333333,0.831460674,0.619047619,0.772151899,0.106382979,0.053763441,0.02247191,0.505494505,0.25,0.176470588,0.181818182,0.146341463,0.119565217,0.077777778,0.097826087,0.053763441,0.50993401
0,0,0,0,0,0,0,1,0,0,0.6,0.733333333,0.522727273,0.714285714,0.277777778,0.193181818,0.188888889,0.179775281,0.321428571,0.253164557,0.042553191,0.043010753,0.056179775,0.417582418,0.420454545,0.776470588,0.727272727,0.792682927,0.119565217,0.144444444,0.108695652,0.075268817,0.218672704
1,0,0,0,0,0,0,0,0,0,0.7,0.333333333,0.136363636,0.571428571,0.5,0.090909091,0.111111111,0.112359551,0.416666667,0.556962025,0.819148936,0.720430108,0.831460674,0.186813187,0.056818182,0.070588235,0.102272727,0.109756098,0.043478261,0.066666667,0.22826087,0.172043011,0.423626006
0,0,0,0,0,0,0,1,0,0,0.46,0.533333333,0.618181818,0.642857143,0.277777778,0.068181818,0.055555556,0.04494382,0.154761905,0.113924051,0.010638298,0.010752688,0.02247191,0.417582418,0.397727273,0.764705882,0.727272727,0.817073171,0.097826087,0.111111111,0.108695652,0.11827957,0.410062581
0,1,0,0,0,0,0,0,0,0,0.78,0.466666667,0.309090909,0.785714286,0.694444444,0.545454545,0.511111111,0.471910112,0.916666667,0.873417722,0.255319149,0.161290323,0.157303371,0.340659341,0.488636364,0.341176471,0.363636364,0.341463415,0.076086957,0.111111111,0.130434783,0.11827957,0.435333634
0,0,0,1,0,0,0,0,0,0,0.7,0.6,0.340909091,0.535714286,0.444444444,0.647727273,0.622222222,0.606741573,0.666666667,0.721518987,0.010638298,0.010752688,0.02247191,0.604395604,0.556818182,0.294117647,0.272727273,0.292682927,0.076086957,0.088888889,0.086956522,0.086021505,0.218672704
0,0,0,0,0,0,0,0,0,1,0.76,0.333333333,0.090909091,0.714285714,0.75,0.443181818,0.433333333,0.404494382,0.476190476,0.64556962,0.329787234,0.290322581,0.348314607,0.307692308,0.295454545,0.529411765,0.602272727,0.634146341,0.739130435,0.766666667,0.402173913,0.301075269,0.094012471
0,0,0,1,0,0,0,0,0,0,0.74,0.733333333,0.272727273,0.571428571,0.472222222,0.681818182,0.677777778,0.662921348,0.642857143,0.746835443,0.159574468,0.107526882,0.06741573,0.549450549,0.477272727,0.223529412,0.215909091,0.207317073,0.076086957,0.111111111,0.108695652,0.064516129,0.218672704
0,0,0,0,1,0,0,0,0,0,0.26,0.6,0.709090909,0.642857143,0.888888889,0.102272727,0.066666667,0.056179775,0.119047619,0.063291139,0.010638298,0.010752688,0.02247191,0.78021978,0.738636364,0.317647059,0.284090909,0.268292683,0.076086957,0.077777778,0.445652174,0.397849462,0.463392137
0,0,0,0,1,0,0,0,0,0,0.22,0.6,0.672727273,0.785714286,0.666666667,0.090909091,0.1,0.078651685,0.035714286,0.012658228,0.010638298,0.010752688,0.02247191,0.714285714,0.647727273,0.176470588,0.159090909,0.158536585,0.076086957,0.033333333,0.152173913,0.150537634,0.423626006
0,0,0,0,0,0,0,0,1,0,0.48,0.666666667,0.468181818,0.642857143,0.25,0.170454545,0.155555556,0.134831461,0.19047619,0.227848101,0.010638298,0.010752688,0.02247191,0.417582418,0.352272727,0.705882353,0.647727273,0.695121951,0.184782609,0.233333333,0.184782609,0.161290323,0.30252199
0,0,0,0,0,0,0,0,0,1,0.86,0.266666667,0.090909091,0.714285714,0.861111111,0.420454545,0.377777778,0.370786517,0.369047619,0.556962025,0.255319149,0.204301075,0.157303371,0.307692308,0.295454545,0.447058824,0.556818182,0.597560976,0.77173913,0.877777778,0.195652174,0.204301075,0.450986846
0,0,0,0,0,0,0,0,0,1,0.78,0.666666667,0.204545455,0.607142857,0.638888889,0.397727273,0.388888889,0.348314607,0.44047619,0.607594937,0.14893617,0.086021505,0.08988764,0.307692308,0.295454545,0.552941176,0.579545455,0.658536585,0.673913043,0.7,0.22826087,0.182795699,0.410062581
0,0,0,0,0,0,0,0,0,1,0.82,0.266666667,0.131818182,0.785714286,0.722222222,0.443181818,0.422222222,0.393258427,0.345238095,0.620253165,0.29787234,0.182795699,0.146067416,0.307692308,0.295454545,0.494117647,0.590909091,0.597560976,0.608695652,0.722222222,0.358695652,0.333333333,0.463392137
0,0,0,0,0,0,0,0,0,1,0.78,0.533333333,0.145454545,0.607142857,0.638888889,0.375,0.288888889,0.258426966,0.44047619,0.556962025,0.010638298,0.010752688,0.02247191,0.307692308,0.295454545,0.541176471,0.625,0.646341463,0.673913043,0.611111111,0.010869565,0.043010753,0.185727237
0,0,0,0,1,0,0,0,0,0,0.4,0.666666667,0.704545455,1,0.916666667,0.147727273,0.111111111,0.112359551,0.130952381,0.050632911,0.010638298,0.010752688,0.02247191,1,0.977272727,0.211764706,0.318181818,0.292682927,0.043478261,0.044444444,0.02173913,0.086021505,0.643958894
0,0,0,1,0,0,0,0,0,0,0.56,0.733333333,0.390909091,0.571428571,0.638888889,0.715909091,0.7,0.685393258,0.654761905,0.746835443,0.106382979,0.053763441,0.02247191,0.637362637,0.602272727,0.247058824,0.227272727,0.243902439,0.076086957,0.111111111,0.184782609,0.139784946,0.218672704
0,0,0,0,0,0,0,0,0,1,0.76,0.333333333,0.204545455,0.785714286,0.888888889,0.431818182,0.388888889,0.382022472,0.5,0.594936709,0.010638298,0.010752688,0.02247191,0.098901099,0.181818182,0.647058824,0.659090909,0.780487805,0.75,0.822222222,0.141304348,0.139784946,0.532183622
0,0,1,0,0,0,0,0,0,0,0.8,0.466666667,0.272727273,0.571428571,0.611111111,0.761363636,0.755555556,0.741573034,0.80952381,0.898734177,0.276595745,0.215053763,0.157303371,0.56043956,0.397727273,0.505882353,0.477272727,0.463414634,0.206521739,0.288888889,0.141304348,0.086021505,0.386522911
1,0,0,0,0,0,0,0,0,0,0.66,0.466666667,0.259090909,0.464285714,0.583333333,0.170454545,0.166666667,0.146067416,0.630952381,0.683544304,0.968085106,0.935483871,0.921348315,0.164835165,0.079545455,0.188235294,0.204545455,0.195121951,0.065217391,0.111111111,0.152173913,0.086021505,0.698327061
0,0,0,0,1,0,0,0,0,0,0.18,0.666666667,0.659090909,0.607142857,0.638888889,0.056818182,0.055555556,0.056179775,0.119047619,0.050632911,0.010638298,0.010752688,0.02247191,0.758241758,0.727272727,0.235294118,0.204545455,0.231707317,0.043478261,0.055555556,0.163043478,0.150537634,0.567963026
0,0,0,0,0,0,0,0,1,0,0.76,0.4,0.3,0.714285714,0.611111111,0.238636364,0.233333333,0.235955056,0.345238095,0.379746835,0.010638298,0.010752688,0.02247191,0.417582418,0.409090909,0.717647059,0.727272727,0.817073171,0.684782609,0.622222222,0.086956522,0.064516129,0.417399943
0,0,0,1,0,0,0,0,0,0,0.58,0.533333333,0.368181818,0.714285714,0.611111111,0.727272727,0.7,0.685393258,0.642857143,0.64556962,0.010638298,0.010752688,0.02247191,0.571428571,0.545454545,0.317647059,0.284090909,0.280487805,0.217391304,0.188888889,0.065217391,0.075268817,0.218672704
0,1,0,0,0,0,0,0,0,0,0.78,0.333333333,0.309090909,0.535714286,0.472222222,0.602272727,0.555555556,0.539325843,0.821428571,0.835443038,0.212765957,0.161290323,0.06741573,0.417582418,0.511363636,0.317647059,0.340909091,0.304878049,0.054347826,0.055555556,0.152173913,0.11827957,0.207381896
0,1,0,0,0,0,0,0,0,0,0.86,0.266666667,0.227272727,0.75,0.555555556,0.625,0.577777778,0.539325843,0.821428571,0.772151899,0.20212766,0.172043011,0.146067416,0.406593407,0.443181818,0.270588235,0.227272727,0.219512195,0.108695652,0.155555556,0.163043478,0.161290323,0.37261704
0,0,0,0,0,0,0,0,1,0,0.68,0.733333333,0.4,0.75,0.388888889,0.159090909,0.133333333,0.112359551,0.202380952,0.265822785,0.138297872,0.075268817,0.06741573,0.417582418,0.409090909,0.729411765,0.75,0.792682927,0.326086957,0.422222222,0.130434783,0.096774194,0.437774094
0,0,1,0,0,0,0,0,0,0,0.84,0.333333333,0.172727273,0.392857143,0.694444444,0.829545455,0.844444444,0.853932584,0.642857143,0.924050633,0.510638298,0.47311828,0.483146067,0.549450549,0.477272727,0.376470588,0.363636364,0.317073171,0.141304348,0.166666667,0.847826087,0.505376344,0.126569386
0,0,0,1,0,0,0,0,0,0,0.64,0.666666667,0.331818182,0.464285714,0.5,0.693181818,0.666666667,0.651685393,0.666666667,0.670886076,0.010638298,0.010752688,0.02247191,0.626373626,0.579545455,0.235294118,0.227272727,0.231707317,0.097826087,0.188888889,0.163043478,0.150537634,0.33733292
0,0,0,0,0,0,0,1,0,0,0.82,0.666666667,0.409090909,0.714285714,0.111111111,0.318181818,0.322222222,0.269662921,0.345238095,0.443037975,0.010638298,0.010752688,0.02247191,0.417582418,0.409090909,0.647058824,0.681818182,0.707317073,0.315217391,0.477777778,0.076086957,0.086021505,0.423626006
0,0,1,0,0,0,0,0,0,0,0.88,0.466666667,0.25,0.75,0.611111111,0.761363636,0.755555556,0.786516854,0.630952381,0.746835443,0.180851064,0.11827957,0.08988764,0.417582418,0.272727273,0.294117647,0.295454545,0.341463415,0.054347826,0.122222222,0.119565217,0.086021505,0.414184359
0,0,0,0,0,0,0,1,0,0,0.62,0.733333333,0.477272727,0.821428571,0.638888889,0.25,0.244444444,0.224719101,0.226190476,0.278481013,0.010638298,0.010752688,0.02247191,0.505494505,0.465909091,0.811764706,0.806818182,0.817073171,0.326086957,0.455555556,0.032608696,0.043010753,0.734173871
0,0,1,0,0,0,0,0,0,0,0.76,0.4,0.095454545,0.535714286,0.527777778,0.715909091,0.722222222,0.730337079,0.595238095,0.708860759,0.106382979,0.053763441,0.02247191,0.351648352,0.147727273,0.176470588,0.170454545,0.158536585,0.086956522,0.111111111,0.141304348,0.129032258,0.37261704
0,0,0,0,0,0,0,1,0,0,0.62,0.8,0.527272727,0.678571429,0.333333333,0.284090909,0.255555556,0.235955056,0.285714286,0.329113924,0.010638298,0.010752688,0.02247191,0.417582418,0.409090909,0.776470588,0.75,0.804878049,0.195652174,0.311111111,0.086956522,0.096774194,0.441528484
0,0,0,0,0,0,0,1,0,0,0.26,0.733333333,0.672727273,0.535714286,0.222222222,0.204545455,0.211111111,0.202247191,0.333333333,0.379746835,0.010638298,0.010752688,0.02247191,0.417582418,0.409090909,0.741176471,0.727272727,0.780487805,0.163043478,0.122222222,0.043478261,0.043010753,0.30252199
0,0,0,0,0,0,0,0,0,1,0.82,0.4,0.159090909,0.714285714,0.805555556,0.352272727,0.366666667,0.348314607,0.404761905,0.620253165,0.106382979,0.053763441,0.06741573,0.054945055,0.011363636,0.4,0.465909091,0.5,0.72826087,0.633333333,0.141304348,0.139784946,0.423626006
0,0,0,0,0,0,0,1,0,0,0.3,0.6,0.790909091,0.428571429,0.083333333,0.375,0.366666667,0.337078652,0.404761905,0.35443038,0.021276596,0.010752688,0.011235955,0.417582418,0.409090909,0.752941176,0.670454545,0.695121951,0.054347826,0.044444444,0.032608696,0.043010753,0.37261704
0,0,0,1,0,0,0,0,0,0,0.62,0.666666667,0.363636364,0.714285714,0.388888889,0.670454545,0.666666667,0.651685393,0.607142857,0.696202532,0.340425532,0.301075269,0.280898876,0.483516484,0.522727273,0.258823529,0.272727273,0.280487805,0.108695652,0.144444444,0.141304348,0.172043011,0.207381896
0,0,0,0,1,0,0,0,0,0,0.32,0.733333333,0.704545455,0.785714286,0.75,0.102272727,0.077777778,0.078651685,0.166666667,0.075949367,0.010638298,0.010752688,0.02247191,0.725274725,0.761363636,0.270588235,0.193181818,0.207317073,0.076086957,0.066666667,0.130434783,0.064516129,0.410062581
0,0,0,0,0,0,0,0,1,0,0.76,0.466666667,0.340909091,0.785714286,0.472222222,0.420454545,0.4,0.348314607,0.369047619,0.46835443,0.010638298,0.010752688,0.02247191,0.417582418,0.409090909,0.682352941,0.681818182,0.780487805,0.52173913,0.577777778,0.141304348,0.096774194,0.364848601
0,0,0,0,1,0,0,0,0,0,0.4,0.8,0.636363636,0.571428571,0.472222222,0.090909091,0.055555556,0.056179775,0.05952381,0.025316456,0.010638298,0.010752688,0.02247191,0.571428571,0.602272727,0.176470588,0.113636364,0.134146341,0.076086957,0.088888889,0.054347826,0.053763441,0.207381896
0,0,0,0,1,0,0,0,0,0,0.34,0.6,0.7,0.714285714,0.472222222,0.272727273,0.255555556,0.247191011,0.30952381,0.253164557,0.010638298,0.010752688,0.02247191,0.67032967,0.613636364,0.164705882,0.193181818,0.146341463,0.054347826,0.033333333,0.108695652,0.096774194,0.417399943
0,0,0,0,0,0,0,0,0,1,0.74,0.533333333,0.245454545,0.75,0.583333333,0.375,0.333333333,0.325842697,0.5,0.594936709,0.106382979,0.053763441,0.06741573,0.307692308,0.295454545,0.541176471,0.5,0.646341463,0.543478261,0.611111111,0.086956522,0.107526882,0.207381896
1,0,0,0,0,0,0,0,0,0,0.56,0.8,0.322727273,0.678571429,0.333333333,0.056818182,0.077777778,0.06741573,0.392857143,0.392405063,0.765957447,0.698924731,0.764044944,0.087912088,0.068181818,0.105882353,0.079545455,0.048780488,0,0.044444444,0.086956522,0.053763441,0.423626006
0,1,0,0,0,0,0,0,0,0,0.76,0.4,0.331818182,0.571428571,0.611111111,0.602272727,0.566666667,0.528089888,0.607142857,0.746835443,0.010638298,0.010752688,0.02247191,0.56043956,0.704545455,0.4,0.443181818,0.426829268,0.141304348,0.211111111,0.141304348,0.150537634,0.332434098
0,0,1,0,0,0,0,0,0,0,0.88,0.4,0.15,0.25,0.611111111,0.795454545,0.788888889,0.808988764,0.678571429,0.860759494,0.468085106,0.430107527,0.370786517,0.406593407,0.215909091,0.2,0.215909091,0.195121951,0.108695652,0.122222222,0.195652174,0.172043011,0.468801778
0,0,0,0,0,0,0,1,0,0,0.64,0.666666667,0.431818182,0.714285714,0.388888889,0.113636364,0.122222222,0.112359551,0.261904762,0.278481013,0.010638298,0.010752688,0.02247191,0.362637363,0.295454545,0.741176471,0.75,0.817073171,0.206521739,0.244444444,0.293478261,0.247311828,0.494139492
0,0,1,0,0,0,0,0,0,0,0.82,0.466666667,0.113636364,0.678571429,0.5,0.715909091,0.722222222,0.741573034,0.571428571,0.734177215,0.446808511,0.397849462,0.359550562,0.43956044,0.170454545,0.376470588,0.363636364,0.390243902,0.206521739,0.277777778,0.119565217,0.064516129,0.218672704
0,0,0,0,0,0,0,0,0,1,0.9,0.266666667,0.159090909,0.678571429,0.666666667,0.306818182,0.266666667,0.269662921,0.321428571,0.544303797,0.372340426,0.279569892,0.179775281,0.307692308,0.295454545,0.529411765,0.613636364,0.646341463,0.717391304,0.677777778,0.108695652,0.064516129,0.509723017
0,0,0,0,0,0,0,0,1,0,0.76,0.4,0.35,0.785714286,0.777777778,0.579545455,0.555555556,0.494382022,0.607142857,0.683544304,0.010638298,0.010752688,0.02247191,0.417582418,0.409090909,0.8,0.795454545,0.87804878,0.597826087,0.7,0.141304348,0.150537634,0.483164304
0,0,0,0,0,0,0,1,0,0,0.6,0.533333333,0.595454545,0.464285714,0.111111111,0.147727273,0.144444444,0.134831461,0.202380952,0.227848101,0.010638298,0.010752688,0.02247191,0.417582418,0.352272727,0.694117647,0.693181818,0.743902439,0.141304348,0.188888889,0.076086957,0.064516129,0.365417417
0,1,0,0,0,0,0,0,0,0,0.8,0.266666667,0.245454545,0.785714286,0.583333333,0.590909091,0.544444444,0.505617978,0.821428571,0.860759494,0.234042553,0.193548387,0.157303371,0.252747253,0.545454545,0.247058824,0.227272727,0.280487805,0.086956522,0.1,0.097826087,0.043010753,0.418192886
0,0,0,0,0,0,0,0,0,1,0.82,0.466666667,0.213636364,0.892857143,0.75,0.477272727,0.455555556,0.438202247,0.488095238,0.620253165,0.106382979,0.053763441,0.06741573,0.307692308,0.295454545,0.6,0.613636364,0.707317073,0.695652174,0.766666667,0.086956522,0.053763441,0.126569386
0,0,0,1,0,0,0,0,0,0,0.76,0.666666667,0.427272727,0.678571429,0.75,0.795454545,0.788888889,0.764044944,0.630952381,0.696202532,0.244680851,0.193548387,0.146067416,0.659340659,0.613636364,0.235294118,0.227272727,0.207317073,0.086956522,0.1,0.076086957,0.064516129,0.756651687
0,0,0,0,0,0,0,0,0,1,0.82,0.4,0.136363636,0.678571429,0.833333333,0.397727273,0.388888889,0.382022472,0.452380952,0.594936709,0.361702128,0.322580645,0.314606742,0.307692308,0.295454545,0.588235294,0.590909091,0.658536585,0.945652174,0.922222222,0.25,0.204301075,0.539250437
0,0,0,0,0,0,0,0,1,0,0.72,0.533333333,0.309090909,0.678571429,0.638888889,0.318181818,0.311111111,0.280898876,0.547619048,0.64556962,0.010638298,0.010752688,0.02247191,0.307692308,0.295454545,0.717647059,0.738636364,0.804878049,0.652173913,0.566666667,0.27173913,0.268817204,0.423626006
0,0,0,0,0,0,0,0,1,0,0.56,0.6,0.454545455,0.642857143,0.305555556,0.420454545,0.411111111,0.382022472,0.511904762,0.607594937,0.010638298,0.010752688,0.02247191,0.417582418,0.465909091,0.694117647,0.681818182,0.743902439,0.347826087,0.433333333,0.086956522,0.086021505,0.364277558
0,0,1,0,0,0,0,0,0,0,0.86,0.666666667,0.181818182,0.821428571,0.527777778,0.693181818,0.7,0.719101124,0.642857143,0.708860759,0.159574468,0.107526882,0.06741573,0.461538462,0.227272727,0.211764706,0.204545455,0.158536585,0.054347826,0.088888889,0.130434783,0.096774194,0.372075662
0,1,0,0,0,0,0,0,0,0,0.78,0.2,0.195454545,0.75,0.583333333,0.647727273,0.611111111,0.561797753,0.702380952,0.82278481,0.265957447,0.215053763,0.123595506,0.32967033,0.534090909,0.305882353,0.159090909,0.195121951,0.054347826,0.133333333,0.173913043,0.161290323,0.259085412
0,0,0,0,0,0,1,0,0,0,0.44,0.2,0.113636364,0.75,0.694444444,0.136363636,0.155555556,0.157303371,0.142857143,0.151898734,0.29787234,0.225806452,0.202247191,0.087912088,0.011363636,0.282352941,0.215909091,0.219512195,0.108695652,0.144444444,0.923913043,0.860215054,0.649409149
1,0,0,0,0,0,0,0,0,0,0.62,0.6,0.295454545,0.571428571,0.638888889,0.170454545,0.177777778,0.168539326,0.488095238,0.607594937,0.861702128,0.806451613,0.865168539,0.197802198,0.113636364,0.282352941,0.284090909,0.292682927,0.206521739,0.311111111,0.119565217,0.086021505,0.343398971
0,0,0,0,0,0,0,0,0,1,0.86,0.266666667,0.113636364,0.25,0.666666667,0.352272727,0.311111111,0.292134831,0.380952381,0.594936709,0.010638298,0.010752688,0.02247191,0.307692308,0.295454545,0.541176471,0.613636364,0.609756098,0.695652174,0.655555556,0.195652174,0.204301075,0.410062581
0,0,0,0,1,0,0,0,0,0,0.48,0.8,0.681818182,0.785714286,0.611111111,0.113636364,0.111111111,0.101123596,0.154761905,0.075949367,0.010638298,0.010752688,0.02247191,0.813186813,0.761363636,0.388235294,0.420454545,0.365853659,0.054347826,0.055555556,0.25,0.215053763,0.417399943
0,0,0,0,0,0,0,0,0,1,0.86,0.4,0.140909091,0.607142857,0.694444444,0.420454545,0.411111111,0.382022472,0.416666667,0.569620253,0.117021277,0.086021505,0.06741573,0.296703297,0.284090909,0.517647059,0.556818182,0.597560976,0.630434783,0.677777778,0.141304348,0.096774194,0.416602666
0,0,0,0,0,0,0,0,0,1,0.8,0.333333333,0.154545455,0.607142857,0.694444444,0.409090909,0.366666667,0.337078652,0.392857143,0.556962025,0.010638298,0.010752688,0.02247191,0.307692308,0.295454545,0.411764706,0.545454545,0.475609756,0.760869565,0.755555556,0.043478261,0.064516129,0.451302308
0,0,0,1,0,0,0,0,0,0,0.28,0.6,0.3,0.785714286,0.166666667,0.443181818,0.433333333,0.404494382,0.30952381,0.329113924,0.010638298,0.010752688,0.02247191,0.417582418,0.556818182,0.494117647,0.420454545,0.451219512,0.217391304,0.188888889,0.065217391,0.075268817,0.240273831
0,0,0,0,0,0,0,0,0,1,0.82,0.4,0.245454545,0.857142857,0.833333333,0.397727273,0.355555556,0.359550562,0.428571429,0.569620253,0.106382979,0.053763441,0.06741573,0.307692308,0.295454545,0.694117647,0.727272727,0.780487805,0.717391304,0.811111111,0.195652174,0.204301075,0.212328174
0,0,1,0,0,0,0,0,0,0,0.82,0.466666667,0.218181818,0.714285714,0.861111111,0.897727273,0.9,0.898876404,0.75,0.835443038,0.159574468,0.107526882,0.06741573,0.527472527,0.545454545,0.211764706,0.227272727,0.195121951,0.108695652,0.2,0.195652174,0.161290323,0.374229225
0,0,0,1,0,0,0,0,0,0,0.62,0.733333333,0.486363636,0.678571429,0.638888889,0.738636364,0.722222222,0.730337079,0.654761905,0.64556962,0.106382979,0.053763441,0.02247191,0.626373626,0.590909091,0.164705882,0.136363636,0.158536585,0.054347826,0.066666667,0.130434783,0.086021505,0.543499462
0,0,0,0,0,0,0,0,0,1,0.78,0.533333333,0.159090909,0.75,0.555555556,0.488636364,0.477777778,0.471910112,0.476190476,0.632911392,0.489361702,0.430107527,0.393258427,0.307692308,0.238636364,0.588235294,0.670454545,0.646341463,0.532608696,0.633333333,0.076086957,0.064516129,0.37043937
0,0,0,0,1,0,0,0,0,0,0.54,0.6,0.668181818,0.857142857,0.777777778,0.113636364,0.077777778,0.078651685,0.083333333,0.063291139,0.010638298,0.010752688,0.02247191,0.967032967,0.875,0.164705882,0.102272727,0.170731707,0.076086957,0.055555556,0.195652174,0.204301075,0.80558785
0,0,0,0,0,0,0,0,0,1,0.84,0.466666667,0.227272727,0.785714286,0.833333333,0.568181818,0.566666667,0.561797753,0.428571429,0.620253165,0.106382979,0.053763441,0.06741573,0.307692308,0.295454545,0.647058824,0.681818182,0.756097561,0.847826087,0.866666667,0.043478261,0.096774194,0.463392137
0,0,0,0,0,0,0,0,0,1,0.74,0.533333333,0.118181818,0.714285714,0.583333333,0.431818182,0.422222222,0.415730337,0.380952381,0.556962025,0.010638298,0.010752688,0.02247191,0.307692308,0.238636364,0.376470588,0.477272727,0.5,0.608695652,0.677777778,0.108695652,0.086021505,0.371532268
0,0,1,0,0,0,0,0,0,0,0.9,0.2,0.127272727,0.642857143,0.5,0.727272727,0.733333333,0.730337079,0.571428571,0.746835443,0.106382979,0.053763441,0.02247191,0.472527473,0.284090909,0.152941176,0.159090909,0.12195122,0.097826087,0.133333333,0.119565217,0.064516129,0.218672704
0,0,0,0,0,0,0,1,0,0,0.36,0.466666667,0.613636364,0.642857143,0.333333333,0.193181818,0.166666667,0.157303371,0.25,0.17721519,0.010638298,0.010752688,0.02247191,0.406593407,0.397727273,0.8,0.738636364,0.804878049,0.141304348,0.211111111,0.108695652,0.11827957,0.126569386
0,0,0,0,0,0,0,1,0,0,0.44,0.6,0.622727273,0.821428571,0.361111111,0.147727273,0.144444444,0.134831461,0.178571429,0.227848101,0.021276596,0.010752688,0.02247191,0.362637363,0.295454545,0.788235294,0.761363636,0.817073171,0.108695652,0.177777778,0.076086957,0.053763441,0.448116566
0,0,0,0,1,0,0,0,0,0,0.3,0.8,0.75,0.714285714,0.444444444,0.204545455,0.188888889,0.179775281,0.178571429,0.17721519,0,0,0.011235955,0.67032967,0.636363636,0.223529412,0.25,0.170731707,0.065217391,0.044444444,0.391304348,0.344086022,0.364848601
0,1,0,0,0,0,0,0,0,0,0.84,0.533333333,0.272727273,0.75,0.722222222,0.727272727,0.711111111,0.674157303,0.80952381,0.886075949,0.361702128,0.311827957,0.280898876,0.395604396,0.522727273,0.364705882,0.363636364,0.37804878,0.195652174,0.3,0.119565217,0.086021505,0.469359718
0,0,0,0,0,0,0,0,1,0,0.66,0.666666667,0.440909091,0.714285714,0.5,0.147727273,0.133333333,0.112359551,0.202380952,0.215189873,0.021276596,0.010752688,0.011235955,0.417582418,0.409090909,0.8,0.772727273,0.841463415,0.282608696,0.366666667,0.119565217,0.11827957,0.410062581
0,0,0,1,0,0,0,0,0,0,0.54,0.8,0.418181818,0.607142857,0.555555556,0.647727273,0.633333333,0.606741573,0.714285714,0.759493671,0.617021277,0.559139785,0.550561798,0.615384615,0.613636364,0.329411765,0.352272727,0.292682927,0.108695652,0.2,0.108695652,0.129032258,0.218672704
0,0,0,0,1,0,0,0,0,0,0.26,0.733333333,0.636363636,0.571428571,0.527777778,0.136363636,0.1,0.101123596,0.166666667,0.075949367,0.010638298,0.010752688,0.02247191,0.615384615,0.602272727,0.247058824,0.204545455,0.243902439,0.065217391,0.044444444,0.097826087,0.075268817,0.207381896
0,0,0,0,0,1,0,0,0,0,0.6,0.666666667,0.272727273,0.535714286,0.666666667,0.125,0.144444444,0.146067416,0.166666667,0.35443038,0.329787234,0.290322581,0.258426966,0.142857143,0.011363636,0.164705882,0.363636364,0.341463415,0.086956522,0.166666667,0.902173913,0.709677419,0.365984025
0,0,0,0,0,0,0,0,1,0,0.7,0.533333333,0.318181818,0.714285714,0.638888889,0.329545455,0.322222222,0.325842697,0.476190476,0.594936709,0.106382979,0.075268817,0.06741573,0.307692308,0.238636364,0.729411765,0.693181818,0.853658537,0.619565217,0.711111111,0.119565217,0.107526882,0.445844421
0,0,0,0,0,0,0,1,0,0,0.36,0.666666667,0.613636364,0.607142857,0.138888889,0.25,0.233333333,0.213483146,0.178571429,0.126582278,0.010638298,0.010752688,0.02247191,0.417582418,0.409090909,0.764705882,0.727272727,0.792682927,0.065217391,0.133333333,0.108695652,0.086021505,0.254301337
0,0,0,1,0,0,0,0,0,0,0.28,0.533333333,0.340909091,0.821428571,0.305555556,0.477272727,0.455555556,0.438202247,0.273809524,0.139240506,0.010638298,0.010752688,0.02247191,0.516483516,0.534090909,0.435294118,0.465909091,0.512195122,0.097826087,0.055555556,0.086956522,0.161290323,0.137798095
0,0,0,0,0,0,0,1,0,0,0.72,0.666666667,0.468181818,0.535714286,0.333333333,0.238636364,0.222222222,0.224719101,0.333333333,0.35443038,0.010638298,0.010752688,0.02247191,0.417582418,0.409090909,0.729411765,0.704545455,0.780487805,0.434782609,0.522222222,0.413043478,0.344086022,0.432134698
0,0,0,0,0,0,0,0,0,1,0.78,0.6,0.159090909,0.678571429,0.666666667,0.443181818,0.433333333,0.393258427,0.55952381,0.620253165,0.106382979,0.053763441,0.06741573,0.307692308,0.295454545,0.6,0.625,0.719512195,0.652173913,0.733333333,0.130434783,0.107526882,0.423626006
0,0,0,1,0,0,0,0,0,0,0.42,0.6,0.363636364,0.785714286,0.444444444,0.409090909,0.388888889,0.370786517,0.30952381,0.329113924,0.010638298,0.010752688,0.02247191,0.43956044,0.568181818,0.494117647,0.443181818,0.487804878,0.217391304,0.188888889,0.065217391,0.075268817,0.401895138
0,0,0,0,1,0,0,0,0,0,0.28,0.733333333,0.690909091,0.607142857,0.555555556,0.386363636,0.377777778,0.325842697,0.333333333,0.291139241,0.010638298,0.010752688,0.02247191,0.714285714,0.647727273,0.258823529,0.25,0.256097561,0.054347826,0.055555556,0.173913043,0.204301075,0.447147119
0,0,1,0,0,0,0,0,0,0,0.88,0.333333333,0.131818182,0.714285714,0.527777778,0.670454545,0.677777778,0.674157303,0.535714286,0.708860759,0.276595745,0.225806452,0.224719101,0.450549451,0.181818182,0.164705882,0.204545455,0.207317073,0.184782609,0.244444444,0.108695652,0.096774194,0.365417417
0,0,1,0,0,0,0,0,0,0,0.7,0.466666667,0.263636364,0.714285714,0.611111111,0.647727273,0.655555556,0.640449438,0.702380952,0.721518987,0.234042553,0.182795699,0.168539326,0.516483516,0.397727273,0.282352941,0.306818182,0.292682927,0.119565217,0.188888889,0.108695652,0.053763441,0.185727237
0,0,0,0,1,0,0,0,0,0,0.44,0.666666667,0.736363636,0.535714286,0.527777778,0.045454545,0.055555556,0.04494382,0.119047619,0.063291139,0.010638298,0.010752688,0.02247191,0.67032967,0.636363636,0.270588235,0.25,0.243902439,0.076086957,0.055555556,0.086956522,0.064516129,0.401895138
0,0,0,0,1,0,0,0,0,0,0.42,0.533333333,0.65,0.642857143,0.444444444,0.147727273,0.133333333,0.112359551,0.130952381,0.063291139,0.010638298,0.010752688,0.02247191,0.582417582,0.693181818,0.270588235,0.25,0.195121951,0.054347826,0.033333333,0.22826087,0.193548387,0.328831416
0,0,0,0,0,0,0,1,0,0,0.54,0.733333333,0.554545455,0.75,0.25,0.090909091,0.1,0.08988764,0.178571429,0.17721519,0.010638298,0.010752688,0.02247191,0.417582418,0.409090909,0.752941176,0.727272727,0.731707317,0.141304348,0.188888889,0.195652174,0.193548387,0.416602666
0,0,0,0,0,0,0,1,0,0,0.44,0.666666667,0.659090909,0.642857143,0.166666667,0.090909091,0.088888889,0.078651685,0.166666667,0.164556962,0.010638298,0.010752688,0.02247191,0.417582418,0.409090909,0.729411765,0.704545455,0.756097561,0.152173913,0.255555556,0.130434783,0.161290323,0.207381896
0,0,0,0,0,0,0,0,0,1,0.84,0.4,0.2,0.607142857,0.75,0.329545455,0.322222222,0.292134831,0.44047619,0.582278481,0.010638298,0.010752688,0.02247191,0.307692308,0.295454545,0.552941176,0.602272727,0.670731707,0.72826087,0.7,0.184782609,0.172043011,0.447470984
0,0,0,0,0,0,0,0,0,1,0.8,0.333333333,0.140909091,0.75,0.722222222,0.465909091,0.466666667,0.460674157,0.416666667,0.607594937,0.010638298,0.010752688,0.02247191,0.307692308,0.295454545,0.494117647,0.511363636,0.609756098,0.663043478,0.666666667,0.163043478,0.11827957,0.410062581
0,0,0,1,0,0,0,0,0,0,0.72,0.733333333,0.409090909,0.785714286,0.416666667,0.681818182,0.677777778,0.640449438,0.619047619,0.708860759,0.106382979,0.053763441,0.033707865,0.527472527,0.5,0.2,0.227272727,0.207317073,0.076086957,0.077777778,0.119565217,0.075268817,0.36654844
0,0,0,0,0,0,0,0,0,1,0.76,0.466666667,0.163636364,0.642857143,0.694444444,0.465909091,0.455555556,0.438202247,0.44047619,0.594936709,0.010638298,0.010752688,0.02247191,0.307692308,0.295454545,0.564705882,0.568181818,0.62195122,0.77173913,0.744444444,0.032608696,0.053763441,0.120613407
0,0,0,0,0,0,0,1,0,0,0.6,0.733333333,0.486363636,0.642857143,0.277777778,0.318181818,0.3,0.292134831,0.273809524,0.35443038,0.010638298,0.010752688,0.02247191,0.417582418,0.409090909,0.741176471,0.727272727,0.780487805,0.184782609,0.266666667,0.086956522,0.096774194,0.447147119
0,0,0,0,0,0,0,0,0,1,0.86,0.6,0.136363636,0.75,0.611111111,0.545454545,0.5,0.460674157,0.523809524,0.696202532,0.106382979,0.053763441,0.02247191,0.274725275,0.238636364,0.447058824,0.534090909,0.524390244,0.673913043,0.633333333,0.141304348,0.172043011,0.162586571
0,0,0,0,0,0,0,1,0,0,0.52,0.733333333,0.545454545,0.678571429,0.416666667,0.261363636,0.233333333,0.213483146,0.273809524,0.265822785,0.010638298,0.010752688,0.02247191,0.417582418,0.409090909,0.764705882,0.772727273,0.792682927,0.347826087,0.422222222,0.086956522,0.096774194,0.529258186
0,0,1,0,0,0,0,0,0,0,0.88,0.266666667,0.145454545,0.428571429,0.527777778,0.75,0.755555556,0.764044944,0.55952381,0.721518987,0.106382979,0.053763441,0.02247191,0.527472527,0.261363636,0.164705882,0.238636364,0.158536585,0.141304348,0.2,0.152173913,0.096774194,0.226234045
0,1,0,0,0,0,0,0,0,0,0.84,0.333333333,0.209090909,0.714285714,0.583333333,0.647727273,0.633333333,0.606741573,0.738095238,0.784810127,0.29787234,0.247311828,0.224719101,0.32967033,0.420454545,0.305882353,0.318181818,0.317073171,0.173913043,0.244444444,0.097826087,0.064516129,0.417399943
0,0,0,0,0,0,0,0,0,1,0.86,0.6,0.181818182,0.857142857,0.861111111,0.488636364,0.444444444,0.426966292,0.5,0.658227848,0.010638298,0.010752688,0.02247191,0.307692308,0.295454545,0.611764706,0.625,0.707317073,1,0.944444444,0.108695652,0.107526882,0.589275366
0,0,0,0,0,0,0,1,0,0,0.42,0.533333333,0.686363636,0.464285714,0.25,0.090909091,0.088888889,0.078651685,0.142857143,0.113924051,0.010638298,0.010752688,0.02247191,0.417582418,0.409090909,0.741176471,0.761363636,0.756097561,0.108695652,0.1,0.130434783,0.11827957,0.423626006
0,0,0,1,0,0,0,0,0,0,0.6,0.733333333,0.409090909,0.607142857,0.75,0.852272727,0.844444444,0.808988764,0.738095238,0.82278481,0.106382979,0.053763441,0.02247191,0.538461538,0.602272727,0.352941176,0.340909091,0.268292683,0.152173913,0.122222222,0.163043478,0.172043011,0.644462871
0,0,0,1,0,0,0,0,0,0,0.78,0.6,0.354545455,0.535714286,0.5,0.715909091,0.7,0.685393258,0.678571429,0.721518987,0.106382979,0.053763441,0.02247191,0.593406593,0.545454545,0.235294118,0.238636364,0.219512195,0.076086957,0.088888889,0.152173913,0.129032258,0.416602666
0,0,0,0,0,0,0,0,1,0,0.6,0.666666667,0.418181818,0.642857143,0.305555556,0.159090909,0.144444444,0.134831461,0.273809524,0.202531646,0.127659574,0.075268817,0.056179775,0.417582418,0.409090909,0.694117647,0.715909091,0.768292683,0.293478261,0.433333333,0.163043478,0.161290323,0.364848601
0,0,0,0,0,0,0,0,0,1,0.84,0.4,0.090909091,0.75,0.833333333,0.431818182,0.388888889,0.382022472,0.44047619,0.620253165,0.106382979,0.053763441,0.02247191,0.296703297,0.215909091,0.564705882,0.625,0.707317073,0.793478261,0.722222222,0.141304348,0.11827957,0.417001849
0,1,0,0,0,0,0,0,0,0,0.82,0.266666667,0.259090909,0.607142857,0.694444444,0.602272727,0.566666667,0.528089888,0.857142857,0.911392405,0.446808511,0.408602151,0.415730337,0.351648352,0.579545455,0.2,0.227272727,0.207317073,0.076086957,0.1,0.141304348,0.150537634,0.41976596
0,0,0,1,0,0,0,0,0,0,0.62,0.733333333,0.381818182,0.714285714,0.611111111,0.681818182,0.666666667,0.629213483,0.654761905,0.696202532,0.106382979,0.053763441,0.011235955,0.571428571,0.534090909,0.470588235,0.465909091,0.451219512,0.173913043,0.222222222,0.054347826,0.043010753,0.445188684
0,0,0,0,1,0,0,0,0,0,0.26,0.6,0.695454545,0.642857143,0.666666667,0.090909091,0.066666667,0.06741573,0.119047619,0.101265823,0.010638298,0.010752688,0.02247191,0.725274725,0.738636364,0.176470588,0.136363636,0.146341463,0.076086957,0.055555556,0.097826087,0.161290323,0.443868302
0,0,0,0,0,0,0,0,0,1,0.72,0.266666667,0.140909091,0.642857143,0.583333333,0.443181818,0.388888889,0.348314607,0.511904762,0.632911392,0.287234043,0.23655914,0.202247191,0.307692308,0.363636364,0.623529412,0.613636364,0.695121951,0.652173913,0.688888889,0.086956522,0.096774194,0.167076193
0,0,0,0,0,0,0,0,1,0,0.72,0.666666667,0.522727273,0.571428571,0.527777778,0.284090909,0.255555556,0.235955056,0.333333333,0.367088608,0.010638298,0.010752688,0.02247191,0.417582418,0.409090909,0.823529412,0.818181818,0.817073171,0.391304348,0.433333333,0.119565217,0.096774194,0.870468051
0,0,0,0,0,1,0,0,0,0,0.58,0.733333333,0.254545455,0.642857143,0.444444444,0.090909091,0.111111111,0.08988764,0.047619048,0.025316456,0.35106383,0.290322581,0.224719101,0.142857143,0.125,0.141176471,0.090909091,0.12195122,0.054347826,0.055555556,0.902173913,0.752688172,0.177730649
0,0,0,1,0,0,0,0,0,0,0.68,0.666666667,0.386363636,0.607142857,0.583333333,0.75,0.733333333,0.730337079,0.69047619,0.746835443,0.329787234,0.23655914,0.202247191,0.56043956,0.534090909,0.2,0.181818182,0.158536585,0.076086957,0.077777778,0.119565217,0.064516129,0.361388331
0,0,0,1,0,0,0,0,0,0,0.66,0.733333333,0.409090909,0.642857143,0.722222222,0.818181818,0.811111111,0.786516854,0.678571429,0.721518987,0.106382979,0.053763441,0.02247191,0.648351648,0.579545455,0.4,0.397727273,0.353658537,0.097826087,0.155555556,0.152173913,0.139784946,0.594799858
0,0,0,0,0,0,0,0,0,1,0.72,0.533333333,0.172727273,0.571428571,0.611111111,0.420454545,0.4,0.370786517,0.392857143,0.544303797,0.106382979,0.053763441,0.06741573,0.307692308,0.295454545,0.517647059,0.568181818,0.62195122,0.652173913,0.655555556,0.043478261,0.096774194,0.207381896
0,0,0,0,1,0,0,0,0,0,0.42,0.733333333,0.731818182,0.821428571,0.5,0.102272727,0.1,0.056179775,0.083333333,0.101265823,0.010638298,0.010752688,0.02247191,0.659340659,0.625,0.211764706,0.170454545,0.12195122,0.032608696,0.022222222,0.130434783,0.107526882,0.417399943
0,0,0,0,1,0,0,0,0,0,0.56,0.733333333,0.659090909,0.357142857,0.75,0.5,0.455555556,0.415730337,0.297619048,0.316455696,0.010638298,0.010752688,0.02247191,0.846153846,0.954545455,0.247058824,0.170454545,0.207317073,0.108695652,0.144444444,0.195652174,0.204301075,0.767724852
0,0,0,0,0,0,0,1,0,0,0.54,0.666666667,0.681818182,0.821428571,0.555555556,0.147727273,0.122222222,0.101123596,0.214285714,0.265822785,0.010638298,0.010752688,0.02247191,0.417582418,0.409090909,0.835294118,0.784090909,0.865853659,0.206521739,0.344444444,0.195652174,0.161290323,0.227700401
0,0,0,0,0,0,1,0,0,0,0.54,0.333333333,0.113636364,0.821428571,0.583333333,0.181818182,0.155555556,0.146067416,0,0.025316456,0.276595745,0.161290323,0.123595506,0.10989011,0.045454545,0.047058824,0.090909091,0.085365854,0.065217391,0.088888889,0.956521739,0.88172043,0.410062581
0,0,0,0,0,0,0,0,0,1,0.82,0.533333333,0.15,0.785714286,0.75,0.363636364,0.344444444,0.303370787,0.55952381,0.658227848,0.106382979,0.064516129,0.06741573,0.307692308,0.295454545,0.6,0.636363636,0.682926829,0.72826087,0.666666667,0.086956522,0.064516129,0.472117857
0,0,1,0,0,0,0,0,0,0,0.92,0.2,0,0.5,0.555555556,0.647727273,0.666666667,0.674157303,0.547619048,0.721518987,0.319148936,0.247311828,0.224719101,0.285714286,0.147727273,0.023529412,0.090909091,0.048780488,0.217391304,0.188888889,0.086956522,0.064516129,0.365417417
0,0,0,0,0,0,0,0,0,1,0.86,0.466666667,0.204545455,0.642857143,0.555555556,0.568181818,0.566666667,0.550561798,0.511904762,0.658227848,0.159574468,0.11827957,0.101123596,0.307692308,0.272727273,0.517647059,0.602272727,0.682926829,0.597826087,0.611111111,0.195652174,0.193548387,0.364848601
0,0,1,0,0,0,0,0,0,0,0.88,0.2,0.022727273,0.357142857,0.527777778,0.727272727,0.722222222,0.752808989,0.464285714,0.708860759,0.585106383,0.537634409,0.561797753,0.318681319,0.147727273,0.117647059,0.170454545,0.109756098,0.054347826,0.111111111,0.141304348,0.11827957,0.439150531
0,0,1,0,0,0,0,0,0,0,0.8,0.466666667,0.245454545,0.75,0.527777778,0.715909091,0.7,0.696629213,0.595238095,0.734177215,0.170212766,0.139784946,0.112359551,0.406593407,0.261363636,0.282352941,0.272727273,0.317073171,0.25,0.288888889,0.130434783,0.086021505,0.207381896
0,0,0,0,1,0,0,0,0,0,0.34,0.866666667,0.713636364,0.714285714,0.611111111,0.113636364,0.133333333,0.134831461,0.107142857,0.063291139,0.010638298,0.010752688,0.02247191,0.681318681,0.545454545,0.282352941,0.272727273,0.182926829,0.086956522,0.088888889,0.163043478,0.161290323,0.229152166
0,1,0,0,0,0,0,0,0,0,0.9,0.2,0.177272727,0.642857143,0.583333333,0.670454545,0.644444444,0.640449438,0.797619048,0.873417722,0.170212766,0.129032258,0.101123596,0.252747253,0.488636364,0.235294118,0.272727273,0.243902439,0.076086957,0.088888889,0.076086957,0.043010753,0.488633133
0,0,0,1,0,0,0,0,0,0,0.62,0.8,0.413636364,0.607142857,0.472222222,0.659090909,0.644444444,0.629213483,0.619047619,0.683544304,0.20212766,0.172043011,0.134831461,0.604395604,0.5,0.4,0.375,0.390243902,0.108695652,0.133333333,0.163043478,0.150537634,0.185727237
0,0,0,1,0,0,0,0,0,0,0.76,0.533333333,0.35,0.607142857,0.527777778,0.670454545,0.688888889,0.685393258,0.702380952,0.772151899,0.106382979,0.053763441,0.02247191,0.505494505,0.465909091,0.294117647,0.284090909,0.268292683,0.130434783,0.177777778,0.130434783,0.107526882,0.229152166
0,0,0,1,0,0,0,0,0,0,0.64,0.666666667,0.427272727,0.535714286,0.527777778,0.704545455,0.7,0.662921348,0.69047619,0.746835443,0.106382979,0.053763441,0.02247191,0.527472527,0.465909091,0.364705882,0.375,0.341463415,0.108695652,0.088888889,0.119565217,0.107526882,0.364848601
0,0,0,0,0,0,0,0,1,0,0.7,0.466666667,0.354545455,0.428571429,0.611111111,0.340909091,0.3,0.258426966,0.214285714,0.316455696,0.010638298,0.010752688,0.02247191,0.417582418,0.409090909,0.764705882,0.761363636,0.792682927,0.434782609,0.488888889,0.152173913,0.150537634,0.218672704
0,0,0,0,0,0,0,1,0,0,0.3,0.733333333,0.668181818,0.714285714,0.5,0.090909091,0.066666667,0.06741573,0.154761905,0.164556962,0.010638298,0.010752688,0.02247191,0.417582418,0.409090909,0.811764706,0.772727273,0.841463415,0.184782609,0.244444444,0.141304348,0.139784946,0.218672704
0,0,0,0,0,1,0,0,0,0,0.52,0.333333333,0.154545455,0.75,0.666666667,0.102272727,0.122222222,0.123595506,0.095238095,0.050632911,0.106382979,0.107526882,0.123595506,0.142857143,0.125,0.247058824,0.136363636,0.158536585,0.173913043,0.244444444,0.956521739,0.817204301,0.438119422
0,0,0,0,0,0,0,1,0,0,0.72,0.8,0.363636364,0.714285714,0.277777778,0.443181818,0.4,0.382022472,0.428571429,0.506329114,0.053191489,0.032258065,0.02247191,0.417582418,0.409090909,0.635294118,0.704545455,0.707317073,0.282608696,0.377777778,0.097826087,0.086021505,0.423626006
0,0,0,0,0,1,0,0,0,0,0.5,0.6,0.231818182,0.75,0.611111111,0.102272727,0.122222222,0.123595506,0.107142857,0.075949367,0.457446809,0.451612903,0.438202247,0.142857143,0.125,0.164705882,0.147727273,0.231707317,0.054347826,0.077777778,0.913043478,0.688172043,0.207381896
0,0,1,0,0,0,0,0,0,0,0.72,0.266666667,0.195454545,0.607142857,0.555555556,0.75,0.744444444,0.764044944,0.547619048,0.708860759,0.106382979,0.053763441,0.02247191,0.340659341,0.193181818,0.247058824,0.25,0.219512195,0.163043478,0.233333333,0.108695652,0.096774194,0.30252199
0,0,0,0,1,0,0,0,0,0,0.46,0.666666667,0.65,0.714285714,0.666666667,0.079545455,0.066666667,0.06741573,0.130952381,0.126582278,0.010638298,0.010752688,0.02247191,0.681318681,0.715909091,0.2,0.181818182,0.134146341,0.054347826,0.055555556,0.076086957,0.064516129,0.423626006
0,0,0,0,1,0,0,0,0,0,0.4,0.466666667,0.518181818,0.571428571,0.583333333,0.204545455,0.155555556,0.157303371,0.095238095,0.189873418,0.010638298,0.010752688,0.02247191,0.725274725,0.659090909,0.176470588,0.125,0.170731707,0.108695652,0.111111111,0.076086957,0.064516129,0.440514103
0,0,0,0,1,0,0,0,0,0,0.14,0.8,0.695454545,0.321428571,0.555555556,0.272727273,0.244444444,0.224719101,0.119047619,0.037974684,0.074468085,0.043010753,0.033707865,0.681318681,0.693181818,0.235294118,0.215909091,0.243902439,0.065217391,0.055555556,0.043478261,0.053763441,0.221744422
1,0,0,0,0,0,0,0,0,0,0.6,0.666666667,0.340909091,0.75,0.75,0.136363636,0.144444444,0.134831461,0.642857143,0.64556962,0.85106383,0.827956989,0.876404494,0.098901099,0.090909091,0.235294118,0.170454545,0.243902439,0.076086957,0.122222222,0.152173913,0.150537634,0.227700401
0,0,0,0,0,0,0,1,0,0,0.76,0.666666667,0.509090909,0.642857143,0.694444444,0.261363636,0.233333333,0.213483146,0.357142857,0.405063291,0.276595745,0.268817204,0.258426966,0.417582418,0.409090909,0.952941176,0.954545455,0.987804878,0.5,0.488888889,0.141304348,0.150537634,0.874630166
0,0,0,1,0,0,0,0,0,0,0.64,0.933333333,0.477272727,0.642857143,0.583333333,0.693181818,0.666666667,0.662921348,0.619047619,0.670886076,0.5,0.47311828,0.460674157,0.582417582,0.590909091,0.2,0.181818182,0.207317073,0.065217391,0.166666667,0.076086957,0.172043011,0.23892911
0,0,0,0,0,0,0,0,1,0,0.62,0.666666667,0.427272727,0.535714286,0.361111111,0.238636364,0.222222222,0.213483146,0.214285714,0.240506329,0.010638298,0.010752688,0.02247191,0.208791209,0.409090909,0.764705882,0.75,0.817073171,0.413043478,0.466666667,0.141304348,0.139784946,0.20226203
0,0,0,0,1,0,0,0,0,0,0.34,0.666666667,0.672727273,0.714285714,0.583333333,0.068181818,0.055555556,0.056179775,0.119047619,0.075949367,0.010638298,0.010752688,0.02247191,0.681318681,0.727272727,0.129411765,0.113636364,0.073170732,0.043478261,0.033333333,0.184782609,0.182795699,0.441528484
0,0,0,1,0,0,0,0,0,0,0.6,0.6,0.459090909,0.714285714,0.5,0.613636364,0.588888889,0.573033708,0.607142857,0.64556962,0.287234043,0.23655914,0.213483146,0.637362637,0.590909091,0.611764706,0.602272727,0.634146341,0.184782609,0.244444444,0.391304348,0.344086022,0.218672704
0,0,0,0,1,0,0,0,0,0,0.54,0.666666667,0.704545455,0.642857143,0.611111111,0.068181818,0.055555556,0.056179775,0.107142857,0.037974684,0.010638298,0.010752688,0.02247191,0.725274725,0.659090909,0.447058824,0.397727273,0.37804878,0.076086957,0.055555556,0.043478261,0.053763441,0.428496075
0,0,0,0,0,0,0,0,0,1,0.82,0.333333333,0.190909091,0.678571429,0.666666667,0.488636364,0.455555556,0.426966292,0.404761905,0.620253165,0.010638298,0.010752688,0.02247191,0.307692308,0.295454545,0.611764706,0.625,0.695121951,0.717391304,0.666666667,0.141304348,0.150537634,0.229152166
0,0,0,0,1,0,0,0,0,0,0.26,0.866666667,0.795454545,0.535714286,0.305555556,0.068181818,0.055555556,0.056179775,0.083333333,0.151898734,0.010638298,0.010752688,0.02247191,0.67032967,0.659090909,0.305882353,0.238636364,0.182926829,0.054347826,0.033333333,0.043478261,0.064516129,0.416602666
0,0,0,0,1,0,0,0,0,0,0.42,0.666666667,0.668181818,0.785714286,0.75,0.181818182,0.166666667,0.134831461,0.142857143,0.101265823,0.010638298,0.010752688,0.02247191,0.659340659,0.818181818,0.188235294,0.181818182,0.195121951,0.076086957,0.088888889,0.108695652,0.064516129,0.463392137
0,0,0,0,1,0,0,0,0,0,0.52,0.6,0.65,0.571428571,0.583333333,0.363636364,0.366666667,0.348314607,0.333333333,0.392405063,0.010638298,0.010752688,0.02247191,0.714285714,0.727272727,0.188235294,0.227272727,0.207317073,0.054347826,0.033333333,0.130434783,0.096774194,0.453491649
0,0,0,0,1,0,0,0,0,0,0.32,0.666666667,0.659090909,0.821428571,0.722222222,0.125,0.088888889,0.08988764,0.095238095,0.025316456,0.010638298,0.010752688,0.02247191,0.813186813,0.761363636,0.270588235,0.227272727,0.243902439,0.076086957,0.066666667,0.076086957,0.064516129,0.4758937
0,0,0,0,0,0,0,1,0,0,0.74,0.733333333,0.368181818,0.642857143,0.388888889,0.261363636,0.233333333,0.235955056,0.297619048,0.329113924,0.010638298,0.010752688,0.02247191,0.417582418,0.409090909,0.705882353,0.727272727,0.756097561,0.369565217,0.422222222,0.097826087,0.053763441,0.421322254
0,1,0,0,0,0,0,0,0,0,0.82,0.2,0.136363636,0.642857143,0.527777778,0.636363636,0.622222222,0.606741573,0.714285714,0.797468354,0.212765957,0.161290323,0.123595506,0.285714286,0.340909091,0.141176471,0.204545455,0.195121951,0.108695652,0.144444444,0.119565217,0.107526882,0.207381896
0,0,0,0,0,0,0,1,0,0,0.44,0.8,0.681818182,0.821428571,0.666666667,0.113636364,0.1,0.078651685,0.142857143,0.189873418,0.010638298,0.010752688,0.02247191,0.406593407,0.397727273,0.941176471,0.931818182,0.987804878,0.195652174,0.244444444,0.108695652,0.11827957,0.686750139
0,0,0,0,0,0,0,0,0,1,0.88,0.6,0.272727273,0.678571429,0.75,0.454545455,0.422222222,0.359550562,0.488095238,0.607594937,0.010638298,0.010752688,0.02247191,0.307692308,0.295454545,0.647058824,0.681818182,0.780487805,0.72826087,0.777777778,0.076086957,0.053763441,0.477482477
0,0,0,0,0,0,0,1,0,0,0.5,0.8,0.6,0.714285714,0.166666667,0.306818182,0.277777778,0.247191011,0.357142857,0.405063291,0.063829787,0,0.011235955,0.417582418,0.352272727,0.776470588,0.761363636,0.768292683,0.217391304,0.277777778,0.108695652,0.086021505,0.423626006
0,0,0,0,0,1,0,0,0,0,0.38,0.666666667,0.340909091,0.75,0.583333333,0.102272727,0.122222222,0.123595506,0.071428571,0.037974684,0.265957447,0.247311828,0.235955056,0.087912088,0.056818182,0.105882353,0.136363636,0.158536585,0.054347826,0.033333333,0.945652174,0.655913978,0.423626006
0,0,0,0,0,0,0,0,0,1,0.82,0.333333333,0.236363636,0.964285714,0.861111111,0.522727273,0.422222222,0.415730337,0.607142857,0.670886076,0.276595745,0.225806452,0.359550562,0.098901099,0.034090909,0.752941176,0.761363636,0.865853659,0.793478261,0.933333333,0.141304348,0.139784946,0.683321493
0,0,1,0,0,0,0,0,0,0,0.84,0.4,0.172727273,0.678571429,0.611111111,0.795454545,0.8,0.808988764,0.666666667,0.848101266,0.35106383,0.301075269,0.269662921,0.505494505,0.170454545,0.152941176,0.181818182,0.12195122,0.141304348,0.166666667,0.369565217,0.268817204,0.126569386
0,0,0,0,0,0,0,0,0,1,0.82,0.4,0.159090909,0.714285714,0.722222222,0.420454545,0.377777778,0.370786517,0.523809524,0.670886076,0.031914894,0.021505376,0.02247191,0.307692308,0.295454545,0.611764706,0.579545455,0.670731707,0.717391304,0.722222222,0.141304348,0.150537634,0.458975013
0,0,1,0,0,0,0,0,0,0,0.7,0.6,0.25,0.642857143,0.527777778,0.681818182,0.7,0.685393258,0.583333333,0.708860759,0.106382979,0.053763441,0.06741573,0.494505495,0.352272727,0.282352941,0.261363636,0.268292683,0.184782609,0.188888889,0.163043478,0.107526882,0.207381896
0,0,0,0,0,0,0,0,0,1,0.9,0.533333333,0.213636364,0.785714286,0.694444444,0.534090909,0.488888889,0.528089888,0.55952381,0.64556962,0.010638298,0.010752688,0.02247191,0.307692308,0.295454545,0.494117647,0.522727273,0.597560976,0.706521739,0.722222222,0.130434783,0.172043011,0.423626006
0,0,0,0,1,0,0,0,0,0,0.28,0.533333333,0.613636364,0.535714286,0.555555556,0.136363636,0.1,0.101123596,0.119047619,0.050632911,0.010638298,0.010752688,0.02247191,0.659340659,0.659090909,0.258823529,0.25,0.256097561,0.065217391,0.133333333,0.097826087,0.064516129,0.20226203
0,0,0,0,0,0,0,0,1,0,0.78,0.466666667,0.295454545,0.642857143,0.361111111,0.511363636,0.5,0.483146067,0.583333333,0.64556962,0.106382979,0.053763441,0.06741573,0.417582418,0.409090909,0.694117647,0.704545455,0.780487805,0.554347826,0.466666667,0.086956522,0.086021505,0.37043937
0,0,0,0,0,0,0,0,1,0,0.66,0.4,0.340909091,0.535714286,0.583333333,0.375,0.344444444,0.303370787,0.357142857,0.46835443,0.010638298,0.010752688,0.02247191,0.417582418,0.409090909,0.752941176,0.727272727,0.792682927,0.576086957,0.633333333,0.293478261,0.161290323,0.401895138
0,0,0,1,0,0,0,0,0,0,0.36,0.466666667,0.409090909,0.785714286,0.472222222,0.511363636,0.5,0.471910112,0.261904762,0.164556962,0.053191489,0.053763441,0.06741573,0.450549451,0.545454545,0.423529412,0.375,0.365853659,0.184782609,0.133333333,0.043478261,0.086021505,0.218672704
0,0,0,0,0,0,0,0,0,1,0.8,0.466666667,0.068181818,0.642857143,0.666666667,0.409090909,0.4,0.393258427,0.321428571,0.53164557,0.106382979,0.053763441,0.02247191,0.21978022,0.147727273,0.423529412,0.5,0.56097561,0.706521739,0.755555556,0.119565217,0.086021505,0.438463935
0,1,0,0,0,0,0,0,0,0,0.72,0.266666667,0.295454545,0.535714286,0.472222222,0.568181818,0.533333333,0.494382022,0.833333333,0.784810127,0.319148936,0.215053763,0.123595506,0.362637363,0.454545455,0.258823529,0.295454545,0.280487805,0.108695652,0.144444444,0.130434783,0.096774194,0.386030832
0,0,0,0,0,1,0,0,0,0,0.52,0.466666667,0.195454545,0.428571429,0.583333333,0.113636364,0.133333333,0.134831461,0.047619048,0.101265823,0.276595745,0.225806452,0.191011236,0.098901099,0.068181818,0.188235294,0.204545455,0.195121951,0.065217391,0.033333333,0.902173913,0.849462366,0.423626006
0,0,0,0,1,0,0,0,0,0,0.4,0.666666667,0.668181818,0.785714286,0.722222222,0.113636364,0.088888889,0.08988764,0.095238095,0.126582278,0.010638298,0.010752688,0.02247191,0.78021978,0.795454545,0.223529412,0.215909091,0.219512195,0.076086957,0.077777778,0.141304348,0.150537634,0.751187177
0,0,0,0,0,0,0,0,0,1,0.86,0.466666667,0.259090909,0.714285714,0.833333333,0.386363636,0.344444444,0.348314607,0.321428571,0.607594937,0.106382979,0.053763441,0.06741573,0.307692308,0.295454545,0.623529412,0.681818182,0.719512195,0.782608696,0.8,0.923913043,0.720430108,0.67189992
0,0,0,0,1,0,0,0,0,0,0.46,0.933333333,0.931818182,0.642857143,0.861111111,0.375,0.355555556,0.337078652,0.583333333,0.53164557,0.010638298,0.010752688,0.02247191,0.923076923,0.875,0.4,0.420454545,0.5,0.076086957,0.111111111,0.119565217,0.075268817,0.743864729
0,0,0,0,0,0,0,0,1,0,0.64,0.466666667,0.363636364,0.75,0.583333333,0.386363636,0.344444444,0.325842697,0.464285714,0.544303797,0.010638298,0.010752688,0.02247191,0.417582418,0.409090909,0.752941176,0.75,0.768292683,0.532608696,0.6,0.076086957,0.096774194,0.226234045
0,0,0,0,1,0,0,0,0,0,0.32,0.8,0.681818182,0.535714286,0.638888889,0.068181818,0.044444444,0.04494382,0.107142857,0.075949367,0.010638298,0.010752688,0.02247191,0.769230769,0.761363636,0.211764706,0.215909091,0.195121951,0.076086957,0.077777778,0.141304348,0.150537634,0.126569386
0,0,0,0,1,0,0,0,0,0,0.46,0.8,0.659090909,0.714285714,0.416666667,0.159090909,0.133333333,0.123595506,0.083333333,0.075949367,0.042553191,0.021505376,0.02247191,0.604395604,0.659090909,0.129411765,0.045454545,0.109756098,0.043478261,0.055555556,0.065217391,0.086021505,0.369338223
0,0,0,0,0,0,0,1,0,0,0.38,0.466666667,0.609090909,0.607142857,0.361111111,0.147727273,0.122222222,0.112359551,0.178571429,0.189873418,0.010638298,0.010752688,0.02247191,0.417582418,0.397727273,0.694117647,0.670454545,0.780487805,0.260869565,0.422222222,0.108695652,0.11827957,0.218672704
0,0,1,0,0,0,0,0,0,0,0.9,0.333333333,0.131818182,0.607142857,0.527777778,0.704545455,0.7,0.719101124,0.666666667,0.759493671,0.159574468,0.107526882,0.06741573,0.450549451,0.215909091,0.141176471,0.170454545,0.134146341,0.086956522,0.144444444,0.141304348,0.150537634,0.185727237
0,0,0,0,0,0,0,0,0,1,0.86,0.4,0.227272727,0.714285714,0.805555556,0.431818182,0.455555556,0.438202247,0.392857143,0.582278481,0.106382979,0.053763441,0.06741573,0.307692308,0.295454545,0.635294118,0.659090909,0.731707317,0.739130435,0.8,0.086956522,0.139784946,0.432851658
0,0,0,0,0,0,0,1,0,0,0.66,0.6,0.368181818,0.75,0.361111111,0.352272727,0.333333333,0.325842697,0.357142857,0.455696203,0.265957447,0.215053763,0.202247191,0.417582418,0.409090909,0.741176471,0.704545455,0.792682927,0.358695652,0.477777778,0.304347826,0.279569892,0.49296001
1,0,0,0,0,0,0,0,0,0,0.68,0.466666667,0.181818182,0.428571429,0.555555556,0.113636364,0.133333333,0.134831461,0.44047619,0.607594937,0.840425532,0.741935484,0.775280899,0.10989011,0.056818182,0.129411765,0.136363636,0.109756098,0.054347826,0.055555556,0.532608696,0.451612903,0.423626006
0,0,0,0,0,0,0,1,0,0,0.86,0.6,0.386363636,0.821428571,0.722222222,0.454545455,0.444444444,0.426966292,0.607142857,0.683544304,0.010638298,0.010752688,0.02247191,0.417582418,0.409090909,0.847058824,0.840909091,0.951219512,0.608695652,0.633333333,0.141304348,0.150537634,0.517733681
0,1,0,0,0,0,0,0,0,0,0.68,0.266666667,0.313636364,0.535714286,0.444444444,0.5,0.466666667,0.494382022,0.785714286,0.82278481,0.159574468,0.107526882,0.06741573,0.307692308,0.477272727,0.329411765,0.318181818,0.329268293,0.130434783,0.177777778,0.152173913,0.129032258,0.207381896
0,0,0,0,1,0,0,0,0,0,0.2,0.933333333,0.7,0.714285714,0.527777778,0.181818182,0.122222222,0.123595506,0.142857143,0.075949367,0.010638298,0.010752688,0.02247191,0.637362637,0.670454545,0.505882353,0.5,0.43902439,0.054347826,0.055555556,0.152173913,0.075268817,0.417399943
0,0,1,0,0,0,0,0,0,0,0.78,0.533333333,0.25,0.821428571,0.666666667,0.795454545,0.8,0.786516854,0.702380952,0.759493671,0.265957447,0.204301075,0.179775281,0.538461538,0.454545455,0.235294118,0.272727273,0.268292683,0.152173913,0.122222222,0.173913043,0.129032258,0.346016104
0,0,0,0,0,0,1,0,0,0,0.56,0.2,0.031818182,0.571428571,0.527777778,0.147727273,0.133333333,0.123595506,0.083333333,0.075949367,0.29787234,0.150537634,0.123595506,0.142857143,0.125,0.2,0.261363636,0.231707317,0.163043478,0.077777778,0.967391304,0.870967742,0.535583068
0,1,0,0,0,0,0,0,0,0,0.74,0.333333333,0.272727273,0.75,0.555555556,0.602272727,0.588888889,0.561797753,0.833333333,0.873417722,0.053191489,0.053763441,0.06741573,0.604395604,0.522727273,0.494117647,0.511363636,0.524390244,0.086956522,0.2,0.195652174,0.279569892,0.375294202
0,0,0,0,0,0,0,0,1,0,0.62,0.733333333,0.395454545,0.535714286,0.416666667,0.204545455,0.177777778,0.157303371,0.30952381,0.417721519,0.010638298,0.010752688,0.02247191,0.417582418,0.409090909,0.729411765,0.693181818,0.792682927,0.402173913,0.477777778,0.097826087,0.064516129,0.185727237
0,0,0,0,0,0,0,0,0,1,0.82,0.266666667,0.113636364,0.714285714,0.694444444,0.409090909,0.366666667,0.337078652,0.476190476,0.620253165,0.010638298,0.010752688,0.02247191,0.307692308,0.295454545,0.4,0.488636364,0.512195122,0.673913043,0.6,0.130434783,0.129032258,0.417399943
0,1,0,0,0,0,0,0,0,0,0.74,0.4,0.295454545,0.678571429,0.5,0.545454545,0.511111111,0.471910112,0.880952381,0.860759494,0.414893617,0.35483871,0.303370787,0.285714286,0.556818182,0.270588235,0.295454545,0.268292683,0.054347826,0.088888889,0.206521739,0.193548387,0.423626006
0,0,0,1,0,0,0,0,0,0,0.4,0.266666667,0.372727273,0.857142857,0.194444444,0.477272727,0.455555556,0.438202247,0.321428571,0.253164557,0.074468085,0.075268817,0.08988764,0.43956044,0.522727273,0.670588235,0.636363636,0.634146341,0.22826087,0.3,0.239130435,0.129032258,0.234818945
0,0,0,0,0,0,0,1,0,0,0.54,0.733333333,0.668181818,0.678571429,0.388888889,0.125,0.111111111,0.101123596,0.19047619,0.164556962,0.010638298,0.010752688,0.02247191,0.417582418,0.409090909,0.717647059,0.715909091,0.768292683,0.130434783,0.222222222,0.119565217,0.075268817,0.351738453
0,0,0,0,0,0,0,0,0,1,0.76,0.533333333,0.195454545,0.678571429,0.638888889,0.295454545,0.288888889,0.292134831,0.428571429,0.594936709,0.106382979,0.053763441,0.06741573,0.307692308,0.295454545,0.517647059,0.477272727,0.634146341,0.684782609,0.7,0.086956522,0.139784946,0.248091838
0,0,0,0,0,1,0,0,0,0,0.54,0.466666667,0.213636364,0.607142857,0.583333333,0.170454545,0.188888889,0.191011236,0.202380952,0.240506329,0.404255319,0.322580645,0.247191011,0.10989011,0.102272727,0.364705882,0.329545455,0.463414634,0.086956522,0.122222222,0.934782609,0.76344086,0.373156417
0,0,0,0,0,0,0,1,0,0,0.72,0.6,0.409090909,0.642857143,0.277777778,0.113636364,0.1,0.101123596,0.154761905,0.227848101,0.010638298,0.010752688,0.02247191,0.417582418,0.409090909,0.694117647,0.715909091,0.743902439,0.173913043,0.255555556,0.076086957,0.043010753,0.218672704
0,0,0,0,0,0,0,0,1,0,0.8,0.333333333,0.322727273,0.785714286,0.722222222,0.363636364,0.344444444,0.314606742,0.392857143,0.493670886,0.010638298,0.010752688,0.02247191,0.417582418,0.409090909,0.741176471,0.761363636,0.853658537,0.597826087,0.633333333,0.163043478,0.150537634,0.438807637
0,0,0,0,0,0,0,0,0,1,0.78,0.333333333,0.068181818,0.642857143,0.694444444,0.488636364,0.477777778,0.471910112,0.452380952,0.594936709,0.106382979,0.053763441,0.06741573,0.197802198,0.181818182,0.411764706,0.522727273,0.548780488,0.782608696,0.744444444,0.326086957,0.290322581,0.417796953
0,0,0,0,0,1,0,0,0,0,0.46,0.466666667,0.272727273,0.785714286,0.527777778,0.193181818,0.211111111,0.213483146,0.142857143,0.075949367,0.521276596,0.483870968,0.483146067,0.076923077,0.022727273,0.117647059,0,0.073170732,0.086956522,0.222222222,0.956521739,0.870967742,0.612846247
0,0,0,0,0,0,0,1,0,0,0.6,0.733333333,0.459090909,0.678571429,0.388888889,0.193181818,0.177777778,0.157303371,0.202380952,0.240506329,0.010638298,0.010752688,0.02247191,0.417582418,0.409090909,0.858823529,0.806818182,0.87804878,0.282608696,0.388888889,0.119565217,0.086021505,0.456259089
0,0,1,0,0,0,0,0,0,0,0.78,0.533333333,0.231818182,0.607142857,0.805555556,0.931818182,0.944444444,0.921348315,0.773809524,0.898734177,0.319148936,0.247311828,0.191011236,0.571428571,0.409090909,0.294117647,0.284090909,0.256097561,0.108695652,0.211111111,0.163043478,0.150537634,0.772194823
0,0,0,0,0,0,1,0,0,0,0.6,0.4,0.104545455,0.428571429,0.722222222,0.170454545,0.188888889,0.191011236,0.130952381,0.075949367,0.319148936,0.268817204,0.235955056,0.142857143,0.068181818,0.164705882,0.090909091,0.182926829,0.097826087,0.144444444,0.967391304,0.870967742,0.5041273
0,1,0,0,0,0,0,0,0,0,0.82,0.133333333,0.25,0.642857143,0.555555556,0.613636364,0.611111111,0.606741573,0.80952381,0.848101266,0.20212766,0.172043011,0.157303371,0.472527473,0.534090909,0.235294118,0.227272727,0.243902439,0.097826087,0.133333333,0.152173913,0.150537634,0.364848601
0,0,0,0,0,0,0,0,0,1,0.82,0.333333333,0.163636364,0.714285714,0.75,0.465909091,0.433333333,0.404494382,0.476190476,0.632911392,0.010638298,0.010752688,0.02247191,0.307692308,0.295454545,0.482352941,0.568181818,0.585365854,0.717391304,0.733333333,0.195652174,0.204301075,0.203988692
0,0,0,0,0,0,0,0,1,0,0.86,0.8,0.386363636,0.714285714,0.25,0.136363636,0.144444444,0.123595506,0.202380952,0.291139241,0.010638298,0.010752688,0.02247191,0.417582418,0.409090909,0.658823529,0.704545455,0.768292683,0.293478261,0.411111111,0.086956522,0.075268817,0.415801009
0,0,0,0,0,0,0,1,0,0,0.56,0.733333333,0.559090909,0.607142857,0.277777778,0.454545455,0.433333333,0.415730337,0.428571429,0.443037975,0.010638298,0.010752688,0.02247191,0.417582418,0.409090909,0.752941176,0.738636364,0.792682927,0.206521739,0.244444444,0.032608696,0.043010753,0.23892911
0,0,0,0,0,1,0,0,0,0,0.48,0.666666667,0.268181818,0.642857143,0.638888889,0.125,0.144444444,0.146067416,0.238095238,0.253164557,0.308510638,0.268817204,0.202247191,0.098901099,0.011363636,0.164705882,0.204545455,0.219512195,0.086956522,0.033333333,0.934782609,0.709677419,0.416602666
0,0,0,0,0,0,0,1,0,0,0.46,0.533333333,0.590909091,0.214285714,0.305555556,0.238636364,0.233333333,0.224719101,0.214285714,0.189873418,0.010638298,0.010752688,0.02247191,0.417582418,0.409090909,0.8,0.772727273,0.841463415,0.217391304,0.244444444,0.076086957,0.064516129,0.218672704
0,0,0,0,1,0,0,0,0,0,0.36,0.733333333,0.659090909,0.75,0.5,0.068181818,0.044444444,0.04494382,0.142857143,0.075949367,0.031914894,0.021505376,0.02247191,0.604395604,0.681818182,0.235294118,0.113636364,0.134146341,0.076086957,0.055555556,0.086956522,0.086021505,0.423626006
0,1,0,0,0,0,0,0,0,0,0.84,0.466666667,0.272727273,0.785714286,0.916666667,0.659090909,0.633333333,0.629213483,0.928571429,0.962025316,0.35106383,0.301075269,0.280898876,0.56043956,0.534090909,0.305882353,0.295454545,0.292682927,0.054347826,0.144444444,0.184782609,0.107526882,0.602377863
0,0,0,0,0,0,0,0,1,0,0.78,0.6,0.409090909,0.75,0.611111111,0.329545455,0.322222222,0.303370787,0.607142857,0.658227848,0.170212766,0.139784946,0.123595506,0.417582418,0.409090909,0.788235294,0.75,0.792682927,0.456521739,0.511111111,0.184782609,0.161290323,0.437774094
0,0,1,0,0,0,0,0,0,0,0.86,0.4,0.25,0.642857143,0.888888889,0.886363636,0.866666667,0.865168539,0.833333333,0.949367089,0.287234043,0.23655914,0.191011236,0.505494505,0.329545455,0.411764706,0.409090909,0.402439024,0.173913043,0.244444444,0.086956522,0.064516129,0.771318747
0,0,0,0,0,0,0,0,0,1,0.82,0.466666667,0.240909091,0.25,0.694444444,0.465909091,0.422222222,0.393258427,0.369047619,0.544303797,0.106382979,0.053763441,0.06741573,0.307692308,0.295454545,0.741176471,0.772727273,0.829268293,0.75,0.877777778,0.195652174,0.204301075,0.792513327
0,0,0,0,0,0,0,0,0,1,0.84,0.466666667,0.190909091,0.892857143,0.666666667,0.295454545,0.311111111,0.314606742,0.428571429,0.594936709,0.010638298,0.010752688,0.02247191,0.307692308,0.295454545,0.635294118,0.647727273,0.682926829,0.684782609,0.744444444,0.086956522,0.064516129,0.245532102
0,0,1,0,0,0,0,0,0,0,0.82,0.2,0.113636364,0.571428571,0.527777778,0.806818182,0.811111111,0.808988764,0.595238095,0.784810127,0.361702128,0.311827957,0.247191011,0.494505495,0.284090909,0.176470588,0.193181818,0.182926829,0.119565217,0.177777778,0.097826087,0.053763441,0.137798095
0,0,0,0,0,0,0,0,0,1,0.78,0.4,0.168181818,0.714285714,0.638888889,0.375,0.355555556,0.314606742,0.428571429,0.632911392,0.010638298,0.010752688,0.02247191,0.307692308,0.295454545,0.447058824,0.534090909,0.573170732,0.630434783,0.588888889,0.032608696,0.053763441,0.218672704
0,0,1,0,0,0,0,0,0,0,0.86,0.6,0.213636364,0.571428571,0.611111111,0.738636364,0.722222222,0.741573034,0.69047619,0.784810127,0.372340426,0.279569892,0.280898876,0.406593407,0.329545455,0.352941176,0.352272727,0.329268293,0.173913043,0.277777778,0.108695652,0.096774194,0.412960006
0,0,0,0,0,0,0,0,0,1,0.8,0.533333333,0.204545455,0.642857143,0.805555556,0.443181818,0.4,0.382022472,0.5,0.607594937,0.010638298,0.010752688,0.02247191,0.296703297,0.272727273,0.482352941,0.579545455,0.585365854,0.695652174,0.788888889,0.119565217,0.11827957,0.233422751
0,0,0,0,0,0,0,1,0,0,0.16,0.733333333,0.809090909,0.714285714,0.25,0.125,0.122222222,0.112359551,0.226190476,0.164556962,0.010638298,0.010752688,0.02247191,0.417582418,0.409090909,0.764705882,0.715909091,0.780487805,0.076086957,0.077777778,0.086956522,0.086021505,0.417399943
0,0,0,0,1,0,0,0,0,0,0.3,0.6,0.709090909,0.535714286,0.666666667,0.079545455,0.066666667,0.06741573,0.119047619,0.050632911,0.010638298,0.010752688,0.02247191,0.824175824,0.704545455,0.364705882,0.352272727,0.37804878,0.076086957,0.088888889,0.184782609,0.161290323,0.570768905
0,0,0,0,0,0,0,0,0,1,0.78,0.333333333,0.131818182,0.821428571,0.777777778,0.375,0.366666667,0.314606742,0.44047619,0.594936709,0.010638298,0.010752688,0.02247191,0.307692308,0.295454545,0.482352941,0.545454545,0.573170732,0.760869565,0.7,0.119565217,0.096774194,0.218672704
0,1,0,0,0,0,0,0,0,0,0.76,0.266666667,0.218181818,0.785714286,0.555555556,0.602272727,0.566666667,0.539325843,0.845238095,0.873417722,0.212765957,0.161290323,0.123595506,0.21978022,0.568181818,0.129411765,0.181818182,0.268292683,0.108695652,0.144444444,0.195652174,0.204301075,0.233422751
0,0,0,0,1,0,0,0,0,0,0.26,0.8,0.795454545,0.75,0.805555556,0.181818182,0.155555556,0.157303371,0.261904762,0.151898734,0.010638298,0.010752688,0.02247191,0.813186813,0.806818182,0.294117647,0.204545455,0.219512195,0.076086957,0.088888889,0.141304348,0.150537634,0.474824822
1,0,0,0,0,0,0,0,0,0,0.6,0.6,0.240909091,0.714285714,0.361111111,0.079545455,0.1,0.101123596,0.357142857,0.405063291,0.744680851,0.677419355,0.707865169,0.131868132,0.113636364,0.117647059,0.147727273,0.109756098,0.065217391,0.077777778,0.27173913,0.215053763,0.370986842
0,0,0,0,1,0,0,0,0,0,0.48,0.733333333,0.686363636,0.785714286,0.694444444,0.159090909,0.144444444,0.123595506,0.119047619,0.037974684,0.010638298,0.010752688,0.02247191,0.736263736,0.772727273,0.529411765,0.545454545,0.536585366,0.076086957,0.088888889,0.076086957,0.107526882,0.493432947
0,0,0,0,1,0,0,0,0,0,0.12,0.666666667,0.604545455,0.571428571,0.527777778,0.045454545,0.055555556,0.04494382,0.119047619,0.063291139,0.010638298,0.010752688,0.02247191,0.67032967,0.693181818,0.223529412,0.193181818,0.182926829,0.076086957,0.055555556,0.086956522,0.064516129,0.317456732
0,0,0,0,0,0,0,0,1,0,0.72,0.533333333,0.295454545,0.678571429,0.583333333,0.375,0.344444444,0.314606742,0.416666667,0.569620253,0.436170213,0.376344086,0.325842697,0.417582418,0.409090909,0.752941176,0.727272727,0.804878049,0.5,0.577777778,0.152173913,0.139784946,0.420934734
1,0,0,0,0,0,0,0,0,0,0.64,0.6,0.227272727,0.678571429,0.222222222,0.113636364,0.133333333,0.123595506,0.321428571,0.53164557,0.819148936,0.76344086,0.808988764,0.098901099,0.090909091,0.176470588,0.170454545,0.170731707,0.076086957,0.122222222,0.119565217,0.096774194,0.183768802
0,0,0,0,0,0,0,0,0,1,0.86,0.4,0.145454545,0.642857143,0.75,0.488636364,0.444444444,0.415730337,0.452380952,0.658227848,0.010638298,0.010752688,0.02247191,0.307692308,0.295454545,0.623529412,0.590909091,0.719512195,0.913043478,0.922222222,0.25,0.204301075,0.80023853
1,0,0,0,0,0,0,0,0,0,0.66,0.6,0.25,0.892857143,0.611111111,0.147727273,0.166666667,0.157303371,0.476190476,0.569620253,0.882978723,0.838709677,0.93258427,0.054945055,0.068181818,0.094117647,0.181818182,0.146341463,0.076086957,0.088888889,0.163043478,0.161290323,0.885840278
0,0,0,0,1,0,0,0,0,0,0.56,0.733333333,0.727272727,0.785714286,0.833333333,0.170454545,0.133333333,0.134831461,0.226190476,0.151898734,0.010638298,0.010752688,0.02247191,0.879120879,0.943181818,0.258823529,0.204545455,0.243902439,0.076086957,0.066666667,0.086956522,0.064516129,0.361388331
0,0,0,0,0,0,0,1,0,0,0.54,0.8,0.690909091,0.785714286,0.277777778,0.25,0.233333333,0.224719101,0.30952381,0.265822785,0.010638298,0.010752688,0.02247191,0.417582418,0.352272727,0.776470588,0.715909091,0.780487805,0.054347826,0.055555556,0.054347826,0.032258065,0.450353868
0,0,0,0,0,0,0,0,0,1,0.8,0.333333333,0.113636364,0.571428571,0.694444444,0.352272727,0.311111111,0.314606742,0.321428571,0.569620253,0.010638298,0.010752688,0.02247191,0.307692308,0.295454545,0.529411765,0.545454545,0.62195122,0.673913043,0.555555556,0.076086957,0.053763441,0.23892911
0,0,0,0,0,0,0,1,0,0,0.5,0.6,0.640909091,0.75,0.361111111,0.272727273,0.255555556,0.247191011,0.285714286,0.303797468,0.010638298,0.010752688,0.02247191,0.417582418,0.409090909,0.741176471,0.715909091,0.780487805,0.108695652,0.077777778,0.086956522,0.053763441,0.417399943
0,1,0,0,0,0,0,0,0,0,0.8,0.4,0.190909091,0.571428571,0.555555556,0.590909091,0.566666667,0.516853933,0.75,0.810126582,0.393617021,0.322580645,0.292134831,0.230769231,0.352272727,0.235294118,0.261363636,0.268292683,0.076086957,0.122222222,0.119565217,0.096774194,0.229152166
1,0,0,0,0,0,0,0,0,0,0.58,0.666666667,0.295454545,0.642857143,0.388888889,0.068181818,0.088888889,0.078651685,0.380952381,0.430379747,0.85106383,0.806451613,0.842696629,0.098901099,0.056818182,0.105882353,0.113636364,0.073170732,0.054347826,0.077777778,0.510869565,0.376344086,0.432134698
0,0,0,1,0,0,0,0,0,0,0.64,0.6,0.454545455,0.571428571,0.527777778,0.670454545,0.655555556,0.629213483,0.654761905,0.670886076,0.159574468,0.107526882,0.06741573,0.582417582,0.602272727,0.282352941,0.284090909,0.256097561,0.076086957,0.077777778,0.108695652,0.075268817,0.338702895
0,0,0,0,0,0,0,0,0,1,0.74,0.4,0.204545455,0.5,0.694444444,0.352272727,0.355555556,0.337078652,0.369047619,0.556962025,0.106382979,0.053763441,0.06741573,0.307692308,0.295454545,0.576470588,0.602272727,0.670731707,0.652173913,0.711111111,0.141304348,0.150537634,0.189566965
1,0,0,0,0,0,0,0,0,0,0.7,0.6,0.272727273,0.5,0.333333333,0.340909091,0.3,0.247191011,0.654761905,0.708860759,0.819148936,0.752688172,0.797752809,0.142857143,0.170454545,0.235294118,0.238636364,0.243902439,0.141304348,0.2,0.141304348,0.096774194,0.094012471
0,0,1,0,0,0,0,0,0,0,0.74,0.6,0.290909091,0.571428571,0.527777778,0.795454545,0.8,0.786516854,0.654761905,0.721518987,0.106382979,0.053763441,0.06741573,0.516483516,0.340909091,0.388235294,0.397727273,0.402439024,0.195652174,0.255555556,0.086956522,0.139784946,0.410062581
0,0,0,0,0,0,0,0,0,1,0.88,0.533333333,0.113636364,0.535714286,0.666666667,0.431818182,0.388888889,0.370786517,0.404761905,0.607594937,0.106382979,0.053763441,0.02247191,0.296703297,0.215909091,0.458823529,0.545454545,0.56097561,0.739130435,0.744444444,0.141304348,0.11827957,0.173561759
0,0,0,0,1,0,0,0,0,0,0.32,0.8,0.795454545,0.678571429,0.722222222,0.193181818,0.155555556,0.123595506,0.107142857,0.101265823,0.010638298,0.010752688,0.02247191,0.703296703,0.829545455,0.282352941,0.295454545,0.207317073,0.065217391,0.111111111,0.130434783,0.23655914,0.756573936
0,1,0,0,0,0,0,0,0,0,0.78,0.4,0.290909091,0.607142857,0.638888889,0.625,0.588888889,0.550561798,0.928571429,0.936708861,0.265957447,0.215053763,0.123595506,0.483516484,0.625,0.211764706,0.227272727,0.268292683,0.152173913,0.222222222,0.086956522,0.053763441,0.36654844
0,0,0,0,0,0,0,0,0,1,0.76,0.333333333,0.154545455,0.857142857,0.805555556,0.363636364,0.355555556,0.348314607,0.392857143,0.556962025,0.010638298,0.010752688,0.02247191,0.307692308,0.295454545,0.6,0.681818182,0.658536585,0.826086957,0.744444444,0.086956522,0.086021505,0.438807637
0,0,0,0,0,0,0,1,0,0,0.24,0.6,0.654545455,0.678571429,0.194444444,0.090909091,0.077777778,0.056179775,0.154761905,0.139240506,0.010638298,0.010752688,0.02247191,0.450549451,0.420454545,0.764705882,0.715909091,0.719512195,0.141304348,0.188888889,0.108695652,0.086021505,0.207381896
0,0,0,0,0,0,0,0,1,0,0.78,0.6,0.331818182,0.464285714,0.583333333,0.375,0.333333333,0.314606742,0.30952381,0.430379747,0.425531915,0.344086022,0.303370787,0.417582418,0.386363636,0.705882353,0.681818182,0.780487805,0.641304348,0.7,0.141304348,0.150537634,0.410062581
0,0,0,0,0,0,0,0,0,1,0.74,0.4,0.113636364,0.714285714,0.694444444,0.579545455,0.533333333,0.505617978,0.44047619,0.658227848,0.010638298,0.010752688,0.02247191,0.307692308,0.295454545,0.482352941,0.465909091,0.573170732,0.695652174,0.644444444,0.152173913,0.096774194,0.218672704
0,0,0,0,0,0,0,1,0,0,0.3,0.666666667,0.613636364,0.392857143,0.194444444,0.204545455,0.222222222,0.213483146,0.202380952,0.126582278,0.010638298,0.010752688,0.02247191,0.417582418,0.409090909,0.788235294,0.75,0.804878049,0.217391304,0.244444444,0.195652174,0.096774194,0.205695158
0,0,1,0,0,0,0,0,0,0,0.76,0.266666667,0.109090909,0.642857143,0.611111111,0.715909091,0.711111111,0.707865169,0.583333333,0.797468354,0.106382979,0.053763441,0.02247191,0.417582418,0.238636364,0.223529412,0.272727273,0.219512195,0.163043478,0.233333333,0.141304348,0.107526882,0.207381896
0,0,0,0,1,0,0,0,0,0,0.28,0.666666667,0.681818182,0.821428571,0.555555556,0.136363636,0.1,0.08988764,0.119047619,0.17721519,0.010638298,0.010752688,0.02247191,0.692307692,0.636363636,0.305882353,0.295454545,0.243902439,0.076086957,0.144444444,0.184782609,0.172043011,0.126569386
0,0,0,0,0,0,0,0,0,1,0.72,0.4,0.231818182,0.571428571,0.666666667,0.534090909,0.488888889,0.471910112,0.488095238,0.620253165,0.106382979,0.107526882,0.123595506,0.142857143,0.181818182,0.658823529,0.715909091,0.756097561,0.652173913,0.711111111,0.152173913,0.129032258,0.381525806
0,0,0,0,0,0,0,0,0,1,0.88,0.4,0.15,0.535714286,0.666666667,0.352272727,0.355555556,0.348314607,0.345238095,0.53164557,0.010638298,0.010752688,0.02247191,0.307692308,0.295454545,0.411764706,0.545454545,0.56097561,0.641304348,0.611111111,0.032608696,0.053763441,0.31100701
0,0,0,0,0,0,0,0,0,1,0.74,0.466666667,0.2,0.714285714,0.666666667,0.409090909,0.411111111,0.382022472,0.452380952,0.64556962,0.180851064,0.139784946,0.123595506,0.307692308,0.238636364,0.529411765,0.568181818,0.56097561,0.619565217,0.7,0.086956522,0.096774194,0.423626006
0,0,0,0,0,0,0,0,0,1,0.64,0.4,0.172727273,0.714285714,0.583333333,0.465909091,0.455555556,0.438202247,0.44047619,0.556962025,0.010638298,0.010752688,0.02247191,0.307692308,0.238636364,0.611764706,0.534090909,0.682926829,0.673913043,0.633333333,0.130434783,0.11827957,0.371532268
0,0,0,0,0,0,0,1,0,0,0.32,0.6,0.759090909,0.642857143,0.25,0.147727273,0.155555556,0.146067416,0.202380952,0.151898734,0.159574468,0.11827957,0.101123596,0.472527473,0.409090909,0.764705882,0.761363636,0.804878049,0.076086957,0.066666667,0.086956522,0.107526882,0.416602666
0,0,0,0,0,0,0,0,1,0,0.58,0.6,0.372727273,0.75,0.472222222,0.295454545,0.277777778,0.258426966,0.30952381,0.35443038,0.042553191,0.021505376,0.02247191,0.417582418,0.352272727,0.741176471,0.727272727,0.804878049,0.510869565,0.611111111,0.054347826,0.086021505,0.207381896
0,1,0,0,0,0,0,0,0,0,0.84,0.266666667,0.181818182,0.392857143,0.527777778,0.602272727,0.577777778,0.516853933,0.726190476,0.860759494,0.159574468,0.129032258,0.101123596,0.252747253,0.522727273,0.152941176,0.170454545,0.158536585,0.076086957,0.088888889,0.076086957,0.043010753,0.388474796
0,0,0,0,0,0,0,0,0,1,0.76,0.466666667,0.204545455,0.642857143,0.722222222,0.352272727,0.344444444,0.337078652,0.452380952,0.594936709,0.010638298,0.010752688,0.02247191,0.307692308,0.295454545,0.588235294,0.568181818,0.670731707,0.760869565,0.722222222,0.184782609,0.161290323,0.107918342
0,0,0,0,0,0,0,1,0,0,0.5,0.8,0.568181818,0.785714286,0.527777778,0.181818182,0.2,0.202247191,0.154761905,0.215189873,0.010638298,0.010752688,0.02247191,0.417582418,0.409090909,0.858823529,0.829545455,0.87804878,0.206521739,0.288888889,0.076086957,0.172043011,0.60293623
0,0,0,0,0,0,0,1,0,0,0.42,0.533333333,0.672727273,0.428571429,0.361111111,0.113636364,0.1,0.101123596,0.178571429,0.139240506,0.010638298,0.010752688,0.02247191,0.417582418,0.409090909,0.788235294,0.75,0.817073171,0.076086957,0.1,0.108695652,0.064516129,0.401895138
0,0,0,0,0,0,0,0,1,0,0.76,0.466666667,0.363636364,0.75,0.805555556,0.420454545,0.4,0.382022472,0.404761905,0.329113924,0.010638298,0.010752688,0.02247191,0.417582418,0.409090909,0.835294118,0.795454545,0.902439024,0.652173913,0.722222222,0.119565217,0.311827957,0.575687389
0,0,1,0,0,0,0,0,0,0,0.9,0.6,0.181818182,0.5,0.638888889,0.772727273,0.788888889,0.808988764,0.55952381,0.784810127,0.159574468,0.107526882,0.06741573,0.472527473,0.193181818,0.164705882,0.170454545,0.170731707,0.054347826,0.111111111,0.130434783,0.096774194,0.126569386
0,0,0,0,0,0,0,0,0,1,0.84,0.4,0.204545455,0.607142857,0.555555556,0.386363636,0.344444444,0.337078652,0.488095238,0.569620253,0.010638298,0.010752688,0.02247191,0.307692308,0.238636364,0.564705882,0.625,0.658536585,0.641304348,0.622222222,0.141304348,0.139784946,0.318243264
0,0,1,0,0,0,0,0,0,0,0.84,0.533333333,0.218181818,0.785714286,1,1,1,0.966292135,0.714285714,0.936708861,0.393617021,0.333333333,0.303370787,0.626373626,0.420454545,0.235294118,0.227272727,0.207317073,0.108695652,0.211111111,0.163043478,0.150537634,0.883984722
0,0,0,0,0,0,0,0,1,0,0.64,0.533333333,0.340909091,0.821428571,0.638888889,0.25,0.211111111,0.191011236,0.261904762,0.291139241,0.010638298,0.010752688,0.02247191,0.417582418,0.409090909,0.8,0.738636364,0.865853659,0.565217391,0.655555556,0.097826087,0.064516129,0.218672704
0,0,0,0,0,0,0,0,1,0,0.72,0.6,0.354545455,0.714285714,0.416666667,0.25,0.211111111,0.213483146,0.297619048,0.341772152,0.010638298,0.010752688,0.02247191,0.417582418,0.409090909,0.682352941,0.659090909,0.719512195,0.326086957,0.4,0.097826087,0.096774194,0.30252199
0,0,0,0,0,0,0,0,0,1,0.86,0.266666667,0.204545455,0.785714286,0.75,0.375,0.333333333,0.314606742,0.44047619,0.556962025,0.010638298,0.010752688,0.02247191,0.307692308,0.295454545,0.517647059,0.590909091,0.634146341,0.782608696,0.733333333,0.119565217,0.086021505,0.094012471
0,0,0,0,0,0,0,0,1,0,0.72,0.333333333,0.322727273,0.785714286,0.611111111,0.272727273,0.266666667,0.258426966,0.369047619,0.443037975,0.010638298,0.010752688,0.02247191,0.362637363,0.295454545,0.682352941,0.659090909,0.768292683,0.467391304,0.566666667,0.152173913,0.139784946,0.359626927
0,0,0,0,0,0,0,0,1,0,0.88,0.4,0.295454545,0.607142857,0.583333333,0.318181818,0.3,0.292134831,0.416666667,0.594936709,0.180851064,0.129032258,0.08988764,0.362637363,0.295454545,0.694117647,0.727272727,0.829268293,0.652173913,0.588888889,0.108695652,0.064516129,0.423626006
0,0,1,0,0,0,0,0,0,0,0.8,0.4,0.268181818,0.571428571,0.472222222,0.738636364,0.744444444,0.752808989,0.666666667,0.759493671,0.255319149,0.215053763,0.123595506,0.549450549,0.534090909,0.270588235,0.272727273,0.243902439,0.141304348,0.2,0.282608696,0.204301075,0.218672704
0,0,0,0,0,0,0,1,0,0,0.54,0.666666667,0.468181818,0.535714286,0.305555556,0.125,0.1,0.101123596,0.154761905,0.151898734,0.010638298,0.010752688,0.02247191,0.417582418,0.409090909,0.717647059,0.727272727,0.780487805,0.260869565,0.377777778,0.152173913,0.150537634,0.511611054
0,0,0,0,0,0,0,0,0,1,0.82,0.333333333,0.172727273,0.714285714,0.805555556,0.465909091,0.455555556,0.426966292,0.452380952,0.64556962,0.106382979,0.075268817,0.078651685,0.307692308,0.295454545,0.529411765,0.647727273,0.682926829,0.739130435,0.777777778,0.293478261,0.279569892,0.470469238
0,0,0,0,0,0,0,0,0,1,0.8,0.266666667,0.25,0.785714286,0.666666667,0.375,0.333333333,0.314606742,0.464285714,0.607594937,0.010638298,0.010752688,0.02247191,0.098901099,0.034090909,0.635294118,0.681818182,0.719512195,0.608695652,0.633333333,0.108695652,0.172043011,0.401895138
0,0,1,0,0,0,0,0,0,0,0.92,0.4,0.145454545,0.714285714,0.5,0.704545455,0.722222222,0.741573034,0.595238095,0.708860759,0.106382979,0.053763441,0.02247191,0.549450549,0.238636364,0.364705882,0.352272727,0.390243902,0.304347826,0.355555556,0.119565217,0.096774194,0.423626006
0,0,0,0,0,1,0,0,0,0,0.32,0.666666667,0.272727273,0.714285714,0.555555556,0.340909091,0.311111111,0.280898876,0.119047619,0.126582278,0.265957447,0.247311828,0.235955056,0.142857143,0.113636364,0.164705882,0.090909091,0.219512195,0.119565217,0.188888889,0.967391304,0.924731183,0.57555298
0,0,0,1,0,0,0,0,0,0,0.78,0.6,0.363636364,0.642857143,0.75,0.806818182,0.788888889,0.786516854,0.761904762,0.82278481,0.191489362,0.139784946,0.112359551,0.582417582,0.613636364,0.317647059,0.284090909,0.317073171,0.206521739,0.266666667,0.163043478,0.107526882,0.638908128
0,0,0,0,0,0,1,0,0,0,0.38,0.333333333,0.240909091,0.607142857,0.611111111,0.136363636,0.155555556,0.157303371,0.130952381,0.139240506,0.276595745,0.268817204,0.224719101,0.131868132,0.079545455,0.211764706,0.193181818,0.195121951,0.076086957,0.055555556,0.989130435,0.731182796,0.317456732
0,0,1,0,0,0,0,0,0,0,0.8,0.2,0.236363636,0.642857143,0.583333333,0.761363636,0.755555556,0.764044944,0.666666667,0.784810127,0.414893617,0.279569892,0.325842697,0.472527473,0.318181818,0.282352941,0.295454545,0.268292683,0.163043478,0.222222222,0.173913043,0.150537634,0.379478036
0,0,0,0,1,0,0,0,0,0,0.54,0.866666667,0.645454545,0.642857143,0.388888889,0.5,0.477777778,0.449438202,0.452380952,0.506329114,0.308510638,0.279569892,0.224719101,0.637362637,0.693181818,0.235294118,0.215909091,0.158536585,0.054347826,0.044444444,0.086956522,0.053763441,0.423626006
0,0,0,0,0,0,0,0,0,1,0.86,0.6,0.204545455,0.714285714,0.638888889,0.443181818,0.444444444,0.438202247,0.464285714,0.569620253,0.29787234,0.279569892,0.269662921,0.307692308,0.284090909,0.647058824,0.659090909,0.682926829,0.630434783,0.655555556,0.065217391,0.053763441,0.364848601
0,0,0,1,0,0,0,0,0,0,0.62,0.733333333,0.368181818,0.75,0.583333333,0.659090909,0.622222222,0.595505618,0.619047619,0.607594937,0.180851064,0.11827957,0.078651685,0.593406593,0.590909091,0.552941176,0.534090909,0.536585366,0.489130435,0.555555556,0.108695652,0.075268817,0.401895138
0,0,0,0,0,0,0,0,0,1,0.86,0.4,0.136363636,0.785714286,0.833333333,0.556818182,0.511111111,0.483146067,0.55952381,0.746835443,0.010638298,0.010752688,0.02247191,0.307692308,0.295454545,0.576470588,0.636363636,0.670731707,0.913043478,1,0.195652174,0.161290323,0.286858252
1,0,0,0,0,0,0,0,0,0,0.52,0.533333333,0.222727273,0.535714286,0.055555556,0.125,0.144444444,0.134831461,0.321428571,0.392405063,0.776595745,0.688172043,0.741573034,0.098901099,0.090909091,0.152941176,0.170454545,0.146341463,0.076086957,0.122222222,0.152173913,0.150537634,0.210697976
0,0,0,0,1,0,0,0,0,0,0.38,0.733333333,0.677272727,1,0.861111111,0.261363636,0.222222222,0.179775281,0.273809524,0.151898734,0.010638298,0.010752688,0.02247191,0.769230769,0.863636364,0.388235294,0.397727273,0.414634146,0.076086957,0.088888889,0.163043478,0.150537634,0.794025271
0,0,0,0,0,0,0,0,0,1,0.72,0.333333333,0.136363636,0.642857143,0.611111111,0.5,0.477777778,0.449438202,0.404761905,0.569620253,0.244680851,0.204301075,0.168539326,0.307692308,0.295454545,0.529411765,0.534090909,0.62195122,0.597826087,0.655555556,0.130434783,0.064516129,0.185727237
0,0,0,1,0,0,0,0,0,0,0.7,0.866666667,0.472727273,0.75,0.527777778,0.659090909,0.633333333,0.617977528,0.678571429,0.734177215,0.106382979,0.053763441,0.02247191,0.637362637,0.602272727,0.505882353,0.465909091,0.475609756,0.141304348,0.177777778,0.086956522,0.161290323,0.445516921
0,0,0,0,0,0,0,0,0,1,0.88,0.4,0.136363636,0.357142857,0.694444444,0.568181818,0.522222222,0.505617978,0.547619048,0.708860759,0.223404255,0.172043011,0.157303371,0.197802198,0.181818182,0.529411765,0.568181818,0.62195122,0.793478261,0.722222222,0.141304348,0.139784946,0.593378731
0,0,0,1,0,0,0,0,0,0,0.72,0.533333333,0.372727273,0.785714286,0.583333333,0.681818182,0.666666667,0.662921348,0.69047619,0.746835443,0.106382979,0.053763441,0.011235955,0.571428571,0.579545455,0.329411765,0.329545455,0.317073171,0.065217391,0.133333333,0.141304348,0.11827957,0.410062581
0,0,0,1,0,0,0,0,0,0,0.66,0.733333333,0.454545455,0.571428571,0.472222222,0.647727273,0.633333333,0.606741573,0.666666667,0.670886076,0.106382979,0.053763441,0.02247191,0.538461538,0.534090909,0.176470588,0.204545455,0.182926829,0.054347826,0.033333333,0.130434783,0.086021505,0.417399943
0,0,1,0,0,0,0,0,0,0,0.82,0.466666667,0.25,0.964285714,0.944444444,0.977272727,0.977777778,0.97752809,0.75,0.911392405,0.106382979,0.053763441,0.02247191,0.450549451,0.329545455,0.435294118,0.431818182,0.353658537,0.141304348,0.188888889,0.195652174,0.258064516,0.898178171
0,0,0,0,0,0,0,0,0,1,0.78,0.333333333,0.177272727,0.75,0.694444444,0.375,0.333333333,0.314606742,0.369047619,0.569620253,0.010638298,0.010752688,0.02247191,0.087912088,0.011363636,0.529411765,0.522727273,0.646341463,0.663043478,0.688888889,0.119565217,0.11827957,0.381525806
0,0,0,1,0,0,0,0,0,0,0.7,0.666666667,0.363636364,0.714285714,0.555555556,0.647727273,0.622222222,0.606741573,0.678571429,0.683544304,0.585106383,0.548387097,0.516853933,0.659340659,0.590909091,0.388235294,0.340909091,0.353658537,0.076086957,0.144444444,0.434782609,0.258064516,0.423626006
0,0,0,0,0,0,0,0,1,0,0.76,0.666666667,0.363636364,0.785714286,0.361111111,0.170454545,0.155555556,0.146067416,0.202380952,0.278481013,0.010638298,0.010752688,0.02247191,0.417582418,0.409090909,0.705882353,0.704545455,0.768292683,0.163043478,0.255555556,0.27173913,0.225806452,0.437774094
0,0,0,0,0,0,0,0,0,1,0.98,0.666666667,0.227272727,0.678571429,0.805555556,0.579545455,0.577777778,0.573033708,0.464285714,0.582278481,0.106382979,0.053763441,0.02247191,0.307692308,0.295454545,0.517647059,0.556818182,0.597560976,0.695652174,0.866666667,0.184782609,0.129032258,0.415398523
0,0,0,0,0,0,0,0,1,0,0.66,0.533333333,0.422727273,0.642857143,0.666666667,0.431818182,0.388888889,0.348314607,0.619047619,0.721518987,0.010638298,0.010752688,0.02247191,0.417582418,0.409090909,0.788235294,0.727272727,0.792682927,0.510869565,0.566666667,0.086956522,0.139784946,0.423626006
0,0,0,0,0,0,0,1,0,0,0.5,0.6,0.45,0.535714286,0.5,0.272727273,0.266666667,0.247191011,0.285714286,0.367088608,0.010638298,0.010752688,0.02247191,0.417582418,0.409090909,0.788235294,0.784090909,0.817073171,0.293478261,0.433333333,0.173913043,0.096774194,0.294439241
0,0,1,0,0,0,0,0,0,0,0.78,0.733333333,0.290909091,0.714285714,0.5,0.727272727,0.722222222,0.707865169,0.630952381,0.708860759,0.159574468,0.107526882,0.06741573,0.417582418,0.227272727,0.235294118,0.238636364,0.182926829,0.065217391,0.122222222,0.076086957,0.11827957,0.410062581
0,0,0,1,0,0,0,0,0,0,0.3,0.666666667,0.331818182,0.785714286,0.222222222,0.477272727,0.444444444,0.426966292,0.357142857,0.202531646,0.053191489,0.053763441,0.06741573,0.472527473,0.534090909,0.623529412,0.602272727,0.597560976,0.108695652,0.144444444,0.239130435,0.129032258,0.094012471
0,0,0,0,0,0,0,0,0,1,0.86,0.533333333,0.163636364,0.642857143,0.777777778,0.386363636,0.344444444,0.337078652,0.488095238,0.620253165,0.010638298,0.010752688,0.02247191,0.197802198,0.181818182,0.552941176,0.590909091,0.646341463,0.804347826,0.844444444,0.032608696,0.043010753,0.62569744
0,1,0,0,0,0,0,0,0,0,0.72,0.466666667,0.368181818,0.607142857,0.388888889,0.5,0.488888889,0.471910112,0.630952381,0.683544304,0.010638298,0.010752688,0.02247191,0.483516484,0.465909091,0.635294118,0.659090909,0.682926829,0.217391304,0.255555556,0.097826087,0.096774194,0.423626006
0,0,0,0,0,0,0,0,0,1,0.82,0.4,0.113636364,0.75,0.638888889,0.488636364,0.488888889,0.471910112,0.476190476,0.658227848,0.010638298,0.010752688,0.02247191,0.307692308,0.295454545,0.411764706,0.5,0.548780488,0.684782609,0.611111111,0.152173913,0.096774194,0.185727237
0,0,1,0,0,0,0,0,0,0,0.74,0.266666667,0.113636364,0.607142857,0.75,0.909090909,0.888888889,0.865168539,0.595238095,0.784810127,0.382978723,0.333333333,0.269662921,0.406593407,0.295454545,0.435294118,0.431818182,0.426829268,0.326086957,0.355555556,0.380434783,0.301075269,0.64175465
0,0,0,0,0,0,0,0,1,0,0.8,0.466666667,0.340909091,0.75,0.861111111,0.329545455,0.288888889,0.292134831,0.261904762,0.341772152,0.010638298,0.010752688,0.02247191,0.417582418,0.409090909,0.835294118,0.784090909,0.890243902,0.652173913,0.722222222,0.108695652,0.086021505,0.632224461
0,0,0,0,0,0,0,0,0,1,0.78,0.533333333,0.145454545,0.357142857,0.638888889,0.375,0.355555556,0.337078652,0.44047619,0.632911392,0.106382979,0.053763441,0.02247191,0.274725275,0.238636364,0.541176471,0.613636364,0.634146341,0.684782609,0.7,0.141304348,0.086021505,0.229152166
0,0,1,0,0,0,0,0,0,0,0.9,0.333333333,0.190909091,0.75,0.583333333,0.818181818,0.811111111,0.820224719,0.761904762,0.835443038,0.35106383,0.247311828,0.213483146,0.505494505,0.215909091,0.305882353,0.318181818,0.292682927,0.119565217,0.144444444,0.108695652,0.064516129,0.50652096
0,0,0,0,1,0,0,0,0,0,0.34,0.666666667,0.663636364,0.714285714,0.666666667,0.125,0.088888889,0.08988764,0.142857143,0.151898734,0.010638298,0.010752688,0.02247191,0.813186813,0.75,0.223529412,0.215909091,0.195121951,0.076086957,0.088888889,0.141304348,0.161290323,0.169270238
0,0,0,0,0,0,0,1,0,0,0.42,0.6,0.618181818,0.821428571,0.333333333,0.204545455,0.188888889,0.191011236,0.178571429,0.189873418,0.031914894,0.021505376,0.02247191,0.417582418,0.409090909,0.729411765,0.715909091,0.695121951,0.184782609,0.255555556,0.032608696,0.032258065,0.423626006
0,0,0,0,0,0,0,1,0,0,0.4,0.733333333,0.577272727,0.714285714,0.138888889,0.090909091,0.066666667,0.06741573,0.178571429,0.164556962,0.031914894,0.021505376,0.02247191,0.417582418,0.409090909,0.729411765,0.681818182,0.719512195,0.119565217,0.111111111,0.163043478,0.086021505,0.30252199
0,0,0,0,1,0,0,0,0,0,0.44,0.8,0.636363636,0.571428571,0.416666667,0.170454545,0.155555556,0.146067416,0.047619048,0.037974684,0.010638298,0.010752688,0.02247191,0.659340659,0.602272727,0.235294118,0.204545455,0.231707317,0.076086957,0.055555556,0.141304348,0.161290323,0.245532102
0,0,1,0,0,0,0,0,0,0,0.86,0.4,0.090909091,0.535714286,0.472222222,0.75,0.755555556,0.775280899,0.607142857,0.746835443,0.180851064,0.107526882,0.06741573,0.351648352,0.272727273,0.164705882,0.204545455,0.182926829,0.217391304,0.255555556,0.130434783,0.11827957,0.207381896
0,1,0,0,0,0,0,0,0,0,0.88,0.333333333,0.2,0.785714286,0.666666667,0.625,0.588888889,0.561797753,0.80952381,0.810126582,0.212765957,0.161290323,0.123595506,0.428571429,0.375,0.223529412,0.227272727,0.243902439,0.065217391,0.122222222,0.163043478,0.11827957,0.417399943
0,0,0,0,0,1,0,0,0,0,0.44,0.466666667,0.231818182,0.785714286,0.611111111,0.193181818,0.211111111,0.213483146,0.130952381,0.088607595,0.106382979,0.107526882,0.123595506,0.197802198,0.125,0.082352941,0.147727273,0.195121951,0.054347826,0.2,0.945652174,0.806451613,0.447470984
0,0,1,0,0,0,0,0,0,0,0.82,0.466666667,0.136363636,0.5,0.611111111,0.727272727,0.733333333,0.730337079,0.535714286,0.658227848,0.053191489,0.053763441,0.06741573,0.32967033,0.159090909,0.2,0.238636364,0.207317073,0.108695652,0.144444444,0.184782609,0.193548387,0.207381896
0,0,0,0,1,0,0,0,0,0,0.4,0.666666667,0.645454545,0.821428571,0.861111111,0.102272727,0.088888889,0.078651685,0.095238095,0.037974684,0.010638298,0.010752688,0.02247191,0.945054945,0.875,0.270588235,0.204545455,0.256097561,0.02173913,0.044444444,0.076086957,0.053763441,0.435684781
0,0,0,0,0,0,0,0,1,0,0.7,0.533333333,0.318181818,0.785714286,0.527777778,0.261363636,0.222222222,0.202247191,0.30952381,0.379746835,0.010638298,0.010752688,0.02247191,0.406593407,0.375,0.717647059,0.681818182,0.768292683,0.597826087,0.566666667,0.25,0.215053763,0.410062581
1,0,0,0,0,0,0,0,0,0,0.58,0.533333333,0.222727273,0.821428571,0.444444444,0.238636364,0.188888889,0.179775281,0.416666667,0.493670886,0.755319149,0.677419355,0.707865169,0.043956044,0.022727273,0.129411765,0.181818182,0.134146341,0.054347826,0.066666667,0.565217391,0.440860215,0.185727237
0,0,0,0,0,0,0,0,1,0,0.62,0.466666667,0.495454545,0.642857143,0.166666667,0.136363636,0.122222222,0.112359551,0.202380952,0.088607595,0.021276596,0.010752688,0.011235955,0.362637363,0.295454545,0.694117647,0.670454545,0.731707317,0.260869565,0.311111111,0.315217391,0.268817204,0.318243264
0,0,0,0,1,0,0,0,0,0,0.24,0.6,0.704545455,0.464285714,0.555555556,0.056818182,0.022222222,0.02247191,0.238095238,0.202531646,0.010638298,0.010752688,0.02247191,0.736263736,0.693181818,0.376470588,0.306818182,0.317073171,0.065217391,0.022222222,0.086956522,0.23655914,0.240273831
0,0,0,0,1,0,0,0,0,0,0.28,0.733333333,0.695454545,0.5,0.638888889,0.159090909,0.122222222,0.123595506,0.083333333,0.050632911,0.010638298,0.010752688,0.02247191,0.725274725,0.727272727,0.235294118,0.204545455,0.219512195,0.076086957,0.066666667,0.086956522,0.064516129,0.129458613
0,0,0,0,1,0,0,0,0,0,0.02,0.733333333,0.681818182,0.678571429,0.638888889,0.204545455,0.166666667,0.168539326,0.226190476,0.139240506,0.010638298,0.010752688,0.02247191,0.681318681,0.806818182,0.352941176,0.272727273,0.256097561,0.086956522,0.088888889,0.163043478,0.161290323,0.511611054
0,0,0,0,0,0,0,0,1,0,0.62,0.4,0.345454545,0.464285714,0.527777778,0.409090909,0.4,0.348314607,0.476190476,0.430379747,0.010638298,0.010752688,0.02247191,0.483516484,0.454545455,0.741176471,0.715909091,0.817073171,0.489130435,0.588888889,0.141304348,0.150537634,0.218672704
0,0,0,0,0,0,0,0,1,0,0.72,0.6,0.363636364,0.464285714,0.583333333,0.329545455,0.311111111,0.280898876,0.226190476,0.417721519,0.010638298,0.010752688,0.02247191,0.417582418,0.409090909,0.694117647,0.681818182,0.768292683,0.358695652,0.455555556,0.141304348,0.150537634,0.223256366
0,0,0,0,0,1,0,0,0,0,0.22,0.4,0.431818182,0.785714286,0.583333333,0.227272727,0.244444444,0.247191011,0.285714286,0.101265823,0.446808511,0.35483871,0.393258427,0.153846154,0.079545455,0.176470588,0.125,0.219512195,0.076086957,0.055555556,0.913043478,0.741935484,0.410062581
0,0,1,0,0,0,0,0,0,0,0.8,0.4,0.159090909,0.714285714,0.805555556,0.931818182,0.933333333,0.91011236,0.666666667,0.797468354,0.159574468,0.107526882,0.06741573,0.43956044,0.238636364,0.282352941,0.284090909,0.256097561,0.076086957,0.133333333,0.141304348,0.086021505,0.410062581
0,0,0,0,1,0,0,0,0,0,0.42,0.6,0.640909091,0.857142857,0.472222222,0.420454545,0.422222222,0.404494382,0.452380952,0.430379747,0.021276596,0.010752688,0.011235955,0.637362637,0.613636364,0.141176471,0.181818182,0.146341463,0.010869565,0.033333333,0.543478261,0.494623656,0.207381896
0,0,1,0,0,0,0,0,0,0,0.86,0.2,0.068181818,0.571428571,0.555555556,0.75,0.766666667,0.786516854,0.535714286,0.696202532,0.127659574,0.107526882,0.078651685,0.32967033,0.227272727,0.164705882,0.227272727,0.207317073,0.119565217,0.188888889,0.173913043,0.172043011,0.218672704
0,0,0,0,0,0,0,0,1,0,0.76,0.466666667,0.327272727,0.892857143,0.972222222,0.352272727,0.355555556,0.359550562,0.369047619,0.379746835,0.053191489,0.032258065,0.02247191,0.417582418,0.409090909,0.905882353,0.863636364,1,0.75,0.811111111,0.076086957,0.172043011,0.818860743
0,0,0,0,0,0,0,0,1,0,0.74,0.4,0.331818182,0.678571429,0.638888889,0.352272727,0.277777778,0.247191011,0.488095238,0.544303797,0.35106383,0.301075269,0.258426966,0.417582418,0.409090909,0.682352941,0.693181818,0.780487805,0.554347826,0.633333333,0.130434783,0.139784946,0.417001849
0,0,1,0,0,0,0,0,0,0,0.84,0.266666667,0.072727273,0.607142857,0.555555556,0.738636364,0.733333333,0.730337079,0.571428571,0.708860759,0.244680851,0.193548387,0.123595506,0.428571429,0.352272727,0.188235294,0.227272727,0.182926829,0.086956522,0.2,0.108695652,0.107526882,0.220216647
0,1,0,0,0,0,0,0,0,0,0.76,0.533333333,0.259090909,0.607142857,0.444444444,0.590909091,0.555555556,0.516853933,0.797619048,0.784810127,0.20212766,0.172043011,0.134831461,0.351648352,0.352272727,0.305882353,0.295454545,0.280487805,0.097826087,0.088888889,0.141304348,0.107526882,0.218672704
0,0,1,0,0,0,0,0,0,0,0.78,0.533333333,0.190909091,0.5,0.527777778,0.738636364,0.755555556,0.741573034,0.630952381,0.759493671,0.180851064,0.150537634,0.123595506,0.549450549,0.318181818,0.4,0.397727273,0.37804878,0.163043478,0.2,0.119565217,0.096774194,0.218672704
0,0,0,0,0,0,0,0,1,0,0.64,0.6,0.372727273,0.714285714,0.5,0.386363636,0.355555556,0.303370787,0.476190476,0.632911392,0.212765957,0.172043011,0.146067416,0.417582418,0.443181818,0.729411765,0.704545455,0.792682927,0.52173913,0.6,0.097826087,0.150537634,0.229152166
0,0,0,0,0,0,0,0,0,1,0.84,0.266666667,0.159090909,0.75,0.861111111,0.590909091,0.544444444,0.528089888,0.511904762,0.696202532,0.106382979,0.053763441,0.06741573,0.307692308,0.295454545,0.705882353,0.75,0.829268293,0.826086957,0.866666667,0.141304348,0.150537634,0.763336514
0,0,0,0,0,0,0,1,0,0,0.64,0.6,0.445454545,0.607142857,0.277777778,0.147727273,0.133333333,0.112359551,0.142857143,0.379746835,0.010638298,0.010752688,0.02247191,0.417582418,0.409090909,0.729411765,0.704545455,0.768292683,0.304347826,0.433333333,0.086956522,0.193548387,0.218672704
0,0,0,0,0,0,0,0,0,1,0.84,0.333333333,0.181818182,0.607142857,0.75,0.5,0.5,0.494382022,0.416666667,0.607594937,0.095744681,0.075268817,0.06741573,0.307692308,0.295454545,0.682352941,0.670454545,0.817073171,0.739130435,0.744444444,0.119565217,0.11827957,0.410062581
0,0,0,0,1,0,0,0,0,0,0.3,0.733333333,0.772727273,0.892857143,0.75,0.045454545,0.066666667,0.06741573,0.19047619,0.063291139,0.010638298,0.010752688,0.02247191,0.923076923,0.886363636,0.247058824,0.25,0.256097561,0.043478261,0.033333333,0.152173913,0.096774194,0.833479956
0,1,0,0,0,0,0,0,0,0,0.74,0.4,0.25,0.321428571,0.527777778,0.602272727,0.566666667,0.528089888,0.833333333,0.848101266,0.308510638,0.268817204,0.247191011,0.483516484,0.511363636,0.270588235,0.272727273,0.256097561,0.076086957,0.111111111,0.173913043,0.107526882,0.401895138
0,0,0,0,0,0,0,0,0,1,0.68,0.533333333,0.181818182,0.75,0.583333333,0.5,0.488888889,0.483146067,0.488095238,0.64556962,0.276595745,0.204301075,0.191011236,0.307692308,0.238636364,0.552941176,0.545454545,0.634146341,0.673913043,0.611111111,0.076086957,0.053763441,0.367110681
0,0,0,0,0,0,0,0,0,1,0.94,0.333333333,0.159090909,0.714285714,0.666666667,0.420454545,0.4,0.382022472,0.464285714,0.607594937,0.191489362,0.172043011,0.179775281,0.307692308,0.25,0.388235294,0.477272727,0.512195122,0.717391304,0.666666667,0.076086957,0.086021505,0.423626006
0,0,1,0,0,0,0,0,0,0,0.8,0.666666667,0.25,0.678571429,0.611111111,0.772727273,0.788888889,0.775280899,0.726190476,0.82278481,0.159574468,0.107526882,0.06741573,0.494505495,0.295454545,0.247058824,0.261363636,0.243902439,0.086956522,0.133333333,0.163043478,0.129032258,0.487899345
0,0,0,0,0,0,1,0,0,0,0.56,0.466666667,0.209090909,0.714285714,0.472222222,0.068181818,0.077777778,0.06741573,0.119047619,0.139240506,0.265957447,0.204301075,0.179775281,0.087912088,0.079545455,0.105882353,0.056818182,0.085365854,0.054347826,0.033333333,0.97826087,0.720430108,0.417399943
0,0,0,0,0,0,0,0,0,1,0.82,0.333333333,0.181818182,0.75,0.722222222,0.488636364,0.433333333,0.404494382,0.571428571,0.683544304,0.010638298,0.010752688,0.02247191,0.307692308,0.409090909,0.6,0.636363636,0.707317073,0.641304348,0.7,0.119565217,0.086021505,0.513680609
0,0,0,0,0,0,0,0,1,0,0.76,0.4,0.318181818,0.75,0.5,0.284090909,0.244444444,0.247191011,0.380952381,0.455696203,0.010638298,0.010752688,0.02247191,0.417582418,0.409090909,0.752941176,0.704545455,0.792682927,0.554347826,0.611111111,0.119565217,0.064516129,0.23892911
0,0,0,0,1,0,0,0,0,0,0.08,0.733333333,0.677272727,0.714285714,0.666666667,0.238636364,0.244444444,0.224719101,0.19047619,0.189873418,0.010638298,0.010752688,0.02247191,0.681318681,0.659090909,0.435294118,0.420454545,0.43902439,0.108695652,0.144444444,0.163043478,0.161290323,0.218672704
0,0,0,1,0,0,0,0,0,0,0.56,0.8,0.418181818,0.357142857,0.583333333,0.693181818,0.677777778,0.662921348,0.678571429,0.772151899,0.106382979,0.053763441,0.02247191,0.626373626,0.625,0.341176471,0.329545455,0.256097561,0.054347826,0.2,0.163043478,0.161290323,0.233422751
1,0,0,0,0,0,0,0,0,0,0.78,0.733333333,0.318181818,0.535714286,0.555555556,0.170454545,0.188888889,0.179775281,0.571428571,0.64556962,0.904255319,0.849462366,0.876404494,0.087912088,0.068181818,0.152941176,0.193181818,0.170731707,0.086956522,0.122222222,0.576086957,0.47311828,0.865208146
0,0,0,0,1,0,0,0,0,0,0.26,0.533333333,0.636363636,0.714285714,0.583333333,0.079545455,0.077777778,0.078651685,0.178571429,0.050632911,0.010638298,0.010752688,0.02247191,0.626373626,0.647727273,0.329411765,0.295454545,0.292682927,0.097826087,0.077777778,0.184782609,0.150537634,0.198746168
0,0,0,0,0,0,0,0,0,1,0.86,0.2,0.113636364,0.535714286,0.694444444,0.375,0.333333333,0.337078652,0.404761905,0.620253165,0.106382979,0.053763441,0.06741573,0.307692308,0.295454545,0.529411765,0.613636364,0.658536585,0.673913043,0.7,0.141304348,0.096774194,0.372075662
0,0,0,0,0,0,0,0,1,0,0.74,0.466666667,0.304545455,0.678571429,0.555555556,0.340909091,0.3,0.280898876,0.273809524,0.367088608,0.010638298,0.010752688,0.02247191,0.417582418,0.409090909,0.705882353,0.704545455,0.780487805,0.532608696,0.566666667,0.130434783,0.139784946,0.38304299
0,0,0,0,0,0,0,0,1,0,0.66,0.666666667,0.431818182,0.642857143,0.555555556,0.386363636,0.388888889,0.370786517,0.392857143,0.417721519,0.031914894,0.010752688,0.011235955,0.417582418,0.409090909,0.764705882,0.715909091,0.731707317,0.456521739,0.511111111,0.141304348,0.150537634,0.417399943
0,0,0,0,1,0,0,0,0,0,0.32,0.6,0.772727273,0.464285714,0.305555556,0.045454545,0.044444444,0.04494382,0.071428571,0.025316456,0.010638298,0.010752688,0.02247191,0.703296703,0.625,0.341176471,0.306818182,0.280487805,0.054347826,0.033333333,0.065217391,0.075268817,0.416602666
0,0,0,0,0,0,0,0,0,1,0.9,0.4,0.090909091,0.642857143,0.722222222,0.613636364,0.588888889,0.573033708,0.535714286,0.696202532,0.106382979,0.075268817,0.06741573,0.307692308,0.295454545,0.364705882,0.465909091,0.5,0.760869565,0.755555556,0.043478261,0.064516129,0.486915184
0,0,0,0,0,0,0,0,1,0,0.72,0.6,0.372727273,0.642857143,0.666666667,0.272727273,0.255555556,0.258426966,0.321428571,0.303797468,0.010638298,0.010752688,0.02247191,0.417582418,0.409090909,0.823529412,0.795454545,0.890243902,0.641304348,0.688888889,0.141304348,0.150537634,0.437080975
0,0,0,0,0,0,0,0,0,1,0.84,0.266666667,0.159090909,0.464285714,0.722222222,0.613636364,0.6,0.584269663,0.428571429,0.632911392,0.010638298,0.010752688,0.02247191,0.307692308,0.295454545,0.482352941,0.568181818,0.597560976,0.706521739,0.688888889,0.097826087,0.086021505,0.463392137
0,0,0,1,0,0,0,0,0,0,0.74,0.8,0.413636364,0.428571429,0.611111111,0.681818182,0.666666667,0.640449438,0.738095238,0.784810127,0.138297872,0.107526882,0.056179775,0.593406593,0.568181818,0.294117647,0.318181818,0.304878049,0.108695652,0.144444444,0.184782609,0.11827957,0.162586571
0,0,0,0,1,0,0,0,0,0,0.22,0.666666667,0.640909091,0.785714286,0.388888889,0.045454545,0.055555556,0.04494382,0.178571429,0.075949367,0.010638298,0.010752688,0.02247191,0.681318681,0.625,0.188235294,0.193181818,0.146341463,0.076086957,0.055555556,0.032608696,0.053763441,0.185727237
0,0,0,0,0,0,1,0,0,0,0.48,0.4,0.209090909,0.535714286,0.694444444,0.125,0.144444444,0.146067416,0.19047619,0.189873418,0.340425532,0.301075269,0.258426966,0.186813187,0.079545455,0.164705882,0.079545455,0.146341463,0.076086957,0.055555556,0.956521739,0.731182796,0.094012471
0,0,0,1,0,0,0,0,0,0,0.4,0.666666667,0.35,0.75,0.361111111,0.443181818,0.422222222,0.404494382,0.345238095,0.253164557,0.20212766,0.182795699,0.157303371,0.472527473,0.534090909,0.447058824,0.465909091,0.524390244,0.108695652,0.144444444,0.239130435,0.129032258,0.410062581
1,0,0,0,0,0,0,0,0,0,0.42,0.533333333,0.336363636,0.571428571,0.305555556,0.215909091,0.188888889,0.179775281,0.404761905,0.569620253,0.787234043,0.731182796,0.797752809,0.087912088,0.113636364,0.188235294,0.238636364,0.195121951,0.108695652,0.144444444,0.456521739,0.462365591,0.220216647
0,0,1,0,0,0,0,0,0,0,0.82,0.466666667,0.181818182,0.678571429,0.666666667,0.818181818,0.811111111,0.808988764,0.571428571,0.759493671,0.287234043,0.23655914,0.202247191,0.318681319,0.363636364,0.282352941,0.295454545,0.268292683,0.119565217,0.177777778,0.119565217,0.086021505,0.414994923
0,0,0,0,0,0,0,0,0,1,0.82,0.466666667,0.131818182,0.714285714,0.638888889,0.340909091,0.322222222,0.325842697,0.428571429,0.620253165,0.010638298,0.010752688,0.02247191,0.307692308,0.238636364,0.458823529,0.488636364,0.56097561,0.663043478,0.677777778,0.130434783,0.107526882,0.423626006
0,0,0,0,0,0,0,0,0,1,0.74,0.4,0.181818182,0.75,0.75,0.488636364,0.466666667,0.460674157,0.369047619,0.607594937,0.010638298,0.010752688,0.02247191,0.307692308,0.295454545,0.670588235,0.602272727,0.768292683,0.684782609,0.633333333,0.032608696,0.053763441,0.410062581
0,0,0,0,0,0,0,0,1,0,0.72,0.6,0.295454545,0.642857143,0.5,0.431818182,0.411111111,0.382022472,0.416666667,0.518987342,0.106382979,0.053763441,0.06741573,0.417582418,0.409090909,0.729411765,0.715909091,0.780487805,0.597826087,0.655555556,0.086956522,0.139784946,0.401895138
0,0,0,0,0,0,0,1,0,0,0.5,0.666666667,0.545454545,0.75,0.305555556,0.159090909,0.144444444,0.123595506,0.178571429,0.164556962,0.127659574,0.075268817,0.056179775,0.417582418,0.409090909,0.776470588,0.738636364,0.804878049,0.195652174,0.3,0.163043478,0.161290323,0.229152166
0,0,0,0,0,0,0,1,0,0,0.22,0.533333333,0.568181818,0.642857143,0.138888889,0.113636364,0.111111111,0.112359551,0.178571429,0.139240506,0.010638298,0.010752688,0.02247191,0.417582418,0.409090909,0.741176471,0.715909091,0.780487805,0.152173913,0.2,0.086956522,0.053763441,0.30252199
0,1,0,0,0,0,0,0,0,0,0.78,0.333333333,0.245454545,0.642857143,0.527777778,0.511363636,0.488888889,0.449438202,0.80952381,0.797468354,0.170212766,0.107526882,0.08988764,0.417582418,0.477272727,0.223529412,0.227272727,0.243902439,0.119565217,0.155555556,0.130434783,0.129032258,0.37261704
0,0,1,0,0,0,0,0,0,0,0.84,0.133333333,0.045454545,0.678571429,0.555555556,0.738636364,0.744444444,0.752808989,0.642857143,0.784810127,0.20212766,0.107526882,0.06741573,0.494505495,0.238636364,0.317647059,0.340909091,0.37804878,0.293478261,0.377777778,0.152173913,0.129032258,0.423626006
0,0,0,0,0,0,0,0,0,1,0.78,0.4,0.145454545,0.75,0.694444444,0.409090909,0.388888889,0.382022472,0.380952381,0.620253165,0.106382979,0.053763441,0.02247191,0.296703297,0.215909091,0.435294118,0.511363636,0.548780488,0.652173913,0.722222222,0.141304348,0.11827957,0.423626006
0,0,0,0,1,0,0,0,0,0,0.3,0.733333333,0.740909091,0.607142857,0.527777778,0.409090909,0.366666667,0.337078652,0.321428571,0.303797468,0.106382979,0.086021505,0.078651685,0.615384615,0.738636364,0.2,0.147727273,0.146341463,0.032608696,0.022222222,0.054347826,0.053763441,0.423626006
0,0,0,0,0,0,0,1,0,0,0.2,0.666666667,0.7,0.857142857,0.472222222,0.113636364,0.1,0.078651685,0.142857143,0.139240506,0.010638298,0.010752688,0.02247191,0.417582418,0.409090909,0.8,0.772727273,0.829268293,0.184782609,0.244444444,0.108695652,0.11827957,0.466264301
1,0,0,0,0,0,0,0,0,0,0.44,0.6,0.272727273,0.392857143,0.166666667,0.193181818,0.211111111,0.213483146,0.404761905,0.544303797,0.787234043,0.731182796,0.797752809,0.076923077,0.136363636,0.211764706,0.227272727,0.231707317,0.02173913,0,0.141304348,0.096774194,0.218672704
1,0,0,0,0,0,0,0,0,0,0.46,0.533333333,0.295454545,0.464285714,0.666666667,0.170454545,0.188888889,0.179775281,0.476190476,0.556962025,0.893617021,0.870967742,0.853932584,0.208791209,0.011363636,0.070588235,0.193181818,0.158536585,0.130434783,0.133333333,0.141304348,0.043010753,0.852277838
0,0,0,1,0,0,0,0,0,0,0.28,0.533333333,0.404545455,0.785714286,0.388888889,0.522727273,0.511111111,0.483146067,0.25,0.151898734,0.053191489,0.053763441,0.06741573,0.472527473,0.568181818,0.447058824,0.375,0.390243902,0.184782609,0.133333333,0.043478261,0.086021505,0.343398971
0,0,0,0,1,0,0,0,0,0,0.5,0.733333333,0.636363636,0.678571429,0.527777778,0.125,0.111111111,0.078651685,0.083333333,0.063291139,0.010638298,0.010752688,0.02247191,0.714285714,0.647727273,0.282352941,0.272727273,0.243902439,0.054347826,0.033333333,0.108695652,0.075268817,0.207381896
0,0,0,0,1,0,0,0,0,0,0.5,0.6,0.613636364,0.857142857,0.833333333,0.193181818,0.155555556,0.157303371,0.107142857,0.050632911,0.010638298,0.010752688,0.02247191,0.967032967,0.909090909,0.541176471,0.534090909,0.536585366,0.217391304,0.277777778,0.119565217,0.172043011,0.248091838
0,0,0,0,0,0,0,0,0,1,0.88,0.533333333,0.159090909,0.607142857,0.944444444,0.704545455,0.688888889,0.685393258,0.523809524,0.683544304,0.010638298,0.010752688,0.02247191,0.384615385,0.295454545,0.635294118,0.647727273,0.719512195,0.804347826,0.933333333,0.141304348,0.150537634,0.502804923
0,0,1,0,0,0,0,0,0,0,0.74,0.6,0.236363636,0.642857143,0.583333333,0.784090909,0.788888889,0.775280899,0.726190476,0.797468354,0.542553191,0.494623656,0.460674157,0.571428571,0.284090909,0.235294118,0.25,0.219512195,0.065217391,0.111111111,0.119565217,0.11827957,0.218672704
0,0,0,0,1,0,0,0,0,0,0.38,0.733333333,0.672727273,0.642857143,0.694444444,0.079545455,0.066666667,0.06741573,0.071428571,0.037974684,0.010638298,0.010752688,0.02247191,0.824175824,0.761363636,0.247058824,0.204545455,0.231707317,0.076086957,0.055555556,0.141304348,0.150537634,0.510774941
0,0,0,0,1,0,0,0,0,0,0.42,0.733333333,0.704545455,0.607142857,0.666666667,0.113636364,0.077777778,0.078651685,0.119047619,0.050632911,0.010638298,0.010752688,0.02247191,0.901098901,0.852272727,0.258823529,0.227272727,0.158536585,0.076086957,0.066666667,0.108695652,0.075268817,0.495774911
0,0,0,0,0,0,0,0,0,1,0.8,0.4,0.204545455,0.678571429,0.694444444,0.534090909,0.522222222,0.505617978,0.44047619,0.632911392,0.010638298,0.010752688,0.02247191,0.351648352,0.295454545,0.576470588,0.568181818,0.646341463,0.630434783,0.633333333,0.141304348,0.150537634,0.378961571
0,0,1,0,0,0,0,0,0,0,0.76,0.4,0.159090909,0.678571429,0.583333333,0.761363636,0.744444444,0.764044944,0.619047619,0.734177215,0.606382979,0.559139785,0.550561798,0.505494505,0.465909091,0.247058824,0.215909091,0.182926829,0.108695652,0.211111111,0.141304348,0.172043011,0.218672704
0,0,0,0,0,0,0,0,1,0,0.72,0.4,0.363636364,0.571428571,0.444444444,0.272727273,0.266666667,0.258426966,0.369047619,0.341772152,0.010638298,0.010752688,0.02247191,0.417582418,0.409090909,0.764705882,0.727272727,0.817073171,0.434782609,0.566666667,0.097826087,0.064516129,0.218672704
0,0,0,0,0,0,0,0,0,1,0.92,0.533333333,0.168181818,0.142857143,0.638888889,0.431818182,0.422222222,0.404494382,0.630952381,0.708860759,0.414893617,0.365591398,0.337078652,0.296703297,0.272727273,0.458823529,0.590909091,0.573170732,0.72826087,0.666666667,0.391304348,0.290322581,0.496701271
1,0,0,0,0,0,0,0,0,0,0.78,0.733333333,0.35,0.928571429,0.861111111,0.227272727,0.211111111,0.202247191,0.726190476,0.848101266,0.925531915,0.903225806,0.95505618,0.10989011,0.056818182,0.211764706,0.204545455,0.231707317,0.076086957,0.122222222,0.163043478,0.086021505,0.987011371
0,1,0,0,0,0,0,0,0,0,0.78,0.333333333,0.286363636,0.678571429,0.388888889,0.5,0.466666667,0.438202247,0.857142857,0.848101266,0.244680851,0.172043011,0.112359551,0.450549451,0.352272727,0.352941176,0.352272727,0.365853659,0.27173913,0.311111111,0.054347826,0.053763441,0.364848601
0,0,0,0,1,0,0,0,0,0,0.44,0.733333333,0.659090909,0.75,0.583333333,0.329545455,0.333333333,0.314606742,0.30952381,0.303797468,0.010638298,0.010752688,0.02247191,0.736263736,0.784090909,0.329411765,0.329545455,0.353658537,0.054347826,0.033333333,0.141304348,0.150537634,0.493432947
0,0,1,0,0,0,0,0,0,0,0.84,0.4,0.136363636,0.785714286,0.527777778,0.704545455,0.711111111,0.707865169,0.619047619,0.746835443,0.106382979,0.053763441,0.02247191,0.505494505,0.261363636,0.176470588,0.204545455,0.195121951,0.108695652,0.188888889,0.141304348,0.096774194,0.359626927
0,0,0,0,1,0,0,0,0,0,0.3,0.8,0.745454545,0.678571429,0.555555556,0.102272727,0.1,0.101123596,0.178571429,0.215189873,0.010638298,0.010752688,0.02247191,0.703296703,0.670454545,0.411764706,0.363636364,0.329268293,0.054347826,0.055555556,0.086956522,0.086021505,0.417399943
0,0,0,0,0,0,0,1,0,0,0.46,0.666666667,0.745454545,0.678571429,0.194444444,0.079545455,0.077777778,0.078651685,0.166666667,0.164556962,0.010638298,0.010752688,0.02247191,0.417582418,0.397727273,0.776470588,0.761363636,0.792682927,0.119565217,0.177777778,0.119565217,0.139784946,0.410062581
0,0,0,0,0,0,0,1,0,0,0.44,0.733333333,0.704545455,0.428571429,0.166666667,0.193181818,0.166666667,0.146067416,0.226190476,0.253164557,0.010638298,0.010752688,0.02247191,0.417582418,0.409090909,0.717647059,0.715909091,0.768292683,0.119565217,0.222222222,0.119565217,0.064516129,0.207381896
0,0,0,0,1,0,0,0,0,0,0.34,0.666666667,0.636363636,0.714285714,0.666666667,0.147727273,0.133333333,0.112359551,0.119047619,0.113924051,0.010638298,0.010752688,0.02247191,0.725274725,0.738636364,0.2,0.204545455,0.195121951,0.054347826,0.044444444,0.173913043,0.150537634,0.417001849
0,0,0,0,1,0,0,0,0,0,0.4,0.666666667,0.681818182,0.214285714,0.527777778,0.204545455,0.2,0.168539326,0.297619048,0.202531646,0.234042553,0.204301075,0.168539326,0.692307692,0.625,0.317647059,0.329545455,0.292682927,0.043478261,0.033333333,0.119565217,0.064516129,0.401895138
0,0,1,0,0,0,0,0,0,0,0.82,0.733333333,0.204545455,0.75,0.722222222,0.75,0.744444444,0.741573034,0.678571429,0.721518987,0.106382979,0.053763441,0.02247191,0.538461538,0.284090909,0.294117647,0.306818182,0.317073171,0.206521739,0.277777778,0.5,0.462365591,0.423626006
0,1,0,0,0,0,0,0,0,0,0.72,0.266666667,0.218181818,0.642857143,0.5,0.602272727,0.6,0.584269663,0.80952381,0.848101266,0.319148936,0.268817204,0.235955056,0.296703297,0.363636364,0.258823529,0.238636364,0.231707317,0.054347826,0.111111111,0.141304348,0.086021505,0.229152166
0,0,1,0,0,0,0,0,0,0,0.76,0.533333333,0.181818182,0.75,0.75,0.863636364,0.855555556,0.853932584,0.630952381,0.746835443,0.553191489,0.505376344,0.494382022,0.483516484,0.318181818,0.317647059,0.329545455,0.329268293,0.206521739,0.277777778,0.413043478,0.268817204,0.62445246
0,0,0,0,0,0,0,0,0,1,0.76,0.533333333,0.127272727,0.607142857,0.75,0.375,0.355555556,0.325842697,0.416666667,0.607594937,0.35106383,0.290322581,0.370786517,0.296703297,0.193181818,0.564705882,0.613636364,0.695121951,0.72826087,0.755555556,0.043478261,0.096774194,0.229152166
0,0,0,0,0,0,0,0,0,1,0.86,0.266666667,0.095454545,0.535714286,0.694444444,0.534090909,0.5,0.516853933,0.5,0.64556962,0.010638298,0.010752688,0.02247191,0.153846154,0.125,0.364705882,0.477272727,0.5,0.619565217,0.688888889,0.086956522,0.053763441,0.423626006
0,0,0,0,1,0,0,0,0,0,0.32,0.666666667,0.640909091,0.785714286,0.555555556,0.102272727,0.066666667,0.06741573,0.166666667,0.037974684,0.14893617,0.107526882,0.078651685,0.648351648,0.613636364,0.176470588,0.204545455,0.12195122,0.054347826,0.044444444,0.032608696,0.053763441,0.365984025
0,0,0,0,0,0,0,0,0,1,0.8,0.333333333,0.172727273,0.607142857,0.805555556,0.443181818,0.4,0.382022472,0.44047619,0.620253165,0.010638298,0.010752688,0.02247191,0.10989011,0.011363636,0.635294118,0.693181818,0.719512195,0.891304348,0.922222222,0.119565217,0.11827957,0.708567
0,0,0,0,1,0,0,0,0,0,0.56,0.8,0.677272727,0.607142857,0.611111111,0.397727273,0.266666667,0.258426966,0.19047619,0.126582278,0.010638298,0.010752688,0.02247191,0.824175824,0.727272727,0.211764706,0.181818182,0.231707317,0.065217391,0.077777778,0.119565217,0.139784946,0.446171187
0,0,0,0,0,0,0,0,0,1,0.88,0.266666667,0.177272727,0.642857143,0.666666667,0.454545455,0.444444444,0.415730337,0.55952381,0.64556962,0.106382979,0.053763441,0.06741573,0.307692308,0.238636364,0.517647059,0.590909091,0.597560976,0.630434783,0.644444444,0.086956522,0.086021505,0.207381896
0,0,1,0,0,0,0,0,0,0,0.86,0.4,0.145454545,0.571428571,0.5,0.863636364,0.855555556,0.876404494,0.619047619,0.860759494,0.14893617,0.107526882,0.08988764,0.43956044,0.238636364,0.129411765,0.170454545,0.146341463,0.097826087,0.155555556,0.108695652,0.075268817,0.538732138
0,0,0,0,0,0,0,0,0,1,0.8,0.466666667,0.140909091,0.678571429,0.75,0.340909091,0.344444444,0.325842697,0.357142857,0.607594937,0.106382979,0.053763441,0.06741573,0.362637363,0.295454545,0.635294118,0.670454545,0.719512195,0.695652174,0.744444444,0.141304348,0.150537634,0.469081015
0,0,0,0,0,0,0,0,1,0,0.72,0.533333333,0.35,0.785714286,0.638888889,0.397727273,0.377777778,0.348314607,0.357142857,0.46835443,0.010638298,0.010752688,0.02247191,0.417582418,0.409090909,0.823529412,0.761363636,0.902439024,0.532608696,0.611111111,0.097826087,0.150537634,0.126569386
0,0,0,0,0,0,0,0,0,1,0.9,0.533333333,0.204545455,0.678571429,0.777777778,0.431818182,0.433333333,0.415730337,0.523809524,0.658227848,0.127659574,0.096774194,0.08988764,0.296703297,0.227272727,0.576470588,0.613636364,0.658536585,0.75,0.688888889,0.097826087,0.11827957,0.504346535
1,0,0,0,0,0,0,0,0,0,0.72,0.466666667,0.290909091,0.821428571,0.444444444,0.147727273,0.144444444,0.134831461,0.607142857,0.658227848,0.776595745,0.698924731,0.775280899,0.153846154,0.056818182,0.152941176,0.193181818,0.158536585,0.065217391,0.111111111,0.239130435,0.23655914,0.300764123
0,0,1,0,0,0,0,0,0,0,0.76,0.533333333,0.227272727,0.607142857,0.5,0.761363636,0.744444444,0.730337079,0.642857143,0.734177215,0.159574468,0.107526882,0.06741573,0.373626374,0.215909091,0.211764706,0.215909091,0.207317073,0.108695652,0.133333333,0.119565217,0.075268817,0.229152166
0,0,0,0,1,0,0,0,0,0,0.4,0.8,0.663636364,0.75,0.416666667,0.102272727,0.088888889,0.06741573,0.119047619,0.050632911,0.042553191,0.021505376,0.02247191,0.637362637,0.693181818,0.270588235,0.25,0.219512195,0.076086957,0.044444444,0.141304348,0.139784946,0.423626006
0,0,0,1,0,0,0,0,0,0,0.52,0.466666667,0.313636364,0.714285714,0.138888889,0.534090909,0.522222222,0.494382022,0.30952381,0.35443038,0.042553191,0.043010753,0.056179775,0.67032967,0.556818182,0.576470588,0.556818182,0.585365854,0.108695652,0.144444444,0.043478261,0.053763441,0.382033289
0,0,0,0,0,0,0,1,0,0,0.72,0.733333333,0.363636364,0.857142857,0.638888889,0.272727273,0.233333333,0.235955056,0.214285714,0.316455696,0.010638298,0.010752688,0.02247191,0.417582418,0.409090909,0.811764706,0.784090909,0.829268293,0.510869565,0.555555556,0.152173913,0.139784946,0.126569386
1,0,0,0,0,0,0,0,0,0,0.94,0.533333333,0.318181818,0.678571429,0.805555556,0.136363636,0.133333333,0.123595506,0.607142857,0.898734177,0.893617021,0.870967742,0.898876404,0.076923077,0.045454545,0.188235294,0.193181818,0.280487805,0.076086957,0.055555556,0.054347826,0.139784946,0.820123965
0,0,0,0,1,0,0,0,0,0,0.06,1,0.954545455,0.642857143,0.333333333,0.079545455,0.066666667,0.06741573,0.273809524,0.088607595,0.010638298,0.010752688,0.02247191,0.681318681,0.636363636,0.270588235,0.136363636,0.12195122,0.054347826,0.033333333,0.043478261,0.032258065,0.207381896
0,0,0,1,0,0,0,0,0,0,0.64,0.6,0.363636364,0.857142857,0.166666667,0.454545455,0.444444444,0.415730337,0.321428571,0.405063291,0.053191489,0.053763441,0.06741573,0.43956044,0.465909091,0.352941176,0.420454545,0.414634146,0.108695652,0.2,0.195652174,0.193548387,0.401008198
0,0,0,0,0,0,0,0,0,1,0.84,0.4,0.131818182,0.75,0.666666667,0.318181818,0.277777778,0.269662921,0.428571429,0.607594937,0.191489362,0.11827957,0.101123596,0.307692308,0.181818182,0.341176471,0.443181818,0.43902439,0.641304348,0.644444444,0.108695652,0.096774194,0.423626006
0,0,0,0,1,0,0,0,0,0,0.44,0.6,0.636363636,0.785714286,0.5,0.102272727,0.066666667,0.06741573,0.107142857,0.037974684,0.010638298,0.010752688,0.02247191,0.747252747,0.659090909,0.235294118,0.215909091,0.219512195,0.043478261,0.044444444,0.086956522,0.086021505,0.410062581
0,0,0,0,1,0,0,0,0,0,0.24,0.8,0.727272727,0.75,0.694444444,0.102272727,0.088888889,0.078651685,0.107142857,0.012658228,0.010638298,0.010752688,0.02247191,0.747252747,0.715909091,0.188235294,0.170454545,0.158536585,0.065217391,0.066666667,0.119565217,0.075268817,0.570629885
0,0,0,0,1,0,0,0,0,0,0.32,0.666666667,0.681818182,0.428571429,0.611111111,0.193181818,0.155555556,0.157303371,0.05952381,0.012658228,0.010638298,0.010752688,0.02247191,0.78021978,0.931818182,0.235294118,0.159090909,0.243902439,0.054347826,0.033333333,0.141304348,0.150537634,0.69052873
0,0,1,0,0,0,0,0,0,0,0.8,0.266666667,0.236363636,0.678571429,0.611111111,0.772727273,0.777777778,0.764044944,0.702380952,0.759493671,0.106382979,0.053763441,0.02247191,0.395604396,0.170454545,0.176470588,0.113636364,0.134146341,0.054347826,0.033333333,0.141304348,0.129032258,0.423626006
0,0,0,0,0,0,0,0,0,1,0.86,0.333333333,0.159090909,0.5,0.638888889,0.420454545,0.377777778,0.359550562,0.428571429,0.582278481,0.010638298,0.010752688,0.02247191,0.296703297,0.272727273,0.517647059,0.556818182,0.62195122,0.641304348,0.655555556,0.119565217,0.11827957,0.229152166
0,0,0,0,0,0,0,0,0,1,0.74,0.4,0.204545455,0.678571429,0.555555556,0.386363636,0.344444444,0.348314607,0.488095238,0.620253165,0.010638298,0.010752688,0.02247191,0.307692308,0.295454545,0.552941176,0.602272727,0.670731707,0.619565217,0.666666667,0.152173913,0.161290323,0.185727237
0,0,0,0,0,0,0,1,0,0,0.38,0.666666667,0.85,0.785714286,0.527777778,0.25,0.222222222,0.213483146,0.583333333,0.556962025,0.159574468,0.11827957,0.101123596,0.494505495,0.409090909,0.905882353,0.852272727,0.914634146,0.25,0.311111111,0.086956522,0.107526882,0.815238395
0,0,0,0,0,0,0,0,0,1,0.82,0.4,0.168181818,0.75,0.75,0.386363636,0.377777778,0.370786517,0.380952381,0.556962025,0.010638298,0.010752688,0.02247191,0.307692308,0.295454545,0.529411765,0.613636364,0.62195122,0.673913043,0.788888889,0.119565217,0.139784946,0.416602666
0,0,1,0,0,0,0,0,0,0,0.84,0.266666667,0.090909091,0.535714286,0.5,0.727272727,0.722222222,0.741573034,0.571428571,0.734177215,0.106382979,0.053763441,0.02247191,0.340659341,0.193181818,0.152941176,0.204545455,0.170731707,0.097826087,0.133333333,0.152173913,0.096774194,0.207381896
0,0,0,0,0,0,0,0,0,1,0.82,0.4,0.190909091,0.75,0.638888889,0.397727273,0.355555556,0.337078652,0.5,0.607594937,0.010638298,0.010752688,0.02247191,0.307692308,0.295454545,0.623529412,0.647727273,0.756097561,0.554347826,0.622222222,0.108695652,0.086021505,0.437080975
0,0,0,0,0,0,0,1,0,0,0.32,0.6,0.663636364,0.785714286,0.555555556,0.125,0.1,0.08988764,0.142857143,0.126582278,0.010638298,0.010752688,0.02247191,0.417582418,0.397727273,0.835294118,0.795454545,0.865853659,0.141304348,0.211111111,0.108695652,0.11827957,0.461641302
1,0,0,0,0,0,0,0,0,0,0.7,0.6,0.277272727,0.607142857,0.833333333,0.375,0.333333333,0.280898876,0.488095238,0.658227848,0.893617021,0.849462366,0.95505618,0.142857143,0.170454545,0.258823529,0.204545455,0.243902439,0.141304348,0.2,0.141304348,0.096774194,0.792513327
0,0,0,0,1,0,0,0,0,0,0.28,0.666666667,0.672727273,0.714285714,0.527777778,0.215909091,0.177777778,0.179775281,0.130952381,0.113924051,0.010638298,0.010752688,0.02247191,0.67032967,0.670454545,0.211764706,0.170454545,0.219512195,0.076086957,0.088888889,0.195652174,0.204301075,0.218672704
0,0,0,0,0,0,0,1,0,0,0.46,0.733333333,0.645454545,0.821428571,0.583333333,0.170454545,0.155555556,0.134831461,0.333333333,0.405063291,0.010638298,0.010752688,0.02247191,0.417582418,0.409090909,0.894117647,0.863636364,0.902439024,0.195652174,0.244444444,0.119565217,0.11827957,0.657297622
0,0,0,0,0,0,0,0,0,1,0.74,0.333333333,0.190909091,0.821428571,0.694444444,0.488636364,0.444444444,0.415730337,0.571428571,0.683544304,0.106382979,0.053763441,0.06741573,0.307692308,0.295454545,0.647058824,0.625,0.646341463,0.717391304,0.688888889,0.141304348,0.096774194,0.423626006
0,0,0,0,0,0,0,0,1,0,0.76,0.733333333,0.418181818,0.642857143,0.5,0.25,0.222222222,0.213483146,0.226190476,0.341772152,0.010638298,0.010752688,0.02247191,0.417582418,0.409090909,0.823529412,0.784090909,0.865853659,0.47826087,0.577777778,0.108695652,0.11827957,0.511611054
0,0,0,0,0,0,0,0,0,1,0.76,0.4,0.209090909,0.857142857,0.638888889,0.488636364,0.466666667,0.438202247,0.44047619,0.594936709,0.010638298,0.010752688,0.02247191,0.307692308,0.295454545,0.635294118,0.647727273,0.695121951,0.652173913,0.711111111,0.119565217,0.096774194,0.519718762
0,0,1,0,0,0,0,0,0,0,0.9,0.2,0.081818182,0.321428571,0.555555556,0.75,0.744444444,0.764044944,0.571428571,0.772151899,0.159574468,0.107526882,0.06741573,0.516483516,0.204545455,0.164705882,0.193181818,0.158536585,0.086956522,0.166666667,0.119565217,0.086021505,0.428127171
0,0,1,0,0,0,0,0,0,0,0.84,0.4,0.181818182,0.785714286,0.722222222,0.886363636,0.888888889,0.876404494,0.714285714,0.860759494,0.212765957,0.161290323,0.123595506,0.450549451,0.306818182,0.470588235,0.5,0.487804878,0.467391304,0.511111111,0.130434783,0.075268817,0.367670763
0,0,1,0,0,0,0,0,0,0,0.74,0.666666667,0.227272727,0.5,0.472222222,0.693181818,0.7,0.707865169,0.55952381,0.696202532,0.106382979,0.053763441,0.02247191,0.428571429,0.431818182,0.364705882,0.363636364,0.353658537,0.108695652,0.144444444,0.086956522,0.139784946,0.221744422
0,0,0,1,0,0,0,0,0,0,0.68,0.666666667,0.454545455,0.928571429,0.694444444,0.715909091,0.7,0.674157303,0.678571429,0.721518987,0.234042553,0.182795699,0.168539326,0.571428571,0.602272727,0.223529412,0.215909091,0.207317073,0.076086957,0.077777778,0.119565217,0.064516129,0.361970772
0,0,1,0,0,0,0,0,0,0,0.9,0.4,0.227272727,0.821428571,0.916666667,0.931818182,0.944444444,0.95505618,0.678571429,0.82278481,0.106382979,0.053763441,0.02247191,0.472527473,0.318181818,0.364705882,0.420454545,0.402439024,0.119565217,0.188888889,0.097826087,0.086021505,0.777005944
0,0,1,0,0,0,0,0,0,0,0.88,0.133333333,0.1,0.642857143,0.611111111,0.806818182,0.811111111,0.831460674,0.55952381,0.759493671,0.106382979,0.053763441,0.02247191,0.406593407,0.329545455,0.341176471,0.375,0.414634146,0.184782609,0.266666667,0.173913043,0.172043011,0.420546182
0,0,0,0,0,0,0,0,0,1,0.84,0.4,0.209090909,0.5,0.75,0.613636364,0.566666667,0.539325843,0.571428571,0.708860759,0.010638298,0.010752688,0.02247191,0.340659341,0.295454545,0.611764706,0.670454545,0.743902439,0.77173913,0.866666667,0.141304348,0.139784946,0.763522021
0,0,0,0,1,0,0,0,0,0,0.26,0.6,0.65,0.714285714,0.527777778,0.136363636,0.122222222,0.123595506,0.083333333,0.037974684,0.010638298,0.010752688,0.02247191,0.648351648,0.602272727,0.247058824,0.193181818,0.231707317,0.076086957,0.088888889,0.195652174,0.204301075,0.218672704
0,0,0,0,0,0,0,1,0,0,0.5,0.533333333,0.581818182,0.714285714,0.472222222,0.159090909,0.133333333,0.112359551,0.30952381,0.316455696,0.031914894,0.021505376,0.02247191,0.527472527,0.454545455,0.764705882,0.75,0.780487805,0.239130435,0.3,0.086956522,0.096774194,0.436384548
0,0,0,0,0,0,0,0,0,1,0.78,0.6,0.172727273,0.821428571,0.694444444,0.352272727,0.311111111,0.314606742,0.535714286,0.696202532,0.20212766,0.139784946,0.123595506,0.307692308,0.295454545,0.541176471,0.568181818,0.670731707,0.684782609,0.766666667,0.152173913,0.096774194,0.462810857
0,0,0,0,1,0,0,0,0,0,0.44,0.733333333,0.713636364,0.607142857,0.694444444,0.125,0.122222222,0.078651685,0.083333333,0.037974684,0.010638298,0.010752688,0.02247191,0.846153846,0.795454545,0.282352941,0.272727273,0.231707317,0.076086957,0.066666667,0.108695652,0.075268817,0.508875983
0,0,0,0,0,0,0,1,0,0,0.78,0.733333333,0.522727273,0.821428571,0.583333333,0.193181818,0.166666667,0.168539326,0.297619048,0.367088608,0.393617021,0.290322581,0.258426966,0.417582418,0.352272727,0.741176471,0.738636364,0.780487805,0.25,0.333333333,0.086956522,0.086021505,0.500123662
0,0,1,0,0,0,0,0,0,0,0.82,0.4,0.159090909,0.678571429,0.777777778,0.829545455,0.822222222,0.820224719,0.702380952,0.82278481,0.244680851,0.204301075,0.179775281,0.571428571,0.409090909,0.352941176,0.352272727,0.317073171,0.141304348,0.155555556,0.195652174,0.172043011,0.473748055
0,0,0,0,1,0,0,0,0,0,0.42,0.733333333,0.686363636,0.607142857,0.722222222,0.079545455,0.077777778,0.078651685,0.119047619,0.088607595,0.010638298,0.010752688,0.02247191,0.857142857,0.897727273,0.341176471,0.340909091,0.304878049,0.076086957,0.088888889,0.130434783,0.086021505,0.793180513
0,0,0,0,0,0,0,0,0,1,0.84,0.266666667,0.163636364,0.714285714,0.611111111,0.534090909,0.511111111,0.528089888,0.452380952,0.607594937,0.106382979,0.053763441,0.04494382,0.307692308,0.238636364,0.564705882,0.534090909,0.62195122,0.673913043,0.611111111,0.097826087,0.11827957,0.423626006
0,0,0,0,0,0,0,0,0,1,0.68,0.466666667,0.204545455,0.785714286,0.75,0.318181818,0.3,0.303370787,0.452380952,0.594936709,0.010638298,0.010752688,0.02247191,0.307692308,0.295454545,0.717647059,0.75,0.768292683,0.619565217,0.677777778,0.108695652,0.064516129,0.20226203
1,0,0,0,0,0,0,0,0,0,0.68,0.533333333,0.159090909,0.714285714,0.361111111,0.215909091,0.222222222,0.202247191,0.452380952,0.544303797,0.744680851,0.741935484,0.741573034,0.153846154,0.034090909,0.188235294,0.204545455,0.195121951,0.043478261,0.033333333,0.173913043,0.182795699,0.185727237
0,0,0,1,0,0,0,0,0,0,0.74,0.6,0.386363636,0.678571429,0.666666667,0.693181818,0.677777778,0.662921348,0.726190476,0.797468354,0.212765957,0.182795699,0.146067416,0.571428571,0.545454545,0.564705882,0.556818182,0.56097561,0.282608696,0.322222222,0.108695652,0.064516129,0.471570385
0,0,0,0,1,0,0,0,0,0,0.26,0.8,0.695454545,0.607142857,0.611111111,0.159090909,0.177777778,0.179775281,0.142857143,0.101265823,0.010638298,0.010752688,0.02247191,0.791208791,0.761363636,0.188235294,0.136363636,0.170731707,0.076086957,0.088888889,0.195652174,0.204301075,0.203988692
0,0,1,0,0,0,0,0,0,0,0.8,0.133333333,0.127272727,0.642857143,0.583333333,0.818181818,0.833333333,0.820224719,0.523809524,0.696202532,0.14893617,0.075268817,0.033707865,0.318681319,0.215909091,0.294117647,0.306818182,0.280487805,0.108695652,0.177777778,0.065217391,0.096774194,0.074530079
0,0,0,0,0,0,0,0,1,0,0.7,0.666666667,0.495454545,0.392857143,0.472222222,0.318181818,0.277777778,0.280898876,0.273809524,0.417721519,0.010638298,0.010752688,0.02247191,0.417582418,0.409090909,0.776470588,0.772727273,0.829268293,0.413043478,0.544444444,0.195652174,0.150537634,0.094012471
0,0,0,0,0,0,0,0,0,1,0.8,0.466666667,0.231818182,0.75,0.527777778,0.488636364,0.477777778,0.471910112,0.535714286,0.670886076,0.010638298,0.010752688,0.02247191,0.307692308,0.295454545,0.6,0.590909091,0.62195122,0.652173913,0.644444444,0.076086957,0.064516129,0.364848601
0,0,0,0,0,0,0,0,1,0,0.7,0.466666667,0.295454545,0.678571429,0.5,0.409090909,0.377777778,0.359550562,0.523809524,0.607594937,0.191489362,0.139784946,0.101123596,0.43956044,0.409090909,0.705882353,0.693181818,0.768292683,0.608695652,0.655555556,0.065217391,0.064516129,0.218672704
0,0,0,0,0,0,0,0,1,0,0.82,0.6,0.336363636,0.75,0.666666667,0.352272727,0.311111111,0.292134831,0.261904762,0.341772152,0.010638298,0.010752688,0.02247191,0.241758242,0.159090909,0.788235294,0.772727273,0.902439024,0.619565217,0.688888889,0.141304348,0.150537634,0.498536531
0,0,1,0,0,0,0,0,0,0,0.86,0.666666667,0.354545455,0.607142857,0.638888889,0.818181818,0.811111111,0.820224719,0.726190476,0.82278481,0.372340426,0.268817204,0.247191011,0.527472527,0.454545455,0.435294118,0.5,0.43902439,0.391304348,0.477777778,0.152173913,0.096774194,0.417001849
0,0,1,0,0,0,0,0,0,0,0.74,0.6,0.236363636,0.214285714,0.75,0.875,0.855555556,0.842696629,0.726190476,0.886075949,0.106382979,0.053763441,0.02247191,0.494505495,0.352272727,0.176470588,0.125,0.109756098,0.119565217,0.122222222,0.173913043,0.172043011,0.359626927
0,0,0,0,0,0,0,0,0,1,0.88,0.666666667,0.354545455,0.821428571,0.805555556,0.522727273,0.511111111,0.494382022,0.44047619,0.632911392,0.010638298,0.010752688,0.02247191,0.241758242,0.159090909,0.741176471,0.727272727,0.829268293,0.717391304,0.755555556,0.141304348,0.150537634,0.328831416
0,0,0,0,0,0,0,0,1,0,0.72,0.333333333,0.318181818,0.75,0.611111111,0.227272727,0.188888889,0.191011236,0.214285714,0.202531646,0.010638298,0.010752688,0.02247191,0.417582418,0.409090909,0.694117647,0.704545455,0.817073171,0.597826087,0.555555556,0.206521739,0.215053763,0.410062581
0,0,1,0,0,0,0,0,0,0,0.8,0.466666667,0.236363636,0.821428571,0.888888889,0.931818182,0.933333333,0.943820225,0.714285714,0.911392405,0.106382979,0.053763441,0.06741573,0.516483516,0.397727273,0.458823529,0.318181818,0.329268293,0.293478261,0.311111111,0.141304348,0.150537634,0.612742069
0,0,0,0,1,0,0,0,0,0,0.28,0.8,0.704545455,0.5,0.583333333,0.181818182,0.144444444,0.112359551,0.095238095,0.075949367,0.010638298,0.010752688,0.02247191,0.714285714,0.681818182,0.2,0.170454545,0.146341463,0.108695652,0.144444444,0.195652174,0.204301075,0.414184359
0,0,0,0,1,0,0,0,0,0,0.44,0.733333333,0.736363636,0.571428571,0.666666667,0.125,0.088888889,0.08988764,0.273809524,0.303797468,0.425531915,0.344086022,0.303370787,0.758241758,0.806818182,0.164705882,0.181818182,0.134146341,0.076086957,0.088888889,0.141304348,0.107526882,0.624740707
0,0,1,0,0,0,0,0,0,0,0.88,0.4,0.122727273,0.75,0.666666667,0.886363636,0.9,0.921348315,0.523809524,0.696202532,0.106382979,0.053763441,0.02247191,0.362637363,0.215909091,0.105882353,0.215909091,0.170731707,0.173913043,0.244444444,0.130434783,0.139784946,0.532364529
0,0,0,0,0,0,0,0,0,1,0.78,0.266666667,0.154545455,0.571428571,0.611111111,0.409090909,0.366666667,0.348314607,0.464285714,0.632911392,0.436170213,0.376344086,0.337078652,0.307692308,0.295454545,0.6,0.625,0.670731707,0.597826087,0.633333333,0.293478261,0.258064516,0.30252199
0,0,0,0,0,0,0,1,0,0,0.36,0.533333333,0.718181818,0.714285714,0.416666667,0.056818182,0.066666667,0.056179775,0.142857143,0.088607595,0.010638298,0.010752688,0.02247191,0.417582418,0.409090909,0.776470588,0.738636364,0.792682927,0.076086957,0.133333333,0.108695652,0.075268817,0.410062581
0,0,0,0,1,0,0,0,0,0,0.44,0.933333333,0.659090909,0.607142857,0.527777778,0.068181818,0.077777778,0.06741573,0.095238095,0.050632911,0.010638298,0.010752688,0.02247191,0.659340659,0.670454545,0.235294118,0.215909091,0.158536585,0.054347826,0.044444444,0.086956522,0.053763441,0.417399943
0,0,0,0,1,0,0,0,0,0,0.5,0.6,0.636363636,0.678571429,0.666666667,0.363636364,0.333333333,0.292134831,0.380952381,0.265822785,0.010638298,0.010752688,0.02247191,0.791208791,0.727272727,0.388235294,0.363636364,0.353658537,0.076086957,0.088888889,0.152173913,0.150537634,0.570768905
0,0,1,0,0,0,0,0,0,0,0.76,0.733333333,0.304545455,0.785714286,0.472222222,0.693181818,0.688888889,0.674157303,0.714285714,0.810126582,0.106382979,0.053763441,0.02247191,0.505494505,0.443181818,0.235294118,0.284090909,0.207317073,0.108695652,0.166666667,0.076086957,0.064516129,0.207381896
0,0,0,0,0,0,0,0,0,1,0.74,0.533333333,0.186363636,0.785714286,0.666666667,0.397727273,0.388888889,0.370786517,0.416666667,0.569620253,0.106382979,0.053763441,0.06741573,0.307692308,0.295454545,0.658823529,0.647727273,0.682926829,0.586956522,0.677777778,0.108695652,0.096774194,0.364848601
0,0,0,0,0,0,0,0,0,1,0.82,0.2,0.127272727,0.642857143,0.888888889,0.420454545,0.4,0.382022472,0.44047619,0.64556962,0.106382979,0.053763441,0.011235955,0.307692308,0.295454545,0.576470588,0.625,0.670731707,0.77173913,0.855555556,0.076086957,0.043010753,0.620257084
0,0,1,0,0,0,0,0,0,0,0.82,0.2,0.136363636,0.75,0.555555556,0.784090909,0.766666667,0.752808989,0.642857143,0.772151899,0.106382979,0.053763441,0.02247191,0.472527473,0.261363636,0.235294118,0.261363636,0.280487805,0.163043478,0.111111111,0.130434783,0.075268817,0.305975435
0,0,0,0,0,0,0,0,0,1,0.86,0.333333333,0.145454545,0.678571429,0.611111111,0.363636364,0.355555556,0.348314607,0.452380952,0.594936709,0.010638298,0.010752688,0.02247191,0.120879121,0.045454545,0.505882353,0.579545455,0.634146341,0.619565217,0.677777778,0.119565217,0.11827957,0.185727237
0,0,0,0,1,0,0,0,0,0,0.28,0.733333333,0.681818182,0.321428571,0.527777778,0.090909091,0.055555556,0.056179775,0.130952381,0.063291139,0.010638298,0.010752688,0.02247191,0.703296703,0.613636364,0.305882353,0.25,0.231707317,0.086956522,0.088888889,0.163043478,0.161290323,0.227700401
1,0,0,0,0,0,0,0,0,0,0.58,0.466666667,0.272727273,0.678571429,0.333333333,0.125,0.144444444,0.134831461,0.404761905,0.53164557,0.755319149,0.677419355,0.775280899,0.10989011,0.045454545,0.117647059,0.147727273,0.12195122,0.086956522,0.1,0.52173913,0.408602151,0.23892911
0,0,0,1,0,0,0,0,0,0,0.72,0.733333333,0.422727273,0.75,0.694444444,0.738636364,0.7,0.674157303,0.630952381,0.670886076,0.106382979,0.053763441,0.02247191,0.604395604,0.613636364,0.435294118,0.477272727,0.43902439,0.195652174,0.266666667,0.097826087,0.107526882,0.416602666
0,0,0,0,0,0,0,0,1,0,0.68,0.6,0.409090909,0.714285714,0.305555556,0.113636364,0.122222222,0.112359551,0.154761905,0.227848101,0.010638298,0.010752688,0.02247191,0.362637363,0.295454545,0.694117647,0.693181818,0.756097561,0.293478261,0.344444444,0.217391304,0.182795699,0.359626927
0,0,1,0,0,0,0,0,0,0,0.96,0.2,0.090909091,0.571428571,0.722222222,0.852272727,0.855555556,0.887640449,0.535714286,0.810126582,0.106382979,0.053763441,0.011235955,0.373626374,0.159090909,0.105882353,0.125,0.073170732,0.130434783,0.222222222,0.130434783,0.107526882,0.611801104
0,0,0,0,0,0,0,0,0,1,0.74,0.333333333,0.136363636,0.821428571,0.805555556,0.386363636,0.344444444,0.348314607,0.535714286,0.64556962,0.212765957,0.193548387,0.191011236,0.307692308,0.295454545,0.588235294,0.579545455,0.731707317,0.619565217,0.688888889,0.086956522,0.053763441,0.423626006
0,0,0,0,0,0,0,1,0,0,0.36,0.733333333,0.545454545,0.607142857,0.277777778,0.079545455,0.066666667,0.056179775,0.130952381,0.139240506,0.010638298,0.010752688,0.02247191,0.417582418,0.409090909,0.694117647,0.681818182,0.756097561,0.119565217,0.166666667,0.163043478,0.096774194,0.185727237
0,0,0,0,0,0,0,0,0,1,0.76,0.466666667,0.227272727,0.607142857,0.555555556,0.329545455,0.288888889,0.292134831,0.416666667,0.556962025,0.010638298,0.010752688,0.02247191,0.307692308,0.295454545,0.623529412,0.590909091,0.658536585,0.554347826,0.644444444,0.076086957,0.086021505,0.37261704
0,0,0,0,0,0,0,1,0,0,0.34,0.6,0.727272727,0.678571429,0.444444444,0.193181818,0.166666667,0.157303371,0.19047619,0.164556962,0.010638298,0.010752688,0.02247191,0.417582418,0.397727273,0.858823529,0.818181818,0.865853659,0.141304348,0.211111111,0.108695652,0.11827957,0.126569386
0,0,0,0,0,0,0,0,0,1,0.94,0.2,0.140909091,0.75,0.75,0.477272727,0.455555556,0.348314607,0.392857143,0.632911392,0.106382979,0.053763441,0.06741573,0.307692308,0.352272727,0.564705882,0.613636364,0.634146341,0.652173913,0.611111111,0.195652174,0.204301075,0.229152166
0,0,0,1,0,0,0,0,0,0,0.68,0.6,0.409090909,0.642857143,0.472222222,0.659090909,0.644444444,0.640449438,0.654761905,0.734177215,0.106382979,0.053763441,0.02247191,0.549450549,0.556818182,0.376470588,0.363636364,0.365853659,0.108695652,0.411111111,0.684782609,0.559139785,0.223256366
0,0,1,0,0,0,0,0,0,0,0.82,0.333333333,0.122727273,0.5,0.5,0.761363636,0.755555556,0.752808989,0.654761905,0.772151899,0.106382979,0.053763441,0.02247191,0.483516484,0.25,0.152941176,0.181818182,0.158536585,0.054347826,0.111111111,0.119565217,0.096774194,0.463101787
0,0,0,0,0,0,0,0,1,0,0.7,0.466666667,0.318181818,0.535714286,0.5,0.306818182,0.266666667,0.269662921,0.297619048,0.379746835,0.010638298,0.010752688,0.02247191,0.417582418,0.409090909,0.717647059,0.693181818,0.780487805,0.532608696,0.6,0.076086957,0.064516129,0.291642327
0,0,0,0,1,0,0,0,0,0,0.18,0.8,0.727272727,0.821428571,0.638888889,0.159090909,0.122222222,0.123595506,0.142857143,0.113924051,0.010638298,0.010752688,0.02247191,0.846153846,0.795454545,0.176470588,0.159090909,0.182926829,0.076086957,0.088888889,0.195652174,0.204301075,0.563650361
0,0,0,0,0,0,0,1,0,0,0.62,0.666666667,0.409090909,0.821428571,0.611111111,0.193181818,0.166666667,0.146067416,0.202380952,0.303797468,0.010638298,0.010752688,0.02247191,0.417582418,0.409090909,0.764705882,0.75,0.804878049,0.282608696,0.388888889,0.141304348,0.139784946,0.286858252
0,0,0,0,1,0,0,0,0,0,0.32,0.8,0.75,0.571428571,0.583333333,0.113636364,0.077777778,0.078651685,0.130952381,0.050632911,0.010638298,0.010752688,0.02247191,0.714285714,0.636363636,0.317647059,0.25,0.268292683,0.076086957,0.055555556,0.152173913,0.053763441,0.33594996
0,0,0,0,1,0,0,0,0,0,0.34,0.666666667,0.731818182,0.607142857,0.611111111,0.136363636,0.1,0.101123596,0.107142857,0.037974684,0.010638298,0.010752688,0.02247191,0.703296703,0.806818182,0.258823529,0.215909091,0.207317073,0.076086957,0.055555556,0.043478261,0.053763441,0.463392137
0,0,0,1,0,0,0,0,0,0,0.84,0.8,0.390909091,0.714285714,0.694444444,0.829545455,0.811111111,0.820224719,0.69047619,0.797468354,0.255319149,0.290322581,0.213483146,0.549450549,0.602272727,0.352941176,0.329545455,0.317073171,0.119565217,0.177777778,0.119565217,0.086021505,0.585681863
0,0,0,0,1,0,0,0,0,0,0.26,0.733333333,0.627272727,0.607142857,0.611111111,0.159090909,0.144444444,0.123595506,0.047619048,0.012658228,0,0,0.011235955,0.67032967,0.784090909,0.282352941,0.261363636,0.256097561,0.076086957,0.055555556,0.119565217,0.064516129,0.183768802
0,0,0,0,1,0,0,0,0,0,0.52,0.6,0.686363636,0.785714286,0.666666667,0.306818182,0.311111111,0.292134831,0.333333333,0.278481013,0.010638298,0.010752688,0.02247191,0.769230769,0.738636364,0.294117647,0.306818182,0.304878049,0.108695652,0.2,0.163043478,0.161290323,0.437427946
0,0,0,0,0,0,0,0,0,1,0.96,0.4,0.090909091,0.642857143,0.75,0.397727273,0.377777778,0.348314607,0.416666667,0.569620253,0.180851064,0.107526882,0.06741573,0.307692308,0.295454545,0.388235294,0.477272727,0.5,0.72826087,0.655555556,0.119565217,0.096774194,0.452869468
0,0,0,0,1,0,0,0,0,0,0.3,0.666666667,0.65,0.5,0.666666667,0.045454545,0.044444444,0.04494382,0.083333333,0.025316456,0.010638298,0.010752688,0.02247191,0.769230769,0.795454545,0.282352941,0.261363636,0.219512195,0.108695652,0.144444444,0.163043478,0.161290323,0.612115434
0,0,0,1,0,0,0,0,0,0,0.68,0.866666667,0.404545455,0.464285714,0.333333333,0.613636364,0.588888889,0.573033708,0.595238095,0.683544304,0.70212766,0.655913978,0.741573034,0.494505495,0.511363636,0.247058824,0.193181818,0.268292683,0.076086957,0.122222222,0.206521739,0.086021505,0.218672704
0,0,0,1,0,0,0,0,0,0,0.78,0.8,0.386363636,0.571428571,0.777777778,0.829545455,0.822222222,0.808988764,0.738095238,0.810126582,0.106382979,0.053763441,0.02247191,0.571428571,0.579545455,0.282352941,0.295454545,0.256097561,0.054347826,0.144444444,0.163043478,0.086021505,0.741339905
0,0,0,0,1,0,0,0,0,0,0.42,0.533333333,0.659090909,0.678571429,0.611111111,0.090909091,0.066666667,0.06741573,0.083333333,0.050632911,0,0,0.011235955,0.736263736,0.670454545,0.247058824,0.215909091,0.231707317,0.076086957,0.077777778,0.108695652,0.064516129,0.260257316
0,0,0,0,1,0,0,0,0,0,0.38,0.666666667,0.681818182,0.678571429,0.611111111,0.170454545,0.133333333,0.134831461,0.154761905,0.063291139,0.010638298,0.010752688,0.02247191,0.681318681,0.863636364,0.305882353,0.272727273,0.280487805,0.076086957,0.055555556,0.043478261,0.053763441,0.680335866
0,0,0,1,0,0,0,0,0,0,0.74,0.666666667,0.322727273,0.642857143,0.611111111,0.75,0.744444444,0.719101124,0.654761905,0.759493671,0.265957447,0.215053763,0.179775281,0.604395604,0.568181818,0.294117647,0.306818182,0.268292683,0.152173913,0.222222222,0.239130435,0.204301075,0.501022901
0,0,1,0,0,0,0,0,0,0,0.8,0.466666667,0.195454545,0.821428571,0.638888889,0.784090909,0.788888889,0.808988764,0.595238095,0.759493671,0.170212766,0.139784946,0.134831461,0.56043956,0.329545455,0.152941176,0.204545455,0.182926829,0.119565217,0.188888889,0.173913043,0.172043011,0.233422751
0,0,0,0,1,0,0,0,0,0,0.38,0.6,0.636363636,0.535714286,0.527777778,0.079545455,0.066666667,0.06741573,0.107142857,0.050632911,0.010638298,0.010752688,0.02247191,0.659340659,0.625,0.152941176,0.215909091,0.207317073,0.065217391,0.055555556,0.173913043,0.161290323,0.226234045
0,0,1,0,0,0,0,0,0,0,0.82,0.666666667,0.277272727,0.821428571,0.444444444,0.806818182,0.8,0.820224719,0.666666667,0.759493671,0.212765957,0.161290323,0.123595506,0.593406593,0.522727273,0.470588235,0.556818182,0.56097561,0.065217391,0.166666667,0.108695652,0.064516129,0.295359757
0,0,0,0,0,0,0,0,0,1,0.88,0.266666667,0.068181818,0.607142857,0.75,0.465909091,0.455555556,0.438202247,0.416666667,0.607594937,0.14893617,0.096774194,0.08988764,0.307692308,0.295454545,0.458823529,0.5,0.56097561,0.641304348,0.666666667,0.152173913,0.107526882,0.410062581
0,0,0,0,0,0,0,1,0,0,0.4,0.666666667,0.809090909,0.642857143,0.416666667,0.170454545,0.155555556,0.134831461,0.297619048,0.329113924,0.010638298,0.010752688,0.02247191,0.461538462,0.443181818,0.776470588,0.784090909,0.792682927,0.141304348,0.188888889,0.217391304,0.23655914,0.218672704
0,0,0,0,1,0,0,0,0,0,0.16,0.933333333,0.772727273,0.785714286,0.666666667,0.113636364,0.077777778,0.078651685,0.119047619,0.050632911,0.010638298,0.010752688,0.02247191,0.89010989,0.818181818,0.235294118,0.204545455,0.231707317,0.076086957,0.066666667,0.086956522,0.064516129,0.227700401
0,0,0,1,0,0,0,0,0,0,0.58,0.533333333,0.340909091,0.714285714,0.444444444,0.363636364,0.355555556,0.337078652,0.392857143,0.455696203,0.138297872,0.11827957,0.101123596,0.505494505,0.443181818,0.647058824,0.625,0.670731707,0.391304348,0.444444444,0.152173913,0.139784946,0.406250722
0,0,0,0,1,0,0,0,0,0,0.54,0.866666667,0.636363636,0.714285714,0.555555556,0.352272727,0.333333333,0.292134831,0.345238095,0.341772152,0.106382979,0.075268817,0.056179775,0.626373626,0.681818182,0.352941176,0.352272727,0.304878049,0.065217391,0.033333333,0.152173913,0.129032258,0.185727237
0,0,0,0,0,0,0,0,1,0,0.8,0.333333333,0.336363636,0.607142857,0.666666667,0.306818182,0.277777778,0.280898876,0.285714286,0.367088608,0.010638298,0.010752688,0.02247191,0.417582418,0.409090909,0.811764706,0.75,0.87804878,0.630434783,0.666666667,0.054347826,0.075268817,0.129458613
0,0,0,0,1,0,0,0,0,0,0.36,0.6,0.640909091,0.785714286,0.666666667,0.136363636,0.122222222,0.123595506,0.130952381,0.050632911,0.010638298,0.010752688,0.02247191,0.835164835,0.920454545,0.117647059,0.113636364,0.195121951,0.076086957,0.055555556,0.163043478,0.172043011,0.786303828
0,0,0,0,0,0,0,1,0,0,0.72,0.6,0.363636364,0.892857143,0.527777778,0.306818182,0.266666667,0.235955056,0.333333333,0.417721519,0.010638298,0.010752688,0.02247191,0.417582418,0.409090909,0.811764706,0.772727273,0.829268293,0.467391304,0.6,0.141304348,0.150537634,0.567110631
0,0,0,0,1,0,0,0,0,0,0.34,0.666666667,0.645454545,0.535714286,0.583333333,0.068181818,0.066666667,0.06741573,0.023809524,0,0.010638298,0.010752688,0.02247191,0.659340659,0.659090909,0.141176471,0.125,0.12195122,0.163043478,0.133333333,0.152173913,0.172043011,0.220216647
0,0,0,0,0,0,0,0,1,0,0.74,0.733333333,0.509090909,0.75,0.361111111,0.193181818,0.166666667,0.168539326,0.297619048,0.367088608,0.212765957,0.161290323,0.134831461,0.362637363,0.295454545,0.788235294,0.795454545,0.804878049,0.326086957,0.377777778,0.173913043,0.161290323,0.470192648
0,0,0,0,0,0,0,0,0,1,0.84,0.4,0.127272727,0.571428571,0.75,0.579545455,0.533333333,0.505617978,0.488095238,0.506329114,0.010638298,0.010752688,0.02247191,0.296703297,0.193181818,0.423529412,0.534090909,0.573170732,0.684782609,0.744444444,0.043478261,0.096774194,0.453491649
0,0,0,0,1,0,0,0,0,0,0.48,0.733333333,0.704545455,0.571428571,0.5,0.159090909,0.144444444,0.123595506,0.047619048,0.012658228,0,0,0.011235955,0.615384615,0.602272727,0.329411765,0.329545455,0.329268293,0.076086957,0.055555556,0.119565217,0.064516129,0.207381896
0,0,1,0,0,0,0,0,0,0,0.82,0.4,0.127272727,0.428571429,0.527777778,0.784090909,0.788888889,0.786516854,0.583333333,0.670886076,0.106382979,0.053763441,0.02247191,0.428571429,0.227272727,0.247058824,0.284090909,0.292682927,0.184782609,0.244444444,0.119565217,0.086021505,0.423626006
0,0,0,0,1,0,0,0,0,0,0.3,0.733333333,0.709090909,0.571428571,0.472222222,0.159090909,0.155555556,0.157303371,0.083333333,0.025316456,0.010638298,0.010752688,0.02247191,0.626373626,0.602272727,0.294117647,0.306818182,0.304878049,0.108695652,0.144444444,0.163043478,0.161290323,0.218672704
0,0,0,0,0,0,0,0,0,1,0.8,0.533333333,0.159090909,0.464285714,0.722222222,0.431818182,0.388888889,0.348314607,0.369047619,0.582278481,0.010638298,0.010752688,0.02247191,0.307692308,0.295454545,0.447058824,0.590909091,0.524390244,0.815217391,0.755555556,0.141304348,0.150537634,0.218672704
0,0,0,0,1,0,0,0,0,0,0.16,0.666666667,0.795454545,0.464285714,0.527777778,0.068181818,0.066666667,0.06741573,0.095238095,0.025316456,0.010638298,0.010752688,0.02247191,0.703296703,0.636363636,0.223529412,0.181818182,0.243902439,0.076086957,0.055555556,0.163043478,0.172043011,0.410062581
0,1,0,0,0,0,0,0,0,0,0.82,0.466666667,0.25,0.678571429,0.694444444,0.636363636,0.611111111,0.573033708,0.797619048,0.886075949,0.053191489,0.053763441,0.06741573,0.351648352,0.522727273,0.364705882,0.397727273,0.390243902,0.054347826,0.144444444,0.163043478,0.161290323,0.286858252
0,0,0,0,1,0,0,0,0,0,0.28,0.733333333,0.704545455,0.714285714,0.416666667,0.056818182,0.044444444,0.04494382,0.107142857,0.050632911,0.021276596,0.010752688,0.02247191,0.604395604,0.625,0.317647059,0.227272727,0.170731707,0.076086957,0.055555556,0.086956522,0.075268817,0.185727237
0,1,0,0,0,0,0,0,0,0,0.82,0.2,0.159090909,0.607142857,0.472222222,0.659090909,0.644444444,0.617977528,0.702380952,0.784810127,0.159574468,0.107526882,0.06741573,0.208791209,0.375,0.223529412,0.25,0.243902439,0.086956522,0.111111111,0.108695652,0.064516129,0.207381896
0,0,0,0,0,0,0,0,1,0,0.58,0.666666667,0.486363636,0.785714286,0.416666667,0.295454545,0.288888889,0.280898876,0.285714286,0.341772152,0.010638298,0.010752688,0.02247191,0.417582418,0.409090909,0.8,0.761363636,0.853658537,0.217391304,0.311111111,0.086956522,0.086021505,0.438119422
0,0,0,0,0,1,0,0,0,0,0.68,0.4,0.204545455,0.857142857,0.527777778,0.125,0.144444444,0.146067416,0.166666667,0.164556962,0.35106383,0.279569892,0.269662921,0.142857143,0.125,0.211764706,0.181818182,0.182926829,0.097826087,0.133333333,0.913043478,0.709677419,0.218672704
0,0,0,0,0,0,0,1,0,0,0.48,0.666666667,0.827272727,0.821428571,0.666666667,0.181818182,0.177777778,0.168539326,0.273809524,0.202531646,0.010638298,0.010752688,0.02247191,0.417582418,0.409090909,0.929411765,0.909090909,0.951219512,0.086956522,0.188888889,0.086956522,0.096774194,0.767904866
0,1,0,0,0,0,0,0,0,0,0.68,0.466666667,0.204545455,0.571428571,0.5,0.534090909,0.511111111,0.460674157,0.797619048,0.797468354,0.159574468,0.107526882,0.06741573,0.318681319,0.363636364,0.294117647,0.306818182,0.304878049,0.163043478,0.222222222,0.097826087,0.11827957,0.416602666
0,0,0,0,0,0,0,0,1,0,0.8,0.4,0.336363636,0.714285714,0.388888889,0.352272727,0.311111111,0.280898876,0.535714286,0.582278481,0.010638298,0.010752688,0.02247191,0.417582418,0.409090909,0.717647059,0.704545455,0.817073171,0.336956522,0.4,0.086956522,0.096774194,0.417399943
0,0,0,0,1,0,0,0,0,0,0.14,0.666666667,0.618181818,0.714285714,0.472222222,0.125,0.088888889,0.08988764,0.095238095,0.088607595,0.010638298,0.010752688,0.02247191,0.615384615,0.636363636,0.294117647,0.25,0.219512195,0.02173913,0.055555556,0.130434783,0.107526882,0.218672704
0,0,1,0,0,0,0,0,0,0,0.88,0,0.045454545,0.464285714,0.583333333,0.784090909,0.777777778,0.797752809,0.595238095,0.759493671,0.244680851,0.225806452,0.191011236,0.483516484,0.318181818,0.117647059,0.215909091,0.195121951,0.119565217,0.188888889,0.173913043,0.172043011,0.245532102
0,0,0,1,0,0,0,0,0,0,0.32,0.6,0.431818182,0.821428571,0.388888889,0.272727273,0.266666667,0.247191011,0.273809524,0.367088608,0.053191489,0.053763441,0.06741573,0.483516484,0.568181818,0.658823529,0.625,0.670731707,0.206521739,0.288888889,0.195652174,0.193548387,0.432851658
0,0,0,0,0,0,0,1,0,0,0.56,0.733333333,0.409090909,0.571428571,0.388888889,0.136363636,0.122222222,0.112359551,0.154761905,0.227848101,0.010638298,0.010752688,0.02247191,0.417582418,0.409090909,0.752941176,0.727272727,0.756097561,0.25,0.355555556,0.108695652,0.053763441,0.101131015
0,0,0,0,0,0,0,1,0,0,0.46,0.6,0.681818182,0.571428571,0.25,0.181818182,0.177777778,0.168539326,0.285714286,0.329113924,0.010638298,0.010752688,0.02247191,0.527472527,0.5,0.8,0.772727273,0.829268293,0.130434783,0.222222222,0.097826087,0.075268817,0.185727237
0,1,0,0,0,0,0,0,0,0,0.78,0.466666667,0.272727273,0.607142857,0.638888889,0.613636364,0.588888889,0.550561798,0.892857143,0.886075949,0.138297872,0.096774194,0.06741573,0.450549451,0.465909091,0.423529412,0.409090909,0.43902439,0.217391304,0.266666667,0.119565217,0.107526882,0.450353868
0,0,0,0,1,0,0,0,0,0,0.26,0.666666667,0.704545455,0.607142857,0.583333333,0.136363636,0.1,0.101123596,0.095238095,0.050632911,0.010638298,0.010752688,0.02247191,0.637362637,0.613636364,0,0.079545455,0.036585366,0.108695652,0.022222222,0.163043478,0.172043011,0.223256366
0,0,0,0,0,0,0,1,0,0,0.64,0.533333333,0.477272727,0.214285714,0.361111111,0.136363636,0.122222222,0.101123596,0.226190476,0.227848101,0.010638298,0.010752688,0.02247191,0.417582418,0.409090909,0.752941176,0.761363636,0.817073171,0.358695652,0.411111111,0.076086957,0.064516129,0.126569386
0,0,0,0,0,0,0,1,0,0,0.44,0.533333333,0.654545455,0.571428571,0.361111111,0.136363636,0.133333333,0.123595506,0.19047619,0.088607595,0.010638298,0.010752688,0.02247191,0.417582418,0.409090909,0.835294118,0.795454545,0.841463415,0.076086957,0.177777778,0.108695652,0.075268817,0.440514103
0,0,0,0,0,0,1,0,0,0,0.48,0.466666667,0.109090909,0.928571429,0.611111111,0.295454545,0.288888889,0.269662921,0.05952381,0.037974684,0.319148936,0.268817204,0.235955056,0.054945055,0.090909091,0.035294118,0.045454545,0,0.076086957,0.055555556,1,1,0.661461104
0,0,0,0,0,0,0,0,0,1,0.86,0.4,0.140909091,0.5,0.722222222,0.454545455,0.411111111,0.404494382,0.369047619,0.518987342,0.010638298,0.010752688,0.02247191,0.307692308,0.295454545,0.423529412,0.5,0.5,0.75,0.733333333,0.152173913,0.096774194,0.410062581
0,0,0,0,1,0,0,0,0,0,0.38,0.533333333,0.640909091,0.785714286,0.583333333,0.090909091,0.088888889,0.078651685,0.071428571,0.063291139,0.021276596,0.010752688,0.011235955,0.604395604,0.693181818,0.294117647,0.204545455,0.231707317,0.076086957,0.044444444,0.163043478,0.150537634,0.423626006
0,0,0,0,1,0,0,0,0,0,0.34,0.733333333,0.668181818,0.607142857,0.777777778,0.136363636,0.122222222,0.123595506,0.119047619,0.063291139,0.010638298,0.010752688,0.02247191,0.802197802,0.852272727,0.352941176,0.272727273,0.304878049,0.141304348,0.055555556,0.065217391,0,0.771950051
0,0,0,0,0,0,0,0,0,1,0.8,0.533333333,0.236363636,0.464285714,0.777777778,0.465909091,0.422222222,0.404494382,0.5,0.64556962,0.106382979,0.053763441,0.06741573,0.120879121,0.045454545,0.647058824,0.590909091,0.756097561,0.739130435,0.833333333,0.141304348,0.139784946,0.248091838
0,0,0,0,0,0,0,0,1,0,0.82,0.466666667,0.3,0.714285714,0.583333333,0.454545455,0.444444444,0.438202247,0.404761905,0.493670886,0.010638298,0.010752688,0.02247191,0.417582418,0.409090909,0.717647059,0.704545455,0.768292683,0.663043478,0.566666667,0.163043478,0.193548387,0.43949262
0,0,0,0,0,0,0,1,0,0,0.5,0.666666667,0.595454545,0.678571429,0.472222222,0.136363636,0.122222222,0.112359551,0.154761905,0.126582278,0.010638298,0.010752688,0.02247191,0.417582418,0.397727273,0.8,0.761363636,0.841463415,0.108695652,0.2,0.152173913,0.150537634,0.126569386
0,0,0,0,0,0,0,0,1,0,0.62,0.866666667,0.386363636,0.464285714,0.277777778,0.329545455,0.333333333,0.292134831,0.345238095,0.379746835,0.010638298,0.010752688,0.02247191,0.417582418,0.409090909,0.705882353,0.693181818,0.780487805,0.315217391,0.4,0.086956522,0.11827957,0.410062581
0,0,0,1,0,0,0,0,0,0,0.5,0.8,0.445454545,0.75,0.555555556,0.681818182,0.666666667,0.617977528,0.666666667,0.658227848,0.106382979,0.053763441,0.02247191,0.56043956,0.534090909,0.411764706,0.397727273,0.390243902,0.054347826,0.055555556,0.184782609,0.139784946,0.417399943
0,0,0,0,1,0,0,0,0,0,0.28,0.866666667,0.636363636,0.5,0.416666667,0.102272727,0.077777778,0.078651685,0.047619048,0.025316456,0.021276596,0.010752688,0.011235955,0.659340659,0.602272727,0.211764706,0.147727273,0.146341463,0.065217391,0.055555556,0.032608696,0.032258065,0.318243264
0,0,1,0,0,0,0,0,0,0,0.82,0.533333333,0.204545455,0.571428571,0.5,0.715909091,0.711111111,0.707865169,0.55952381,0.683544304,0.106382979,0.053763441,0.02247191,0.428571429,0.340909091,0.211764706,0.204545455,0.207317073,0.054347826,0.088888889,0.097826087,0.043010753,0.229152166
0,0,0,0,0,0,0,0,0,1,0.74,0.333333333,0.159090909,0.607142857,0.75,0.431818182,0.388888889,0.370786517,0.44047619,0.620253165,0.010638298,0.010752688,0.02247191,0.307692308,0.238636364,0.541176471,0.545454545,0.634146341,0.663043478,0.7,0.25,0.204301075,0.423626006
0,0,0,0,0,0,0,0,1,0,0.64,0.6,0.295454545,0.571428571,0.694444444,0.329545455,0.344444444,0.348314607,0.30952381,0.227848101,0.010638298,0.010752688,0.02247191,0.417582418,0.409090909,0.764705882,0.727272727,0.804878049,0.608695652,0.644444444,0.163043478,0.247311828,0.292580602
0,0,0,0,1,0,0,0,0,0,0.3,0.666666667,0.718181818,0.392857143,0.444444444,0.079545455,0.088888889,0.06741573,0.119047619,0.025316456,0.010638298,0.010752688,0.033707865,0.637362637,0.613636364,0.235294118,0.227272727,0.182926829,0.054347826,0.033333333,0.086956522,0.064516129,0.207381896
0,0,0,0,0,0,0,0,1,0,0.54,0.533333333,0.340909091,0.535714286,0.416666667,0.261363636,0.222222222,0.224719101,0.226190476,0.392405063,0.010638298,0.010752688,0.02247191,0.417582418,0.409090909,0.717647059,0.704545455,0.780487805,0.510869565,0.555555556,0.097826087,0.150537634,0.218672704
0,0,0,0,1,0,0,0,0,0,0.34,0.8,0.727272727,0.571428571,0.666666667,0.204545455,0.166666667,0.134831461,0.130952381,0.113924051,0.010638298,0.010752688,0.02247191,0.835164835,0.738636364,0.294117647,0.227272727,0.219512195,0.076086957,0.055555556,0.054347826,0.064516129,0.254301337
0,0,0,0,0,0,0,0,0,1,0.78,0.6,0.177272727,0.75,0.611111111,0.465909091,0.455555556,0.426966292,0.511904762,0.658227848,0.106382979,0.075268817,0.06741573,0.307692308,0.295454545,0.623529412,0.681818182,0.695121951,0.641304348,0.6,0.130434783,0.064516129,0.30252199
0,0,0,0,0,0,0,1,0,0,0.4,0.466666667,0.618181818,0.607142857,0.444444444,0.181818182,0.177777778,0.168539326,0.261904762,0.240506329,0.053191489,0.021505376,0.02247191,0.406593407,0.397727273,0.670588235,0.704545455,0.768292683,0.108695652,0.133333333,0.054347826,0.064516129,0.218672704
0,0,0,0,1,0,0,0,0,0,0.52,0.733333333,0.727272727,0.642857143,0.777777778,0.079545455,0.044444444,0.04494382,0.083333333,0.050632911,0.010638298,0.010752688,0.02247191,0.978021978,0.965909091,0.305882353,0.261363636,0.268292683,0.054347826,0.077777778,0.043478261,0.043010753,0.865797945
0,1,0,0,0,0,0,0,0,0,0.8,0.4,0.318181818,0.678571429,0.611111111,0.659090909,0.611111111,0.550561798,0.904761905,0.936708861,0.212765957,0.161290323,0.123595506,0.527472527,0.590909091,0.317647059,0.295454545,0.317073171,0.054347826,0.1,0.141304348,0.129032258,0.410062581
0,0,0,0,0,1,0,0,0,0,0.56,0.733333333,0.218181818,0.75,0.722222222,0.079545455,0.1,0.101123596,0.083333333,0.063291139,0.287234043,0.23655914,0.202247191,0.10989011,0.102272727,0.176470588,0.170454545,0.195121951,0.076086957,0.088888889,0.956521739,0.752688172,0.376351462
0,0,1,0,0,0,0,0,0,0,0.98,0.533333333,0.131818182,0.75,0.472222222,0.761363636,0.777777778,0.797752809,0.583333333,0.759493671,0.106382979,0.053763441,0.02247191,0.384615385,0.181818182,0.188235294,0.215909091,0.195121951,0.108695652,0.166666667,0.119565217,0.11827957,0.523032626
0,0,0,0,0,0,0,1,0,0,0.74,0.6,0.518181818,0.678571429,0.388888889,0.238636364,0.222222222,0.213483146,0.285714286,0.278481013,0.010638298,0.010752688,0.02247191,0.417582418,0.409090909,0.776470588,0.75,0.792682927,0.25,0.377777778,0.108695652,0.053763441,0.436384548
0,0,0,0,0,0,0,1,0,0,0.62,0.6,0.536363636,0.642857143,0.472222222,0.284090909,0.277777778,0.258426966,0.321428571,0.303797468,0.010638298,0.010752688,0.02247191,0.417582418,0.409090909,0.776470588,0.761363636,0.780487805,0.293478261,0.377777778,0.130434783,0.064516129,0.460757942
0,0,0,0,1,0,0,0,0,0,0.18,0.733333333,0.75,0.892857143,0.694444444,0,0,0,0.035714286,0,0.010638298,0.010752688,0.02247191,0.769230769,0.727272727,0.094117647,0.079545455,0.073170732,0.054347826,0.044444444,0.130434783,0.107526882,0.5041273
0,0,0,0,0,0,0,0,1,0,0.72,0.6,0.322727273,0.678571429,0.416666667,0.295454545,0.255555556,0.258426966,0.369047619,0.405063291,0.010638298,0.010752688,0.02247191,0.417582418,0.409090909,0.705882353,0.647727273,0.719512195,0.380434783,0.422222222,0.043478261,0.064516129,0.207381896
0,0,1,0,0,0,0,0,0,0,0.82,0.6,0.181818182,0.535714286,0.638888889,0.829545455,0.822222222,0.831460674,0.583333333,0.734177215,0.106382979,0.053763441,0.02247191,0.505494505,0.261363636,0.152941176,0.193181818,0.170731707,0.076086957,0.111111111,0.130434783,0.107526882,0.45255738
0,0,0,0,0,0,0,0,0,1,0.86,0.4,0.159090909,0.642857143,0.75,0.534090909,0.5,0.471910112,0.5,0.64556962,0.010638298,0.010752688,0.02247191,0.197802198,0.181818182,0.564705882,0.670454545,0.634146341,0.760869565,0.744444444,0.206521739,0.215053763,0.126569386
0,0,0,0,0,0,1,0,0,0,0.52,0.6,0.181818182,0.642857143,0.527777778,0.136363636,0.144444444,0.134831461,0.071428571,0.189873418,0.276595745,0.225806452,0.191011236,0.087912088,0.090909091,0.141176471,0.204545455,0.243902439,0.108695652,0.122222222,0.934782609,0.806451613,0.37261704
0,0,0,0,1,0,0,0,0,0,0.5,0.666666667,0.654545455,0.785714286,0.555555556,0.113636364,0.1,0.078651685,0.119047619,0.075949367,0.010638298,0.010752688,0.02247191,0.648351648,0.795454545,0.211764706,0.204545455,0.170731707,0.043478261,0.022222222,0.065217391,0.086021505,0.417399943
0,0,0,0,0,0,0,1,0,0,0.5,0.666666667,0.654545455,0.535714286,0.305555556,0.284090909,0.255555556,0.235955056,0.25,0.253164557,0.010638298,0.010752688,0.02247191,0.417582418,0.409090909,0.788235294,0.75,0.829268293,0.206521739,0.244444444,0.010869565,0,0.38304299
0,0,0,0,0,0,0,1,0,0,0.7,0.666666667,0.5,0.785714286,0.611111111,0.227272727,0.2,0.179775281,0.297619048,0.341772152,0.010638298,0.010752688,0.02247191,0.417582418,0.409090909,0.823529412,0.784090909,0.902439024,0.336956522,0.377777778,0.108695652,0.11827957,0.779153563
0,0,0,0,1,0,0,0,0,0,0.28,0.866666667,0.681818182,0.714285714,0.638888889,0.170454545,0.133333333,0.134831461,0.119047619,0.101265823,0.010638298,0.010752688,0.02247191,0.747252747,0.795454545,0.211764706,0.159090909,0.219512195,0.076086957,0.088888889,0.195652174,0.204301075,0.469081015
0,0,0,0,1,0,0,0,0,0,0.38,0.8,0.704545455,0.607142857,0.638888889,0.409090909,0.388888889,0.337078652,0.416666667,0.303797468,0.010638298,0.010752688,0.02247191,0.67032967,0.693181818,0.141176471,0.102272727,0.146341463,0.076086957,0.088888889,0.326086957,0.225806452,0.463392137
0,0,0,0,0,0,0,0,1,0,0.72,0.533333333,0.377272727,0.428571429,0.444444444,0.329545455,0.288888889,0.280898876,0.404761905,0.443037975,0.010638298,0.010752688,0.02247191,0.417582418,0.409090909,0.788235294,0.761363636,0.804878049,0.543478261,0.566666667,0.141304348,0.150537634,0.23892911
0,0,0,0,1,0,0,0,0,0,0.32,0.6,0.768181818,0.5,0.555555556,0.090909091,0.055555556,0.056179775,0.071428571,0.037974684,0.010638298,0.010752688,0.02247191,0.714285714,0.704545455,0.047058824,0.102272727,0.06097561,0.119565217,0.055555556,0.076086957,0.064516129,0.218672704
0,0,0,0,0,0,1,0,0,0,0.48,0.466666667,0.068181818,0.392857143,0.583333333,0.159090909,0.177777778,0.179775281,0.154761905,0.126582278,0.29787234,0.215053763,0.179775281,0.087912088,0.011363636,0.094117647,0.090909091,0.073170732,0.108695652,0.144444444,0.956521739,0.774193548,0.210697976
0,0,1,0,0,0,0,0,0,0,0.84,0.2,0.113636364,0.642857143,0.444444444,0.761363636,0.777777778,0.775280899,0.583333333,0.734177215,0.127659574,0.107526882,0.078651685,0.516483516,0.193181818,0.164705882,0.159090909,0.134146341,0.054347826,0.033333333,0.173913043,0.172043011,0.445188684
0,0,0,0,0,0,0,0,0,1,0.74,0.266666667,0.186363636,0.714285714,0.722222222,0.454545455,0.444444444,0.426966292,0.464285714,0.64556962,0.010638298,0.010752688,0.02247191,0.307692308,0.295454545,0.647058824,0.693181818,0.743902439,0.684782609,0.655555556,0.130434783,0.11827957,0.401895138
0,0,0,0,1,0,0,0,0,0,0.28,0.733333333,0.704545455,0.535714286,0.555555556,0,0,0,0.035714286,0,0.010638298,0.010752688,0.02247191,0.703296703,0.670454545,0.094117647,0.079545455,0.073170732,0.054347826,0.044444444,0.130434783,0.107526882,0.401895138
0,0,0,0,0,0,0,0,0,1,0.78,0.4,0.122727273,0.678571429,0.611111111,0.545454545,0.533333333,0.494382022,0.380952381,0.569620253,0.010638298,0.010752688,0.02247191,0.252747253,0.181818182,0.364705882,0.488636364,0.475609756,0.630434783,0.666666667,0.032608696,0.053763441,0.37261704
0,0,0,1,0,0,0,0,0,0,0.66,0.666666667,0.381818182,0.428571429,0.472222222,0.636363636,0.655555556,0.595505618,0.595238095,0.670886076,0.14893617,0.129032258,0.112359551,0.538461538,0.511363636,0.270588235,0.238636364,0.231707317,0.108695652,0.144444444,0.086956522,0.086021505,0.207381896
0,0,0,0,0,0,0,0,1,0,0.68,0.4,0.372727273,0.964285714,0.833333333,0.386363636,0.344444444,0.348314607,0.357142857,0.430379747,0.010638298,0.010752688,0.02247191,0.417582418,0.409090909,0.941176471,0.852272727,0.963414634,0.663043478,0.722222222,0.141304348,0.150537634,0.126569386
1,0,0,0,0,0,0,0,0,0,0.52,0.4,0.227272727,0.678571429,0.361111111,0.159090909,0.166666667,0.134831461,0.369047619,0.493670886,0.776595745,0.720430108,0.752808989,0.186813187,0.125,0.058823529,0.068181818,0.073170732,0.108695652,0.1,0.184782609,0.161290323,0.218672704
0,0,0,0,0,0,0,0,0,1,0.78,0.266666667,0.140909091,0.571428571,0.638888889,0.318181818,0.277777778,0.280898876,0.321428571,0.53164557,0.010638298,0.010752688,0.02247191,0.307692308,0.295454545,0.447058824,0.534090909,0.536585366,0.663043478,0.611111111,0.032608696,0.053763441,0.218672704
0,0,0,0,1,0,0,0,0,0,0.26,0.533333333,0.65,0.571428571,0.666666667,0.136363636,0.1,0.101123596,0.154761905,0.012658228,0.010638298,0.010752688,0.02247191,0.791208791,0.715909091,0.176470588,0.136363636,0.170731707,0.076086957,0.077777778,0.043478261,0.096774194,0.531093446
0,0,0,0,0,0,0,0,1,0,0.78,0.733333333,0.509090909,0.785714286,0.472222222,0.363636364,0.344444444,0.314606742,0.380952381,0.443037975,0.010638298,0.010752688,0.02247191,0.417582418,0.409090909,0.811764706,0.806818182,0.804878049,0.413043478,0.511111111,0.076086957,0.096774194,0.602041814
1,0,0,0,0,0,0,0,0,0,0.76,0.666666667,0.290909091,0.571428571,0.583333333,0.318181818,0.288888889,0.269662921,0.714285714,0.784810127,0.840425532,0.784946237,0.842696629,0.21978022,0.102272727,0.411764706,0.409090909,0.475609756,0.293478261,0.366666667,0.239130435,0.129032258,0.589519961
0,0,0,0,0,0,0,0,1,0,0.84,0.4,0.35,0.857142857,0.888888889,0.386363636,0.366666667,0.337078652,0.428571429,0.607594937,0.010638298,0.010752688,0.02247191,0.417582418,0.409090909,0.764705882,0.784090909,0.853658537,0.619565217,0.677777778,0.119565217,0.086021505,0.60958163
0,0,0,0,0,0,0,0,0,1,0.78,0.666666667,0.277272727,0.678571429,0.75,0.522727273,0.511111111,0.505617978,0.571428571,0.683544304,0.244680851,0.204301075,0.179775281,0.307692308,0.295454545,0.717647059,0.704545455,0.792682927,0.804347826,0.8,0.163043478,0.161290323,0.51673092
0,0,1,0,0,0,0,0,0,0,0.8,0.133333333,0.059090909,0.5,0.527777778,0.670454545,0.666666667,0.640449438,0.547619048,0.683544304,0.478723404,0.47311828,0.449438202,0.296703297,0.147727273,0.105882353,0.159090909,0.158536585,0.097826087,0.088888889,0.097826087,0.096774194,0.207381896
0,0,0,0,0,0,0,0,0,1,0.78,0.466666667,0.213636364,0.75,0.777777778,0.465909091,0.422222222,0.404494382,0.511904762,0.670886076,0.010638298,0.010752688,0.02247191,0.307692308,0.295454545,0.682352941,0.715909091,0.792682927,0.869565217,0.9,0.141304348,0.150537634,0.766349439
0,1,0,0,0,0,0,0,0,0,0.76,0.466666667,0.354545455,0.5,0.611111111,0.511363636,0.488888889,0.438202247,0.892857143,0.911392405,0.159574468,0.107526882,0.06741573,0.252747253,0.568181818,0.282352941,0.295454545,0.304878049,0.108695652,0.144444444,0.119565217,0.075268817,0.471844378
0,0,0,0,0,0,0,0,1,0,0.78,0.533333333,0.309090909,0.535714286,0.583333333,0.420454545,0.411111111,0.359550562,0.464285714,0.569620253,0.106382979,0.053763441,0.06741573,0.307692308,0.352272727,0.776470588,0.738636364,0.853658537,0.619565217,0.7,0.195652174,0.139784946,0.401895138
1,0,0,0,0,0,0,0,0,0,0.5,0.533333333,0.272727273,0.821428571,0.472222222,0.363636364,0.322222222,0.269662921,0.392857143,0.506329114,0.872340426,0.827956989,0.876404494,0.076923077,0.045454545,0.047058824,0.090909091,0.06097561,0.076086957,0.055555556,0.054347826,0.139784946,0.195143486
0,0,0,0,0,0,0,1,0,0,0.5,0.6,0.545454545,0.571428571,0.333333333,0.227272727,0.211111111,0.191011236,0.178571429,0.139240506,0.010638298,0.010752688,0.02247191,0.417582418,0.409090909,0.811764706,0.761363636,0.817073171,0.206521739,0.244444444,0.152173913,0.204301075,0.123621786
0,0,0,0,0,0,0,1,0,0,0.46,0.666666667,0.604545455,0.571428571,0.111111111,0.159090909,0.155555556,0.146067416,0.178571429,0.139240506,0.010638298,0.010752688,0.02247191,0.417582418,0.409090909,0.694117647,0.670454545,0.780487805,0.054347826,0.033333333,0.282608696,0.258064516,0.185727237
0,0,0,0,1,0,0,0,0,0,0.32,0.8,0.704545455,0.535714286,0.666666667,0.125,0.088888889,0.06741573,0.119047619,0.101265823,0.010638298,0.010752688,0.02247191,0.846153846,0.943181818,0.223529412,0.204545455,0.195121951,0.065217391,0.066666667,0.141304348,0.11827957,0.797120802
0,0,0,0,1,0,0,0,0,0,0.18,0.866666667,0.736363636,0.714285714,0.361111111,0.056818182,0.044444444,0.04494382,0.119047619,0.037974684,0.042553191,0.021505376,0.02247191,0.637362637,0.659090909,0.223529412,0.147727273,0.097560976,0.032608696,0.022222222,0.032608696,0.021505376,0.37261704
0,0,0,0,0,0,0,0,1,0,0.7,0.6,0.309090909,0.5,0.555555556,0.375,0.366666667,0.337078652,0.30952381,0.316455696,0.010638298,0.010752688,0.02247191,0.395604396,0.465909091,0.788235294,0.761363636,0.829268293,0.5,0.555555556,0.141304348,0.150537634,0.410480039
0,0,0,0,1,0,0,0,0,0,0.34,0.6,0.636363636,0.607142857,0.75,0.079545455,0.066666667,0.06741573,0.083333333,0,0.010638298,0.010752688,0.02247191,0.89010989,0.840909091,0.341176471,0.284090909,0.243902439,0.086956522,0.088888889,0.141304348,0.150537634,0.608512752
0,0,0,0,0,0,0,0,0,1,0.86,0.6,0.159090909,0.75,0.638888889,0.488636364,0.477777778,0.471910112,0.5,0.64556962,0.010638298,0.010752688,0.02247191,0.307692308,0.284090909,0.564705882,0.613636364,0.646341463,0.619565217,0.644444444,0.184782609,0.172043011,0.423626006
0,0,0,0,0,0,0,1,0,0,0.46,0.4,0.681818182,0.714285714,0.194444444,0.136363636,0.122222222,0.101123596,0.119047619,0.139240506,0.010638298,0.010752688,0.02247191,0.417582418,0.352272727,0.741176471,0.715909091,0.780487805,0.108695652,0.133333333,0.054347826,0.043010753,0.423626006
0,0,0,0,1,0,0,0,0,0,0.44,0.8,0.65,0.714285714,0.666666667,0.318181818,0.3,0.280898876,0.321428571,0.316455696,0.074468085,0.053763441,0.056179775,0.758241758,0.75,0.235294118,0.238636364,0.243902439,0.097826087,0.1,0.282608696,0.268817204,0.439150531
0,0,0,0,0,0,0,0,1,0,0.76,0.6,0.418181818,0.785714286,0.583333333,0.409090909,0.4,0.393258427,0.357142857,0.455696203,0.223404255,0.172043011,0.123595506,0.417582418,0.352272727,0.717647059,0.727272727,0.780487805,0.434782609,0.511111111,0.076086957,0.064516129,0.46963789
0,0,0,0,0,0,0,1,0,0,0.48,0.666666667,0.590909091,0.607142857,0.416666667,0.272727273,0.277777778,0.258426966,0.273809524,0.341772152,0.042553191,0.043010753,0.056179775,0.417582418,0.409090909,0.729411765,0.738636364,0.804878049,0.206521739,0.233333333,0.097826087,0.096774194,0.437774094
0,0,0,0,0,0,0,1,0,0,0.54,0.8,0.559090909,0.714285714,0.444444444,0.204545455,0.188888889,0.168539326,0.25,0.253164557,0.010638298,0.010752688,0.02247191,0.417582418,0.409090909,0.764705882,0.75,0.841463415,0.163043478,0.233333333,0.086956522,0.096774194,0.472390825
0,0,0,0,0,0,0,0,0,1,0.88,0.266666667,0.181818182,0.571428571,0.666666667,0.420454545,0.377777778,0.337078652,0.476190476,0.607594937,0.010638298,0.010752688,0.02247191,0.307692308,0.295454545,0.564705882,0.636363636,0.670731707,0.673913043,0.688888889,0.097826087,0.086021505,0.271486025
0,0,0,0,0,0,0,1,0,0,0.34,0.466666667,0.659090909,0.678571429,0.472222222,0.102272727,0.077777778,0.056179775,0.166666667,0.17721519,0.010638298,0.010752688,0.02247191,0.417582418,0.409090909,0.776470588,0.761363636,0.792682927,0.152173913,0.222222222,0.097826087,0.053763441,0.107918342
0,0,0,0,1,0,0,0,0,0,0.56,0.866666667,0.681818182,0.75,0.805555556,0.193181818,0.188888889,0.168539326,0.273809524,0.265822785,0.010638298,0.010752688,0.02247191,0.857142857,0.897727273,0.211764706,0.204545455,0.182926829,0.076086957,0.066666667,0.130434783,0.075268817,0.854977012
0,0,0,0,1,0,0,0,0,0,0.06,0.866666667,0.781818182,0.607142857,0.5,0.068181818,0.055555556,0.056179775,0.107142857,0.063291139,0.010638298,0.010752688,0.02247191,0.747252747,0.670454545,0.176470588,0.159090909,0.146341463,0.054347826,0.055555556,0.108695652,0.075268817,0.226234045
0,0,0,1,0,0,0,0,0,0,0.66,0.733333333,0.409090909,0.785714286,0.583333333,0.693181818,0.666666667,0.651685393,0.666666667,0.683544304,0.212765957,0.161290323,0.112359551,0.615384615,0.579545455,0.317647059,0.329545455,0.317073171,0.097826087,0.088888889,0.22826087,0.193548387,0.437774094
0,0,0,0,1,0,0,0,0,0,0.26,0.733333333,0.636363636,0.535714286,0.527777778,0.102272727,0.1,0.101123596,0.142857143,0.151898734,0.010638298,0.010752688,0.02247191,0.626373626,0.681818182,0.152941176,0.102272727,0.158536585,0.076086957,0.088888889,0.184782609,0.172043011,0.368228703
0,0,0,1,0,0,0,0,0,0,0.68,0.6,0.427272727,0.857142857,0.777777778,0.806818182,0.788888889,0.786516854,0.726190476,0.696202532,0.159574468,0.107526882,0.06741573,0.604395604,0.545454545,0.188235294,0.170454545,0.158536585,0.108695652,0.111111111,0.130434783,0.11827957,0.575955837
0,1,0,0,0,0,0,0,0,0,0.76,0.466666667,0.331818182,0.535714286,0.75,0.647727273,0.611111111,0.584269663,0.880952381,0.924050633,0.138297872,0.096774194,0.06741573,0.505494505,0.647727273,0.247058824,0.25,0.243902439,0.054347826,0.088888889,0.119565217,0.107526882,0.521092422
0,0,0,0,0,0,0,0,1,0,0.76,0.6,0.25,0.428571429,0.5,0.488636364,0.5,0.483146067,0.5,0.670886076,0.106382979,0.053763441,0.06741573,0.307692308,0.295454545,0.752941176,0.704545455,0.792682927,0.52173913,0.588888889,0.119565217,0.129032258,0.218672704
0,0,0,0,0,0,0,0,1,0,0.7,0.733333333,0.331818182,0.714285714,0.722222222,0.295454545,0.3,0.280898876,0.535714286,0.518987342,0.489361702,0.430107527,0.404494382,0.362637363,0.295454545,0.776470588,0.784090909,0.829268293,0.706521739,0.611111111,0.108695652,0.096774194,0.449079613
0,0,0,0,0,0,0,0,0,1,0.8,0.533333333,0.168181818,0.5,0.75,0.386363636,0.3,0.269662921,0.404761905,0.556962025,0.010638298,0.010752688,0.02247191,0.307692308,0.295454545,0.505882353,0.602272727,0.573170732,0.72826087,0.644444444,0.010869565,0.043010753,0.420546182
0,1,0,0,0,0,0,0,0,0,0.82,0.266666667,0.227272727,0.642857143,0.555555556,0.602272727,0.577777778,0.539325843,0.797619048,0.82278481,0.265957447,0.215053763,0.123595506,0.373626374,0.465909091,0.329411765,0.340909091,0.329268293,0.119565217,0.188888889,0.130434783,0.096774194,0.417399943
0,1,0,0,0,0,0,0,0,0,0.84,0.266666667,0.236363636,0.607142857,0.694444444,0.602272727,0.566666667,0.505617978,0.845238095,0.911392405,0.265957447,0.215053763,0.123595506,0.373626374,0.556818182,0.235294118,0.25,0.231707317,0.086956522,0.111111111,0.130434783,0.107526882,0.415801009
0,0,0,0,0,0,0,1,0,0,0.8,0.533333333,0.554545455,0.785714286,0.333333333,0.125,0.1,0.101123596,0.178571429,0.278481013,0.095744681,0.053763441,0.02247191,0.417582418,0.352272727,0.670588235,0.715909091,0.707317073,0.152173913,0.2,0.195652174,0.161290323,0.423626006
0,0,0,0,0,0,0,1,0,0,0.38,0.733333333,0.613636364,0.714285714,0.25,0.102272727,0.077777778,0.056179775,0.178571429,0.17721519,0.010638298,0.010752688,0.02247191,0.483516484,0.443181818,0.741176471,0.715909091,0.768292683,0.076086957,0.066666667,0.065217391,0.064516129,0.417399943
0,0,0,0,0,0,0,1,0,0,0.62,0.733333333,0.445454545,0.75,0.25,0.375,0.366666667,0.359550562,0.380952381,0.443037975,0.138297872,0.075268817,0.06741573,0.362637363,0.295454545,0.729411765,0.738636364,0.792682927,0.336956522,0.511111111,0.184782609,0.172043011,0.423626006
0,0,0,0,0,0,0,1,0,0,0.58,0.533333333,0.727272727,0.464285714,0.138888889,0.136363636,0.122222222,0.101123596,0.166666667,0.101265823,0.010638298,0.010752688,0.02247191,0.472527473,0.431818182,0.705882353,0.670454545,0.768292683,0.076086957,0.144444444,0.206521739,0.161290323,0.218672704
0,0,0,0,0,0,0,0,1,0,0.78,0.6,0.363636364,0.75,0.5,0.272727273,0.244444444,0.224719101,0.345238095,0.443037975,0.170212766,0.064516129,0.078651685,0.417582418,0.409090909,0.705882353,0.704545455,0.780487805,0.641304348,0.633333333,0.097826087,0.075268817,0.420546182
0,0,0,0,0,0,0,1,0,0,0.68,0.466666667,0.577272727,0.785714286,0.583333333,0.136363636,0.122222222,0.101123596,0.19047619,0.253164557,0.010638298,0.010752688,0.02247191,0.417582418,0.409090909,0.858823529,0.818181818,0.87804878,0.152173913,0.277777778,0.086956522,0.064516129,0.816765086
0,0,0,0,0,0,0,0,0,1,0.88,0.133333333,0.068181818,0.607142857,0.833333333,0.625,0.577777778,0.573033708,0.511904762,0.746835443,0.117021277,0.075268817,0.04494382,0.263736264,0.238636364,0.482352941,0.545454545,0.646341463,0.75,0.655555556,0.076086957,0.075268817,0.437774094
0,0,0,0,0,0,0,0,0,1,0.92,0.266666667,0.090909091,0.5,0.777777778,0.386363636,0.388888889,0.382022472,0.357142857,0.64556962,0.010638298,0.010752688,0.02247191,0.307692308,0.295454545,0.423529412,0.534090909,0.536585366,0.782608696,0.777777778,0.108695652,0.075268817,0.562625461
0,0,0,0,0,0,0,1,0,0,0.6,0.6,0.604545455,0.464285714,0.333333333,0.125,0.1,0.078651685,0.178571429,0.240506329,0.010638298,0.010752688,0.02247191,0.417582418,0.409090909,0.788235294,0.761363636,0.817073171,0.173913043,0.255555556,0.086956522,0.043010753,0.458375828
0,1,0,0,0,0,0,0,0,0,0.74,0.266666667,0.222727273,0.607142857,0.555555556,0.590909091,0.566666667,0.516853933,0.726190476,0.810126582,0.276595745,0.215053763,0.179775281,0.21978022,0.465909091,0.223529412,0.272727273,0.231707317,0.130434783,0.177777778,0.141304348,0.11827957,0.207381896
0,0,0,0,0,0,0,1,0,0,0.54,0.6,0.454545455,0.571428571,0.277777778,0.125,0.122222222,0.123595506,0.202380952,0.253164557,0.010638298,0.010752688,0.02247191,0.417582418,0.409090909,0.694117647,0.681818182,0.731707317,0.239130435,0.366666667,0.086956522,0.129032258,0.218672704
0,0,1,0,0,0,0,0,0,0,0.9,0.333333333,0.159090909,0.428571429,0.583333333,0.818181818,0.822222222,0.831460674,0.630952381,0.810126582,0.106382979,0.053763441,0.02247191,0.395604396,0.329545455,0.176470588,0.204545455,0.182926829,0.163043478,0.233333333,0.195652174,0.096774194,0.723939227
0,0,0,0,0,0,0,1,0,0,0.6,0.666666667,0.490909091,0.535714286,0.388888889,0.170454545,0.144444444,0.123595506,0.178571429,0.17721519,0.010638298,0.010752688,0.02247191,0.417582418,0.409090909,0.741176471,0.738636364,0.756097561,0.152173913,0.233333333,0.119565217,0.075268817,0.229152166
0,0,0,0,0,0,0,0,0,1,0.86,0.533333333,0.190909091,0.571428571,0.694444444,0.306818182,0.311111111,0.303370787,0.511904762,0.607594937,0.010638298,0.010752688,0.02247191,0.120879121,0.181818182,0.670588235,0.670454545,0.756097561,0.641304348,0.722222222,0.293478261,0.311827957,0.488388946
0,0,0,0,1,0,0,0,0,0,0.22,0.8,0.677272727,0.714285714,0.555555556,0.068181818,0.055555556,0.056179775,0.047619048,0.025316456,0.010638298,0.010752688,0.02247191,0.736263736,0.625,0.282352941,0.295454545,0.317073171,0.076086957,0.044444444,0.152173913,0.172043011,0.410062581
0,0,0,0,0,0,0,0,0,1,0.78,0.4,0.227272727,0.928571429,0.833333333,0.375,0.333333333,0.337078652,0.476190476,0.53164557,0.106382979,0.053763441,0.06741573,0.307692308,0.295454545,0.647058824,0.636363636,0.780487805,0.75,0.733333333,0.195652174,0.204301075,0.468801778
0,0,0,0,0,0,0,1,0,0,0.5,0.8,0.618181818,0.892857143,0.527777778,0.227272727,0.2,0.191011236,0.238095238,0.303797468,0.010638298,0.010752688,0.02247191,0.417582418,0.409090909,0.823529412,0.761363636,0.865853659,0.195652174,0.244444444,0.152173913,0.139784946,0.37261704
0,0,1,0,0,0,0,0,0,0,0.8,0.533333333,0.168181818,0.642857143,0.583333333,0.818181818,0.811111111,0.820224719,0.535714286,0.759493671,0.531914894,0.483870968,0.471910112,0.384615385,0.227272727,0.188235294,0.215909091,0.207317073,0.119565217,0.166666667,0.097826087,0.053763441,0.544999317
0,0,0,0,1,0,0,0,0,0,0.24,0.866666667,0.754545455,0.678571429,0.5,0.113636364,0.077777778,0.06741573,0.05952381,0.050632911,0.010638298,0.010752688,0.02247191,0.681318681,0.625,0.211764706,0.159090909,0.158536585,0.043478261,0.077777778,0.076086957,0.075268817,0.218672704
0,0,0,0,0,0,1,0,0,0,0.54,0.466666667,0.254545455,0.75,0.611111111,0.090909091,0.111111111,0.112359551,0.071428571,0.050632911,0.244680851,0.193548387,0.168539326,0.142857143,0.125,0.141176471,0.136363636,0.243902439,0.054347826,0.033333333,0.945652174,0.752688172,0.207381896
0,0,0,0,0,0,0,0,0,1,0.84,0.466666667,0.163636364,0.642857143,0.805555556,0.409090909,0.411111111,0.370786517,0.607142857,0.683544304,0.117021277,0.064516129,0.033707865,0.307692308,0.159090909,0.611764706,0.579545455,0.756097561,0.902173913,0.888888889,0.086956522,0.064516129,0.367110681
0,0,0,0,0,0,0,0,0,1,0.88,0.466666667,0.140909091,0.678571429,0.694444444,0.488636364,0.477777778,0.471910112,0.476190476,0.620253165,0.20212766,0.161290323,0.146067416,0.307692308,0.295454545,0.470588235,0.511363636,0.548780488,0.739130435,0.788888889,0.108695652,0.11827957,0.502361454
0,0,0,0,0,0,0,0,1,0,0.7,0.533333333,0.245454545,0.571428571,0.555555556,0.386363636,0.388888889,0.359550562,0.380952381,0.582278481,0.010638298,0.010752688,0.02247191,0.307692308,0.295454545,0.6,0.556818182,0.670731707,0.586956522,0.644444444,0.097826087,0.086021505,0.148224045
0,0,0,0,0,0,0,0,1,0,0.76,0.6,0.345454545,0.571428571,0.472222222,0.261363636,0.244444444,0.213483146,0.19047619,0.278481013,0.010638298,0.010752688,0.02247191,0.417582418,0.409090909,0.717647059,0.704545455,0.780487805,0.445652174,0.533333333,0.097826087,0.064516129,0.401895138
0,0,0,0,0,0,0,0,1,0,0.68,0.733333333,0.331818182,0.678571429,0.361111111,0.397727273,0.388888889,0.370786517,0.464285714,0.544303797,0.010638298,0.010752688,0.02247191,0.417582418,0.409090909,0.729411765,0.727272727,0.780487805,0.532608696,0.544444444,0.130434783,0.086021505,0.401895138
0,0,0,0,0,0,0,0,1,0,0.7,0.8,0.445454545,0.571428571,0.305555556,0.193181818,0.177777778,0.157303371,0.25,0.392405063,0.010638298,0.010752688,0.02247191,0.417582418,0.409090909,0.729411765,0.704545455,0.780487805,0.282608696,0.344444444,0.065217391,0.086021505,0.423626006
0,0,0,1,0,0,0,0,0,0,0.52,0.6,0.395454545,0.642857143,0.416666667,0.659090909,0.622222222,0.595505618,0.595238095,0.632911392,0.106382979,0.053763441,0.02247191,0.582417582,0.556818182,0.329411765,0.306818182,0.268292683,0.108695652,0.133333333,0.086956522,0.053763441,0.207381896
0,0,0,0,0,0,0,0,1,0,0.7,0.6,0.340909091,0.678571429,0.833333333,0.272727273,0.233333333,0.235955056,0.369047619,0.392405063,0.010638298,0.010752688,0.02247191,0.417582418,0.409090909,0.835294118,0.829545455,0.890243902,0.5,0.611111111,0.097826087,0.064516129,0.488876911
0,0,0,0,0,0,0,0,0,1,0.78,0.333333333,0.204545455,0.642857143,0.666666667,0.420454545,0.411111111,0.370786517,0.428571429,0.594936709,0.234042553,0.172043011,0.112359551,0.307692308,0.181818182,0.635294118,0.625,0.682926829,0.673913043,0.711111111,0.086956522,0.096774194,0.401895138
0,0,0,0,0,0,0,1,0,0,0.48,0.733333333,0.5,0.642857143,0.222222222,0.136363636,0.122222222,0.112359551,0.166666667,0.253164557,0.010638298,0.010752688,0.02247191,0.417582418,0.409090909,0.729411765,0.727272727,0.731707317,0.239130435,0.366666667,0.076086957,0.172043011,0.294439241
0,0,0,0,0,0,0,0,0,1,0.86,0.266666667,0.163636364,0.571428571,0.833333333,0.431818182,0.411111111,0.404494382,0.452380952,0.658227848,0.010638298,0.010752688,0.02247191,0.307692308,0.295454545,0.552941176,0.625,0.670731707,0.989130435,0.988888889,0.163043478,0.075268817,0.816223517
0,0,0,0,0,0,0,1,0,0,0.46,0.666666667,0.613636364,0.607142857,0.333333333,0.215909091,0.222222222,0.191011236,0.25,0.265822785,0.042553191,0.043010753,0.056179775,0.417582418,0.409090909,0.764705882,0.772727273,0.817073171,0.22826087,0.277777778,0.695652174,0.537634409,0.401895138
0,1,0,0,0,0,0,0,0,0,0.74,0.333333333,0.290909091,0.571428571,0.555555556,0.511363636,0.488888889,0.438202247,0.845238095,0.848101266,0.212765957,0.161290323,0.06741573,0.373626374,0.5,0.270588235,0.272727273,0.268292683,0.054347826,0.088888889,0.130434783,0.096774194,0.218672704
0,1,0,0,0,0,0,0,0,0,0.74,0.266666667,0.272727273,0.607142857,0.472222222,0.647727273,0.633333333,0.617977528,0.785714286,0.848101266,0.29787234,0.23655914,0.179775281,0.32967033,0.477272727,0.211764706,0.215909091,0.182926829,0.141304348,0.2,0.119565217,0.086021505,0.218672704
0,1,0,0,0,0,0,0,0,0,0.62,0.533333333,0.340909091,0.857142857,0.75,0.738636364,0.688888889,0.662921348,0.75,0.835443038,0.159574468,0.107526882,0.06741573,0.692307692,0.727272727,0.341176471,0.352272727,0.402439024,0.108695652,0.144444444,0.130434783,0.139784946,0.645298984
0,0,0,0,0,0,0,0,1,0,0.66,0.533333333,0.254545455,0.5,0.5,0.431818182,0.422222222,0.415730337,0.547619048,0.64556962,0.340425532,0.301075269,0.280898876,0.307692308,0.295454545,0.705882353,0.693181818,0.792682927,0.663043478,0.633333333,0.195652174,0.150537634,0.410062581
0,0,1,0,0,0,0,0,0,0,0.84,0.4,0.168181818,0.785714286,0.583333333,0.772727273,0.766666667,0.775280899,0.547619048,0.708860759,0.106382979,0.053763441,0.02247191,0.43956044,0.25,0.188235294,0.193181818,0.158536585,0.086956522,0.122222222,0.119565217,0.064516129,0.229152166
0,0,0,1,0,0,0,0,0,0,0.76,0.8,0.422727273,0.571428571,0.527777778,0.659090909,0.633333333,0.651685393,0.619047619,0.620253165,0.106382979,0.053763441,0.02247191,0.604395604,0.522727273,0.529411765,0.431818182,0.475609756,0.097826087,0.177777778,0.119565217,0.086021505,0.464835287
0,0,0,0,0,0,0,1,0,0,0.5,0.6,0.522727273,0.857142857,0.472222222,0.181818182,0.166666667,0.146067416,0.238095238,0.253164557,0.010638298,0.010752688,0.02247191,0.417582418,0.409090909,0.823529412,0.761363636,0.853658537,0.206521739,0.244444444,0.119565217,0.086021505,0.429962431
0,0,0,0,0,0,0,0,0,1,0.84,0.6,0.181818182,0.642857143,0.75,0.397727273,0.355555556,0.348314607,0.44047619,0.569620253,0.010638298,0.010752688,0.02247191,0.307692308,0.295454545,0.623529412,0.647727273,0.731707317,0.75,0.866666667,0.130434783,0.043010753,0.126569386
0,0,0,0,0,0,0,0,0,1,0.8,0.2,0.072727273,0.464285714,0.75,0.397727273,0.355555556,0.348314607,0.404761905,0.594936709,0.010638298,0.010752688,0.02247191,0.307692308,0.295454545,0.552941176,0.590909091,0.634146341,0.782608696,0.755555556,0.076086957,0.075268817,0.191449587
0,0,1,0,0,0,0,0,0,0,0.82,0.533333333,0.272727273,0.642857143,0.777777778,0.772727273,0.777777778,0.786516854,0.678571429,0.746835443,0.106382979,0.053763441,0.02247191,0.505494505,0.261363636,0.364705882,0.363636364,0.365853659,0.22826087,0.322222222,0.195652174,0.129032258,0.468241696
0,0,0,0,0,0,0,0,0,1,0.76,0.466666667,0.204545455,0.607142857,0.666666667,0.420454545,0.377777778,0.359550562,0.464285714,0.620253165,0.138297872,0.11827957,0.101123596,0.076923077,0.011363636,0.541176471,0.647727273,0.670731707,0.684782609,0.722222222,0.119565217,0.11827957,0.218672704
0,0,1,0,0,0,0,0,0,0,0.84,0.6,0.236363636,0.571428571,0.555555556,0.715909091,0.711111111,0.707865169,0.654761905,0.721518987,0.159574468,0.107526882,0.06741573,0.384615385,0.159090909,0.235294118,0.227272727,0.195121951,0.076086957,0.111111111,0.141304348,0.11827957,0.423626006
0,0,0,0,0,0,0,0,1,0,0.8,0.533333333,0.309090909,0.714285714,0.416666667,0.511363636,0.511111111,0.471910112,0.44047619,0.53164557,0.287234043,0.23655914,0.213483146,0.362637363,0.352272727,0.705882353,0.704545455,0.817073171,0.586956522,0.6,0.086956522,0.075268817,0.423626006
0,0,0,0,0,0,0,0,1,0,0.76,0.533333333,0.359090909,0.75,0.555555556,0.272727273,0.266666667,0.269662921,0.44047619,0.53164557,0.010638298,0.010752688,0.02247191,0.384615385,0.238636364,0.705882353,0.681818182,0.804878049,0.565217391,0.611111111,0.119565217,0.107526882,0.358440731
0,0,0,0,0,0,0,1,0,0,0.64,0.666666667,0.540909091,0.678571429,0.555555556,0.125,0.111111111,0.101123596,0.214285714,0.253164557,0.010638298,0.010752688,0.02247191,0.417582418,0.409090909,0.823529412,0.784090909,0.829268293,0.173913043,0.233333333,0.119565217,0.075268817,0.298086962
0,0,0,0,1,0,0,0,0,0,0.24,0.733333333,0.85,0.714285714,0.527777778,0.079545455,0.077777778,0.06741573,0.071428571,0.037974684,0.021276596,0.010752688,0.011235955,0.78021978,0.704545455,0.317647059,0.238636364,0.182926829,0.02173913,0.011111111,0.076086957,0.075268817,0.453180891
0,0,0,0,1,0,0,0,0,0,0.42,0.733333333,0.727272727,0.571428571,0.611111111,0.159090909,0.111111111,0.101123596,0.130952381,0.189873418,0.010638298,0.010752688,0.02247191,0.67032967,0.704545455,0.529411765,0.5,0.487804878,0.184782609,0.266666667,0.141304348,0.150537634,0.328831416
1,0,0,0,0,0,0,0,0,0,0.62,0.6,0.172727273,0.75,0.25,0.409090909,0.366666667,0.314606742,0.428571429,0.632911392,0.755319149,0.64516129,0.707865169,0.087912088,0.068181818,0.2,0.136363636,0.134146341,0.108695652,0.144444444,0.195652174,0.204301075,0.240273831
0,0,1,0,0,0,0,0,0,0,0.82,0.733333333,0.322727273,0.892857143,0.861111111,0.875,0.877777778,0.898876404,0.761904762,0.873417722,0.212765957,0.161290323,0.123595506,0.527472527,0.409090909,0.317647059,0.227272727,0.219512195,0.380434783,0.222222222,0.195652174,0.193548387,0.628717495
0,0,0,0,0,0,0,0,1,0,0.78,0.466666667,0.327272727,0.642857143,0.555555556,0.431818182,0.411111111,0.370786517,0.464285714,0.556962025,0.20212766,0.182795699,0.157303371,0.417582418,0.409090909,0.705882353,0.715909091,0.817073171,0.673913043,0.644444444,0.119565217,0.053763441,0.423626006
0,0,0,0,1,0,0,0,0,0,0.26,0.6,0.740909091,0.892857143,0.777777778,0.045454545,0.044444444,0.04494382,0.035714286,0.012658228,0.010638298,0.010752688,0.02247191,0.758241758,0.829545455,0.211764706,0.204545455,0.256097561,0.076086957,0.088888889,0.141304348,0.150537634,0.658216206
0,0,0,1,0,0,0,0,0,0,0.72,0.733333333,0.35,0.5,0.555555556,0.829545455,0.811111111,0.797752809,0.654761905,0.683544304,0.340425532,0.301075269,0.247191011,0.582417582,0.534090909,0.305882353,0.272727273,0.280487805,0.108695652,0.088888889,0.108695652,0.064516129,0.276792109
0,0,0,0,1,0,0,0,0,0,0.34,0.6,0.672727273,0.464285714,0.555555556,0.136363636,0.1,0.08988764,0.095238095,0.088607595,0.010638298,0.010752688,0.02247191,0.703296703,0.704545455,0.247058824,0.193181818,0.219512195,0.076086957,0.088888889,0.358695652,0.258064516,0.218672704
0,0,0,0,0,0,0,0,0,1,0.8,0.266666667,0.172727273,0.535714286,0.694444444,0.386363636,0.366666667,0.348314607,0.5,0.670886076,0.010638298,0.010752688,0.02247191,0.307692308,0.295454545,0.6,0.590909091,0.670731707,0.75,0.722222222,0.054347826,0.043010753,0.218672704
0,0,0,0,0,0,0,0,0,1,0.78,0.6,0.318181818,0.714285714,0.638888889,0.431818182,0.422222222,0.404494382,0.5,0.607594937,0.106382979,0.107526882,0.123595506,0.307692308,0.295454545,0.670588235,0.670454545,0.695121951,0.543478261,0.6,0.217391304,0.193548387,0.417399943
0,0,0,1,0,0,0,0,0,0,0.56,0.733333333,0.340909091,0.821428571,0.555555556,0.704545455,0.688888889,0.651685393,0.595238095,0.620253165,0.106382979,0.053763441,0.02247191,0.56043956,0.545454545,0.247058824,0.215909091,0.207317073,0.097826087,0.155555556,0.119565217,0.096774194,0.086528717
0,0,0,0,0,0,0,0,0,1,0.84,0.466666667,0.213636364,0.607142857,0.722222222,0.454545455,0.455555556,0.438202247,0.404761905,0.582278481,0.106382979,0.053763441,0.06741573,0.307692308,0.295454545,0.552941176,0.568181818,0.658536585,0.630434783,0.744444444,0.173913043,0.129032258,0.410062581
0,0,1,0,0,0,0,0,0,0,0.9,0.333333333,0.136363636,0.214285714,0.555555556,0.693181818,0.688888889,0.719101124,0.511904762,0.721518987,0.106382979,0.053763441,0.02247191,0.384615385,0.431818182,0.2,0.261363636,0.219512195,0.163043478,0.233333333,0.141304348,0.182795699,0.218672704
0,0,0,1,0,0,0,0,0,0,0.66,0.666666667,0.477272727,0.821428571,0.694444444,0.761363636,0.733333333,0.707865169,0.678571429,0.734177215,0.106382979,0.053763441,0.02247191,0.648351648,0.590909091,0.505882353,0.5,0.5,0.195652174,0.3,0.086956522,0.086021505,0.471295876
0,0,0,0,1,0,0,0,0,0,0.52,0.666666667,0.704545455,0.714285714,0.722222222,0.090909091,0.1,0.06741573,0.095238095,0.025316456,0.010638298,0.010752688,0.02247191,0.879120879,0.886363636,0.235294118,0.193181818,0.219512195,0.076086957,0.022222222,0.043478261,0.096774194,0.515518437
0,0,0,0,0,0,0,1,0,0,0.4,0.666666667,0.772727273,0.714285714,0.305555556,0.056818182,0.055555556,0.04494382,0.142857143,0.088607595,0.010638298,0.010752688,0.02247191,0.56043956,0.488636364,0.752941176,0.738636364,0.780487805,0.086956522,0.122222222,0.086956522,0.096774194,0.410062581
0,0,0,0,1,0,0,0,0,0,0.26,0.666666667,0.636363636,0.642857143,0.361111111,0.386363636,0.377777778,0.359550562,0.380952381,0.430379747,0.010638298,0.010752688,0.02247191,0.637362637,0.647727273,0.223529412,0.193181818,0.195121951,0.076086957,0.088888889,0.076086957,0.064516129,0.37261704
0,1,0,0,0,0,0,0,0,0,0.76,0.266666667,0.245454545,0.75,0.583333333,0.670454545,0.633333333,0.606741573,0.845238095,0.835443038,0.361702128,0.344086022,0.269662921,0.461538462,0.488636364,0.317647059,0.318181818,0.353658537,0.206521739,0.3,0.141304348,0.107526882,0.401895138
0,0,0,1,0,0,0,0,0,0,0.56,0.666666667,0.413636364,0.642857143,0.555555556,0.670454545,0.666666667,0.651685393,0.642857143,0.658227848,0.212765957,0.161290323,0.112359551,0.593406593,0.545454545,0.2,0.204545455,0.182926829,0.097826087,0.155555556,0.152173913,0.139784946,0.218672704
0,0,0,0,0,0,0,1,0,0,0.26,0.8,0.727272727,0.75,0.166666667,0.181818182,0.177777778,0.157303371,0.238095238,0.151898734,0.010638298,0.010752688,0.02247191,0.417582418,0.409090909,0.788235294,0.738636364,0.804878049,0.086956522,0.077777778,0.195652174,0.129032258,0.417399943
0,0,0,0,0,0,0,0,0,1,0.82,0.4,0.190909091,0.714285714,0.527777778,0.579545455,0.566666667,0.550561798,0.452380952,0.632911392,0.010638298,0.010752688,0.02247191,0.307692308,0.295454545,0.447058824,0.488636364,0.536585366,0.684782609,0.7,0.141304348,0.150537634,0.364848601
0,0,1,0,0,0,0,0,0,0,0.78,0.266666667,0.163636364,0.392857143,0.583333333,0.840909091,0.833333333,0.853932584,0.630952381,0.784810127,0.180851064,0.161290323,0.146067416,0.582417582,0.363636364,0.223529412,0.261363636,0.280487805,0.119565217,0.188888889,0.173913043,0.172043011,0.234818945
0,1,0,0,0,0,0,0,0,0,0.8,0.266666667,0.222727273,0.714285714,0.527777778,0.5,0.455555556,0.415730337,0.797619048,0.82278481,0.159574468,0.107526882,0.06741573,0.285714286,0.5,0.341176471,0.329545455,0.353658537,0.163043478,0.244444444,0.141304348,0.107526882,0.423626006
0,0,0,0,1,0,0,0,0,0,0.28,0.666666667,0.686363636,0.75,0.527777778,0.25,0.2,0.168539326,0.261904762,0.189873418,0.010638298,0.010752688,0.02247191,0.648351648,0.670454545,0.341176471,0.306818182,0.341463415,0.076086957,0.066666667,0.097826087,0.053763441,0.409643926
0,0,1,0,0,0,0,0,0,0,0.76,0.266666667,0.154545455,0.607142857,0.472222222,0.75,0.744444444,0.775280899,0.571428571,0.734177215,0.393617021,0.311827957,0.280898876,0.450549451,0.306818182,0.294117647,0.318181818,0.268292683,0.108695652,0.144444444,0.163043478,0.129032258,0.218672704
0,0,0,0,1,0,0,0,0,0,0.34,0.733333333,0.75,0.964285714,0.805555556,0.113636364,0.088888889,0.08988764,0.107142857,0.063291139,0.138297872,0.086021505,0.02247191,0.846153846,0.875,0.270588235,0.238636364,0.195121951,0.076086957,0.055555556,0.163043478,0.161290323,0.760411643
0,0,0,0,1,0,0,0,0,0,0.26,0.866666667,0.727272727,0.642857143,0.333333333,0.102272727,0.1,0.101123596,0.05952381,0.025316456,0.010638298,0.010752688,0.02247191,0.648351648,0.636363636,0.117647059,0.034090909,0.109756098,0.054347826,0.011111111,0.130434783,0.096774194,0.30252199
0,0,0,1,0,0,0,0,0,0,0.68,0.666666667,0.522727273,0.285714286,0.5,0.693181818,0.655555556,0.629213483,0.678571429,0.721518987,0.106382979,0.053763441,0.02247191,0.571428571,0.545454545,0.482352941,0.488636364,0.451219512,0.119565217,0.211111111,0.097826087,0.075268817,0.207381896
0,0,1,0,0,0,0,0,0,0,0.84,0.533333333,0.090909091,0.607142857,0.527777778,0.715909091,0.711111111,0.730337079,0.583333333,0.683544304,0.106382979,0.053763441,0.06741573,0.406593407,0.227272727,0.223529412,0.238636364,0.231707317,0.086956522,0.122222222,0.141304348,0.150537634,0.185727237
0,0,0,0,0,0,0,1,0,0,0.52,0.666666667,0.609090909,0.785714286,0.388888889,0.090909091,0.066666667,0.056179775,0.166666667,0.240506329,0.010638298,0.010752688,0.02247191,0.417582418,0.397727273,0.764705882,0.75,0.792682927,0.152173913,0.222222222,0.108695652,0.11827957,0.410062581
0,0,0,0,0,0,0,0,0,1,0.88,0.4,0.159090909,0.714285714,0.666666667,0.352272727,0.311111111,0.280898876,0.416666667,0.544303797,0.106382979,0.053763441,0.06741573,0.307692308,0.295454545,0.552941176,0.590909091,0.658536585,0.641304348,0.622222222,0.043478261,0.096774194,0.417399943
0,0,0,0,1,0,0,0,0,0,0.54,0.533333333,0.613636364,0.678571429,0.5,0.215909091,0.188888889,0.146067416,0.095238095,0.050632911,0.010638298,0.010752688,0.02247191,0.604395604,0.590909091,0.282352941,0.227272727,0.231707317,0.076086957,0.088888889,0.195652174,0.204301075,0.318243264
0,0,0,0,0,0,0,0,1,0,0.7,0.533333333,0.322727273,0.642857143,0.861111111,0.386363636,0.344444444,0.348314607,0.392857143,0.493670886,0.010638298,0.010752688,0.02247191,0.417582418,0.409090909,0.882352941,0.829545455,0.951219512,0.652173913,0.744444444,0.141304348,0.150537634,0.751025692
0,0,1,0,0,0,0,0,0,0,0.84,0.466666667,0.254545455,0.714285714,0.444444444,0.738636364,0.755555556,0.764044944,0.630952381,0.746835443,0.5,0.462365591,0.449438202,0.461538462,0.261363636,0.435294118,0.443181818,0.426829268,0.336956522,0.355555556,0.130434783,0.086021505,0.207381896
0,0,0,0,0,0,0,0,1,0,0.64,0.466666667,0.290909091,0.678571429,0.527777778,0.295454545,0.266666667,0.258426966,0.333333333,0.46835443,0.180851064,0.129032258,0.08988764,0.307692308,0.238636364,0.729411765,0.681818182,0.817073171,0.532608696,0.611111111,0.076086957,0.075268817,0.37261704
0,0,0,0,1,0,0,0,0,0,0.28,0.8,0.704545455,0.571428571,0.5,0.159090909,0.133333333,0.101123596,0.071428571,0.025316456,0.010638298,0.010752688,0.02247191,0.67032967,0.659090909,0.247058824,0.25,0.231707317,0.076086957,0.055555556,0.141304348,0.172043011,0.218672704
0,0,0,0,0,0,0,0,0,1,0.82,0.666666667,0.177272727,0.535714286,0.666666667,0.340909091,0.333333333,0.303370787,0.416666667,0.569620253,0.106382979,0.053763441,0.02247191,0.307692308,0.295454545,0.482352941,0.545454545,0.573170732,0.652173913,0.655555556,0.152173913,0.107526882,0.207381896
0,0,0,0,0,0,0,0,0,1,0.78,0.266666667,0.145454545,0.642857143,0.694444444,0.465909091,0.422222222,0.382022472,0.523809524,0.696202532,0.010638298,0.010752688,0.02247191,0.362637363,0.295454545,0.494117647,0.579545455,0.670731707,0.717391304,0.733333333,0.108695652,0.075268817,0.428127171
0,0,0,0,0,0,0,1,0,0,0.52,0.8,0.527272727,0.714285714,0.138888889,0.090909091,0.088888889,0.078651685,0.202380952,0.17721519,0.031914894,0.021505376,0.02247191,0.417582418,0.409090909,0.694117647,0.693181818,0.768292683,0.108695652,0.188888889,0.065217391,0.096774194,0.207381896
0,1,0,0,0,0,0,0,0,0,0.84,0.333333333,0.204545455,0.607142857,0.833333333,0.818181818,0.777777778,0.741573034,0.845238095,0.987341772,0.425531915,0.387096774,0.325842697,0.340659341,0.613636364,0.282352941,0.318181818,0.317073171,0.076086957,0.111111111,0.239130435,0.182795699,0.733309875
0,0,0,0,0,0,0,1,0,0,0.46,0.6,0.686363636,0.857142857,0.555555556,0.204545455,0.177777778,0.157303371,0.285714286,0.253164557,0.010638298,0.010752688,0.02247191,0.417582418,0.409090909,0.905882353,0.806818182,0.93902439,0.184782609,0.233333333,0.119565217,0.064516129,0.664781376
0,0,0,0,0,0,0,0,0,1,0.84,0.333333333,0.159090909,0.642857143,0.694444444,0.409090909,0.411111111,0.393258427,0.464285714,0.620253165,0.010638298,0.010752688,0.02247191,0.252747253,0.181818182,0.588235294,0.545454545,0.62195122,0.619565217,0.655555556,0.173913043,0.139784946,0.423626006
0,0,1,0,0,0,0,0,0,0,0.92,0.2,0.113636364,0.5,0.527777778,0.772727273,0.788888889,0.808988764,0.595238095,0.746835443,0.106382979,0.053763441,0.02247191,0.483516484,0.261363636,0.247058824,0.352272727,0.256097561,0.141304348,0.2,0.152173913,0.150537634,0.259085412
0,0,0,0,0,0,0,1,0,0,0.32,0.6,0.695454545,0.821428571,0.305555556,0.113636364,0.088888889,0.06741573,0.178571429,0.151898734,0.010638298,0.010752688,0.02247191,0.417582418,0.409090909,0.776470588,0.772727273,0.804878049,0.141304348,0.222222222,0.086956522,0.096774194,0.46105299
0,0,0,0,0,1,0,0,0,0,0.58,0.466666667,0.304545455,0.714285714,0.388888889,0.125,0.144444444,0.134831461,0.119047619,0.164556962,0.319148936,0.258064516,0.213483146,0.087912088,0.034090909,0.235294118,0.25,0.280487805,0.097826087,0.055555556,0.945652174,0.666666667,0.37261704
0,0,0,0,0,0,0,0,0,1,0.74,0.533333333,0.218181818,0.678571429,0.666666667,0.375,0.333333333,0.314606742,0.5,0.683544304,0.436170213,0.376344086,0.348314607,0.307692308,0.295454545,0.435294118,0.534090909,0.536585366,0.663043478,0.6,0.141304348,0.150537634,0.218672704
0,1,0,0,0,0,0,0,0,0,0.78,0.466666667,0.372727273,0.892857143,0.916666667,0.670454545,0.633333333,0.595505618,0.916666667,0.936708861,0.404255319,0.344086022,0.247191011,0.472527473,0.511363636,0.352941176,0.329545455,0.353658537,0.173913043,0.211111111,0.119565217,0.096774194,0.493904357
0,0,0,0,0,0,0,1,0,0,0.4,0.6,0.654545455,0.571428571,0.305555556,0.181818182,0.177777778,0.168539326,0.166666667,0.215189873,0.031914894,0.010752688,0.011235955,0.362637363,0.295454545,0.788235294,0.704545455,0.768292683,0.108695652,0.133333333,0.043478261,0.021505376,0.423626006
0,0,0,0,1,0,0,0,0,0,0.14,0.666666667,0.75,0.785714286,0.527777778,0.375,0.355555556,0.325842697,0.392857143,0.379746835,0.010638298,0.010752688,0.02247191,0.659340659,0.613636364,0.411764706,0.431818182,0.43902439,0.076086957,0.077777778,0.086956522,0.053763441,0.37261704
0,1,0,0,0,0,0,0,0,0,0.8,0.266666667,0.204545455,0.464285714,0.472222222,0.534090909,0.488888889,0.471910112,0.773809524,0.810126582,0.159574468,0.107526882,0.078651685,0.296703297,0.465909091,0.352941176,0.352272727,0.365853659,0.152173913,0.233333333,0.141304348,0.096774194,0.218672704
0,0,1,0,0,0,0,0,0,0,0.74,0.8,0.272727273,0.571428571,0.611111111,0.75,0.744444444,0.730337079,0.678571429,0.772151899,0.106382979,0.053763441,0.02247191,0.571428571,0.352272727,0.235294118,0.227272727,0.207317073,0.108695652,0.122222222,0.130434783,0.096774194,0.372075662
0,0,0,1,0,0,0,0,0,0,0.76,0.6,0.327272727,0.607142857,0.333333333,0.590909091,0.588888889,0.584269663,0.607142857,0.721518987,0.106382979,0.053763441,0.02247191,0.461538462,0.443181818,0.270588235,0.306818182,0.317073171,0.130434783,0.133333333,0.130434783,0.11827957,0.364848601
0,0,0,0,0,0,0,0,0,1,0.9,0.466666667,0.145454545,0.714285714,0.638888889,0.431818182,0.4,0.393258427,0.392857143,0.569620253,0.010638298,0.010752688,0.02247191,0.307692308,0.295454545,0.541176471,0.590909091,0.658536585,0.695652174,0.711111111,0.130434783,0.064516129,0.455954176
0,0,0,0,0,0,0,0,1,0,0.68,0.8,0.509090909,0.678571429,0.25,0.306818182,0.3,0.292134831,0.30952381,0.417721519,0.159574468,0.096774194,0.101123596,0.417582418,0.352272727,0.8,0.75,0.817073171,0.293478261,0.366666667,0.086956522,0.064516129,0.447470984
0,0,0,0,0,0,0,1,0,0,0.54,0.6,0.522727273,0.535714286,0.25,0.204545455,0.211111111,0.191011236,0.285714286,0.35443038,0.010638298,0.010752688,0.02247191,0.417582418,0.409090909,0.741176471,0.670454545,0.731707317,0.108695652,0.155555556,0.076086957,0.043010753,0.336643079
0,0,0,0,1,0,0,0,0,0,0.54,0.866666667,0.75,0.607142857,0.527777778,0.284090909,0.255555556,0.224719101,0.261904762,0.215189873,0.063829787,0.053763441,0.033707865,0.78021978,0.693181818,0.235294118,0.306818182,0.243902439,0.054347826,0.044444444,0.108695652,0.096774194,0.504346535
0,0,0,1,0,0,0,0,0,0,0.56,0.8,0.454545455,0.571428571,0.361111111,0.636363636,0.611111111,0.584269663,0.595238095,0.683544304,0.085106383,0.053763441,0.02247191,0.615384615,0.568181818,0.458823529,0.465909091,0.43902439,0.25,0.311111111,0.184782609,0.172043011,0.372075662
0,0,0,0,1,0,0,0,0,0,0.08,0.6,0.727272727,0.607142857,0.555555556,0.045454545,0.044444444,0.04494382,0.071428571,0.012658228,0.010638298,0.010752688,0.02247191,0.681318681,0.625,0.211764706,0.204545455,0.256097561,0.076086957,0.088888889,0.141304348,0.150537634,0.23892911
0,0,0,0,0,0,0,1,0,0,0.42,0.4,0.613636364,0.714285714,0.416666667,0.147727273,0.122222222,0.101123596,0.214285714,0.151898734,0.010638298,0.010752688,0.02247191,0.417582418,0.409090909,0.741176471,0.715909091,0.780487805,0.108695652,0.244444444,0.108695652,0.053763441,0.137798095
0,0,0,0,0,0,0,1,0,0,0.58,0.6,0.65,0.75,0.472222222,0.147727273,0.133333333,0.123595506,0.238095238,0.253164557,0.010638298,0.010752688,0.02247191,0.417582418,0.397727273,0.952941176,0.909090909,0.93902439,0.141304348,0.255555556,0.108695652,0.11827957,0.822048184
0,0,0,0,1,0,0,0,0,0,0.48,0.6,0.727272727,0.714285714,0.611111111,0.102272727,0.077777778,0.056179775,0.214285714,0.126582278,0.010638298,0.010752688,0.02247191,0.824175824,0.715909091,0.270588235,0.227272727,0.195121951,0.076086957,0.111111111,0.130434783,0.075268817,0.428127171
0,0,0,0,0,0,0,1,0,0,0.38,0.866666667,0.795454545,0.642857143,0.333333333,0.215909091,0.188888889,0.168539326,0.25,0.189873418,0.010638298,0.010752688,0.02247191,0.516483516,0.488636364,0.788235294,0.75,0.829268293,0.130434783,0.188888889,0.097826087,0.139784946,0.414994923
0,0,0,0,0,0,0,0,0,1,0.8,0.266666667,0.104545455,0.821428571,0.777777778,0.477272727,0.455555556,0.449438202,0.464285714,0.696202532,0.106382979,0.075268817,0.06741573,0.307692308,0.295454545,0.364705882,0.477272727,0.451219512,0.75,0.7,0.065217391,0.053763441,0.423626006
0,0,0,1,0,0,0,0,0,0,0.74,0.666666667,0.363636364,0.607142857,0.583333333,0.772727273,0.766666667,0.752808989,0.69047619,0.734177215,0.106382979,0.053763441,0.02247191,0.582417582,0.556818182,0.305882353,0.272727273,0.256097561,0.119565217,0.144444444,0.152173913,0.139784946,0.504346535
0,0,0,1,0,0,0,0,0,0,0.68,0.733333333,0.445454545,0.75,0.722222222,0.852272727,0.844444444,0.808988764,0.738095238,0.734177215,0.478723404,0.107526882,0.06741573,0.593406593,0.625,0.552941176,0.534090909,0.548780488,0.293478261,0.377777778,0.706521739,0.602150538,0.43983391
0,0,0,0,0,0,0,0,0,1,0.82,0.4,0.136363636,0.607142857,0.666666667,0.590909091,0.588888889,0.573033708,0.404761905,0.658227848,0.010638298,0.010752688,0.02247191,0.406593407,0.295454545,0.482352941,0.579545455,0.585365854,0.673913043,0.633333333,0.086956522,0.064516129,0.401895138
0,0,1,0,0,0,0,0,0,0,0.82,0.533333333,0.25,0.607142857,0.5,0.761363636,0.755555556,0.775280899,0.666666667,0.708860759,0.106382979,0.053763441,0.02247191,0.472527473,0.340909091,0.223529412,0.204545455,0.195121951,0.130434783,0.2,0.108695652,0.096774194,0.361388331
0,0,0,0,0,0,0,1,0,0,0.42,0.666666667,0.677272727,0.75,0.333333333,0.159090909,0.133333333,0.134831461,0.19047619,0.227848101,0.010638298,0.010752688,0.02247191,0.417582418,0.352272727,0.8,0.738636364,0.768292683,0.108695652,0.155555556,0.065217391,0.043010753,0.454419974
0,0,0,0,0,0,0,0,1,0,0.72,0.533333333,0.327272727,0.678571429,0.722222222,0.340909091,0.311111111,0.280898876,0.321428571,0.405063291,0.010638298,0.010752688,0.02247191,0.417582418,0.409090909,0.752941176,0.75,0.817073171,0.47826087,0.5,0.097826087,0.107526882,0.416602666
0,0,0,0,0,0,0,0,1,0,0.68,0.533333333,0.340909091,0.678571429,0.333333333,0.159090909,0.166666667,0.157303371,0.238095238,0.367088608,0.010638298,0.010752688,0.011235955,0.417582418,0.352272727,0.694117647,0.704545455,0.743902439,0.380434783,0.455555556,0.130434783,0.096774194,0.30252199
0,0,1,0,0,0,0,0,0,0,0.74,0.333333333,0.172727273,0.714285714,0.611111111,0.727272727,0.722222222,0.696629213,0.630952381,0.696202532,0.319148936,0.301075269,0.303370787,0.450549451,0.397727273,0.270588235,0.295454545,0.292682927,0.108695652,0.088888889,0.130434783,0.11827957,0.185727237
0,0,0,0,1,0,0,0,0,0,0.42,0.533333333,0.681818182,0.464285714,0.666666667,0.045454545,0.055555556,0.04494382,0.130952381,0.075949367,0.053191489,0.010752688,0.02247191,0.835164835,0.761363636,0.258823529,0.227272727,0.207317073,0.076086957,0.088888889,0.108695652,0.075268817,0.094012471
0,0,0,0,1,0,0,0,0,0,0.32,0.8,0.704545455,0.607142857,0.75,0.045454545,0.033333333,0.033707865,0.119047619,0.050632911,0.010638298,0.010752688,0.02247191,0.879120879,0.818181818,0.329411765,0.159090909,0.329268293,0.054347826,0.111111111,0.076086957,0.086021505,0.818683016
0,0,0,0,0,0,0,0,1,0,0.76,0.4,0.363636364,0.714285714,0.805555556,0.261363636,0.222222222,0.224719101,0.238095238,0.35443038,0.010638298,0.010752688,0.02247191,0.417582418,0.409090909,0.847058824,0.829545455,0.93902439,0.489130435,0.533333333,0.141304348,0.150537634,0.328831416
0,0,0,1,0,0,0,0,0,0,0.72,0.866666667,0.422727273,0.714285714,0.611111111,0.693181818,0.688888889,0.685393258,0.69047619,0.746835443,0.659574468,0.602150538,0.651685393,0.615384615,0.590909091,0.317647059,0.318181818,0.304878049,0.076086957,0.144444444,0.086956522,0.086021505,0.440174403
0,1,0,0,0,0,0,0,0,0,0.8,0.266666667,0.25,0.75,0.833333333,0.761363636,0.733333333,0.696629213,0.892857143,0.949367089,0.308510638,0.279569892,0.213483146,0.373626374,0.5,0.223529412,0.25,0.219512195,0.141304348,0.188888889,0.152173913,0.107526882,0.740820991
0,0,1,0,0,0,0,0,0,0,0.78,0.333333333,0.140909091,0.642857143,0.611111111,0.784090909,0.766666667,0.775280899,0.607142857,0.734177215,0.436170213,0.387096774,0.460674157,0.461538462,0.272727273,0.188235294,0.215909091,0.195121951,0.065217391,0.111111111,0.108695652,0.075268817,0.401895138
0,0,0,1,0,0,0,0,0,0,0.7,0.6,0.409090909,0.678571429,0.694444444,0.784090909,0.777777778,0.764044944,0.761904762,0.835443038,0.106382979,0.053763441,0.02247191,0.549450549,0.602272727,0.270588235,0.272727273,0.280487805,0.076086957,0.055555556,0.086956522,0.053763441,0.455035592
0,0,0,0,0,0,0,1,0,0,0.76,0.733333333,0.472727273,0.535714286,0.472222222,0.147727273,0.144444444,0.112359551,0.25,0.329113924,0.244680851,0.215053763,0.179775281,0.417582418,0.409090909,0.894117647,0.852272727,0.902439024,0.315217391,0.444444444,0.076086957,0.172043011,0.328831416
0,0,0,0,1,0,0,0,0,0,0.46,0.733333333,0.731818182,0.464285714,0.555555556,0.045454545,0.055555556,0.04494382,0.083333333,0.063291139,0.010638298,0.010752688,0.02247191,0.714285714,0.761363636,0.247058824,0.238636364,0.207317073,0.076086957,0.055555556,0.086956522,0.064516129,0.601929626
0,0,0,0,0,0,0,0,0,1,0.82,0.466666667,0.195454545,0.785714286,0.861111111,0.568181818,0.522222222,0.483146067,0.642857143,0.848101266,0.574468085,0.344086022,0.314606742,0.307692308,0.295454545,0.494117647,0.556818182,0.634146341,0.836956522,0.877777778,0.22826087,0.161290323,0.518729598
0,0,1,0,0,0,0,0,0,0,0.8,0.466666667,0.140909091,0.535714286,0.5,0.704545455,0.711111111,0.730337079,0.571428571,0.721518987,0.265957447,0.225806452,0.179775281,0.417582418,0.25,0.188235294,0.215909091,0.158536585,0.086956522,0.122222222,0.141304348,0.129032258,0.207381896
0,0,0,0,0,0,0,0,1,0,0.72,0.4,0.318181818,0.714285714,0.861111111,0.5,0.455555556,0.415730337,0.654761905,0.810126582,0.010638298,0.010752688,0.02247191,0.417582418,0.409090909,0.858823529,0.840909091,0.902439024,0.619565217,0.688888889,0.141304348,0.150537634,0.298086962
0,0,0,0,0,0,0,1,0,0,0.42,0.733333333,0.727272727,0.928571429,0.611111111,0.420454545,0.411111111,0.382022472,0.464285714,0.518987342,0.319148936,0.268817204,0.258426966,0.472527473,0.443181818,0.905882353,0.863636364,0.902439024,0.206521739,0.255555556,0.163043478,0.086021505,0.361388331
0,0,0,0,0,0,0,0,1,0,0.54,0.6,0.318181818,0.785714286,0.611111111,0.284090909,0.266666667,0.247191011,0.392857143,0.455696203,0.106382979,0.053763441,0.06741573,0.417582418,0.409090909,0.694117647,0.681818182,0.792682927,0.445652174,0.533333333,0.086956522,0.139784946,0.207381896
0,0,1,0,0,0,0,0,0,0,0.8,0.333333333,0.172727273,0.535714286,0.555555556,0.715909091,0.722222222,0.730337079,0.69047619,0.772151899,0.106382979,0.053763441,0.02247191,0.483516484,0.306818182,0.341176471,0.375,0.365853659,0.206521739,0.266666667,0.141304348,0.172043011,0.410062581
0,0,0,0,0,0,0,0,0,1,0.84,0.333333333,0.227272727,0.571428571,0.777777778,0.477272727,0.466666667,0.449438202,0.476190476,0.620253165,0.010638298,0.010752688,0.02247191,0.098901099,0.034090909,0.576470588,0.568181818,0.719512195,0.608695652,0.677777778,0.108695652,0.172043011,0.229152166
0,0,0,0,1,0,0,0,0,0,0.2,0.866666667,0.681818182,0.607142857,0.555555556,0.068181818,0.055555556,0.056179775,0.047619048,0.025316456,0.010638298,0.010752688,0.02247191,0.604395604,0.625,0.141176471,0.102272727,0.146341463,0.076086957,0.088888889,0.163043478,0.11827957,0.318243264
0,0,0,0,0,0,0,0,1,0,0.6,0.4,0.281818182,0.5,0.527777778,0.238636364,0.2,0.202247191,0.333333333,0.506329114,0.180851064,0.129032258,0.08988764,0.417582418,0.409090909,0.729411765,0.693181818,0.792682927,0.489130435,0.566666667,0.108695652,0.064516129,0.234818945
0,0,0,0,0,0,0,0,0,1,0.8,0.266666667,0.204545455,0.678571429,0.777777778,0.443181818,0.4,0.382022472,0.392857143,0.620253165,0.010638298,0.010752688,0.02247191,0.307692308,0.295454545,0.611764706,0.659090909,0.719512195,0.673913043,0.733333333,0.195652174,0.204301075,0.094012471
